[2026-07-19T06:56:31.510+0000] {processor.py:161} INFO - Started process (PID=166) to work on /opt/airflow/dags/crypto_pipeline_dag.py
[2026-07-19T06:56:31.511+0000] {processor.py:830} INFO - Processing file /opt/airflow/dags/crypto_pipeline_dag.py for tasks to queue
[2026-07-19T06:56:31.513+0000] {logging_mixin.py:188} INFO - [2026-07-19T06:56:31.512+0000] {dagbag.py:545} INFO - Filling up the DagBag from /opt/airflow/dags/crypto_pipeline_dag.py
[2026-07-19T06:56:31.527+0000] {processor.py:840} INFO - DAG(s) 'crypto_daily_pipeline' retrieved from /opt/airflow/dags/crypto_pipeline_dag.py
[2026-07-19T06:56:31.593+0000] {logging_mixin.py:188} INFO - [2026-07-19T06:56:31.593+0000] {dag.py:3089} INFO - Sync 1 DAGs
[2026-07-19T06:56:31.602+0000] {logging_mixin.py:188} INFO - [2026-07-19T06:56:31.602+0000] {dag.py:3947} INFO - Setting next_dagrun for crypto_daily_pipeline to 2026-07-18 00:00:00+00:00, run_after=2026-07-19 00:00:00+00:00
[2026-07-19T06:56:31.614+0000] {processor.py:183} INFO - Processing /opt/airflow/dags/crypto_pipeline_dag.py took 0.106 seconds
[2026-07-19T06:57:01.672+0000] {processor.py:161} INFO - Started process (PID=203) to work on /opt/airflow/dags/crypto_pipeline_dag.py
[2026-07-19T06:57:01.672+0000] {processor.py:830} INFO - Processing file /opt/airflow/dags/crypto_pipeline_dag.py for tasks to queue
[2026-07-19T06:57:01.673+0000] {logging_mixin.py:188} INFO - [2026-07-19T06:57:01.672+0000] {dagbag.py:545} INFO - Filling up the DagBag from /opt/airflow/dags/crypto_pipeline_dag.py
[2026-07-19T06:57:01.676+0000] {processor.py:840} INFO - DAG(s) 'crypto_daily_pipeline' retrieved from /opt/airflow/dags/crypto_pipeline_dag.py
[2026-07-19T06:57:01.686+0000] {logging_mixin.py:188} INFO - [2026-07-19T06:57:01.686+0000] {dag.py:3089} INFO - Sync 1 DAGs
[2026-07-19T06:57:01.692+0000] {logging_mixin.py:188} INFO - [2026-07-19T06:57:01.692+0000] {dag.py:3947} INFO - Setting next_dagrun for crypto_daily_pipeline to 2026-07-19 00:00:00+00:00, run_after=2026-07-20 00:00:00+00:00
[2026-07-19T06:57:01.697+0000] {processor.py:183} INFO - Processing /opt/airflow/dags/crypto_pipeline_dag.py took 0.027 seconds
[2026-07-19T06:57:31.819+0000] {processor.py:161} INFO - Started process (PID=208) to work on /opt/airflow/dags/crypto_pipeline_dag.py
[2026-07-19T06:57:31.820+0000] {processor.py:830} INFO - Processing file /opt/airflow/dags/crypto_pipeline_dag.py for tasks to queue
[2026-07-19T06:57:31.821+0000] {logging_mixin.py:188} INFO - [2026-07-19T06:57:31.821+0000] {dagbag.py:545} INFO - Filling up the DagBag from /opt/airflow/dags/crypto_pipeline_dag.py
[2026-07-19T06:57:31.830+0000] {processor.py:840} INFO - DAG(s) 'crypto_daily_pipeline' retrieved from /opt/airflow/dags/crypto_pipeline_dag.py
[2026-07-19T06:57:31.848+0000] {logging_mixin.py:188} INFO - [2026-07-19T06:57:31.848+0000] {dag.py:3089} INFO - Sync 1 DAGs
[2026-07-19T06:57:31.859+0000] {logging_mixin.py:188} INFO - [2026-07-19T06:57:31.859+0000] {dag.py:3947} INFO - Setting next_dagrun for crypto_daily_pipeline to 2026-07-19 00:00:00+00:00, run_after=2026-07-20 00:00:00+00:00
[2026-07-19T06:57:31.865+0000] {processor.py:183} INFO - Processing /opt/airflow/dags/crypto_pipeline_dag.py took 0.051 seconds
[2026-07-19T06:58:01.961+0000] {processor.py:161} INFO - Started process (PID=213) to work on /opt/airflow/dags/crypto_pipeline_dag.py
[2026-07-19T06:58:01.962+0000] {processor.py:830} INFO - Processing file /opt/airflow/dags/crypto_pipeline_dag.py for tasks to queue
[2026-07-19T06:58:01.963+0000] {logging_mixin.py:188} INFO - [2026-07-19T06:58:01.963+0000] {dagbag.py:545} INFO - Filling up the DagBag from /opt/airflow/dags/crypto_pipeline_dag.py
[2026-07-19T06:58:01.972+0000] {processor.py:840} INFO - DAG(s) 'crypto_daily_pipeline' retrieved from /opt/airflow/dags/crypto_pipeline_dag.py
[2026-07-19T06:58:01.990+0000] {logging_mixin.py:188} INFO - [2026-07-19T06:58:01.990+0000] {dag.py:3089} INFO - Sync 1 DAGs
[2026-07-19T06:58:01.999+0000] {logging_mixin.py:188} INFO - [2026-07-19T06:58:01.999+0000] {dag.py:3947} INFO - Setting next_dagrun for crypto_daily_pipeline to 2026-07-19 00:00:00+00:00, run_after=2026-07-20 00:00:00+00:00
[2026-07-19T06:58:02.005+0000] {processor.py:183} INFO - Processing /opt/airflow/dags/crypto_pipeline_dag.py took 0.049 seconds
[2026-07-19T06:58:32.132+0000] {processor.py:161} INFO - Started process (PID=218) to work on /opt/airflow/dags/crypto_pipeline_dag.py
[2026-07-19T06:58:32.133+0000] {processor.py:830} INFO - Processing file /opt/airflow/dags/crypto_pipeline_dag.py for tasks to queue
[2026-07-19T06:58:32.134+0000] {logging_mixin.py:188} INFO - [2026-07-19T06:58:32.133+0000] {dagbag.py:545} INFO - Filling up the DagBag from /opt/airflow/dags/crypto_pipeline_dag.py
[2026-07-19T06:58:32.143+0000] {processor.py:840} INFO - DAG(s) 'crypto_daily_pipeline' retrieved from /opt/airflow/dags/crypto_pipeline_dag.py
[2026-07-19T06:58:32.159+0000] {logging_mixin.py:188} INFO - [2026-07-19T06:58:32.158+0000] {dag.py:3089} INFO - Sync 1 DAGs
[2026-07-19T06:58:32.167+0000] {logging_mixin.py:188} INFO - [2026-07-19T06:58:32.167+0000] {dag.py:3947} INFO - Setting next_dagrun for crypto_daily_pipeline to 2026-07-19 00:00:00+00:00, run_after=2026-07-20 00:00:00+00:00
[2026-07-19T06:58:32.172+0000] {processor.py:183} INFO - Processing /opt/airflow/dags/crypto_pipeline_dag.py took 0.045 seconds
[2026-07-19T06:59:02.312+0000] {processor.py:161} INFO - Started process (PID=223) to work on /opt/airflow/dags/crypto_pipeline_dag.py
[2026-07-19T06:59:02.313+0000] {processor.py:830} INFO - Processing file /opt/airflow/dags/crypto_pipeline_dag.py for tasks to queue
[2026-07-19T06:59:02.314+0000] {logging_mixin.py:188} INFO - [2026-07-19T06:59:02.314+0000] {dagbag.py:545} INFO - Filling up the DagBag from /opt/airflow/dags/crypto_pipeline_dag.py
[2026-07-19T06:59:02.321+0000] {processor.py:840} INFO - DAG(s) 'crypto_daily_pipeline' retrieved from /opt/airflow/dags/crypto_pipeline_dag.py
[2026-07-19T06:59:02.336+0000] {logging_mixin.py:188} INFO - [2026-07-19T06:59:02.336+0000] {dag.py:3089} INFO - Sync 1 DAGs
[2026-07-19T06:59:02.346+0000] {logging_mixin.py:188} INFO - [2026-07-19T06:59:02.345+0000] {dag.py:3947} INFO - Setting next_dagrun for crypto_daily_pipeline to 2026-07-19 00:00:00+00:00, run_after=2026-07-20 00:00:00+00:00
[2026-07-19T06:59:02.352+0000] {processor.py:183} INFO - Processing /opt/airflow/dags/crypto_pipeline_dag.py took 0.045 seconds
[2026-07-19T06:59:32.532+0000] {processor.py:161} INFO - Started process (PID=228) to work on /opt/airflow/dags/crypto_pipeline_dag.py
[2026-07-19T06:59:32.533+0000] {processor.py:830} INFO - Processing file /opt/airflow/dags/crypto_pipeline_dag.py for tasks to queue
[2026-07-19T06:59:32.535+0000] {logging_mixin.py:188} INFO - [2026-07-19T06:59:32.535+0000] {dagbag.py:545} INFO - Filling up the DagBag from /opt/airflow/dags/crypto_pipeline_dag.py
[2026-07-19T06:59:32.549+0000] {processor.py:840} INFO - DAG(s) 'crypto_daily_pipeline' retrieved from /opt/airflow/dags/crypto_pipeline_dag.py
[2026-07-19T06:59:32.569+0000] {logging_mixin.py:188} INFO - [2026-07-19T06:59:32.569+0000] {dag.py:3089} INFO - Sync 1 DAGs
[2026-07-19T06:59:32.578+0000] {logging_mixin.py:188} INFO - [2026-07-19T06:59:32.578+0000] {dag.py:3947} INFO - Setting next_dagrun for crypto_daily_pipeline to 2026-07-19 00:00:00+00:00, run_after=2026-07-20 00:00:00+00:00
[2026-07-19T06:59:32.585+0000] {processor.py:183} INFO - Processing /opt/airflow/dags/crypto_pipeline_dag.py took 0.059 seconds
[2026-07-19T07:00:02.701+0000] {processor.py:161} INFO - Started process (PID=233) to work on /opt/airflow/dags/crypto_pipeline_dag.py
[2026-07-19T07:00:02.702+0000] {processor.py:830} INFO - Processing file /opt/airflow/dags/crypto_pipeline_dag.py for tasks to queue
[2026-07-19T07:00:02.704+0000] {logging_mixin.py:188} INFO - [2026-07-19T07:00:02.703+0000] {dagbag.py:545} INFO - Filling up the DagBag from /opt/airflow/dags/crypto_pipeline_dag.py
[2026-07-19T07:00:02.712+0000] {processor.py:840} INFO - DAG(s) 'crypto_daily_pipeline' retrieved from /opt/airflow/dags/crypto_pipeline_dag.py
[2026-07-19T07:00:02.731+0000] {logging_mixin.py:188} INFO - [2026-07-19T07:00:02.730+0000] {dag.py:3089} INFO - Sync 1 DAGs
[2026-07-19T07:00:02.740+0000] {logging_mixin.py:188} INFO - [2026-07-19T07:00:02.740+0000] {dag.py:3947} INFO - Setting next_dagrun for crypto_daily_pipeline to 2026-07-19 00:00:00+00:00, run_after=2026-07-20 00:00:00+00:00
[2026-07-19T07:00:02.746+0000] {processor.py:183} INFO - Processing /opt/airflow/dags/crypto_pipeline_dag.py took 0.049 seconds
[2026-07-19T07:00:32.898+0000] {processor.py:161} INFO - Started process (PID=238) to work on /opt/airflow/dags/crypto_pipeline_dag.py
[2026-07-19T07:00:32.898+0000] {processor.py:830} INFO - Processing file /opt/airflow/dags/crypto_pipeline_dag.py for tasks to queue
[2026-07-19T07:00:32.899+0000] {logging_mixin.py:188} INFO - [2026-07-19T07:00:32.899+0000] {dagbag.py:545} INFO - Filling up the DagBag from /opt/airflow/dags/crypto_pipeline_dag.py
[2026-07-19T07:00:32.906+0000] {processor.py:840} INFO - DAG(s) 'crypto_daily_pipeline' retrieved from /opt/airflow/dags/crypto_pipeline_dag.py
[2026-07-19T07:00:32.919+0000] {logging_mixin.py:188} INFO - [2026-07-19T07:00:32.919+0000] {dag.py:3089} INFO - Sync 1 DAGs
[2026-07-19T07:00:32.927+0000] {logging_mixin.py:188} INFO - [2026-07-19T07:00:32.927+0000] {dag.py:3947} INFO - Setting next_dagrun for crypto_daily_pipeline to 2026-07-19 00:00:00+00:00, run_after=2026-07-20 00:00:00+00:00
[2026-07-19T07:00:32.932+0000] {processor.py:183} INFO - Processing /opt/airflow/dags/crypto_pipeline_dag.py took 0.038 seconds
[2026-07-19T07:01:03.069+0000] {processor.py:161} INFO - Started process (PID=243) to work on /opt/airflow/dags/crypto_pipeline_dag.py
[2026-07-19T07:01:03.070+0000] {processor.py:830} INFO - Processing file /opt/airflow/dags/crypto_pipeline_dag.py for tasks to queue
[2026-07-19T07:01:03.071+0000] {logging_mixin.py:188} INFO - [2026-07-19T07:01:03.070+0000] {dagbag.py:545} INFO - Filling up the DagBag from /opt/airflow/dags/crypto_pipeline_dag.py
[2026-07-19T07:01:03.082+0000] {processor.py:840} INFO - DAG(s) 'crypto_daily_pipeline' retrieved from /opt/airflow/dags/crypto_pipeline_dag.py
[2026-07-19T07:01:03.099+0000] {logging_mixin.py:188} INFO - [2026-07-19T07:01:03.099+0000] {dag.py:3089} INFO - Sync 1 DAGs
[2026-07-19T07:01:03.109+0000] {logging_mixin.py:188} INFO - [2026-07-19T07:01:03.109+0000] {dag.py:3947} INFO - Setting next_dagrun for crypto_daily_pipeline to 2026-07-19 00:00:00+00:00, run_after=2026-07-20 00:00:00+00:00
[2026-07-19T07:01:03.115+0000] {processor.py:183} INFO - Processing /opt/airflow/dags/crypto_pipeline_dag.py took 0.050 seconds
[2026-07-19T07:01:33.269+0000] {processor.py:161} INFO - Started process (PID=248) to work on /opt/airflow/dags/crypto_pipeline_dag.py
[2026-07-19T07:01:33.270+0000] {processor.py:830} INFO - Processing file /opt/airflow/dags/crypto_pipeline_dag.py for tasks to queue
[2026-07-19T07:01:33.270+0000] {logging_mixin.py:188} INFO - [2026-07-19T07:01:33.270+0000] {dagbag.py:545} INFO - Filling up the DagBag from /opt/airflow/dags/crypto_pipeline_dag.py
[2026-07-19T07:01:33.275+0000] {processor.py:840} INFO - DAG(s) 'crypto_daily_pipeline' retrieved from /opt/airflow/dags/crypto_pipeline_dag.py
[2026-07-19T07:01:33.285+0000] {logging_mixin.py:188} INFO - [2026-07-19T07:01:33.285+0000] {dag.py:3089} INFO - Sync 1 DAGs
[2026-07-19T07:01:33.292+0000] {logging_mixin.py:188} INFO - [2026-07-19T07:01:33.291+0000] {dag.py:3947} INFO - Setting next_dagrun for crypto_daily_pipeline to 2026-07-19 00:00:00+00:00, run_after=2026-07-20 00:00:00+00:00
[2026-07-19T07:01:33.297+0000] {processor.py:183} INFO - Processing /opt/airflow/dags/crypto_pipeline_dag.py took 0.030 seconds
[2026-07-19T07:02:03.460+0000] {processor.py:161} INFO - Started process (PID=253) to work on /opt/airflow/dags/crypto_pipeline_dag.py
[2026-07-19T07:02:03.461+0000] {processor.py:830} INFO - Processing file /opt/airflow/dags/crypto_pipeline_dag.py for tasks to queue
[2026-07-19T07:02:03.462+0000] {logging_mixin.py:188} INFO - [2026-07-19T07:02:03.462+0000] {dagbag.py:545} INFO - Filling up the DagBag from /opt/airflow/dags/crypto_pipeline_dag.py
[2026-07-19T07:02:03.471+0000] {processor.py:840} INFO - DAG(s) 'crypto_daily_pipeline' retrieved from /opt/airflow/dags/crypto_pipeline_dag.py
[2026-07-19T07:02:03.489+0000] {logging_mixin.py:188} INFO - [2026-07-19T07:02:03.489+0000] {dag.py:3089} INFO - Sync 1 DAGs
[2026-07-19T07:02:03.498+0000] {logging_mixin.py:188} INFO - [2026-07-19T07:02:03.498+0000] {dag.py:3947} INFO - Setting next_dagrun for crypto_daily_pipeline to 2026-07-19 00:00:00+00:00, run_after=2026-07-20 00:00:00+00:00
[2026-07-19T07:02:03.505+0000] {processor.py:183} INFO - Processing /opt/airflow/dags/crypto_pipeline_dag.py took 0.049 seconds
[2026-07-19T07:02:33.630+0000] {processor.py:161} INFO - Started process (PID=258) to work on /opt/airflow/dags/crypto_pipeline_dag.py
[2026-07-19T07:02:33.630+0000] {processor.py:830} INFO - Processing file /opt/airflow/dags/crypto_pipeline_dag.py for tasks to queue
[2026-07-19T07:02:33.631+0000] {logging_mixin.py:188} INFO - [2026-07-19T07:02:33.631+0000] {dagbag.py:545} INFO - Filling up the DagBag from /opt/airflow/dags/crypto_pipeline_dag.py
[2026-07-19T07:02:33.636+0000] {processor.py:840} INFO - DAG(s) 'crypto_daily_pipeline' retrieved from /opt/airflow/dags/crypto_pipeline_dag.py
[2026-07-19T07:02:33.648+0000] {logging_mixin.py:188} INFO - [2026-07-19T07:02:33.648+0000] {dag.py:3089} INFO - Sync 1 DAGs
[2026-07-19T07:02:33.655+0000] {logging_mixin.py:188} INFO - [2026-07-19T07:02:33.655+0000] {dag.py:3947} INFO - Setting next_dagrun for crypto_daily_pipeline to 2026-07-19 00:00:00+00:00, run_after=2026-07-20 00:00:00+00:00
[2026-07-19T07:02:33.660+0000] {processor.py:183} INFO - Processing /opt/airflow/dags/crypto_pipeline_dag.py took 0.033 seconds
[2026-07-19T07:03:03.799+0000] {processor.py:161} INFO - Started process (PID=263) to work on /opt/airflow/dags/crypto_pipeline_dag.py
[2026-07-19T07:03:03.800+0000] {processor.py:830} INFO - Processing file /opt/airflow/dags/crypto_pipeline_dag.py for tasks to queue
[2026-07-19T07:03:03.800+0000] {logging_mixin.py:188} INFO - [2026-07-19T07:03:03.800+0000] {dagbag.py:545} INFO - Filling up the DagBag from /opt/airflow/dags/crypto_pipeline_dag.py
[2026-07-19T07:03:03.806+0000] {processor.py:840} INFO - DAG(s) 'crypto_daily_pipeline' retrieved from /opt/airflow/dags/crypto_pipeline_dag.py
[2026-07-19T07:03:03.818+0000] {logging_mixin.py:188} INFO - [2026-07-19T07:03:03.818+0000] {dag.py:3089} INFO - Sync 1 DAGs
[2026-07-19T07:03:03.826+0000] {logging_mixin.py:188} INFO - [2026-07-19T07:03:03.826+0000] {dag.py:3947} INFO - Setting next_dagrun for crypto_daily_pipeline to 2026-07-19 00:00:00+00:00, run_after=2026-07-20 00:00:00+00:00
[2026-07-19T07:03:03.833+0000] {processor.py:183} INFO - Processing /opt/airflow/dags/crypto_pipeline_dag.py took 0.036 seconds
[2026-07-19T07:03:33.978+0000] {processor.py:161} INFO - Started process (PID=268) to work on /opt/airflow/dags/crypto_pipeline_dag.py
[2026-07-19T07:03:33.979+0000] {processor.py:830} INFO - Processing file /opt/airflow/dags/crypto_pipeline_dag.py for tasks to queue
[2026-07-19T07:03:33.980+0000] {logging_mixin.py:188} INFO - [2026-07-19T07:03:33.980+0000] {dagbag.py:545} INFO - Filling up the DagBag from /opt/airflow/dags/crypto_pipeline_dag.py
[2026-07-19T07:03:33.989+0000] {processor.py:840} INFO - DAG(s) 'crypto_daily_pipeline' retrieved from /opt/airflow/dags/crypto_pipeline_dag.py
[2026-07-19T07:03:34.006+0000] {logging_mixin.py:188} INFO - [2026-07-19T07:03:34.005+0000] {dag.py:3089} INFO - Sync 1 DAGs
[2026-07-19T07:03:34.014+0000] {logging_mixin.py:188} INFO - [2026-07-19T07:03:34.014+0000] {dag.py:3947} INFO - Setting next_dagrun for crypto_daily_pipeline to 2026-07-19 00:00:00+00:00, run_after=2026-07-20 00:00:00+00:00
[2026-07-19T07:03:34.020+0000] {processor.py:183} INFO - Processing /opt/airflow/dags/crypto_pipeline_dag.py took 0.046 seconds
[2026-07-19T07:04:04.171+0000] {processor.py:161} INFO - Started process (PID=273) to work on /opt/airflow/dags/crypto_pipeline_dag.py
[2026-07-19T07:04:04.172+0000] {processor.py:830} INFO - Processing file /opt/airflow/dags/crypto_pipeline_dag.py for tasks to queue
[2026-07-19T07:04:04.174+0000] {logging_mixin.py:188} INFO - [2026-07-19T07:04:04.174+0000] {dagbag.py:545} INFO - Filling up the DagBag from /opt/airflow/dags/crypto_pipeline_dag.py
[2026-07-19T07:04:04.186+0000] {processor.py:840} INFO - DAG(s) 'crypto_daily_pipeline' retrieved from /opt/airflow/dags/crypto_pipeline_dag.py
[2026-07-19T07:04:04.205+0000] {logging_mixin.py:188} INFO - [2026-07-19T07:04:04.204+0000] {dag.py:3089} INFO - Sync 1 DAGs
[2026-07-19T07:04:04.213+0000] {logging_mixin.py:188} INFO - [2026-07-19T07:04:04.213+0000] {dag.py:3947} INFO - Setting next_dagrun for crypto_daily_pipeline to 2026-07-19 00:00:00+00:00, run_after=2026-07-20 00:00:00+00:00
[2026-07-19T07:04:04.219+0000] {processor.py:183} INFO - Processing /opt/airflow/dags/crypto_pipeline_dag.py took 0.054 seconds
[2026-07-19T07:14:19.796+0000] {processor.py:161} INFO - Started process (PID=278) to work on /opt/airflow/dags/crypto_pipeline_dag.py
[2026-07-19T07:14:19.796+0000] {processor.py:830} INFO - Processing file /opt/airflow/dags/crypto_pipeline_dag.py for tasks to queue
[2026-07-19T07:14:19.797+0000] {logging_mixin.py:188} INFO - [2026-07-19T07:14:19.797+0000] {dagbag.py:545} INFO - Filling up the DagBag from /opt/airflow/dags/crypto_pipeline_dag.py
[2026-07-19T07:14:19.805+0000] {processor.py:840} INFO - DAG(s) 'crypto_daily_pipeline' retrieved from /opt/airflow/dags/crypto_pipeline_dag.py
[2026-07-19T07:14:19.821+0000] {logging_mixin.py:188} INFO - [2026-07-19T07:14:19.821+0000] {dag.py:3089} INFO - Sync 1 DAGs
[2026-07-19T07:14:19.830+0000] {logging_mixin.py:188} INFO - [2026-07-19T07:14:19.830+0000] {dag.py:3947} INFO - Setting next_dagrun for crypto_daily_pipeline to 2026-07-19 00:00:00+00:00, run_after=2026-07-20 00:00:00+00:00
[2026-07-19T07:14:19.836+0000] {processor.py:183} INFO - Processing /opt/airflow/dags/crypto_pipeline_dag.py took 0.044 seconds
[2026-07-19T07:24:52.508+0000] {processor.py:161} INFO - Started process (PID=283) to work on /opt/airflow/dags/crypto_pipeline_dag.py
[2026-07-19T07:24:52.509+0000] {processor.py:830} INFO - Processing file /opt/airflow/dags/crypto_pipeline_dag.py for tasks to queue
[2026-07-19T07:24:52.510+0000] {logging_mixin.py:188} INFO - [2026-07-19T07:24:52.510+0000] {dagbag.py:545} INFO - Filling up the DagBag from /opt/airflow/dags/crypto_pipeline_dag.py
[2026-07-19T07:24:52.518+0000] {processor.py:840} INFO - DAG(s) 'crypto_daily_pipeline' retrieved from /opt/airflow/dags/crypto_pipeline_dag.py
[2026-07-19T07:24:52.534+0000] {logging_mixin.py:188} INFO - [2026-07-19T07:24:52.534+0000] {dag.py:3089} INFO - Sync 1 DAGs
[2026-07-19T07:24:52.542+0000] {logging_mixin.py:188} INFO - [2026-07-19T07:24:52.542+0000] {dag.py:3947} INFO - Setting next_dagrun for crypto_daily_pipeline to 2026-07-19 00:00:00+00:00, run_after=2026-07-20 00:00:00+00:00
[2026-07-19T07:24:52.548+0000] {processor.py:183} INFO - Processing /opt/airflow/dags/crypto_pipeline_dag.py took 0.044 seconds
[2026-07-19T07:36:10.309+0000] {processor.py:161} INFO - Started process (PID=288) to work on /opt/airflow/dags/crypto_pipeline_dag.py
[2026-07-19T07:36:10.310+0000] {processor.py:830} INFO - Processing file /opt/airflow/dags/crypto_pipeline_dag.py for tasks to queue
[2026-07-19T07:36:10.311+0000] {logging_mixin.py:188} INFO - [2026-07-19T07:36:10.311+0000] {dagbag.py:545} INFO - Filling up the DagBag from /opt/airflow/dags/crypto_pipeline_dag.py
[2026-07-19T07:36:10.318+0000] {processor.py:840} INFO - DAG(s) 'crypto_daily_pipeline' retrieved from /opt/airflow/dags/crypto_pipeline_dag.py
[2026-07-19T07:36:10.333+0000] {logging_mixin.py:188} INFO - [2026-07-19T07:36:10.333+0000] {dag.py:3089} INFO - Sync 1 DAGs
[2026-07-19T07:36:10.340+0000] {logging_mixin.py:188} INFO - [2026-07-19T07:36:10.340+0000] {dag.py:3947} INFO - Setting next_dagrun for crypto_daily_pipeline to 2026-07-19 00:00:00+00:00, run_after=2026-07-20 00:00:00+00:00
[2026-07-19T07:36:10.346+0000] {processor.py:183} INFO - Processing /opt/airflow/dags/crypto_pipeline_dag.py took 0.040 seconds
[2026-07-19T07:56:50.060+0000] {processor.py:161} INFO - Started process (PID=293) to work on /opt/airflow/dags/crypto_pipeline_dag.py
[2026-07-19T07:56:50.064+0000] {processor.py:830} INFO - Processing file /opt/airflow/dags/crypto_pipeline_dag.py for tasks to queue
[2026-07-19T07:56:50.065+0000] {logging_mixin.py:188} INFO - [2026-07-19T07:56:50.065+0000] {dagbag.py:545} INFO - Filling up the DagBag from /opt/airflow/dags/crypto_pipeline_dag.py
[2026-07-19T07:56:50.073+0000] {processor.py:840} INFO - DAG(s) 'crypto_daily_pipeline' retrieved from /opt/airflow/dags/crypto_pipeline_dag.py
[2026-07-19T07:56:50.089+0000] {logging_mixin.py:188} INFO - [2026-07-19T07:56:50.089+0000] {dag.py:3089} INFO - Sync 1 DAGs
[2026-07-19T07:56:50.098+0000] {logging_mixin.py:188} INFO - [2026-07-19T07:56:50.098+0000] {dag.py:3947} INFO - Setting next_dagrun for crypto_daily_pipeline to 2026-07-19 00:00:00+00:00, run_after=2026-07-20 00:00:00+00:00
[2026-07-19T07:56:50.104+0000] {processor.py:183} INFO - Processing /opt/airflow/dags/crypto_pipeline_dag.py took 0.048 seconds
[2026-07-19T08:07:25.574+0000] {processor.py:161} INFO - Started process (PID=298) to work on /opt/airflow/dags/crypto_pipeline_dag.py
[2026-07-19T08:07:25.574+0000] {processor.py:830} INFO - Processing file /opt/airflow/dags/crypto_pipeline_dag.py for tasks to queue
[2026-07-19T08:07:25.575+0000] {logging_mixin.py:188} INFO - [2026-07-19T08:07:25.575+0000] {dagbag.py:545} INFO - Filling up the DagBag from /opt/airflow/dags/crypto_pipeline_dag.py
[2026-07-19T08:07:25.582+0000] {processor.py:840} INFO - DAG(s) 'crypto_daily_pipeline' retrieved from /opt/airflow/dags/crypto_pipeline_dag.py
[2026-07-19T08:07:25.597+0000] {logging_mixin.py:188} INFO - [2026-07-19T08:07:25.597+0000] {dag.py:3089} INFO - Sync 1 DAGs
[2026-07-19T08:07:25.605+0000] {logging_mixin.py:188} INFO - [2026-07-19T08:07:25.605+0000] {dag.py:3947} INFO - Setting next_dagrun for crypto_daily_pipeline to 2026-07-19 00:00:00+00:00, run_after=2026-07-20 00:00:00+00:00
[2026-07-19T08:07:25.611+0000] {processor.py:183} INFO - Processing /opt/airflow/dags/crypto_pipeline_dag.py took 0.040 seconds
[2026-07-19T08:17:57.892+0000] {processor.py:161} INFO - Started process (PID=303) to work on /opt/airflow/dags/crypto_pipeline_dag.py
[2026-07-19T08:17:57.892+0000] {processor.py:830} INFO - Processing file /opt/airflow/dags/crypto_pipeline_dag.py for tasks to queue
[2026-07-19T08:17:57.893+0000] {logging_mixin.py:188} INFO - [2026-07-19T08:17:57.893+0000] {dagbag.py:545} INFO - Filling up the DagBag from /opt/airflow/dags/crypto_pipeline_dag.py
[2026-07-19T08:17:57.900+0000] {processor.py:840} INFO - DAG(s) 'crypto_daily_pipeline' retrieved from /opt/airflow/dags/crypto_pipeline_dag.py
[2026-07-19T08:17:57.916+0000] {logging_mixin.py:188} INFO - [2026-07-19T08:17:57.915+0000] {dag.py:3089} INFO - Sync 1 DAGs
[2026-07-19T08:17:57.924+0000] {logging_mixin.py:188} INFO - [2026-07-19T08:17:57.924+0000] {dag.py:3947} INFO - Setting next_dagrun for crypto_daily_pipeline to 2026-07-19 00:00:00+00:00, run_after=2026-07-20 00:00:00+00:00
[2026-07-19T08:17:57.929+0000] {processor.py:183} INFO - Processing /opt/airflow/dags/crypto_pipeline_dag.py took 0.041 seconds
[2026-07-19T08:38:33.845+0000] {processor.py:161} INFO - Started process (PID=308) to work on /opt/airflow/dags/crypto_pipeline_dag.py
[2026-07-19T08:38:33.846+0000] {processor.py:830} INFO - Processing file /opt/airflow/dags/crypto_pipeline_dag.py for tasks to queue
[2026-07-19T08:38:33.847+0000] {logging_mixin.py:188} INFO - [2026-07-19T08:38:33.847+0000] {dagbag.py:545} INFO - Filling up the DagBag from /opt/airflow/dags/crypto_pipeline_dag.py
[2026-07-19T08:38:33.852+0000] {processor.py:840} INFO - DAG(s) 'crypto_daily_pipeline' retrieved from /opt/airflow/dags/crypto_pipeline_dag.py
[2026-07-19T08:38:33.862+0000] {logging_mixin.py:188} INFO - [2026-07-19T08:38:33.862+0000] {dag.py:3089} INFO - Sync 1 DAGs
[2026-07-19T08:38:33.869+0000] {logging_mixin.py:188} INFO - [2026-07-19T08:38:33.869+0000] {dag.py:3947} INFO - Setting next_dagrun for crypto_daily_pipeline to 2026-07-19 00:00:00+00:00, run_after=2026-07-20 00:00:00+00:00
[2026-07-19T08:38:33.875+0000] {processor.py:183} INFO - Processing /opt/airflow/dags/crypto_pipeline_dag.py took 0.032 seconds
[2026-07-19T08:49:06.050+0000] {processor.py:161} INFO - Started process (PID=313) to work on /opt/airflow/dags/crypto_pipeline_dag.py
[2026-07-19T08:49:06.051+0000] {processor.py:830} INFO - Processing file /opt/airflow/dags/crypto_pipeline_dag.py for tasks to queue
[2026-07-19T08:49:06.053+0000] {logging_mixin.py:188} INFO - [2026-07-19T08:49:06.052+0000] {dagbag.py:545} INFO - Filling up the DagBag from /opt/airflow/dags/crypto_pipeline_dag.py
[2026-07-19T08:49:06.061+0000] {processor.py:840} INFO - DAG(s) 'crypto_daily_pipeline' retrieved from /opt/airflow/dags/crypto_pipeline_dag.py
[2026-07-19T08:49:06.077+0000] {logging_mixin.py:188} INFO - [2026-07-19T08:49:06.077+0000] {dag.py:3089} INFO - Sync 1 DAGs
[2026-07-19T08:49:06.086+0000] {logging_mixin.py:188} INFO - [2026-07-19T08:49:06.086+0000] {dag.py:3947} INFO - Setting next_dagrun for crypto_daily_pipeline to 2026-07-19 00:00:00+00:00, run_after=2026-07-20 00:00:00+00:00
[2026-07-19T08:49:06.092+0000] {processor.py:183} INFO - Processing /opt/airflow/dags/crypto_pipeline_dag.py took 0.046 seconds
[2026-07-19T08:59:40.700+0000] {processor.py:161} INFO - Started process (PID=318) to work on /opt/airflow/dags/crypto_pipeline_dag.py
[2026-07-19T08:59:40.700+0000] {processor.py:830} INFO - Processing file /opt/airflow/dags/crypto_pipeline_dag.py for tasks to queue
[2026-07-19T08:59:40.701+0000] {logging_mixin.py:188} INFO - [2026-07-19T08:59:40.701+0000] {dagbag.py:545} INFO - Filling up the DagBag from /opt/airflow/dags/crypto_pipeline_dag.py
[2026-07-19T08:59:40.707+0000] {processor.py:840} INFO - DAG(s) 'crypto_daily_pipeline' retrieved from /opt/airflow/dags/crypto_pipeline_dag.py
[2026-07-19T08:59:40.722+0000] {logging_mixin.py:188} INFO - [2026-07-19T08:59:40.722+0000] {dag.py:3089} INFO - Sync 1 DAGs
[2026-07-19T08:59:40.729+0000] {logging_mixin.py:188} INFO - [2026-07-19T08:59:40.729+0000] {dag.py:3947} INFO - Setting next_dagrun for crypto_daily_pipeline to 2026-07-19 00:00:00+00:00, run_after=2026-07-20 00:00:00+00:00
[2026-07-19T08:59:40.734+0000] {processor.py:183} INFO - Processing /opt/airflow/dags/crypto_pipeline_dag.py took 0.038 seconds
[2026-07-19T09:15:25.839+0000] {processor.py:161} INFO - Started process (PID=323) to work on /opt/airflow/dags/crypto_pipeline_dag.py
[2026-07-19T09:15:25.839+0000] {processor.py:830} INFO - Processing file /opt/airflow/dags/crypto_pipeline_dag.py for tasks to queue
[2026-07-19T09:15:25.840+0000] {logging_mixin.py:188} INFO - [2026-07-19T09:15:25.840+0000] {dagbag.py:545} INFO - Filling up the DagBag from /opt/airflow/dags/crypto_pipeline_dag.py
[2026-07-19T09:15:25.846+0000] {processor.py:840} INFO - DAG(s) 'crypto_daily_pipeline' retrieved from /opt/airflow/dags/crypto_pipeline_dag.py
[2026-07-19T09:15:25.856+0000] {logging_mixin.py:188} INFO - [2026-07-19T09:15:25.856+0000] {dag.py:3089} INFO - Sync 1 DAGs
[2026-07-19T09:15:25.863+0000] {logging_mixin.py:188} INFO - [2026-07-19T09:15:25.863+0000] {dag.py:3947} INFO - Setting next_dagrun for crypto_daily_pipeline to 2026-07-19 00:00:00+00:00, run_after=2026-07-20 00:00:00+00:00
[2026-07-19T09:15:25.868+0000] {processor.py:183} INFO - Processing /opt/airflow/dags/crypto_pipeline_dag.py took 0.032 seconds
[2026-07-19T09:36:08.321+0000] {processor.py:161} INFO - Started process (PID=328) to work on /opt/airflow/dags/crypto_pipeline_dag.py
[2026-07-19T09:36:08.322+0000] {processor.py:830} INFO - Processing file /opt/airflow/dags/crypto_pipeline_dag.py for tasks to queue
[2026-07-19T09:36:08.323+0000] {logging_mixin.py:188} INFO - [2026-07-19T09:36:08.323+0000] {dagbag.py:545} INFO - Filling up the DagBag from /opt/airflow/dags/crypto_pipeline_dag.py
[2026-07-19T09:36:08.330+0000] {processor.py:840} INFO - DAG(s) 'crypto_daily_pipeline' retrieved from /opt/airflow/dags/crypto_pipeline_dag.py
[2026-07-19T09:36:08.345+0000] {logging_mixin.py:188} INFO - [2026-07-19T09:36:08.344+0000] {dag.py:3089} INFO - Sync 1 DAGs
[2026-07-19T09:36:08.352+0000] {logging_mixin.py:188} INFO - [2026-07-19T09:36:08.352+0000] {dag.py:3947} INFO - Setting next_dagrun for crypto_daily_pipeline to 2026-07-19 00:00:00+00:00, run_after=2026-07-20 00:00:00+00:00
[2026-07-19T09:36:08.358+0000] {processor.py:183} INFO - Processing /opt/airflow/dags/crypto_pipeline_dag.py took 0.040 seconds
[2026-07-19T09:46:43.019+0000] {processor.py:161} INFO - Started process (PID=333) to work on /opt/airflow/dags/crypto_pipeline_dag.py
[2026-07-19T09:46:43.019+0000] {processor.py:830} INFO - Processing file /opt/airflow/dags/crypto_pipeline_dag.py for tasks to queue
[2026-07-19T09:46:43.021+0000] {logging_mixin.py:188} INFO - [2026-07-19T09:46:43.020+0000] {dagbag.py:545} INFO - Filling up the DagBag from /opt/airflow/dags/crypto_pipeline_dag.py
[2026-07-19T09:46:43.029+0000] {processor.py:840} INFO - DAG(s) 'crypto_daily_pipeline' retrieved from /opt/airflow/dags/crypto_pipeline_dag.py
[2026-07-19T09:46:43.043+0000] {logging_mixin.py:188} INFO - [2026-07-19T09:46:43.043+0000] {dag.py:3089} INFO - Sync 1 DAGs
[2026-07-19T09:46:43.051+0000] {logging_mixin.py:188} INFO - [2026-07-19T09:46:43.051+0000] {dag.py:3947} INFO - Setting next_dagrun for crypto_daily_pipeline to 2026-07-19 00:00:00+00:00, run_after=2026-07-20 00:00:00+00:00
[2026-07-19T09:46:43.057+0000] {processor.py:183} INFO - Processing /opt/airflow/dags/crypto_pipeline_dag.py took 0.042 seconds
[2026-07-19T09:57:12.759+0000] {processor.py:161} INFO - Started process (PID=338) to work on /opt/airflow/dags/crypto_pipeline_dag.py
[2026-07-19T09:57:12.759+0000] {processor.py:830} INFO - Processing file /opt/airflow/dags/crypto_pipeline_dag.py for tasks to queue
[2026-07-19T09:57:12.760+0000] {logging_mixin.py:188} INFO - [2026-07-19T09:57:12.760+0000] {dagbag.py:545} INFO - Filling up the DagBag from /opt/airflow/dags/crypto_pipeline_dag.py
[2026-07-19T09:57:12.765+0000] {processor.py:840} INFO - DAG(s) 'crypto_daily_pipeline' retrieved from /opt/airflow/dags/crypto_pipeline_dag.py
[2026-07-19T09:57:12.776+0000] {logging_mixin.py:188} INFO - [2026-07-19T09:57:12.776+0000] {dag.py:3089} INFO - Sync 1 DAGs
[2026-07-19T09:57:12.782+0000] {logging_mixin.py:188} INFO - [2026-07-19T09:57:12.782+0000] {dag.py:3947} INFO - Setting next_dagrun for crypto_daily_pipeline to 2026-07-19 00:00:00+00:00, run_after=2026-07-20 00:00:00+00:00
[2026-07-19T09:57:12.787+0000] {processor.py:183} INFO - Processing /opt/airflow/dags/crypto_pipeline_dag.py took 0.030 seconds
[2026-07-19T10:36:31.385+0000] {processor.py:161} INFO - Started process (PID=343) to work on /opt/airflow/dags/crypto_pipeline_dag.py
[2026-07-19T10:36:31.385+0000] {processor.py:830} INFO - Processing file /opt/airflow/dags/crypto_pipeline_dag.py for tasks to queue
[2026-07-19T10:36:31.386+0000] {logging_mixin.py:188} INFO - [2026-07-19T10:36:31.386+0000] {dagbag.py:545} INFO - Filling up the DagBag from /opt/airflow/dags/crypto_pipeline_dag.py
[2026-07-19T10:36:31.390+0000] {processor.py:840} INFO - DAG(s) 'crypto_daily_pipeline' retrieved from /opt/airflow/dags/crypto_pipeline_dag.py
[2026-07-19T10:36:31.399+0000] {logging_mixin.py:188} INFO - [2026-07-19T10:36:31.399+0000] {dag.py:3089} INFO - Sync 1 DAGs
[2026-07-19T10:36:31.405+0000] {logging_mixin.py:188} INFO - [2026-07-19T10:36:31.405+0000] {dag.py:3947} INFO - Setting next_dagrun for crypto_daily_pipeline to 2026-07-19 00:00:00+00:00, run_after=2026-07-20 00:00:00+00:00
[2026-07-19T10:36:31.410+0000] {processor.py:183} INFO - Processing /opt/airflow/dags/crypto_pipeline_dag.py took 0.027 seconds
[2026-07-19T11:27:15.097+0000] {processor.py:161} INFO - Started process (PID=348) to work on /opt/airflow/dags/crypto_pipeline_dag.py
[2026-07-19T11:27:15.097+0000] {processor.py:830} INFO - Processing file /opt/airflow/dags/crypto_pipeline_dag.py for tasks to queue
[2026-07-19T11:27:15.098+0000] {logging_mixin.py:188} INFO - [2026-07-19T11:27:15.098+0000] {dagbag.py:545} INFO - Filling up the DagBag from /opt/airflow/dags/crypto_pipeline_dag.py
[2026-07-19T11:27:15.104+0000] {processor.py:840} INFO - DAG(s) 'crypto_daily_pipeline' retrieved from /opt/airflow/dags/crypto_pipeline_dag.py
[2026-07-19T11:27:15.118+0000] {logging_mixin.py:188} INFO - [2026-07-19T11:27:15.117+0000] {dag.py:3089} INFO - Sync 1 DAGs
[2026-07-19T11:27:15.126+0000] {logging_mixin.py:188} INFO - [2026-07-19T11:27:15.126+0000] {dag.py:3947} INFO - Setting next_dagrun for crypto_daily_pipeline to 2026-07-19 00:00:00+00:00, run_after=2026-07-20 00:00:00+00:00
[2026-07-19T11:27:15.131+0000] {processor.py:183} INFO - Processing /opt/airflow/dags/crypto_pipeline_dag.py took 0.038 seconds
[2026-07-19T11:57:55.120+0000] {processor.py:161} INFO - Started process (PID=353) to work on /opt/airflow/dags/crypto_pipeline_dag.py
[2026-07-19T11:57:55.121+0000] {processor.py:830} INFO - Processing file /opt/airflow/dags/crypto_pipeline_dag.py for tasks to queue
[2026-07-19T11:57:55.122+0000] {logging_mixin.py:188} INFO - [2026-07-19T11:57:55.122+0000] {dagbag.py:545} INFO - Filling up the DagBag from /opt/airflow/dags/crypto_pipeline_dag.py
[2026-07-19T11:57:55.129+0000] {processor.py:840} INFO - DAG(s) 'crypto_daily_pipeline' retrieved from /opt/airflow/dags/crypto_pipeline_dag.py
[2026-07-19T11:57:55.144+0000] {logging_mixin.py:188} INFO - [2026-07-19T11:57:55.144+0000] {dag.py:3089} INFO - Sync 1 DAGs
[2026-07-19T11:57:55.152+0000] {logging_mixin.py:188} INFO - [2026-07-19T11:57:55.152+0000] {dag.py:3947} INFO - Setting next_dagrun for crypto_daily_pipeline to 2026-07-19 00:00:00+00:00, run_after=2026-07-20 00:00:00+00:00
[2026-07-19T11:57:55.159+0000] {processor.py:183} INFO - Processing /opt/airflow/dags/crypto_pipeline_dag.py took 0.043 seconds
[2026-07-19T12:18:25.184+0000] {processor.py:161} INFO - Started process (PID=358) to work on /opt/airflow/dags/crypto_pipeline_dag.py
[2026-07-19T12:18:25.185+0000] {processor.py:830} INFO - Processing file /opt/airflow/dags/crypto_pipeline_dag.py for tasks to queue
[2026-07-19T12:18:25.186+0000] {logging_mixin.py:188} INFO - [2026-07-19T12:18:25.186+0000] {dagbag.py:545} INFO - Filling up the DagBag from /opt/airflow/dags/crypto_pipeline_dag.py
[2026-07-19T12:18:25.193+0000] {processor.py:840} INFO - DAG(s) 'crypto_daily_pipeline' retrieved from /opt/airflow/dags/crypto_pipeline_dag.py
[2026-07-19T12:18:25.210+0000] {logging_mixin.py:188} INFO - [2026-07-19T12:18:25.210+0000] {dag.py:3089} INFO - Sync 1 DAGs
[2026-07-19T12:18:25.219+0000] {logging_mixin.py:188} INFO - [2026-07-19T12:18:25.219+0000] {dag.py:3947} INFO - Setting next_dagrun for crypto_daily_pipeline to 2026-07-19 00:00:00+00:00, run_after=2026-07-20 00:00:00+00:00
[2026-07-19T12:18:25.226+0000] {processor.py:183} INFO - Processing /opt/airflow/dags/crypto_pipeline_dag.py took 0.046 seconds
[2026-07-19T12:28:56.361+0000] {processor.py:161} INFO - Started process (PID=363) to work on /opt/airflow/dags/crypto_pipeline_dag.py
[2026-07-19T12:28:56.362+0000] {processor.py:830} INFO - Processing file /opt/airflow/dags/crypto_pipeline_dag.py for tasks to queue
[2026-07-19T12:28:56.363+0000] {logging_mixin.py:188} INFO - [2026-07-19T12:28:56.363+0000] {dagbag.py:545} INFO - Filling up the DagBag from /opt/airflow/dags/crypto_pipeline_dag.py
[2026-07-19T12:28:56.370+0000] {processor.py:840} INFO - DAG(s) 'crypto_daily_pipeline' retrieved from /opt/airflow/dags/crypto_pipeline_dag.py
[2026-07-19T12:28:56.384+0000] {logging_mixin.py:188} INFO - [2026-07-19T12:28:56.384+0000] {dag.py:3089} INFO - Sync 1 DAGs
[2026-07-19T12:28:56.391+0000] {logging_mixin.py:188} INFO - [2026-07-19T12:28:56.391+0000] {dag.py:3947} INFO - Setting next_dagrun for crypto_daily_pipeline to 2026-07-19 00:00:00+00:00, run_after=2026-07-20 00:00:00+00:00
[2026-07-19T12:28:56.396+0000] {processor.py:183} INFO - Processing /opt/airflow/dags/crypto_pipeline_dag.py took 0.038 seconds
[2026-07-19T12:39:30.794+0000] {processor.py:161} INFO - Started process (PID=368) to work on /opt/airflow/dags/crypto_pipeline_dag.py
[2026-07-19T12:39:30.795+0000] {processor.py:830} INFO - Processing file /opt/airflow/dags/crypto_pipeline_dag.py for tasks to queue
[2026-07-19T12:39:30.795+0000] {logging_mixin.py:188} INFO - [2026-07-19T12:39:30.795+0000] {dagbag.py:545} INFO - Filling up the DagBag from /opt/airflow/dags/crypto_pipeline_dag.py
[2026-07-19T12:39:30.800+0000] {processor.py:840} INFO - DAG(s) 'crypto_daily_pipeline' retrieved from /opt/airflow/dags/crypto_pipeline_dag.py
[2026-07-19T12:39:30.810+0000] {logging_mixin.py:188} INFO - [2026-07-19T12:39:30.810+0000] {dag.py:3089} INFO - Sync 1 DAGs
[2026-07-19T12:39:30.817+0000] {logging_mixin.py:188} INFO - [2026-07-19T12:39:30.817+0000] {dag.py:3947} INFO - Setting next_dagrun for crypto_daily_pipeline to 2026-07-19 00:00:00+00:00, run_after=2026-07-20 00:00:00+00:00
[2026-07-19T12:39:30.822+0000] {processor.py:183} INFO - Processing /opt/airflow/dags/crypto_pipeline_dag.py took 0.030 seconds
[2026-07-19T13:00:09.357+0000] {processor.py:161} INFO - Started process (PID=373) to work on /opt/airflow/dags/crypto_pipeline_dag.py
[2026-07-19T13:00:09.358+0000] {processor.py:830} INFO - Processing file /opt/airflow/dags/crypto_pipeline_dag.py for tasks to queue
[2026-07-19T13:00:09.359+0000] {logging_mixin.py:188} INFO - [2026-07-19T13:00:09.359+0000] {dagbag.py:545} INFO - Filling up the DagBag from /opt/airflow/dags/crypto_pipeline_dag.py
[2026-07-19T13:00:09.366+0000] {processor.py:840} INFO - DAG(s) 'crypto_daily_pipeline' retrieved from /opt/airflow/dags/crypto_pipeline_dag.py
[2026-07-19T13:00:09.381+0000] {logging_mixin.py:188} INFO - [2026-07-19T13:00:09.381+0000] {dag.py:3089} INFO - Sync 1 DAGs
[2026-07-19T13:00:09.388+0000] {logging_mixin.py:188} INFO - [2026-07-19T13:00:09.388+0000] {dag.py:3947} INFO - Setting next_dagrun for crypto_daily_pipeline to 2026-07-19 00:00:00+00:00, run_after=2026-07-20 00:00:00+00:00
[2026-07-19T13:00:09.394+0000] {processor.py:183} INFO - Processing /opt/airflow/dags/crypto_pipeline_dag.py took 0.040 seconds
[2026-07-19T13:19:09.093+0000] {processor.py:161} INFO - Started process (PID=378) to work on /opt/airflow/dags/crypto_pipeline_dag.py
[2026-07-19T13:19:09.094+0000] {processor.py:830} INFO - Processing file /opt/airflow/dags/crypto_pipeline_dag.py for tasks to queue
[2026-07-19T13:19:09.095+0000] {logging_mixin.py:188} INFO - [2026-07-19T13:19:09.095+0000] {dagbag.py:545} INFO - Filling up the DagBag from /opt/airflow/dags/crypto_pipeline_dag.py
[2026-07-19T13:19:09.103+0000] {processor.py:840} INFO - DAG(s) 'crypto_daily_pipeline' retrieved from /opt/airflow/dags/crypto_pipeline_dag.py
[2026-07-19T13:19:09.118+0000] {logging_mixin.py:188} INFO - [2026-07-19T13:19:09.118+0000] {dag.py:3089} INFO - Sync 1 DAGs
[2026-07-19T13:19:09.127+0000] {logging_mixin.py:188} INFO - [2026-07-19T13:19:09.127+0000] {dag.py:3947} INFO - Setting next_dagrun for crypto_daily_pipeline to 2026-07-19 00:00:00+00:00, run_after=2026-07-20 00:00:00+00:00
[2026-07-19T13:19:09.134+0000] {processor.py:183} INFO - Processing /opt/airflow/dags/crypto_pipeline_dag.py took 0.045 seconds
[2026-07-19T13:29:47.205+0000] {processor.py:161} INFO - Started process (PID=383) to work on /opt/airflow/dags/crypto_pipeline_dag.py
[2026-07-19T13:29:47.205+0000] {processor.py:830} INFO - Processing file /opt/airflow/dags/crypto_pipeline_dag.py for tasks to queue
[2026-07-19T13:29:47.206+0000] {logging_mixin.py:188} INFO - [2026-07-19T13:29:47.206+0000] {dagbag.py:545} INFO - Filling up the DagBag from /opt/airflow/dags/crypto_pipeline_dag.py
[2026-07-19T13:29:47.210+0000] {processor.py:840} INFO - DAG(s) 'crypto_daily_pipeline' retrieved from /opt/airflow/dags/crypto_pipeline_dag.py
[2026-07-19T13:29:47.221+0000] {logging_mixin.py:188} INFO - [2026-07-19T13:29:47.221+0000] {dag.py:3089} INFO - Sync 1 DAGs
[2026-07-19T13:29:47.228+0000] {logging_mixin.py:188} INFO - [2026-07-19T13:29:47.228+0000] {dag.py:3947} INFO - Setting next_dagrun for crypto_daily_pipeline to 2026-07-19 00:00:00+00:00, run_after=2026-07-20 00:00:00+00:00
[2026-07-19T13:29:47.232+0000] {processor.py:183} INFO - Processing /opt/airflow/dags/crypto_pipeline_dag.py took 0.029 seconds
[2026-07-19T13:40:21.365+0000] {processor.py:161} INFO - Started process (PID=388) to work on /opt/airflow/dags/crypto_pipeline_dag.py
[2026-07-19T13:40:21.366+0000] {processor.py:830} INFO - Processing file /opt/airflow/dags/crypto_pipeline_dag.py for tasks to queue
[2026-07-19T13:40:21.367+0000] {logging_mixin.py:188} INFO - [2026-07-19T13:40:21.367+0000] {dagbag.py:545} INFO - Filling up the DagBag from /opt/airflow/dags/crypto_pipeline_dag.py
[2026-07-19T13:40:21.375+0000] {processor.py:840} INFO - DAG(s) 'crypto_daily_pipeline' retrieved from /opt/airflow/dags/crypto_pipeline_dag.py
[2026-07-19T13:40:21.386+0000] {logging_mixin.py:188} INFO - [2026-07-19T13:40:21.386+0000] {dag.py:3089} INFO - Sync 1 DAGs
[2026-07-19T13:40:21.393+0000] {logging_mixin.py:188} INFO - [2026-07-19T13:40:21.392+0000] {dag.py:3947} INFO - Setting next_dagrun for crypto_daily_pipeline to 2026-07-19 00:00:00+00:00, run_after=2026-07-20 00:00:00+00:00
[2026-07-19T13:40:21.398+0000] {processor.py:183} INFO - Processing /opt/airflow/dags/crypto_pipeline_dag.py took 0.036 seconds
[2026-07-19T14:01:02.219+0000] {processor.py:161} INFO - Started process (PID=393) to work on /opt/airflow/dags/crypto_pipeline_dag.py
[2026-07-19T14:01:02.220+0000] {processor.py:830} INFO - Processing file /opt/airflow/dags/crypto_pipeline_dag.py for tasks to queue
[2026-07-19T14:01:02.221+0000] {logging_mixin.py:188} INFO - [2026-07-19T14:01:02.220+0000] {dagbag.py:545} INFO - Filling up the DagBag from /opt/airflow/dags/crypto_pipeline_dag.py
[2026-07-19T14:01:02.228+0000] {processor.py:840} INFO - DAG(s) 'crypto_daily_pipeline' retrieved from /opt/airflow/dags/crypto_pipeline_dag.py
[2026-07-19T14:01:02.244+0000] {logging_mixin.py:188} INFO - [2026-07-19T14:01:02.243+0000] {dag.py:3089} INFO - Sync 1 DAGs
[2026-07-19T14:01:02.251+0000] {logging_mixin.py:188} INFO - [2026-07-19T14:01:02.251+0000] {dag.py:3947} INFO - Setting next_dagrun for crypto_daily_pipeline to 2026-07-19 00:00:00+00:00, run_after=2026-07-20 00:00:00+00:00
[2026-07-19T14:01:02.257+0000] {processor.py:183} INFO - Processing /opt/airflow/dags/crypto_pipeline_dag.py took 0.042 seconds
[2026-07-19T14:20:06.491+0000] {processor.py:161} INFO - Started process (PID=398) to work on /opt/airflow/dags/crypto_pipeline_dag.py
[2026-07-19T14:20:06.492+0000] {processor.py:830} INFO - Processing file /opt/airflow/dags/crypto_pipeline_dag.py for tasks to queue
[2026-07-19T14:20:06.493+0000] {logging_mixin.py:188} INFO - [2026-07-19T14:20:06.493+0000] {dagbag.py:545} INFO - Filling up the DagBag from /opt/airflow/dags/crypto_pipeline_dag.py
[2026-07-19T14:20:06.502+0000] {processor.py:840} INFO - DAG(s) 'crypto_daily_pipeline' retrieved from /opt/airflow/dags/crypto_pipeline_dag.py
[2026-07-19T14:20:06.522+0000] {logging_mixin.py:188} INFO - [2026-07-19T14:20:06.521+0000] {dag.py:3089} INFO - Sync 1 DAGs
[2026-07-19T14:20:06.532+0000] {logging_mixin.py:188} INFO - [2026-07-19T14:20:06.532+0000] {dag.py:3947} INFO - Setting next_dagrun for crypto_daily_pipeline to 2026-07-19 00:00:00+00:00, run_after=2026-07-20 00:00:00+00:00
[2026-07-19T14:20:06.538+0000] {processor.py:183} INFO - Processing /opt/airflow/dags/crypto_pipeline_dag.py took 0.052 seconds
[2026-07-19T14:30:41.709+0000] {processor.py:161} INFO - Started process (PID=403) to work on /opt/airflow/dags/crypto_pipeline_dag.py
[2026-07-19T14:30:41.710+0000] {processor.py:830} INFO - Processing file /opt/airflow/dags/crypto_pipeline_dag.py for tasks to queue
[2026-07-19T14:30:41.712+0000] {logging_mixin.py:188} INFO - [2026-07-19T14:30:41.712+0000] {dagbag.py:545} INFO - Filling up the DagBag from /opt/airflow/dags/crypto_pipeline_dag.py
[2026-07-19T14:30:41.719+0000] {processor.py:840} INFO - DAG(s) 'crypto_daily_pipeline' retrieved from /opt/airflow/dags/crypto_pipeline_dag.py
[2026-07-19T14:30:41.735+0000] {logging_mixin.py:188} INFO - [2026-07-19T14:30:41.735+0000] {dag.py:3089} INFO - Sync 1 DAGs
[2026-07-19T14:30:41.746+0000] {logging_mixin.py:188} INFO - [2026-07-19T14:30:41.746+0000] {dag.py:3947} INFO - Setting next_dagrun for crypto_daily_pipeline to 2026-07-19 00:00:00+00:00, run_after=2026-07-20 00:00:00+00:00
[2026-07-19T14:30:41.752+0000] {processor.py:183} INFO - Processing /opt/airflow/dags/crypto_pipeline_dag.py took 0.048 seconds
[2026-07-19T14:41:12.530+0000] {processor.py:161} INFO - Started process (PID=408) to work on /opt/airflow/dags/crypto_pipeline_dag.py
[2026-07-19T14:41:12.531+0000] {processor.py:830} INFO - Processing file /opt/airflow/dags/crypto_pipeline_dag.py for tasks to queue
[2026-07-19T14:41:12.532+0000] {logging_mixin.py:188} INFO - [2026-07-19T14:41:12.532+0000] {dagbag.py:545} INFO - Filling up the DagBag from /opt/airflow/dags/crypto_pipeline_dag.py
[2026-07-19T14:41:12.541+0000] {processor.py:840} INFO - DAG(s) 'crypto_daily_pipeline' retrieved from /opt/airflow/dags/crypto_pipeline_dag.py
[2026-07-19T14:41:12.556+0000] {logging_mixin.py:188} INFO - [2026-07-19T14:41:12.555+0000] {dag.py:3089} INFO - Sync 1 DAGs
[2026-07-19T14:41:12.564+0000] {logging_mixin.py:188} INFO - [2026-07-19T14:41:12.564+0000] {dag.py:3947} INFO - Setting next_dagrun for crypto_daily_pipeline to 2026-07-19 00:00:00+00:00, run_after=2026-07-20 00:00:00+00:00
[2026-07-19T14:41:12.570+0000] {processor.py:183} INFO - Processing /opt/airflow/dags/crypto_pipeline_dag.py took 0.044 seconds
[2026-07-19T15:01:49.140+0000] {processor.py:161} INFO - Started process (PID=413) to work on /opt/airflow/dags/crypto_pipeline_dag.py
[2026-07-19T15:01:49.149+0000] {processor.py:830} INFO - Processing file /opt/airflow/dags/crypto_pipeline_dag.py for tasks to queue
[2026-07-19T15:01:49.151+0000] {logging_mixin.py:188} INFO - [2026-07-19T15:01:49.150+0000] {dagbag.py:545} INFO - Filling up the DagBag from /opt/airflow/dags/crypto_pipeline_dag.py
[2026-07-19T15:01:49.160+0000] {processor.py:840} INFO - DAG(s) 'crypto_daily_pipeline' retrieved from /opt/airflow/dags/crypto_pipeline_dag.py
[2026-07-19T15:01:49.179+0000] {logging_mixin.py:188} INFO - [2026-07-19T15:01:49.178+0000] {dag.py:3089} INFO - Sync 1 DAGs
[2026-07-19T15:01:49.190+0000] {logging_mixin.py:188} INFO - [2026-07-19T15:01:49.190+0000] {dag.py:3947} INFO - Setting next_dagrun for crypto_daily_pipeline to 2026-07-19 00:00:00+00:00, run_after=2026-07-20 00:00:00+00:00
[2026-07-19T15:01:49.201+0000] {processor.py:183} INFO - Processing /opt/airflow/dags/crypto_pipeline_dag.py took 0.064 seconds
[2026-07-19T15:11:16.867+0000] {processor.py:161} INFO - Started process (PID=418) to work on /opt/airflow/dags/crypto_pipeline_dag.py
[2026-07-19T15:11:16.867+0000] {processor.py:830} INFO - Processing file /opt/airflow/dags/crypto_pipeline_dag.py for tasks to queue
[2026-07-19T15:11:16.868+0000] {logging_mixin.py:188} INFO - [2026-07-19T15:11:16.868+0000] {dagbag.py:545} INFO - Filling up the DagBag from /opt/airflow/dags/crypto_pipeline_dag.py
[2026-07-19T15:11:16.877+0000] {processor.py:840} INFO - DAG(s) 'crypto_daily_pipeline' retrieved from /opt/airflow/dags/crypto_pipeline_dag.py
[2026-07-19T15:11:16.893+0000] {logging_mixin.py:188} INFO - [2026-07-19T15:11:16.893+0000] {dag.py:3089} INFO - Sync 1 DAGs
[2026-07-19T15:11:16.901+0000] {logging_mixin.py:188} INFO - [2026-07-19T15:11:16.901+0000] {dag.py:3947} INFO - Setting next_dagrun for crypto_daily_pipeline to 2026-07-19 00:00:00+00:00, run_after=2026-07-20 00:00:00+00:00
[2026-07-19T15:11:16.907+0000] {processor.py:183} INFO - Processing /opt/airflow/dags/crypto_pipeline_dag.py took 0.044 seconds
[2026-07-19T15:11:47.056+0000] {processor.py:161} INFO - Started process (PID=423) to work on /opt/airflow/dags/crypto_pipeline_dag.py
[2026-07-19T15:11:47.057+0000] {processor.py:830} INFO - Processing file /opt/airflow/dags/crypto_pipeline_dag.py for tasks to queue
[2026-07-19T15:11:47.058+0000] {logging_mixin.py:188} INFO - [2026-07-19T15:11:47.058+0000] {dagbag.py:545} INFO - Filling up the DagBag from /opt/airflow/dags/crypto_pipeline_dag.py
[2026-07-19T15:11:47.067+0000] {processor.py:840} INFO - DAG(s) 'crypto_daily_pipeline' retrieved from /opt/airflow/dags/crypto_pipeline_dag.py
[2026-07-19T15:11:47.085+0000] {logging_mixin.py:188} INFO - [2026-07-19T15:11:47.085+0000] {dag.py:3089} INFO - Sync 1 DAGs
[2026-07-19T15:11:47.095+0000] {logging_mixin.py:188} INFO - [2026-07-19T15:11:47.094+0000] {dag.py:3947} INFO - Setting next_dagrun for crypto_daily_pipeline to 2026-07-19 00:00:00+00:00, run_after=2026-07-20 00:00:00+00:00
[2026-07-19T15:11:47.101+0000] {processor.py:183} INFO - Processing /opt/airflow/dags/crypto_pipeline_dag.py took 0.049 seconds
[2026-07-19T15:12:17.217+0000] {processor.py:161} INFO - Started process (PID=428) to work on /opt/airflow/dags/crypto_pipeline_dag.py
[2026-07-19T15:12:17.218+0000] {processor.py:830} INFO - Processing file /opt/airflow/dags/crypto_pipeline_dag.py for tasks to queue
[2026-07-19T15:12:17.219+0000] {logging_mixin.py:188} INFO - [2026-07-19T15:12:17.219+0000] {dagbag.py:545} INFO - Filling up the DagBag from /opt/airflow/dags/crypto_pipeline_dag.py
[2026-07-19T15:12:17.228+0000] {processor.py:840} INFO - DAG(s) 'crypto_daily_pipeline' retrieved from /opt/airflow/dags/crypto_pipeline_dag.py
[2026-07-19T15:12:17.247+0000] {logging_mixin.py:188} INFO - [2026-07-19T15:12:17.247+0000] {dag.py:3089} INFO - Sync 1 DAGs
[2026-07-19T15:12:17.257+0000] {logging_mixin.py:188} INFO - [2026-07-19T15:12:17.257+0000] {dag.py:3947} INFO - Setting next_dagrun for crypto_daily_pipeline to 2026-07-19 00:00:00+00:00, run_after=2026-07-20 00:00:00+00:00
[2026-07-19T15:12:17.264+0000] {processor.py:183} INFO - Processing /opt/airflow/dags/crypto_pipeline_dag.py took 0.050 seconds
[2026-07-19T15:12:47.432+0000] {processor.py:161} INFO - Started process (PID=433) to work on /opt/airflow/dags/crypto_pipeline_dag.py
[2026-07-19T15:12:47.436+0000] {processor.py:830} INFO - Processing file /opt/airflow/dags/crypto_pipeline_dag.py for tasks to queue
[2026-07-19T15:12:47.438+0000] {logging_mixin.py:188} INFO - [2026-07-19T15:12:47.438+0000] {dagbag.py:545} INFO - Filling up the DagBag from /opt/airflow/dags/crypto_pipeline_dag.py
[2026-07-19T15:12:47.449+0000] {processor.py:840} INFO - DAG(s) 'crypto_daily_pipeline' retrieved from /opt/airflow/dags/crypto_pipeline_dag.py
[2026-07-19T15:12:47.469+0000] {logging_mixin.py:188} INFO - [2026-07-19T15:12:47.469+0000] {dag.py:3089} INFO - Sync 1 DAGs
[2026-07-19T15:12:47.479+0000] {logging_mixin.py:188} INFO - [2026-07-19T15:12:47.479+0000] {dag.py:3947} INFO - Setting next_dagrun for crypto_daily_pipeline to 2026-07-19 00:00:00+00:00, run_after=2026-07-20 00:00:00+00:00
[2026-07-19T15:12:47.485+0000] {processor.py:183} INFO - Processing /opt/airflow/dags/crypto_pipeline_dag.py took 0.060 seconds
[2026-07-19T15:13:17.611+0000] {processor.py:161} INFO - Started process (PID=438) to work on /opt/airflow/dags/crypto_pipeline_dag.py
[2026-07-19T15:13:17.612+0000] {processor.py:830} INFO - Processing file /opt/airflow/dags/crypto_pipeline_dag.py for tasks to queue
[2026-07-19T15:13:17.613+0000] {logging_mixin.py:188} INFO - [2026-07-19T15:13:17.613+0000] {dagbag.py:545} INFO - Filling up the DagBag from /opt/airflow/dags/crypto_pipeline_dag.py
[2026-07-19T15:13:17.624+0000] {processor.py:840} INFO - DAG(s) 'crypto_daily_pipeline' retrieved from /opt/airflow/dags/crypto_pipeline_dag.py
[2026-07-19T15:13:17.641+0000] {logging_mixin.py:188} INFO - [2026-07-19T15:13:17.641+0000] {dag.py:3089} INFO - Sync 1 DAGs
[2026-07-19T15:13:17.651+0000] {logging_mixin.py:188} INFO - [2026-07-19T15:13:17.651+0000] {dag.py:3947} INFO - Setting next_dagrun for crypto_daily_pipeline to 2026-07-19 00:00:00+00:00, run_after=2026-07-20 00:00:00+00:00
[2026-07-19T15:13:17.657+0000] {processor.py:183} INFO - Processing /opt/airflow/dags/crypto_pipeline_dag.py took 0.050 seconds
[2026-07-19T15:13:47.820+0000] {processor.py:161} INFO - Started process (PID=443) to work on /opt/airflow/dags/crypto_pipeline_dag.py
[2026-07-19T15:13:47.821+0000] {processor.py:830} INFO - Processing file /opt/airflow/dags/crypto_pipeline_dag.py for tasks to queue
[2026-07-19T15:13:47.822+0000] {logging_mixin.py:188} INFO - [2026-07-19T15:13:47.821+0000] {dagbag.py:545} INFO - Filling up the DagBag from /opt/airflow/dags/crypto_pipeline_dag.py
[2026-07-19T15:13:47.832+0000] {processor.py:840} INFO - DAG(s) 'crypto_daily_pipeline' retrieved from /opt/airflow/dags/crypto_pipeline_dag.py
[2026-07-19T15:13:47.850+0000] {logging_mixin.py:188} INFO - [2026-07-19T15:13:47.850+0000] {dag.py:3089} INFO - Sync 1 DAGs
[2026-07-19T15:13:47.860+0000] {logging_mixin.py:188} INFO - [2026-07-19T15:13:47.860+0000] {dag.py:3947} INFO - Setting next_dagrun for crypto_daily_pipeline to 2026-07-19 00:00:00+00:00, run_after=2026-07-20 00:00:00+00:00
[2026-07-19T15:13:47.865+0000] {processor.py:183} INFO - Processing /opt/airflow/dags/crypto_pipeline_dag.py took 0.049 seconds
[2026-07-19T15:14:18.017+0000] {processor.py:161} INFO - Started process (PID=448) to work on /opt/airflow/dags/crypto_pipeline_dag.py
[2026-07-19T15:14:18.018+0000] {processor.py:830} INFO - Processing file /opt/airflow/dags/crypto_pipeline_dag.py for tasks to queue
[2026-07-19T15:14:18.019+0000] {logging_mixin.py:188} INFO - [2026-07-19T15:14:18.019+0000] {dagbag.py:545} INFO - Filling up the DagBag from /opt/airflow/dags/crypto_pipeline_dag.py
[2026-07-19T15:14:18.027+0000] {processor.py:840} INFO - DAG(s) 'crypto_daily_pipeline' retrieved from /opt/airflow/dags/crypto_pipeline_dag.py
[2026-07-19T15:14:18.045+0000] {logging_mixin.py:188} INFO - [2026-07-19T15:14:18.045+0000] {dag.py:3089} INFO - Sync 1 DAGs
[2026-07-19T15:14:18.056+0000] {logging_mixin.py:188} INFO - [2026-07-19T15:14:18.056+0000] {dag.py:3947} INFO - Setting next_dagrun for crypto_daily_pipeline to 2026-07-19 00:00:00+00:00, run_after=2026-07-20 00:00:00+00:00
[2026-07-19T15:14:18.063+0000] {processor.py:183} INFO - Processing /opt/airflow/dags/crypto_pipeline_dag.py took 0.050 seconds
[2026-07-19T15:14:48.187+0000] {processor.py:161} INFO - Started process (PID=453) to work on /opt/airflow/dags/crypto_pipeline_dag.py
[2026-07-19T15:14:48.188+0000] {processor.py:830} INFO - Processing file /opt/airflow/dags/crypto_pipeline_dag.py for tasks to queue
[2026-07-19T15:14:48.189+0000] {logging_mixin.py:188} INFO - [2026-07-19T15:14:48.189+0000] {dagbag.py:545} INFO - Filling up the DagBag from /opt/airflow/dags/crypto_pipeline_dag.py
[2026-07-19T15:14:48.198+0000] {processor.py:840} INFO - DAG(s) 'crypto_daily_pipeline' retrieved from /opt/airflow/dags/crypto_pipeline_dag.py
[2026-07-19T15:14:48.214+0000] {logging_mixin.py:188} INFO - [2026-07-19T15:14:48.214+0000] {dag.py:3089} INFO - Sync 1 DAGs
[2026-07-19T15:14:48.223+0000] {logging_mixin.py:188} INFO - [2026-07-19T15:14:48.222+0000] {dag.py:3947} INFO - Setting next_dagrun for crypto_daily_pipeline to 2026-07-19 00:00:00+00:00, run_after=2026-07-20 00:00:00+00:00
[2026-07-19T15:14:48.228+0000] {processor.py:183} INFO - Processing /opt/airflow/dags/crypto_pipeline_dag.py took 0.045 seconds
[2026-07-19T15:15:05.294+0000] {processor.py:161} INFO - Started process (PID=458) to work on /opt/airflow/dags/crypto_pipeline_dag.py
[2026-07-19T15:15:05.295+0000] {processor.py:830} INFO - Processing file /opt/airflow/dags/crypto_pipeline_dag.py for tasks to queue
[2026-07-19T15:15:05.297+0000] {logging_mixin.py:188} INFO - [2026-07-19T15:15:05.296+0000] {dagbag.py:545} INFO - Filling up the DagBag from /opt/airflow/dags/crypto_pipeline_dag.py
[2026-07-19T15:15:05.307+0000] {processor.py:840} INFO - DAG(s) 'crypto_daily_pipeline' retrieved from /opt/airflow/dags/crypto_pipeline_dag.py
[2026-07-19T15:15:05.361+0000] {logging_mixin.py:188} INFO - [2026-07-19T15:15:05.361+0000] {dag.py:3089} INFO - Sync 1 DAGs
[2026-07-19T15:15:05.367+0000] {logging_mixin.py:188} INFO - [2026-07-19T15:15:05.367+0000] {dag.py:3947} INFO - Setting next_dagrun for crypto_daily_pipeline to 2026-07-19 00:00:00+00:00, run_after=2026-07-20 00:00:00+00:00
[2026-07-19T15:15:05.376+0000] {processor.py:183} INFO - Processing /opt/airflow/dags/crypto_pipeline_dag.py took 0.088 seconds
[2026-07-19T15:15:33.463+0000] {processor.py:161} INFO - Started process (PID=463) to work on /opt/airflow/dags/crypto_pipeline_dag.py
[2026-07-19T15:15:33.463+0000] {processor.py:830} INFO - Processing file /opt/airflow/dags/crypto_pipeline_dag.py for tasks to queue
[2026-07-19T15:15:33.465+0000] {logging_mixin.py:188} INFO - [2026-07-19T15:15:33.465+0000] {dagbag.py:545} INFO - Filling up the DagBag from /opt/airflow/dags/crypto_pipeline_dag.py
[2026-07-19T15:15:33.479+0000] {processor.py:840} INFO - DAG(s) 'crypto_daily_pipeline' retrieved from /opt/airflow/dags/crypto_pipeline_dag.py
[2026-07-19T15:15:33.489+0000] {logging_mixin.py:188} INFO - [2026-07-19T15:15:33.489+0000] {dag.py:3089} INFO - Sync 1 DAGs
[2026-07-19T15:15:33.500+0000] {logging_mixin.py:188} INFO - [2026-07-19T15:15:33.500+0000] {dag.py:3947} INFO - Setting next_dagrun for crypto_daily_pipeline to 2026-07-19 00:00:00+00:00, run_after=2026-07-20 00:00:00+00:00
[2026-07-19T15:15:33.507+0000] {processor.py:183} INFO - Processing /opt/airflow/dags/crypto_pipeline_dag.py took 0.048 seconds
[2026-07-19T15:15:34.523+0000] {processor.py:161} INFO - Started process (PID=468) to work on /opt/airflow/dags/crypto_pipeline_dag.py
[2026-07-19T15:15:34.524+0000] {processor.py:830} INFO - Processing file /opt/airflow/dags/crypto_pipeline_dag.py for tasks to queue
[2026-07-19T15:15:34.526+0000] {logging_mixin.py:188} INFO - [2026-07-19T15:15:34.525+0000] {dagbag.py:545} INFO - Filling up the DagBag from /opt/airflow/dags/crypto_pipeline_dag.py
[2026-07-19T15:15:34.536+0000] {processor.py:840} INFO - DAG(s) 'crypto_daily_pipeline' retrieved from /opt/airflow/dags/crypto_pipeline_dag.py
[2026-07-19T15:15:34.545+0000] {logging_mixin.py:188} INFO - [2026-07-19T15:15:34.545+0000] {dag.py:3089} INFO - Sync 1 DAGs
[2026-07-19T15:15:34.556+0000] {logging_mixin.py:188} INFO - [2026-07-19T15:15:34.556+0000] {dag.py:3947} INFO - Setting next_dagrun for crypto_daily_pipeline to 2026-07-19 00:00:00+00:00, run_after=2026-07-20 00:00:00+00:00
[2026-07-19T15:15:34.564+0000] {processor.py:183} INFO - Processing /opt/airflow/dags/crypto_pipeline_dag.py took 0.045 seconds
[2026-07-19T15:16:04.673+0000] {processor.py:161} INFO - Started process (PID=515) to work on /opt/airflow/dags/crypto_pipeline_dag.py
[2026-07-19T15:16:04.674+0000] {processor.py:830} INFO - Processing file /opt/airflow/dags/crypto_pipeline_dag.py for tasks to queue
[2026-07-19T15:16:04.675+0000] {logging_mixin.py:188} INFO - [2026-07-19T15:16:04.675+0000] {dagbag.py:545} INFO - Filling up the DagBag from /opt/airflow/dags/crypto_pipeline_dag.py
[2026-07-19T15:16:04.681+0000] {processor.py:840} INFO - DAG(s) 'crypto_daily_pipeline' retrieved from /opt/airflow/dags/crypto_pipeline_dag.py
[2026-07-19T15:16:04.694+0000] {logging_mixin.py:188} INFO - [2026-07-19T15:16:04.694+0000] {dag.py:3089} INFO - Sync 1 DAGs
[2026-07-19T15:16:04.702+0000] {logging_mixin.py:188} INFO - [2026-07-19T15:16:04.702+0000] {dag.py:3947} INFO - Setting next_dagrun for crypto_daily_pipeline to 2026-07-19 00:00:00+00:00, run_after=2026-07-20 00:00:00+00:00
[2026-07-19T15:16:04.708+0000] {processor.py:183} INFO - Processing /opt/airflow/dags/crypto_pipeline_dag.py took 0.038 seconds
[2026-07-19T15:16:34.872+0000] {processor.py:161} INFO - Started process (PID=520) to work on /opt/airflow/dags/crypto_pipeline_dag.py
[2026-07-19T15:16:34.873+0000] {processor.py:830} INFO - Processing file /opt/airflow/dags/crypto_pipeline_dag.py for tasks to queue
[2026-07-19T15:16:34.874+0000] {logging_mixin.py:188} INFO - [2026-07-19T15:16:34.874+0000] {dagbag.py:545} INFO - Filling up the DagBag from /opt/airflow/dags/crypto_pipeline_dag.py
[2026-07-19T15:16:34.884+0000] {processor.py:840} INFO - DAG(s) 'crypto_daily_pipeline' retrieved from /opt/airflow/dags/crypto_pipeline_dag.py
[2026-07-19T15:16:34.902+0000] {logging_mixin.py:188} INFO - [2026-07-19T15:16:34.902+0000] {dag.py:3089} INFO - Sync 1 DAGs
[2026-07-19T15:16:34.911+0000] {logging_mixin.py:188} INFO - [2026-07-19T15:16:34.911+0000] {dag.py:3947} INFO - Setting next_dagrun for crypto_daily_pipeline to 2026-07-19 00:00:00+00:00, run_after=2026-07-20 00:00:00+00:00
[2026-07-19T15:16:34.917+0000] {processor.py:183} INFO - Processing /opt/airflow/dags/crypto_pipeline_dag.py took 0.050 seconds
[2026-07-19T15:17:05.062+0000] {processor.py:161} INFO - Started process (PID=525) to work on /opt/airflow/dags/crypto_pipeline_dag.py
[2026-07-19T15:17:05.063+0000] {processor.py:830} INFO - Processing file /opt/airflow/dags/crypto_pipeline_dag.py for tasks to queue
[2026-07-19T15:17:05.065+0000] {logging_mixin.py:188} INFO - [2026-07-19T15:17:05.065+0000] {dagbag.py:545} INFO - Filling up the DagBag from /opt/airflow/dags/crypto_pipeline_dag.py
[2026-07-19T15:17:05.078+0000] {processor.py:840} INFO - DAG(s) 'crypto_daily_pipeline' retrieved from /opt/airflow/dags/crypto_pipeline_dag.py
[2026-07-19T15:17:05.100+0000] {logging_mixin.py:188} INFO - [2026-07-19T15:17:05.100+0000] {dag.py:3089} INFO - Sync 1 DAGs
[2026-07-19T15:17:05.112+0000] {logging_mixin.py:188} INFO - [2026-07-19T15:17:05.112+0000] {dag.py:3947} INFO - Setting next_dagrun for crypto_daily_pipeline to 2026-07-19 00:00:00+00:00, run_after=2026-07-20 00:00:00+00:00
[2026-07-19T15:17:05.119+0000] {processor.py:183} INFO - Processing /opt/airflow/dags/crypto_pipeline_dag.py took 0.064 seconds
[2026-07-19T15:21:55.143+0000] {processor.py:161} INFO - Started process (PID=166) to work on /opt/airflow/dags/crypto_pipeline_dag.py
[2026-07-19T15:21:55.144+0000] {processor.py:830} INFO - Processing file /opt/airflow/dags/crypto_pipeline_dag.py for tasks to queue
[2026-07-19T15:21:55.150+0000] {logging_mixin.py:188} INFO - [2026-07-19T15:21:55.149+0000] {dagbag.py:545} INFO - Filling up the DagBag from /opt/airflow/dags/crypto_pipeline_dag.py
[2026-07-19T15:21:55.163+0000] {processor.py:840} INFO - DAG(s) 'crypto_daily_pipeline' retrieved from /opt/airflow/dags/crypto_pipeline_dag.py
[2026-07-19T15:21:55.225+0000] {logging_mixin.py:188} INFO - [2026-07-19T15:21:55.225+0000] {dag.py:3089} INFO - Sync 1 DAGs
[2026-07-19T15:21:55.235+0000] {logging_mixin.py:188} INFO - [2026-07-19T15:21:55.235+0000] {dag.py:3947} INFO - Setting next_dagrun for crypto_daily_pipeline to 2026-07-19 00:00:00+00:00, run_after=2026-07-20 00:00:00+00:00
[2026-07-19T15:21:55.247+0000] {processor.py:183} INFO - Processing /opt/airflow/dags/crypto_pipeline_dag.py took 0.108 seconds
[2026-07-19T15:22:25.306+0000] {processor.py:161} INFO - Started process (PID=171) to work on /opt/airflow/dags/crypto_pipeline_dag.py
[2026-07-19T15:22:25.307+0000] {processor.py:830} INFO - Processing file /opt/airflow/dags/crypto_pipeline_dag.py for tasks to queue
[2026-07-19T15:22:25.308+0000] {logging_mixin.py:188} INFO - [2026-07-19T15:22:25.308+0000] {dagbag.py:545} INFO - Filling up the DagBag from /opt/airflow/dags/crypto_pipeline_dag.py
[2026-07-19T15:22:25.324+0000] {processor.py:840} INFO - DAG(s) 'crypto_daily_pipeline' retrieved from /opt/airflow/dags/crypto_pipeline_dag.py
[2026-07-19T15:22:25.345+0000] {logging_mixin.py:188} INFO - [2026-07-19T15:22:25.345+0000] {dag.py:3089} INFO - Sync 1 DAGs
[2026-07-19T15:22:25.358+0000] {logging_mixin.py:188} INFO - [2026-07-19T15:22:25.358+0000] {dag.py:3947} INFO - Setting next_dagrun for crypto_daily_pipeline to 2026-07-19 00:00:00+00:00, run_after=2026-07-20 00:00:00+00:00
[2026-07-19T15:22:25.364+0000] {processor.py:183} INFO - Processing /opt/airflow/dags/crypto_pipeline_dag.py took 0.061 seconds
[2026-07-19T15:22:55.537+0000] {processor.py:161} INFO - Started process (PID=176) to work on /opt/airflow/dags/crypto_pipeline_dag.py
[2026-07-19T15:22:55.537+0000] {processor.py:830} INFO - Processing file /opt/airflow/dags/crypto_pipeline_dag.py for tasks to queue
[2026-07-19T15:22:55.539+0000] {logging_mixin.py:188} INFO - [2026-07-19T15:22:55.539+0000] {dagbag.py:545} INFO - Filling up the DagBag from /opt/airflow/dags/crypto_pipeline_dag.py
[2026-07-19T15:22:55.549+0000] {processor.py:840} INFO - DAG(s) 'crypto_daily_pipeline' retrieved from /opt/airflow/dags/crypto_pipeline_dag.py
[2026-07-19T15:22:55.572+0000] {logging_mixin.py:188} INFO - [2026-07-19T15:22:55.572+0000] {dag.py:3089} INFO - Sync 1 DAGs
[2026-07-19T15:22:55.583+0000] {logging_mixin.py:188} INFO - [2026-07-19T15:22:55.583+0000] {dag.py:3947} INFO - Setting next_dagrun for crypto_daily_pipeline to 2026-07-19 00:00:00+00:00, run_after=2026-07-20 00:00:00+00:00
[2026-07-19T15:22:55.589+0000] {processor.py:183} INFO - Processing /opt/airflow/dags/crypto_pipeline_dag.py took 0.058 seconds
[2026-07-19T15:23:25.703+0000] {processor.py:161} INFO - Started process (PID=223) to work on /opt/airflow/dags/crypto_pipeline_dag.py
[2026-07-19T15:23:25.704+0000] {processor.py:830} INFO - Processing file /opt/airflow/dags/crypto_pipeline_dag.py for tasks to queue
[2026-07-19T15:23:25.706+0000] {logging_mixin.py:188} INFO - [2026-07-19T15:23:25.706+0000] {dagbag.py:545} INFO - Filling up the DagBag from /opt/airflow/dags/crypto_pipeline_dag.py
[2026-07-19T15:23:25.715+0000] {processor.py:840} INFO - DAG(s) 'crypto_daily_pipeline' retrieved from /opt/airflow/dags/crypto_pipeline_dag.py
[2026-07-19T15:23:25.733+0000] {logging_mixin.py:188} INFO - [2026-07-19T15:23:25.733+0000] {dag.py:3089} INFO - Sync 1 DAGs
[2026-07-19T15:23:25.741+0000] {logging_mixin.py:188} INFO - [2026-07-19T15:23:25.741+0000] {dag.py:3947} INFO - Setting next_dagrun for crypto_daily_pipeline to 2026-07-19 00:00:00+00:00, run_after=2026-07-20 00:00:00+00:00
[2026-07-19T15:23:25.747+0000] {processor.py:183} INFO - Processing /opt/airflow/dags/crypto_pipeline_dag.py took 0.050 seconds
[2026-07-19T15:23:55.881+0000] {processor.py:161} INFO - Started process (PID=228) to work on /opt/airflow/dags/crypto_pipeline_dag.py
[2026-07-19T15:23:55.882+0000] {processor.py:830} INFO - Processing file /opt/airflow/dags/crypto_pipeline_dag.py for tasks to queue
[2026-07-19T15:23:55.883+0000] {logging_mixin.py:188} INFO - [2026-07-19T15:23:55.883+0000] {dagbag.py:545} INFO - Filling up the DagBag from /opt/airflow/dags/crypto_pipeline_dag.py
[2026-07-19T15:23:55.890+0000] {processor.py:840} INFO - DAG(s) 'crypto_daily_pipeline' retrieved from /opt/airflow/dags/crypto_pipeline_dag.py
[2026-07-19T15:23:55.906+0000] {logging_mixin.py:188} INFO - [2026-07-19T15:23:55.906+0000] {dag.py:3089} INFO - Sync 1 DAGs
[2026-07-19T15:23:55.915+0000] {logging_mixin.py:188} INFO - [2026-07-19T15:23:55.915+0000] {dag.py:3947} INFO - Setting next_dagrun for crypto_daily_pipeline to 2026-07-19 00:00:00+00:00, run_after=2026-07-20 00:00:00+00:00
[2026-07-19T15:23:55.922+0000] {processor.py:183} INFO - Processing /opt/airflow/dags/crypto_pipeline_dag.py took 0.046 seconds
[2026-07-19T15:24:26.049+0000] {processor.py:161} INFO - Started process (PID=233) to work on /opt/airflow/dags/crypto_pipeline_dag.py
[2026-07-19T15:24:26.052+0000] {processor.py:830} INFO - Processing file /opt/airflow/dags/crypto_pipeline_dag.py for tasks to queue
[2026-07-19T15:24:26.056+0000] {logging_mixin.py:188} INFO - [2026-07-19T15:24:26.055+0000] {dagbag.py:545} INFO - Filling up the DagBag from /opt/airflow/dags/crypto_pipeline_dag.py
[2026-07-19T15:24:26.069+0000] {processor.py:840} INFO - DAG(s) 'crypto_daily_pipeline' retrieved from /opt/airflow/dags/crypto_pipeline_dag.py
[2026-07-19T15:24:26.087+0000] {logging_mixin.py:188} INFO - [2026-07-19T15:24:26.087+0000] {dag.py:3089} INFO - Sync 1 DAGs
[2026-07-19T15:24:26.095+0000] {logging_mixin.py:188} INFO - [2026-07-19T15:24:26.095+0000] {dag.py:3947} INFO - Setting next_dagrun for crypto_daily_pipeline to 2026-07-19 00:00:00+00:00, run_after=2026-07-20 00:00:00+00:00
[2026-07-19T15:24:26.102+0000] {processor.py:183} INFO - Processing /opt/airflow/dags/crypto_pipeline_dag.py took 0.058 seconds
[2026-07-19T15:24:56.216+0000] {processor.py:161} INFO - Started process (PID=238) to work on /opt/airflow/dags/crypto_pipeline_dag.py
[2026-07-19T15:24:56.217+0000] {processor.py:830} INFO - Processing file /opt/airflow/dags/crypto_pipeline_dag.py for tasks to queue
[2026-07-19T15:24:56.218+0000] {logging_mixin.py:188} INFO - [2026-07-19T15:24:56.218+0000] {dagbag.py:545} INFO - Filling up the DagBag from /opt/airflow/dags/crypto_pipeline_dag.py
[2026-07-19T15:24:56.229+0000] {processor.py:840} INFO - DAG(s) 'crypto_daily_pipeline' retrieved from /opt/airflow/dags/crypto_pipeline_dag.py
[2026-07-19T15:24:56.246+0000] {logging_mixin.py:188} INFO - [2026-07-19T15:24:56.246+0000] {dag.py:3089} INFO - Sync 1 DAGs
[2026-07-19T15:24:56.257+0000] {logging_mixin.py:188} INFO - [2026-07-19T15:24:56.257+0000] {dag.py:3947} INFO - Setting next_dagrun for crypto_daily_pipeline to 2026-07-19 00:00:00+00:00, run_after=2026-07-20 00:00:00+00:00
[2026-07-19T15:24:56.265+0000] {processor.py:183} INFO - Processing /opt/airflow/dags/crypto_pipeline_dag.py took 0.053 seconds
[2026-07-19T15:25:26.426+0000] {processor.py:161} INFO - Started process (PID=243) to work on /opt/airflow/dags/crypto_pipeline_dag.py
[2026-07-19T15:25:26.427+0000] {processor.py:830} INFO - Processing file /opt/airflow/dags/crypto_pipeline_dag.py for tasks to queue
[2026-07-19T15:25:26.429+0000] {logging_mixin.py:188} INFO - [2026-07-19T15:25:26.429+0000] {dagbag.py:545} INFO - Filling up the DagBag from /opt/airflow/dags/crypto_pipeline_dag.py
[2026-07-19T15:25:26.444+0000] {processor.py:840} INFO - DAG(s) 'crypto_daily_pipeline' retrieved from /opt/airflow/dags/crypto_pipeline_dag.py
[2026-07-19T15:25:26.471+0000] {logging_mixin.py:188} INFO - [2026-07-19T15:25:26.471+0000] {dag.py:3089} INFO - Sync 1 DAGs
[2026-07-19T15:25:26.480+0000] {logging_mixin.py:188} INFO - [2026-07-19T15:25:26.480+0000] {dag.py:3947} INFO - Setting next_dagrun for crypto_daily_pipeline to 2026-07-19 00:00:00+00:00, run_after=2026-07-20 00:00:00+00:00
[2026-07-19T15:25:26.487+0000] {processor.py:183} INFO - Processing /opt/airflow/dags/crypto_pipeline_dag.py took 0.068 seconds
[2026-07-19T15:25:56.590+0000] {processor.py:161} INFO - Started process (PID=248) to work on /opt/airflow/dags/crypto_pipeline_dag.py
[2026-07-19T15:25:56.591+0000] {processor.py:830} INFO - Processing file /opt/airflow/dags/crypto_pipeline_dag.py for tasks to queue
[2026-07-19T15:25:56.592+0000] {logging_mixin.py:188} INFO - [2026-07-19T15:25:56.592+0000] {dagbag.py:545} INFO - Filling up the DagBag from /opt/airflow/dags/crypto_pipeline_dag.py
[2026-07-19T15:25:56.599+0000] {processor.py:840} INFO - DAG(s) 'crypto_daily_pipeline' retrieved from /opt/airflow/dags/crypto_pipeline_dag.py
[2026-07-19T15:25:56.614+0000] {logging_mixin.py:188} INFO - [2026-07-19T15:25:56.614+0000] {dag.py:3089} INFO - Sync 1 DAGs
[2026-07-19T15:25:56.623+0000] {logging_mixin.py:188} INFO - [2026-07-19T15:25:56.623+0000] {dag.py:3947} INFO - Setting next_dagrun for crypto_daily_pipeline to 2026-07-19 00:00:00+00:00, run_after=2026-07-20 00:00:00+00:00
[2026-07-19T15:25:56.629+0000] {processor.py:183} INFO - Processing /opt/airflow/dags/crypto_pipeline_dag.py took 0.043 seconds
[2026-07-19T15:26:26.798+0000] {processor.py:161} INFO - Started process (PID=253) to work on /opt/airflow/dags/crypto_pipeline_dag.py
[2026-07-19T15:26:26.799+0000] {processor.py:830} INFO - Processing file /opt/airflow/dags/crypto_pipeline_dag.py for tasks to queue
[2026-07-19T15:26:26.801+0000] {logging_mixin.py:188} INFO - [2026-07-19T15:26:26.801+0000] {dagbag.py:545} INFO - Filling up the DagBag from /opt/airflow/dags/crypto_pipeline_dag.py
[2026-07-19T15:26:26.813+0000] {processor.py:840} INFO - DAG(s) 'crypto_daily_pipeline' retrieved from /opt/airflow/dags/crypto_pipeline_dag.py
[2026-07-19T15:26:26.833+0000] {logging_mixin.py:188} INFO - [2026-07-19T15:26:26.833+0000] {dag.py:3089} INFO - Sync 1 DAGs
[2026-07-19T15:26:26.842+0000] {logging_mixin.py:188} INFO - [2026-07-19T15:26:26.842+0000] {dag.py:3947} INFO - Setting next_dagrun for crypto_daily_pipeline to 2026-07-19 00:00:00+00:00, run_after=2026-07-20 00:00:00+00:00
[2026-07-19T15:26:26.848+0000] {processor.py:183} INFO - Processing /opt/airflow/dags/crypto_pipeline_dag.py took 0.056 seconds
[2026-07-19T15:26:56.991+0000] {processor.py:161} INFO - Started process (PID=258) to work on /opt/airflow/dags/crypto_pipeline_dag.py
[2026-07-19T15:26:56.991+0000] {processor.py:830} INFO - Processing file /opt/airflow/dags/crypto_pipeline_dag.py for tasks to queue
[2026-07-19T15:26:56.993+0000] {logging_mixin.py:188} INFO - [2026-07-19T15:26:56.992+0000] {dagbag.py:545} INFO - Filling up the DagBag from /opt/airflow/dags/crypto_pipeline_dag.py
[2026-07-19T15:26:57.002+0000] {processor.py:840} INFO - DAG(s) 'crypto_daily_pipeline' retrieved from /opt/airflow/dags/crypto_pipeline_dag.py
[2026-07-19T15:26:57.019+0000] {logging_mixin.py:188} INFO - [2026-07-19T15:26:57.019+0000] {dag.py:3089} INFO - Sync 1 DAGs
[2026-07-19T15:26:57.028+0000] {logging_mixin.py:188} INFO - [2026-07-19T15:26:57.028+0000] {dag.py:3947} INFO - Setting next_dagrun for crypto_daily_pipeline to 2026-07-19 00:00:00+00:00, run_after=2026-07-20 00:00:00+00:00
[2026-07-19T15:26:57.034+0000] {processor.py:183} INFO - Processing /opt/airflow/dags/crypto_pipeline_dag.py took 0.048 seconds
[2026-07-19T15:27:27.175+0000] {processor.py:161} INFO - Started process (PID=263) to work on /opt/airflow/dags/crypto_pipeline_dag.py
[2026-07-19T15:27:27.176+0000] {processor.py:830} INFO - Processing file /opt/airflow/dags/crypto_pipeline_dag.py for tasks to queue
[2026-07-19T15:27:27.178+0000] {logging_mixin.py:188} INFO - [2026-07-19T15:27:27.177+0000] {dagbag.py:545} INFO - Filling up the DagBag from /opt/airflow/dags/crypto_pipeline_dag.py
[2026-07-19T15:27:27.187+0000] {processor.py:840} INFO - DAG(s) 'crypto_daily_pipeline' retrieved from /opt/airflow/dags/crypto_pipeline_dag.py
[2026-07-19T15:27:27.205+0000] {logging_mixin.py:188} INFO - [2026-07-19T15:27:27.204+0000] {dag.py:3089} INFO - Sync 1 DAGs
[2026-07-19T15:27:27.213+0000] {logging_mixin.py:188} INFO - [2026-07-19T15:27:27.213+0000] {dag.py:3947} INFO - Setting next_dagrun for crypto_daily_pipeline to 2026-07-19 00:00:00+00:00, run_after=2026-07-20 00:00:00+00:00
[2026-07-19T15:27:27.218+0000] {processor.py:183} INFO - Processing /opt/airflow/dags/crypto_pipeline_dag.py took 0.047 seconds
[2026-07-19T15:27:57.379+0000] {processor.py:161} INFO - Started process (PID=268) to work on /opt/airflow/dags/crypto_pipeline_dag.py
[2026-07-19T15:27:57.379+0000] {processor.py:830} INFO - Processing file /opt/airflow/dags/crypto_pipeline_dag.py for tasks to queue
[2026-07-19T15:27:57.381+0000] {logging_mixin.py:188} INFO - [2026-07-19T15:27:57.380+0000] {dagbag.py:545} INFO - Filling up the DagBag from /opt/airflow/dags/crypto_pipeline_dag.py
[2026-07-19T15:27:57.389+0000] {processor.py:840} INFO - DAG(s) 'crypto_daily_pipeline' retrieved from /opt/airflow/dags/crypto_pipeline_dag.py
[2026-07-19T15:27:57.404+0000] {logging_mixin.py:188} INFO - [2026-07-19T15:27:57.404+0000] {dag.py:3089} INFO - Sync 1 DAGs
[2026-07-19T15:27:57.412+0000] {logging_mixin.py:188} INFO - [2026-07-19T15:27:57.412+0000] {dag.py:3947} INFO - Setting next_dagrun for crypto_daily_pipeline to 2026-07-19 00:00:00+00:00, run_after=2026-07-20 00:00:00+00:00
[2026-07-19T15:27:57.419+0000] {processor.py:183} INFO - Processing /opt/airflow/dags/crypto_pipeline_dag.py took 0.044 seconds
[2026-07-19T15:28:27.578+0000] {processor.py:161} INFO - Started process (PID=273) to work on /opt/airflow/dags/crypto_pipeline_dag.py
[2026-07-19T15:28:27.578+0000] {processor.py:830} INFO - Processing file /opt/airflow/dags/crypto_pipeline_dag.py for tasks to queue
[2026-07-19T15:28:27.580+0000] {logging_mixin.py:188} INFO - [2026-07-19T15:28:27.580+0000] {dagbag.py:545} INFO - Filling up the DagBag from /opt/airflow/dags/crypto_pipeline_dag.py
[2026-07-19T15:28:27.589+0000] {processor.py:840} INFO - DAG(s) 'crypto_daily_pipeline' retrieved from /opt/airflow/dags/crypto_pipeline_dag.py
[2026-07-19T15:28:27.607+0000] {logging_mixin.py:188} INFO - [2026-07-19T15:28:27.607+0000] {dag.py:3089} INFO - Sync 1 DAGs
[2026-07-19T15:28:27.617+0000] {logging_mixin.py:188} INFO - [2026-07-19T15:28:27.617+0000] {dag.py:3947} INFO - Setting next_dagrun for crypto_daily_pipeline to 2026-07-19 00:00:00+00:00, run_after=2026-07-20 00:00:00+00:00
[2026-07-19T15:28:27.623+0000] {processor.py:183} INFO - Processing /opt/airflow/dags/crypto_pipeline_dag.py took 0.048 seconds
[2026-07-19T15:28:57.757+0000] {processor.py:161} INFO - Started process (PID=278) to work on /opt/airflow/dags/crypto_pipeline_dag.py
[2026-07-19T15:28:57.757+0000] {processor.py:830} INFO - Processing file /opt/airflow/dags/crypto_pipeline_dag.py for tasks to queue
[2026-07-19T15:28:57.758+0000] {logging_mixin.py:188} INFO - [2026-07-19T15:28:57.758+0000] {dagbag.py:545} INFO - Filling up the DagBag from /opt/airflow/dags/crypto_pipeline_dag.py
[2026-07-19T15:28:57.765+0000] {processor.py:840} INFO - DAG(s) 'crypto_daily_pipeline' retrieved from /opt/airflow/dags/crypto_pipeline_dag.py
[2026-07-19T15:28:57.780+0000] {logging_mixin.py:188} INFO - [2026-07-19T15:28:57.780+0000] {dag.py:3089} INFO - Sync 1 DAGs
[2026-07-19T15:28:57.788+0000] {logging_mixin.py:188} INFO - [2026-07-19T15:28:57.788+0000] {dag.py:3947} INFO - Setting next_dagrun for crypto_daily_pipeline to 2026-07-19 00:00:00+00:00, run_after=2026-07-20 00:00:00+00:00
[2026-07-19T15:28:57.793+0000] {processor.py:183} INFO - Processing /opt/airflow/dags/crypto_pipeline_dag.py took 0.040 seconds
[2026-07-19T15:29:27.949+0000] {processor.py:161} INFO - Started process (PID=283) to work on /opt/airflow/dags/crypto_pipeline_dag.py
[2026-07-19T15:29:27.950+0000] {processor.py:830} INFO - Processing file /opt/airflow/dags/crypto_pipeline_dag.py for tasks to queue
[2026-07-19T15:29:27.952+0000] {logging_mixin.py:188} INFO - [2026-07-19T15:29:27.952+0000] {dagbag.py:545} INFO - Filling up the DagBag from /opt/airflow/dags/crypto_pipeline_dag.py
[2026-07-19T15:29:27.964+0000] {processor.py:840} INFO - DAG(s) 'crypto_daily_pipeline' retrieved from /opt/airflow/dags/crypto_pipeline_dag.py
[2026-07-19T15:29:27.981+0000] {logging_mixin.py:188} INFO - [2026-07-19T15:29:27.981+0000] {dag.py:3089} INFO - Sync 1 DAGs
[2026-07-19T15:29:27.991+0000] {logging_mixin.py:188} INFO - [2026-07-19T15:29:27.991+0000] {dag.py:3947} INFO - Setting next_dagrun for crypto_daily_pipeline to 2026-07-19 00:00:00+00:00, run_after=2026-07-20 00:00:00+00:00
[2026-07-19T15:29:27.996+0000] {processor.py:183} INFO - Processing /opt/airflow/dags/crypto_pipeline_dag.py took 0.054 seconds
[2026-07-19T15:29:58.127+0000] {processor.py:161} INFO - Started process (PID=288) to work on /opt/airflow/dags/crypto_pipeline_dag.py
[2026-07-19T15:29:58.128+0000] {processor.py:830} INFO - Processing file /opt/airflow/dags/crypto_pipeline_dag.py for tasks to queue
[2026-07-19T15:29:58.129+0000] {logging_mixin.py:188} INFO - [2026-07-19T15:29:58.129+0000] {dagbag.py:545} INFO - Filling up the DagBag from /opt/airflow/dags/crypto_pipeline_dag.py
[2026-07-19T15:29:58.138+0000] {processor.py:840} INFO - DAG(s) 'crypto_daily_pipeline' retrieved from /opt/airflow/dags/crypto_pipeline_dag.py
[2026-07-19T15:29:58.157+0000] {logging_mixin.py:188} INFO - [2026-07-19T15:29:58.156+0000] {dag.py:3089} INFO - Sync 1 DAGs
[2026-07-19T15:29:58.167+0000] {logging_mixin.py:188} INFO - [2026-07-19T15:29:58.167+0000] {dag.py:3947} INFO - Setting next_dagrun for crypto_daily_pipeline to 2026-07-19 00:00:00+00:00, run_after=2026-07-20 00:00:00+00:00
[2026-07-19T15:29:58.174+0000] {processor.py:183} INFO - Processing /opt/airflow/dags/crypto_pipeline_dag.py took 0.052 seconds
[2026-07-19T15:30:28.318+0000] {processor.py:161} INFO - Started process (PID=293) to work on /opt/airflow/dags/crypto_pipeline_dag.py
[2026-07-19T15:30:28.318+0000] {processor.py:830} INFO - Processing file /opt/airflow/dags/crypto_pipeline_dag.py for tasks to queue
[2026-07-19T15:30:28.320+0000] {logging_mixin.py:188} INFO - [2026-07-19T15:30:28.320+0000] {dagbag.py:545} INFO - Filling up the DagBag from /opt/airflow/dags/crypto_pipeline_dag.py
[2026-07-19T15:30:28.330+0000] {processor.py:840} INFO - DAG(s) 'crypto_daily_pipeline' retrieved from /opt/airflow/dags/crypto_pipeline_dag.py
[2026-07-19T15:30:28.349+0000] {logging_mixin.py:188} INFO - [2026-07-19T15:30:28.349+0000] {dag.py:3089} INFO - Sync 1 DAGs
[2026-07-19T15:30:28.362+0000] {logging_mixin.py:188} INFO - [2026-07-19T15:30:28.362+0000] {dag.py:3947} INFO - Setting next_dagrun for crypto_daily_pipeline to 2026-07-19 00:00:00+00:00, run_after=2026-07-20 00:00:00+00:00
[2026-07-19T15:30:28.372+0000] {processor.py:183} INFO - Processing /opt/airflow/dags/crypto_pipeline_dag.py took 0.060 seconds
[2026-07-19T15:30:58.502+0000] {processor.py:161} INFO - Started process (PID=298) to work on /opt/airflow/dags/crypto_pipeline_dag.py
[2026-07-19T15:30:58.503+0000] {processor.py:830} INFO - Processing file /opt/airflow/dags/crypto_pipeline_dag.py for tasks to queue
[2026-07-19T15:30:58.504+0000] {logging_mixin.py:188} INFO - [2026-07-19T15:30:58.504+0000] {dagbag.py:545} INFO - Filling up the DagBag from /opt/airflow/dags/crypto_pipeline_dag.py
[2026-07-19T15:30:58.513+0000] {processor.py:840} INFO - DAG(s) 'crypto_daily_pipeline' retrieved from /opt/airflow/dags/crypto_pipeline_dag.py
[2026-07-19T15:30:58.533+0000] {logging_mixin.py:188} INFO - [2026-07-19T15:30:58.532+0000] {dag.py:3089} INFO - Sync 1 DAGs
[2026-07-19T15:30:58.542+0000] {logging_mixin.py:188} INFO - [2026-07-19T15:30:58.542+0000] {dag.py:3947} INFO - Setting next_dagrun for crypto_daily_pipeline to 2026-07-19 00:00:00+00:00, run_after=2026-07-20 00:00:00+00:00
[2026-07-19T15:30:58.549+0000] {processor.py:183} INFO - Processing /opt/airflow/dags/crypto_pipeline_dag.py took 0.052 seconds
[2026-07-19T15:31:28.679+0000] {processor.py:161} INFO - Started process (PID=303) to work on /opt/airflow/dags/crypto_pipeline_dag.py
[2026-07-19T15:31:28.680+0000] {processor.py:830} INFO - Processing file /opt/airflow/dags/crypto_pipeline_dag.py for tasks to queue
[2026-07-19T15:31:28.681+0000] {logging_mixin.py:188} INFO - [2026-07-19T15:31:28.681+0000] {dagbag.py:545} INFO - Filling up the DagBag from /opt/airflow/dags/crypto_pipeline_dag.py
[2026-07-19T15:31:28.690+0000] {processor.py:840} INFO - DAG(s) 'crypto_daily_pipeline' retrieved from /opt/airflow/dags/crypto_pipeline_dag.py
[2026-07-19T15:31:28.708+0000] {logging_mixin.py:188} INFO - [2026-07-19T15:31:28.708+0000] {dag.py:3089} INFO - Sync 1 DAGs
[2026-07-19T15:31:28.719+0000] {logging_mixin.py:188} INFO - [2026-07-19T15:31:28.719+0000] {dag.py:3947} INFO - Setting next_dagrun for crypto_daily_pipeline to 2026-07-19 00:00:00+00:00, run_after=2026-07-20 00:00:00+00:00
[2026-07-19T15:31:28.725+0000] {processor.py:183} INFO - Processing /opt/airflow/dags/crypto_pipeline_dag.py took 0.050 seconds
[2026-07-19T15:31:58.880+0000] {processor.py:161} INFO - Started process (PID=308) to work on /opt/airflow/dags/crypto_pipeline_dag.py
[2026-07-19T15:31:58.881+0000] {processor.py:830} INFO - Processing file /opt/airflow/dags/crypto_pipeline_dag.py for tasks to queue
[2026-07-19T15:31:58.882+0000] {logging_mixin.py:188} INFO - [2026-07-19T15:31:58.882+0000] {dagbag.py:545} INFO - Filling up the DagBag from /opt/airflow/dags/crypto_pipeline_dag.py
[2026-07-19T15:31:58.890+0000] {processor.py:840} INFO - DAG(s) 'crypto_daily_pipeline' retrieved from /opt/airflow/dags/crypto_pipeline_dag.py
[2026-07-19T15:31:58.907+0000] {logging_mixin.py:188} INFO - [2026-07-19T15:31:58.907+0000] {dag.py:3089} INFO - Sync 1 DAGs
[2026-07-19T15:31:58.915+0000] {logging_mixin.py:188} INFO - [2026-07-19T15:31:58.915+0000] {dag.py:3947} INFO - Setting next_dagrun for crypto_daily_pipeline to 2026-07-19 00:00:00+00:00, run_after=2026-07-20 00:00:00+00:00
[2026-07-19T15:31:58.921+0000] {processor.py:183} INFO - Processing /opt/airflow/dags/crypto_pipeline_dag.py took 0.045 seconds
[2026-07-19T15:32:29.068+0000] {processor.py:161} INFO - Started process (PID=313) to work on /opt/airflow/dags/crypto_pipeline_dag.py
[2026-07-19T15:32:29.069+0000] {processor.py:830} INFO - Processing file /opt/airflow/dags/crypto_pipeline_dag.py for tasks to queue
[2026-07-19T15:32:29.071+0000] {logging_mixin.py:188} INFO - [2026-07-19T15:32:29.070+0000] {dagbag.py:545} INFO - Filling up the DagBag from /opt/airflow/dags/crypto_pipeline_dag.py
[2026-07-19T15:32:29.081+0000] {processor.py:840} INFO - DAG(s) 'crypto_daily_pipeline' retrieved from /opt/airflow/dags/crypto_pipeline_dag.py
[2026-07-19T15:32:29.097+0000] {logging_mixin.py:188} INFO - [2026-07-19T15:32:29.097+0000] {dag.py:3089} INFO - Sync 1 DAGs
[2026-07-19T15:32:29.106+0000] {logging_mixin.py:188} INFO - [2026-07-19T15:32:29.105+0000] {dag.py:3947} INFO - Setting next_dagrun for crypto_daily_pipeline to 2026-07-19 00:00:00+00:00, run_after=2026-07-20 00:00:00+00:00
[2026-07-19T15:32:29.111+0000] {processor.py:183} INFO - Processing /opt/airflow/dags/crypto_pipeline_dag.py took 0.049 seconds
[2026-07-19T15:32:59.260+0000] {processor.py:161} INFO - Started process (PID=318) to work on /opt/airflow/dags/crypto_pipeline_dag.py
[2026-07-19T15:32:59.261+0000] {processor.py:830} INFO - Processing file /opt/airflow/dags/crypto_pipeline_dag.py for tasks to queue
[2026-07-19T15:32:59.262+0000] {logging_mixin.py:188} INFO - [2026-07-19T15:32:59.262+0000] {dagbag.py:545} INFO - Filling up the DagBag from /opt/airflow/dags/crypto_pipeline_dag.py
[2026-07-19T15:32:59.273+0000] {processor.py:840} INFO - DAG(s) 'crypto_daily_pipeline' retrieved from /opt/airflow/dags/crypto_pipeline_dag.py
[2026-07-19T15:32:59.295+0000] {logging_mixin.py:188} INFO - [2026-07-19T15:32:59.295+0000] {dag.py:3089} INFO - Sync 1 DAGs
[2026-07-19T15:32:59.306+0000] {logging_mixin.py:188} INFO - [2026-07-19T15:32:59.306+0000] {dag.py:3947} INFO - Setting next_dagrun for crypto_daily_pipeline to 2026-07-19 00:00:00+00:00, run_after=2026-07-20 00:00:00+00:00
[2026-07-19T15:32:59.312+0000] {processor.py:183} INFO - Processing /opt/airflow/dags/crypto_pipeline_dag.py took 0.056 seconds
[2026-07-19T15:33:29.455+0000] {processor.py:161} INFO - Started process (PID=323) to work on /opt/airflow/dags/crypto_pipeline_dag.py
[2026-07-19T15:33:29.456+0000] {processor.py:830} INFO - Processing file /opt/airflow/dags/crypto_pipeline_dag.py for tasks to queue
[2026-07-19T15:33:29.458+0000] {logging_mixin.py:188} INFO - [2026-07-19T15:33:29.457+0000] {dagbag.py:545} INFO - Filling up the DagBag from /opt/airflow/dags/crypto_pipeline_dag.py
[2026-07-19T15:33:29.467+0000] {processor.py:840} INFO - DAG(s) 'crypto_daily_pipeline' retrieved from /opt/airflow/dags/crypto_pipeline_dag.py
[2026-07-19T15:33:29.484+0000] {logging_mixin.py:188} INFO - [2026-07-19T15:33:29.484+0000] {dag.py:3089} INFO - Sync 1 DAGs
[2026-07-19T15:33:29.493+0000] {logging_mixin.py:188} INFO - [2026-07-19T15:33:29.493+0000] {dag.py:3947} INFO - Setting next_dagrun for crypto_daily_pipeline to 2026-07-19 00:00:00+00:00, run_after=2026-07-20 00:00:00+00:00
[2026-07-19T15:33:29.499+0000] {processor.py:183} INFO - Processing /opt/airflow/dags/crypto_pipeline_dag.py took 0.047 seconds
[2026-07-19T15:33:59.647+0000] {processor.py:161} INFO - Started process (PID=328) to work on /opt/airflow/dags/crypto_pipeline_dag.py
[2026-07-19T15:33:59.647+0000] {processor.py:830} INFO - Processing file /opt/airflow/dags/crypto_pipeline_dag.py for tasks to queue
[2026-07-19T15:33:59.649+0000] {logging_mixin.py:188} INFO - [2026-07-19T15:33:59.648+0000] {dagbag.py:545} INFO - Filling up the DagBag from /opt/airflow/dags/crypto_pipeline_dag.py
[2026-07-19T15:33:59.658+0000] {processor.py:840} INFO - DAG(s) 'crypto_daily_pipeline' retrieved from /opt/airflow/dags/crypto_pipeline_dag.py
[2026-07-19T15:33:59.672+0000] {logging_mixin.py:188} INFO - [2026-07-19T15:33:59.672+0000] {dag.py:3089} INFO - Sync 1 DAGs
[2026-07-19T15:33:59.680+0000] {logging_mixin.py:188} INFO - [2026-07-19T15:33:59.680+0000] {dag.py:3947} INFO - Setting next_dagrun for crypto_daily_pipeline to 2026-07-19 00:00:00+00:00, run_after=2026-07-20 00:00:00+00:00
[2026-07-19T15:33:59.686+0000] {processor.py:183} INFO - Processing /opt/airflow/dags/crypto_pipeline_dag.py took 0.044 seconds
[2026-07-19T15:34:29.826+0000] {processor.py:161} INFO - Started process (PID=333) to work on /opt/airflow/dags/crypto_pipeline_dag.py
[2026-07-19T15:34:29.827+0000] {processor.py:830} INFO - Processing file /opt/airflow/dags/crypto_pipeline_dag.py for tasks to queue
[2026-07-19T15:34:29.828+0000] {logging_mixin.py:188} INFO - [2026-07-19T15:34:29.828+0000] {dagbag.py:545} INFO - Filling up the DagBag from /opt/airflow/dags/crypto_pipeline_dag.py
[2026-07-19T15:34:29.837+0000] {processor.py:840} INFO - DAG(s) 'crypto_daily_pipeline' retrieved from /opt/airflow/dags/crypto_pipeline_dag.py
[2026-07-19T15:34:29.852+0000] {logging_mixin.py:188} INFO - [2026-07-19T15:34:29.852+0000] {dag.py:3089} INFO - Sync 1 DAGs
[2026-07-19T15:34:29.861+0000] {logging_mixin.py:188} INFO - [2026-07-19T15:34:29.861+0000] {dag.py:3947} INFO - Setting next_dagrun for crypto_daily_pipeline to 2026-07-19 00:00:00+00:00, run_after=2026-07-20 00:00:00+00:00
[2026-07-19T15:34:29.866+0000] {processor.py:183} INFO - Processing /opt/airflow/dags/crypto_pipeline_dag.py took 0.045 seconds
[2026-07-19T15:35:00.043+0000] {processor.py:161} INFO - Started process (PID=338) to work on /opt/airflow/dags/crypto_pipeline_dag.py
[2026-07-19T15:35:00.044+0000] {processor.py:830} INFO - Processing file /opt/airflow/dags/crypto_pipeline_dag.py for tasks to queue
[2026-07-19T15:35:00.047+0000] {logging_mixin.py:188} INFO - [2026-07-19T15:35:00.046+0000] {dagbag.py:545} INFO - Filling up the DagBag from /opt/airflow/dags/crypto_pipeline_dag.py
[2026-07-19T15:35:00.059+0000] {processor.py:840} INFO - DAG(s) 'crypto_daily_pipeline' retrieved from /opt/airflow/dags/crypto_pipeline_dag.py
[2026-07-19T15:35:00.076+0000] {logging_mixin.py:188} INFO - [2026-07-19T15:35:00.076+0000] {dag.py:3089} INFO - Sync 1 DAGs
[2026-07-19T15:35:00.084+0000] {logging_mixin.py:188} INFO - [2026-07-19T15:35:00.084+0000] {dag.py:3947} INFO - Setting next_dagrun for crypto_daily_pipeline to 2026-07-19 00:00:00+00:00, run_after=2026-07-20 00:00:00+00:00
[2026-07-19T15:35:00.089+0000] {processor.py:183} INFO - Processing /opt/airflow/dags/crypto_pipeline_dag.py took 0.052 seconds
[2026-07-19T15:35:30.237+0000] {processor.py:161} INFO - Started process (PID=343) to work on /opt/airflow/dags/crypto_pipeline_dag.py
[2026-07-19T15:35:30.238+0000] {processor.py:830} INFO - Processing file /opt/airflow/dags/crypto_pipeline_dag.py for tasks to queue
[2026-07-19T15:35:30.240+0000] {logging_mixin.py:188} INFO - [2026-07-19T15:35:30.239+0000] {dagbag.py:545} INFO - Filling up the DagBag from /opt/airflow/dags/crypto_pipeline_dag.py
[2026-07-19T15:35:30.248+0000] {processor.py:840} INFO - DAG(s) 'crypto_daily_pipeline' retrieved from /opt/airflow/dags/crypto_pipeline_dag.py
[2026-07-19T15:35:30.266+0000] {logging_mixin.py:188} INFO - [2026-07-19T15:35:30.266+0000] {dag.py:3089} INFO - Sync 1 DAGs
[2026-07-19T15:35:30.275+0000] {logging_mixin.py:188} INFO - [2026-07-19T15:35:30.275+0000] {dag.py:3947} INFO - Setting next_dagrun for crypto_daily_pipeline to 2026-07-19 00:00:00+00:00, run_after=2026-07-20 00:00:00+00:00
[2026-07-19T15:35:30.280+0000] {processor.py:183} INFO - Processing /opt/airflow/dags/crypto_pipeline_dag.py took 0.048 seconds
[2026-07-19T15:36:00.422+0000] {processor.py:161} INFO - Started process (PID=348) to work on /opt/airflow/dags/crypto_pipeline_dag.py
[2026-07-19T15:36:00.423+0000] {processor.py:830} INFO - Processing file /opt/airflow/dags/crypto_pipeline_dag.py for tasks to queue
[2026-07-19T15:36:00.425+0000] {logging_mixin.py:188} INFO - [2026-07-19T15:36:00.425+0000] {dagbag.py:545} INFO - Filling up the DagBag from /opt/airflow/dags/crypto_pipeline_dag.py
[2026-07-19T15:36:00.434+0000] {processor.py:840} INFO - DAG(s) 'crypto_daily_pipeline' retrieved from /opt/airflow/dags/crypto_pipeline_dag.py
[2026-07-19T15:36:00.450+0000] {logging_mixin.py:188} INFO - [2026-07-19T15:36:00.450+0000] {dag.py:3089} INFO - Sync 1 DAGs
[2026-07-19T15:36:00.458+0000] {logging_mixin.py:188} INFO - [2026-07-19T15:36:00.458+0000] {dag.py:3947} INFO - Setting next_dagrun for crypto_daily_pipeline to 2026-07-19 00:00:00+00:00, run_after=2026-07-20 00:00:00+00:00
[2026-07-19T15:36:00.464+0000] {processor.py:183} INFO - Processing /opt/airflow/dags/crypto_pipeline_dag.py took 0.046 seconds
[2026-07-19T15:36:30.628+0000] {processor.py:161} INFO - Started process (PID=353) to work on /opt/airflow/dags/crypto_pipeline_dag.py
[2026-07-19T15:36:30.629+0000] {processor.py:830} INFO - Processing file /opt/airflow/dags/crypto_pipeline_dag.py for tasks to queue
[2026-07-19T15:36:30.631+0000] {logging_mixin.py:188} INFO - [2026-07-19T15:36:30.630+0000] {dagbag.py:545} INFO - Filling up the DagBag from /opt/airflow/dags/crypto_pipeline_dag.py
[2026-07-19T15:36:30.640+0000] {processor.py:840} INFO - DAG(s) 'crypto_daily_pipeline' retrieved from /opt/airflow/dags/crypto_pipeline_dag.py
[2026-07-19T15:36:30.657+0000] {logging_mixin.py:188} INFO - [2026-07-19T15:36:30.657+0000] {dag.py:3089} INFO - Sync 1 DAGs
[2026-07-19T15:36:30.666+0000] {logging_mixin.py:188} INFO - [2026-07-19T15:36:30.666+0000] {dag.py:3947} INFO - Setting next_dagrun for crypto_daily_pipeline to 2026-07-19 00:00:00+00:00, run_after=2026-07-20 00:00:00+00:00
[2026-07-19T15:36:30.672+0000] {processor.py:183} INFO - Processing /opt/airflow/dags/crypto_pipeline_dag.py took 0.049 seconds
[2026-07-19T15:37:00.798+0000] {processor.py:161} INFO - Started process (PID=358) to work on /opt/airflow/dags/crypto_pipeline_dag.py
[2026-07-19T15:37:00.798+0000] {processor.py:830} INFO - Processing file /opt/airflow/dags/crypto_pipeline_dag.py for tasks to queue
[2026-07-19T15:37:00.799+0000] {logging_mixin.py:188} INFO - [2026-07-19T15:37:00.799+0000] {dagbag.py:545} INFO - Filling up the DagBag from /opt/airflow/dags/crypto_pipeline_dag.py
[2026-07-19T15:37:00.803+0000] {processor.py:840} INFO - DAG(s) 'crypto_daily_pipeline' retrieved from /opt/airflow/dags/crypto_pipeline_dag.py
[2026-07-19T15:37:00.814+0000] {logging_mixin.py:188} INFO - [2026-07-19T15:37:00.814+0000] {dag.py:3089} INFO - Sync 1 DAGs
[2026-07-19T15:37:00.822+0000] {logging_mixin.py:188} INFO - [2026-07-19T15:37:00.822+0000] {dag.py:3947} INFO - Setting next_dagrun for crypto_daily_pipeline to 2026-07-19 00:00:00+00:00, run_after=2026-07-20 00:00:00+00:00
[2026-07-19T15:37:00.827+0000] {processor.py:183} INFO - Processing /opt/airflow/dags/crypto_pipeline_dag.py took 0.032 seconds
[2026-07-19T15:37:30.965+0000] {processor.py:161} INFO - Started process (PID=363) to work on /opt/airflow/dags/crypto_pipeline_dag.py
[2026-07-19T15:37:30.965+0000] {processor.py:830} INFO - Processing file /opt/airflow/dags/crypto_pipeline_dag.py for tasks to queue
[2026-07-19T15:37:30.966+0000] {logging_mixin.py:188} INFO - [2026-07-19T15:37:30.966+0000] {dagbag.py:545} INFO - Filling up the DagBag from /opt/airflow/dags/crypto_pipeline_dag.py
[2026-07-19T15:37:30.975+0000] {processor.py:840} INFO - DAG(s) 'crypto_daily_pipeline' retrieved from /opt/airflow/dags/crypto_pipeline_dag.py
[2026-07-19T15:37:30.991+0000] {logging_mixin.py:188} INFO - [2026-07-19T15:37:30.991+0000] {dag.py:3089} INFO - Sync 1 DAGs
[2026-07-19T15:37:31.000+0000] {logging_mixin.py:188} INFO - [2026-07-19T15:37:31.000+0000] {dag.py:3947} INFO - Setting next_dagrun for crypto_daily_pipeline to 2026-07-19 00:00:00+00:00, run_after=2026-07-20 00:00:00+00:00
[2026-07-19T15:37:31.006+0000] {processor.py:183} INFO - Processing /opt/airflow/dags/crypto_pipeline_dag.py took 0.046 seconds
[2026-07-19T15:38:01.153+0000] {processor.py:161} INFO - Started process (PID=368) to work on /opt/airflow/dags/crypto_pipeline_dag.py
[2026-07-19T15:38:01.154+0000] {processor.py:830} INFO - Processing file /opt/airflow/dags/crypto_pipeline_dag.py for tasks to queue
[2026-07-19T15:38:01.156+0000] {logging_mixin.py:188} INFO - [2026-07-19T15:38:01.155+0000] {dagbag.py:545} INFO - Filling up the DagBag from /opt/airflow/dags/crypto_pipeline_dag.py
[2026-07-19T15:38:01.167+0000] {processor.py:840} INFO - DAG(s) 'crypto_daily_pipeline' retrieved from /opt/airflow/dags/crypto_pipeline_dag.py
[2026-07-19T15:38:01.183+0000] {logging_mixin.py:188} INFO - [2026-07-19T15:38:01.183+0000] {dag.py:3089} INFO - Sync 1 DAGs
[2026-07-19T15:38:01.191+0000] {logging_mixin.py:188} INFO - [2026-07-19T15:38:01.191+0000] {dag.py:3947} INFO - Setting next_dagrun for crypto_daily_pipeline to 2026-07-19 00:00:00+00:00, run_after=2026-07-20 00:00:00+00:00
[2026-07-19T15:38:01.197+0000] {processor.py:183} INFO - Processing /opt/airflow/dags/crypto_pipeline_dag.py took 0.050 seconds
[2026-07-19T15:38:31.334+0000] {processor.py:161} INFO - Started process (PID=373) to work on /opt/airflow/dags/crypto_pipeline_dag.py
[2026-07-19T15:38:31.335+0000] {processor.py:830} INFO - Processing file /opt/airflow/dags/crypto_pipeline_dag.py for tasks to queue
[2026-07-19T15:38:31.336+0000] {logging_mixin.py:188} INFO - [2026-07-19T15:38:31.336+0000] {dagbag.py:545} INFO - Filling up the DagBag from /opt/airflow/dags/crypto_pipeline_dag.py
[2026-07-19T15:38:31.345+0000] {processor.py:840} INFO - DAG(s) 'crypto_daily_pipeline' retrieved from /opt/airflow/dags/crypto_pipeline_dag.py
[2026-07-19T15:38:31.365+0000] {logging_mixin.py:188} INFO - [2026-07-19T15:38:31.365+0000] {dag.py:3089} INFO - Sync 1 DAGs
[2026-07-19T15:38:31.375+0000] {logging_mixin.py:188} INFO - [2026-07-19T15:38:31.375+0000] {dag.py:3947} INFO - Setting next_dagrun for crypto_daily_pipeline to 2026-07-19 00:00:00+00:00, run_after=2026-07-20 00:00:00+00:00
[2026-07-19T15:38:31.381+0000] {processor.py:183} INFO - Processing /opt/airflow/dags/crypto_pipeline_dag.py took 0.052 seconds
[2026-07-19T15:39:01.523+0000] {processor.py:161} INFO - Started process (PID=378) to work on /opt/airflow/dags/crypto_pipeline_dag.py
[2026-07-19T15:39:01.524+0000] {processor.py:830} INFO - Processing file /opt/airflow/dags/crypto_pipeline_dag.py for tasks to queue
[2026-07-19T15:39:01.525+0000] {logging_mixin.py:188} INFO - [2026-07-19T15:39:01.525+0000] {dagbag.py:545} INFO - Filling up the DagBag from /opt/airflow/dags/crypto_pipeline_dag.py
[2026-07-19T15:39:01.534+0000] {processor.py:840} INFO - DAG(s) 'crypto_daily_pipeline' retrieved from /opt/airflow/dags/crypto_pipeline_dag.py
[2026-07-19T15:39:01.555+0000] {logging_mixin.py:188} INFO - [2026-07-19T15:39:01.555+0000] {dag.py:3089} INFO - Sync 1 DAGs
[2026-07-19T15:39:01.565+0000] {logging_mixin.py:188} INFO - [2026-07-19T15:39:01.565+0000] {dag.py:3947} INFO - Setting next_dagrun for crypto_daily_pipeline to 2026-07-19 00:00:00+00:00, run_after=2026-07-20 00:00:00+00:00
[2026-07-19T15:39:01.571+0000] {processor.py:183} INFO - Processing /opt/airflow/dags/crypto_pipeline_dag.py took 0.053 seconds
[2026-07-19T15:39:31.720+0000] {processor.py:161} INFO - Started process (PID=383) to work on /opt/airflow/dags/crypto_pipeline_dag.py
[2026-07-19T15:39:31.720+0000] {processor.py:830} INFO - Processing file /opt/airflow/dags/crypto_pipeline_dag.py for tasks to queue
[2026-07-19T15:39:31.722+0000] {logging_mixin.py:188} INFO - [2026-07-19T15:39:31.721+0000] {dagbag.py:545} INFO - Filling up the DagBag from /opt/airflow/dags/crypto_pipeline_dag.py
[2026-07-19T15:39:31.730+0000] {processor.py:840} INFO - DAG(s) 'crypto_daily_pipeline' retrieved from /opt/airflow/dags/crypto_pipeline_dag.py
[2026-07-19T15:39:31.747+0000] {logging_mixin.py:188} INFO - [2026-07-19T15:39:31.747+0000] {dag.py:3089} INFO - Sync 1 DAGs
[2026-07-19T15:39:31.754+0000] {logging_mixin.py:188} INFO - [2026-07-19T15:39:31.754+0000] {dag.py:3947} INFO - Setting next_dagrun for crypto_daily_pipeline to 2026-07-19 00:00:00+00:00, run_after=2026-07-20 00:00:00+00:00
[2026-07-19T15:39:31.761+0000] {processor.py:183} INFO - Processing /opt/airflow/dags/crypto_pipeline_dag.py took 0.046 seconds
[2026-07-19T15:40:01.908+0000] {processor.py:161} INFO - Started process (PID=388) to work on /opt/airflow/dags/crypto_pipeline_dag.py
[2026-07-19T15:40:01.908+0000] {processor.py:830} INFO - Processing file /opt/airflow/dags/crypto_pipeline_dag.py for tasks to queue
[2026-07-19T15:40:01.910+0000] {logging_mixin.py:188} INFO - [2026-07-19T15:40:01.909+0000] {dagbag.py:545} INFO - Filling up the DagBag from /opt/airflow/dags/crypto_pipeline_dag.py
[2026-07-19T15:40:01.919+0000] {processor.py:840} INFO - DAG(s) 'crypto_daily_pipeline' retrieved from /opt/airflow/dags/crypto_pipeline_dag.py
[2026-07-19T15:40:01.936+0000] {logging_mixin.py:188} INFO - [2026-07-19T15:40:01.936+0000] {dag.py:3089} INFO - Sync 1 DAGs
[2026-07-19T15:40:01.946+0000] {logging_mixin.py:188} INFO - [2026-07-19T15:40:01.946+0000] {dag.py:3947} INFO - Setting next_dagrun for crypto_daily_pipeline to 2026-07-19 00:00:00+00:00, run_after=2026-07-20 00:00:00+00:00
[2026-07-19T15:40:01.952+0000] {processor.py:183} INFO - Processing /opt/airflow/dags/crypto_pipeline_dag.py took 0.049 seconds
[2026-07-19T15:40:32.081+0000] {processor.py:161} INFO - Started process (PID=393) to work on /opt/airflow/dags/crypto_pipeline_dag.py
[2026-07-19T15:40:32.081+0000] {processor.py:830} INFO - Processing file /opt/airflow/dags/crypto_pipeline_dag.py for tasks to queue
[2026-07-19T15:40:32.082+0000] {logging_mixin.py:188} INFO - [2026-07-19T15:40:32.082+0000] {dagbag.py:545} INFO - Filling up the DagBag from /opt/airflow/dags/crypto_pipeline_dag.py
[2026-07-19T15:40:32.086+0000] {processor.py:840} INFO - DAG(s) 'crypto_daily_pipeline' retrieved from /opt/airflow/dags/crypto_pipeline_dag.py
[2026-07-19T15:40:32.096+0000] {logging_mixin.py:188} INFO - [2026-07-19T15:40:32.096+0000] {dag.py:3089} INFO - Sync 1 DAGs
[2026-07-19T15:40:32.103+0000] {logging_mixin.py:188} INFO - [2026-07-19T15:40:32.103+0000] {dag.py:3947} INFO - Setting next_dagrun for crypto_daily_pipeline to 2026-07-19 00:00:00+00:00, run_after=2026-07-20 00:00:00+00:00
[2026-07-19T15:40:32.108+0000] {processor.py:183} INFO - Processing /opt/airflow/dags/crypto_pipeline_dag.py took 0.029 seconds
[2026-07-19T15:41:02.286+0000] {processor.py:161} INFO - Started process (PID=398) to work on /opt/airflow/dags/crypto_pipeline_dag.py
[2026-07-19T15:41:02.286+0000] {processor.py:830} INFO - Processing file /opt/airflow/dags/crypto_pipeline_dag.py for tasks to queue
[2026-07-19T15:41:02.288+0000] {logging_mixin.py:188} INFO - [2026-07-19T15:41:02.288+0000] {dagbag.py:545} INFO - Filling up the DagBag from /opt/airflow/dags/crypto_pipeline_dag.py
[2026-07-19T15:41:02.297+0000] {processor.py:840} INFO - DAG(s) 'crypto_daily_pipeline' retrieved from /opt/airflow/dags/crypto_pipeline_dag.py
[2026-07-19T15:41:02.314+0000] {logging_mixin.py:188} INFO - [2026-07-19T15:41:02.314+0000] {dag.py:3089} INFO - Sync 1 DAGs
[2026-07-19T15:41:02.323+0000] {logging_mixin.py:188} INFO - [2026-07-19T15:41:02.323+0000] {dag.py:3947} INFO - Setting next_dagrun for crypto_daily_pipeline to 2026-07-19 00:00:00+00:00, run_after=2026-07-20 00:00:00+00:00
[2026-07-19T15:41:02.329+0000] {processor.py:183} INFO - Processing /opt/airflow/dags/crypto_pipeline_dag.py took 0.048 seconds
[2026-07-19T15:41:32.475+0000] {processor.py:161} INFO - Started process (PID=403) to work on /opt/airflow/dags/crypto_pipeline_dag.py
[2026-07-19T15:41:32.476+0000] {processor.py:830} INFO - Processing file /opt/airflow/dags/crypto_pipeline_dag.py for tasks to queue
[2026-07-19T15:41:32.478+0000] {logging_mixin.py:188} INFO - [2026-07-19T15:41:32.477+0000] {dagbag.py:545} INFO - Filling up the DagBag from /opt/airflow/dags/crypto_pipeline_dag.py
[2026-07-19T15:41:32.487+0000] {processor.py:840} INFO - DAG(s) 'crypto_daily_pipeline' retrieved from /opt/airflow/dags/crypto_pipeline_dag.py
[2026-07-19T15:41:32.505+0000] {logging_mixin.py:188} INFO - [2026-07-19T15:41:32.505+0000] {dag.py:3089} INFO - Sync 1 DAGs
[2026-07-19T15:41:32.514+0000] {logging_mixin.py:188} INFO - [2026-07-19T15:41:32.514+0000] {dag.py:3947} INFO - Setting next_dagrun for crypto_daily_pipeline to 2026-07-19 00:00:00+00:00, run_after=2026-07-20 00:00:00+00:00
[2026-07-19T15:41:32.521+0000] {processor.py:183} INFO - Processing /opt/airflow/dags/crypto_pipeline_dag.py took 0.052 seconds
[2026-07-19T15:42:02.676+0000] {processor.py:161} INFO - Started process (PID=408) to work on /opt/airflow/dags/crypto_pipeline_dag.py
[2026-07-19T15:42:02.677+0000] {processor.py:830} INFO - Processing file /opt/airflow/dags/crypto_pipeline_dag.py for tasks to queue
[2026-07-19T15:42:02.679+0000] {logging_mixin.py:188} INFO - [2026-07-19T15:42:02.679+0000] {dagbag.py:545} INFO - Filling up the DagBag from /opt/airflow/dags/crypto_pipeline_dag.py
[2026-07-19T15:42:02.691+0000] {processor.py:840} INFO - DAG(s) 'crypto_daily_pipeline' retrieved from /opt/airflow/dags/crypto_pipeline_dag.py
[2026-07-19T15:42:02.711+0000] {logging_mixin.py:188} INFO - [2026-07-19T15:42:02.711+0000] {dag.py:3089} INFO - Sync 1 DAGs
[2026-07-19T15:42:02.720+0000] {logging_mixin.py:188} INFO - [2026-07-19T15:42:02.720+0000] {dag.py:3947} INFO - Setting next_dagrun for crypto_daily_pipeline to 2026-07-19 00:00:00+00:00, run_after=2026-07-20 00:00:00+00:00
[2026-07-19T15:42:02.726+0000] {processor.py:183} INFO - Processing /opt/airflow/dags/crypto_pipeline_dag.py took 0.055 seconds
[2026-07-19T15:42:32.843+0000] {processor.py:161} INFO - Started process (PID=413) to work on /opt/airflow/dags/crypto_pipeline_dag.py
[2026-07-19T15:42:32.844+0000] {processor.py:830} INFO - Processing file /opt/airflow/dags/crypto_pipeline_dag.py for tasks to queue
[2026-07-19T15:42:32.846+0000] {logging_mixin.py:188} INFO - [2026-07-19T15:42:32.846+0000] {dagbag.py:545} INFO - Filling up the DagBag from /opt/airflow/dags/crypto_pipeline_dag.py
[2026-07-19T15:42:32.858+0000] {processor.py:840} INFO - DAG(s) 'crypto_daily_pipeline' retrieved from /opt/airflow/dags/crypto_pipeline_dag.py
[2026-07-19T15:42:32.873+0000] {logging_mixin.py:188} INFO - [2026-07-19T15:42:32.873+0000] {dag.py:3089} INFO - Sync 1 DAGs
[2026-07-19T15:42:32.882+0000] {logging_mixin.py:188} INFO - [2026-07-19T15:42:32.882+0000] {dag.py:3947} INFO - Setting next_dagrun for crypto_daily_pipeline to 2026-07-19 00:00:00+00:00, run_after=2026-07-20 00:00:00+00:00
[2026-07-19T15:42:32.889+0000] {processor.py:183} INFO - Processing /opt/airflow/dags/crypto_pipeline_dag.py took 0.051 seconds
[2026-07-19T15:43:03.021+0000] {processor.py:161} INFO - Started process (PID=418) to work on /opt/airflow/dags/crypto_pipeline_dag.py
[2026-07-19T15:43:03.022+0000] {processor.py:830} INFO - Processing file /opt/airflow/dags/crypto_pipeline_dag.py for tasks to queue
[2026-07-19T15:43:03.023+0000] {logging_mixin.py:188} INFO - [2026-07-19T15:43:03.023+0000] {dagbag.py:545} INFO - Filling up the DagBag from /opt/airflow/dags/crypto_pipeline_dag.py
[2026-07-19T15:43:03.031+0000] {processor.py:840} INFO - DAG(s) 'crypto_daily_pipeline' retrieved from /opt/airflow/dags/crypto_pipeline_dag.py
[2026-07-19T15:43:03.047+0000] {logging_mixin.py:188} INFO - [2026-07-19T15:43:03.047+0000] {dag.py:3089} INFO - Sync 1 DAGs
[2026-07-19T15:43:03.057+0000] {logging_mixin.py:188} INFO - [2026-07-19T15:43:03.057+0000] {dag.py:3947} INFO - Setting next_dagrun for crypto_daily_pipeline to 2026-07-19 00:00:00+00:00, run_after=2026-07-20 00:00:00+00:00
[2026-07-19T15:43:03.064+0000] {processor.py:183} INFO - Processing /opt/airflow/dags/crypto_pipeline_dag.py took 0.048 seconds
[2026-07-19T15:43:33.182+0000] {processor.py:161} INFO - Started process (PID=423) to work on /opt/airflow/dags/crypto_pipeline_dag.py
[2026-07-19T15:43:33.182+0000] {processor.py:830} INFO - Processing file /opt/airflow/dags/crypto_pipeline_dag.py for tasks to queue
[2026-07-19T15:43:33.184+0000] {logging_mixin.py:188} INFO - [2026-07-19T15:43:33.184+0000] {dagbag.py:545} INFO - Filling up the DagBag from /opt/airflow/dags/crypto_pipeline_dag.py
[2026-07-19T15:43:33.196+0000] {processor.py:840} INFO - DAG(s) 'crypto_daily_pipeline' retrieved from /opt/airflow/dags/crypto_pipeline_dag.py
[2026-07-19T15:43:33.214+0000] {logging_mixin.py:188} INFO - [2026-07-19T15:43:33.214+0000] {dag.py:3089} INFO - Sync 1 DAGs
[2026-07-19T15:43:33.224+0000] {logging_mixin.py:188} INFO - [2026-07-19T15:43:33.224+0000] {dag.py:3947} INFO - Setting next_dagrun for crypto_daily_pipeline to 2026-07-19 00:00:00+00:00, run_after=2026-07-20 00:00:00+00:00
[2026-07-19T15:43:33.230+0000] {processor.py:183} INFO - Processing /opt/airflow/dags/crypto_pipeline_dag.py took 0.053 seconds
[2026-07-19T15:44:03.397+0000] {processor.py:161} INFO - Started process (PID=428) to work on /opt/airflow/dags/crypto_pipeline_dag.py
[2026-07-19T15:44:03.398+0000] {processor.py:830} INFO - Processing file /opt/airflow/dags/crypto_pipeline_dag.py for tasks to queue
[2026-07-19T15:44:03.401+0000] {logging_mixin.py:188} INFO - [2026-07-19T15:44:03.399+0000] {dagbag.py:545} INFO - Filling up the DagBag from /opt/airflow/dags/crypto_pipeline_dag.py
[2026-07-19T15:44:03.413+0000] {processor.py:840} INFO - DAG(s) 'crypto_daily_pipeline' retrieved from /opt/airflow/dags/crypto_pipeline_dag.py
[2026-07-19T15:44:03.439+0000] {logging_mixin.py:188} INFO - [2026-07-19T15:44:03.439+0000] {dag.py:3089} INFO - Sync 1 DAGs
[2026-07-19T15:44:03.448+0000] {logging_mixin.py:188} INFO - [2026-07-19T15:44:03.448+0000] {dag.py:3947} INFO - Setting next_dagrun for crypto_daily_pipeline to 2026-07-19 00:00:00+00:00, run_after=2026-07-20 00:00:00+00:00
[2026-07-19T15:44:03.454+0000] {processor.py:183} INFO - Processing /opt/airflow/dags/crypto_pipeline_dag.py took 0.061 seconds
[2026-07-19T15:44:33.595+0000] {processor.py:161} INFO - Started process (PID=433) to work on /opt/airflow/dags/crypto_pipeline_dag.py
[2026-07-19T15:44:33.598+0000] {processor.py:830} INFO - Processing file /opt/airflow/dags/crypto_pipeline_dag.py for tasks to queue
[2026-07-19T15:44:33.601+0000] {logging_mixin.py:188} INFO - [2026-07-19T15:44:33.600+0000] {dagbag.py:545} INFO - Filling up the DagBag from /opt/airflow/dags/crypto_pipeline_dag.py
[2026-07-19T15:44:33.613+0000] {processor.py:840} INFO - DAG(s) 'crypto_daily_pipeline' retrieved from /opt/airflow/dags/crypto_pipeline_dag.py
[2026-07-19T15:44:33.634+0000] {logging_mixin.py:188} INFO - [2026-07-19T15:44:33.634+0000] {dag.py:3089} INFO - Sync 1 DAGs
[2026-07-19T15:44:33.644+0000] {logging_mixin.py:188} INFO - [2026-07-19T15:44:33.644+0000] {dag.py:3947} INFO - Setting next_dagrun for crypto_daily_pipeline to 2026-07-19 00:00:00+00:00, run_after=2026-07-20 00:00:00+00:00
[2026-07-19T15:44:33.650+0000] {processor.py:183} INFO - Processing /opt/airflow/dags/crypto_pipeline_dag.py took 0.063 seconds
[2026-07-19T15:45:03.780+0000] {processor.py:161} INFO - Started process (PID=438) to work on /opt/airflow/dags/crypto_pipeline_dag.py
[2026-07-19T15:45:03.780+0000] {processor.py:830} INFO - Processing file /opt/airflow/dags/crypto_pipeline_dag.py for tasks to queue
[2026-07-19T15:45:03.782+0000] {logging_mixin.py:188} INFO - [2026-07-19T15:45:03.782+0000] {dagbag.py:545} INFO - Filling up the DagBag from /opt/airflow/dags/crypto_pipeline_dag.py
[2026-07-19T15:45:03.791+0000] {processor.py:840} INFO - DAG(s) 'crypto_daily_pipeline' retrieved from /opt/airflow/dags/crypto_pipeline_dag.py
[2026-07-19T15:45:03.810+0000] {logging_mixin.py:188} INFO - [2026-07-19T15:45:03.809+0000] {dag.py:3089} INFO - Sync 1 DAGs
[2026-07-19T15:45:03.819+0000] {logging_mixin.py:188} INFO - [2026-07-19T15:45:03.819+0000] {dag.py:3947} INFO - Setting next_dagrun for crypto_daily_pipeline to 2026-07-19 00:00:00+00:00, run_after=2026-07-20 00:00:00+00:00
[2026-07-19T15:45:03.825+0000] {processor.py:183} INFO - Processing /opt/airflow/dags/crypto_pipeline_dag.py took 0.050 seconds
[2026-07-19T15:45:33.967+0000] {processor.py:161} INFO - Started process (PID=443) to work on /opt/airflow/dags/crypto_pipeline_dag.py
[2026-07-19T15:45:33.968+0000] {processor.py:830} INFO - Processing file /opt/airflow/dags/crypto_pipeline_dag.py for tasks to queue
[2026-07-19T15:45:33.969+0000] {logging_mixin.py:188} INFO - [2026-07-19T15:45:33.969+0000] {dagbag.py:545} INFO - Filling up the DagBag from /opt/airflow/dags/crypto_pipeline_dag.py
[2026-07-19T15:45:33.977+0000] {processor.py:840} INFO - DAG(s) 'crypto_daily_pipeline' retrieved from /opt/airflow/dags/crypto_pipeline_dag.py
[2026-07-19T15:45:33.995+0000] {logging_mixin.py:188} INFO - [2026-07-19T15:45:33.994+0000] {dag.py:3089} INFO - Sync 1 DAGs
[2026-07-19T15:45:34.005+0000] {logging_mixin.py:188} INFO - [2026-07-19T15:45:34.004+0000] {dag.py:3947} INFO - Setting next_dagrun for crypto_daily_pipeline to 2026-07-19 00:00:00+00:00, run_after=2026-07-20 00:00:00+00:00
[2026-07-19T15:45:34.011+0000] {processor.py:183} INFO - Processing /opt/airflow/dags/crypto_pipeline_dag.py took 0.050 seconds
[2026-07-19T15:46:04.152+0000] {processor.py:161} INFO - Started process (PID=448) to work on /opt/airflow/dags/crypto_pipeline_dag.py
[2026-07-19T15:46:04.154+0000] {processor.py:830} INFO - Processing file /opt/airflow/dags/crypto_pipeline_dag.py for tasks to queue
[2026-07-19T15:46:04.155+0000] {logging_mixin.py:188} INFO - [2026-07-19T15:46:04.155+0000] {dagbag.py:545} INFO - Filling up the DagBag from /opt/airflow/dags/crypto_pipeline_dag.py
[2026-07-19T15:46:04.163+0000] {processor.py:840} INFO - DAG(s) 'crypto_daily_pipeline' retrieved from /opt/airflow/dags/crypto_pipeline_dag.py
[2026-07-19T15:46:04.180+0000] {logging_mixin.py:188} INFO - [2026-07-19T15:46:04.180+0000] {dag.py:3089} INFO - Sync 1 DAGs
[2026-07-19T15:46:04.189+0000] {logging_mixin.py:188} INFO - [2026-07-19T15:46:04.189+0000] {dag.py:3947} INFO - Setting next_dagrun for crypto_daily_pipeline to 2026-07-19 00:00:00+00:00, run_after=2026-07-20 00:00:00+00:00
[2026-07-19T15:46:04.195+0000] {processor.py:183} INFO - Processing /opt/airflow/dags/crypto_pipeline_dag.py took 0.047 seconds
[2026-07-19T15:46:34.342+0000] {processor.py:161} INFO - Started process (PID=453) to work on /opt/airflow/dags/crypto_pipeline_dag.py
[2026-07-19T15:46:34.344+0000] {processor.py:830} INFO - Processing file /opt/airflow/dags/crypto_pipeline_dag.py for tasks to queue
[2026-07-19T15:46:34.346+0000] {logging_mixin.py:188} INFO - [2026-07-19T15:46:34.346+0000] {dagbag.py:545} INFO - Filling up the DagBag from /opt/airflow/dags/crypto_pipeline_dag.py
[2026-07-19T15:46:34.355+0000] {processor.py:840} INFO - DAG(s) 'crypto_daily_pipeline' retrieved from /opt/airflow/dags/crypto_pipeline_dag.py
[2026-07-19T15:46:34.371+0000] {logging_mixin.py:188} INFO - [2026-07-19T15:46:34.371+0000] {dag.py:3089} INFO - Sync 1 DAGs
[2026-07-19T15:46:34.382+0000] {logging_mixin.py:188} INFO - [2026-07-19T15:46:34.382+0000] {dag.py:3947} INFO - Setting next_dagrun for crypto_daily_pipeline to 2026-07-19 00:00:00+00:00, run_after=2026-07-20 00:00:00+00:00
[2026-07-19T15:46:34.388+0000] {processor.py:183} INFO - Processing /opt/airflow/dags/crypto_pipeline_dag.py took 0.050 seconds
[2026-07-19T15:47:04.534+0000] {processor.py:161} INFO - Started process (PID=458) to work on /opt/airflow/dags/crypto_pipeline_dag.py
[2026-07-19T15:47:04.535+0000] {processor.py:830} INFO - Processing file /opt/airflow/dags/crypto_pipeline_dag.py for tasks to queue
[2026-07-19T15:47:04.537+0000] {logging_mixin.py:188} INFO - [2026-07-19T15:47:04.536+0000] {dagbag.py:545} INFO - Filling up the DagBag from /opt/airflow/dags/crypto_pipeline_dag.py
[2026-07-19T15:47:04.545+0000] {processor.py:840} INFO - DAG(s) 'crypto_daily_pipeline' retrieved from /opt/airflow/dags/crypto_pipeline_dag.py
[2026-07-19T15:47:04.563+0000] {logging_mixin.py:188} INFO - [2026-07-19T15:47:04.562+0000] {dag.py:3089} INFO - Sync 1 DAGs
[2026-07-19T15:47:04.573+0000] {logging_mixin.py:188} INFO - [2026-07-19T15:47:04.573+0000] {dag.py:3947} INFO - Setting next_dagrun for crypto_daily_pipeline to 2026-07-19 00:00:00+00:00, run_after=2026-07-20 00:00:00+00:00
[2026-07-19T15:47:04.579+0000] {processor.py:183} INFO - Processing /opt/airflow/dags/crypto_pipeline_dag.py took 0.050 seconds
[2026-07-19T15:47:34.704+0000] {processor.py:161} INFO - Started process (PID=463) to work on /opt/airflow/dags/crypto_pipeline_dag.py
[2026-07-19T15:47:34.705+0000] {processor.py:830} INFO - Processing file /opt/airflow/dags/crypto_pipeline_dag.py for tasks to queue
[2026-07-19T15:47:34.707+0000] {logging_mixin.py:188} INFO - [2026-07-19T15:47:34.707+0000] {dagbag.py:545} INFO - Filling up the DagBag from /opt/airflow/dags/crypto_pipeline_dag.py
[2026-07-19T15:47:34.717+0000] {processor.py:840} INFO - DAG(s) 'crypto_daily_pipeline' retrieved from /opt/airflow/dags/crypto_pipeline_dag.py
[2026-07-19T15:47:34.735+0000] {logging_mixin.py:188} INFO - [2026-07-19T15:47:34.735+0000] {dag.py:3089} INFO - Sync 1 DAGs
[2026-07-19T15:47:34.745+0000] {logging_mixin.py:188} INFO - [2026-07-19T15:47:34.744+0000] {dag.py:3947} INFO - Setting next_dagrun for crypto_daily_pipeline to 2026-07-19 00:00:00+00:00, run_after=2026-07-20 00:00:00+00:00
[2026-07-19T15:47:34.750+0000] {processor.py:183} INFO - Processing /opt/airflow/dags/crypto_pipeline_dag.py took 0.050 seconds
[2026-07-19T15:48:04.919+0000] {processor.py:161} INFO - Started process (PID=468) to work on /opt/airflow/dags/crypto_pipeline_dag.py
[2026-07-19T15:48:04.919+0000] {processor.py:830} INFO - Processing file /opt/airflow/dags/crypto_pipeline_dag.py for tasks to queue
[2026-07-19T15:48:04.921+0000] {logging_mixin.py:188} INFO - [2026-07-19T15:48:04.921+0000] {dagbag.py:545} INFO - Filling up the DagBag from /opt/airflow/dags/crypto_pipeline_dag.py
[2026-07-19T15:48:04.929+0000] {processor.py:840} INFO - DAG(s) 'crypto_daily_pipeline' retrieved from /opt/airflow/dags/crypto_pipeline_dag.py
[2026-07-19T15:48:04.946+0000] {logging_mixin.py:188} INFO - [2026-07-19T15:48:04.946+0000] {dag.py:3089} INFO - Sync 1 DAGs
[2026-07-19T15:48:04.956+0000] {logging_mixin.py:188} INFO - [2026-07-19T15:48:04.956+0000] {dag.py:3947} INFO - Setting next_dagrun for crypto_daily_pipeline to 2026-07-19 00:00:00+00:00, run_after=2026-07-20 00:00:00+00:00
[2026-07-19T15:48:04.962+0000] {processor.py:183} INFO - Processing /opt/airflow/dags/crypto_pipeline_dag.py took 0.048 seconds
[2026-07-19T15:48:35.077+0000] {processor.py:161} INFO - Started process (PID=473) to work on /opt/airflow/dags/crypto_pipeline_dag.py
[2026-07-19T15:48:35.078+0000] {processor.py:830} INFO - Processing file /opt/airflow/dags/crypto_pipeline_dag.py for tasks to queue
[2026-07-19T15:48:35.081+0000] {logging_mixin.py:188} INFO - [2026-07-19T15:48:35.080+0000] {dagbag.py:545} INFO - Filling up the DagBag from /opt/airflow/dags/crypto_pipeline_dag.py
[2026-07-19T15:48:35.091+0000] {processor.py:840} INFO - DAG(s) 'crypto_daily_pipeline' retrieved from /opt/airflow/dags/crypto_pipeline_dag.py
[2026-07-19T15:48:35.108+0000] {logging_mixin.py:188} INFO - [2026-07-19T15:48:35.107+0000] {dag.py:3089} INFO - Sync 1 DAGs
[2026-07-19T15:48:35.117+0000] {logging_mixin.py:188} INFO - [2026-07-19T15:48:35.117+0000] {dag.py:3947} INFO - Setting next_dagrun for crypto_daily_pipeline to 2026-07-19 00:00:00+00:00, run_after=2026-07-20 00:00:00+00:00
[2026-07-19T15:48:35.123+0000] {processor.py:183} INFO - Processing /opt/airflow/dags/crypto_pipeline_dag.py took 0.050 seconds
[2026-07-19T15:49:05.261+0000] {processor.py:161} INFO - Started process (PID=478) to work on /opt/airflow/dags/crypto_pipeline_dag.py
[2026-07-19T15:49:05.261+0000] {processor.py:830} INFO - Processing file /opt/airflow/dags/crypto_pipeline_dag.py for tasks to queue
[2026-07-19T15:49:05.263+0000] {logging_mixin.py:188} INFO - [2026-07-19T15:49:05.263+0000] {dagbag.py:545} INFO - Filling up the DagBag from /opt/airflow/dags/crypto_pipeline_dag.py
[2026-07-19T15:49:05.272+0000] {processor.py:840} INFO - DAG(s) 'crypto_daily_pipeline' retrieved from /opt/airflow/dags/crypto_pipeline_dag.py
[2026-07-19T15:49:05.289+0000] {logging_mixin.py:188} INFO - [2026-07-19T15:49:05.289+0000] {dag.py:3089} INFO - Sync 1 DAGs
[2026-07-19T15:49:05.299+0000] {logging_mixin.py:188} INFO - [2026-07-19T15:49:05.299+0000] {dag.py:3947} INFO - Setting next_dagrun for crypto_daily_pipeline to 2026-07-19 00:00:00+00:00, run_after=2026-07-20 00:00:00+00:00
[2026-07-19T15:49:05.305+0000] {processor.py:183} INFO - Processing /opt/airflow/dags/crypto_pipeline_dag.py took 0.050 seconds
[2026-07-19T15:49:35.443+0000] {processor.py:161} INFO - Started process (PID=483) to work on /opt/airflow/dags/crypto_pipeline_dag.py
[2026-07-19T15:49:35.444+0000] {processor.py:830} INFO - Processing file /opt/airflow/dags/crypto_pipeline_dag.py for tasks to queue
[2026-07-19T15:49:35.446+0000] {logging_mixin.py:188} INFO - [2026-07-19T15:49:35.446+0000] {dagbag.py:545} INFO - Filling up the DagBag from /opt/airflow/dags/crypto_pipeline_dag.py
[2026-07-19T15:49:35.458+0000] {processor.py:840} INFO - DAG(s) 'crypto_daily_pipeline' retrieved from /opt/airflow/dags/crypto_pipeline_dag.py
[2026-07-19T15:49:35.480+0000] {logging_mixin.py:188} INFO - [2026-07-19T15:49:35.480+0000] {dag.py:3089} INFO - Sync 1 DAGs
[2026-07-19T15:49:35.490+0000] {logging_mixin.py:188} INFO - [2026-07-19T15:49:35.490+0000] {dag.py:3947} INFO - Setting next_dagrun for crypto_daily_pipeline to 2026-07-19 00:00:00+00:00, run_after=2026-07-20 00:00:00+00:00
[2026-07-19T15:49:35.496+0000] {processor.py:183} INFO - Processing /opt/airflow/dags/crypto_pipeline_dag.py took 0.060 seconds
[2026-07-19T15:50:05.625+0000] {processor.py:161} INFO - Started process (PID=488) to work on /opt/airflow/dags/crypto_pipeline_dag.py
[2026-07-19T15:50:05.626+0000] {processor.py:830} INFO - Processing file /opt/airflow/dags/crypto_pipeline_dag.py for tasks to queue
[2026-07-19T15:50:05.628+0000] {logging_mixin.py:188} INFO - [2026-07-19T15:50:05.628+0000] {dagbag.py:545} INFO - Filling up the DagBag from /opt/airflow/dags/crypto_pipeline_dag.py
[2026-07-19T15:50:05.641+0000] {processor.py:840} INFO - DAG(s) 'crypto_daily_pipeline' retrieved from /opt/airflow/dags/crypto_pipeline_dag.py
[2026-07-19T15:50:05.660+0000] {logging_mixin.py:188} INFO - [2026-07-19T15:50:05.660+0000] {dag.py:3089} INFO - Sync 1 DAGs
[2026-07-19T15:50:05.670+0000] {logging_mixin.py:188} INFO - [2026-07-19T15:50:05.670+0000] {dag.py:3947} INFO - Setting next_dagrun for crypto_daily_pipeline to 2026-07-19 00:00:00+00:00, run_after=2026-07-20 00:00:00+00:00
[2026-07-19T15:50:05.676+0000] {processor.py:183} INFO - Processing /opt/airflow/dags/crypto_pipeline_dag.py took 0.055 seconds
[2026-07-19T15:50:35.836+0000] {processor.py:161} INFO - Started process (PID=493) to work on /opt/airflow/dags/crypto_pipeline_dag.py
[2026-07-19T15:50:35.837+0000] {processor.py:830} INFO - Processing file /opt/airflow/dags/crypto_pipeline_dag.py for tasks to queue
[2026-07-19T15:50:35.838+0000] {logging_mixin.py:188} INFO - [2026-07-19T15:50:35.838+0000] {dagbag.py:545} INFO - Filling up the DagBag from /opt/airflow/dags/crypto_pipeline_dag.py
[2026-07-19T15:50:35.847+0000] {processor.py:840} INFO - DAG(s) 'crypto_daily_pipeline' retrieved from /opt/airflow/dags/crypto_pipeline_dag.py
[2026-07-19T15:50:35.865+0000] {logging_mixin.py:188} INFO - [2026-07-19T15:50:35.864+0000] {dag.py:3089} INFO - Sync 1 DAGs
[2026-07-19T15:50:35.874+0000] {logging_mixin.py:188} INFO - [2026-07-19T15:50:35.874+0000] {dag.py:3947} INFO - Setting next_dagrun for crypto_daily_pipeline to 2026-07-19 00:00:00+00:00, run_after=2026-07-20 00:00:00+00:00
[2026-07-19T15:50:35.880+0000] {processor.py:183} INFO - Processing /opt/airflow/dags/crypto_pipeline_dag.py took 0.049 seconds
[2026-07-19T15:51:06.032+0000] {processor.py:161} INFO - Started process (PID=498) to work on /opt/airflow/dags/crypto_pipeline_dag.py
[2026-07-19T15:51:06.032+0000] {processor.py:830} INFO - Processing file /opt/airflow/dags/crypto_pipeline_dag.py for tasks to queue
[2026-07-19T15:51:06.034+0000] {logging_mixin.py:188} INFO - [2026-07-19T15:51:06.034+0000] {dagbag.py:545} INFO - Filling up the DagBag from /opt/airflow/dags/crypto_pipeline_dag.py
[2026-07-19T15:51:06.042+0000] {processor.py:840} INFO - DAG(s) 'crypto_daily_pipeline' retrieved from /opt/airflow/dags/crypto_pipeline_dag.py
[2026-07-19T15:51:06.060+0000] {logging_mixin.py:188} INFO - [2026-07-19T15:51:06.059+0000] {dag.py:3089} INFO - Sync 1 DAGs
[2026-07-19T15:51:06.070+0000] {logging_mixin.py:188} INFO - [2026-07-19T15:51:06.070+0000] {dag.py:3947} INFO - Setting next_dagrun for crypto_daily_pipeline to 2026-07-19 00:00:00+00:00, run_after=2026-07-20 00:00:00+00:00
[2026-07-19T15:51:06.079+0000] {processor.py:183} INFO - Processing /opt/airflow/dags/crypto_pipeline_dag.py took 0.052 seconds
[2026-07-19T15:51:36.211+0000] {processor.py:161} INFO - Started process (PID=503) to work on /opt/airflow/dags/crypto_pipeline_dag.py
[2026-07-19T15:51:36.212+0000] {processor.py:830} INFO - Processing file /opt/airflow/dags/crypto_pipeline_dag.py for tasks to queue
[2026-07-19T15:51:36.214+0000] {logging_mixin.py:188} INFO - [2026-07-19T15:51:36.214+0000] {dagbag.py:545} INFO - Filling up the DagBag from /opt/airflow/dags/crypto_pipeline_dag.py
[2026-07-19T15:51:36.223+0000] {processor.py:840} INFO - DAG(s) 'crypto_daily_pipeline' retrieved from /opt/airflow/dags/crypto_pipeline_dag.py
[2026-07-19T15:51:36.239+0000] {logging_mixin.py:188} INFO - [2026-07-19T15:51:36.239+0000] {dag.py:3089} INFO - Sync 1 DAGs
[2026-07-19T15:51:36.248+0000] {logging_mixin.py:188} INFO - [2026-07-19T15:51:36.248+0000] {dag.py:3947} INFO - Setting next_dagrun for crypto_daily_pipeline to 2026-07-19 00:00:00+00:00, run_after=2026-07-20 00:00:00+00:00
[2026-07-19T15:51:36.255+0000] {processor.py:183} INFO - Processing /opt/airflow/dags/crypto_pipeline_dag.py took 0.050 seconds
[2026-07-19T15:52:06.428+0000] {processor.py:161} INFO - Started process (PID=508) to work on /opt/airflow/dags/crypto_pipeline_dag.py
[2026-07-19T15:52:06.428+0000] {processor.py:830} INFO - Processing file /opt/airflow/dags/crypto_pipeline_dag.py for tasks to queue
[2026-07-19T15:52:06.429+0000] {logging_mixin.py:188} INFO - [2026-07-19T15:52:06.429+0000] {dagbag.py:545} INFO - Filling up the DagBag from /opt/airflow/dags/crypto_pipeline_dag.py
[2026-07-19T15:52:06.435+0000] {processor.py:840} INFO - DAG(s) 'crypto_daily_pipeline' retrieved from /opt/airflow/dags/crypto_pipeline_dag.py
[2026-07-19T15:52:06.450+0000] {logging_mixin.py:188} INFO - [2026-07-19T15:52:06.450+0000] {dag.py:3089} INFO - Sync 1 DAGs
[2026-07-19T15:52:06.459+0000] {logging_mixin.py:188} INFO - [2026-07-19T15:52:06.459+0000] {dag.py:3947} INFO - Setting next_dagrun for crypto_daily_pipeline to 2026-07-19 00:00:00+00:00, run_after=2026-07-20 00:00:00+00:00
[2026-07-19T15:52:06.465+0000] {processor.py:183} INFO - Processing /opt/airflow/dags/crypto_pipeline_dag.py took 0.041 seconds
[2026-07-19T15:52:36.608+0000] {processor.py:161} INFO - Started process (PID=513) to work on /opt/airflow/dags/crypto_pipeline_dag.py
[2026-07-19T15:52:36.609+0000] {processor.py:830} INFO - Processing file /opt/airflow/dags/crypto_pipeline_dag.py for tasks to queue
[2026-07-19T15:52:36.610+0000] {logging_mixin.py:188} INFO - [2026-07-19T15:52:36.610+0000] {dagbag.py:545} INFO - Filling up the DagBag from /opt/airflow/dags/crypto_pipeline_dag.py
[2026-07-19T15:52:36.619+0000] {processor.py:840} INFO - DAG(s) 'crypto_daily_pipeline' retrieved from /opt/airflow/dags/crypto_pipeline_dag.py
[2026-07-19T15:52:36.636+0000] {logging_mixin.py:188} INFO - [2026-07-19T15:52:36.636+0000] {dag.py:3089} INFO - Sync 1 DAGs
[2026-07-19T15:52:36.647+0000] {logging_mixin.py:188} INFO - [2026-07-19T15:52:36.647+0000] {dag.py:3947} INFO - Setting next_dagrun for crypto_daily_pipeline to 2026-07-19 00:00:00+00:00, run_after=2026-07-20 00:00:00+00:00
[2026-07-19T15:52:36.652+0000] {processor.py:183} INFO - Processing /opt/airflow/dags/crypto_pipeline_dag.py took 0.049 seconds
[2026-07-19T15:53:06.799+0000] {processor.py:161} INFO - Started process (PID=518) to work on /opt/airflow/dags/crypto_pipeline_dag.py
[2026-07-19T15:53:06.800+0000] {processor.py:830} INFO - Processing file /opt/airflow/dags/crypto_pipeline_dag.py for tasks to queue
[2026-07-19T15:53:06.802+0000] {logging_mixin.py:188} INFO - [2026-07-19T15:53:06.801+0000] {dagbag.py:545} INFO - Filling up the DagBag from /opt/airflow/dags/crypto_pipeline_dag.py
[2026-07-19T15:53:06.814+0000] {processor.py:840} INFO - DAG(s) 'crypto_daily_pipeline' retrieved from /opt/airflow/dags/crypto_pipeline_dag.py
[2026-07-19T15:53:06.835+0000] {logging_mixin.py:188} INFO - [2026-07-19T15:53:06.835+0000] {dag.py:3089} INFO - Sync 1 DAGs
[2026-07-19T15:53:06.844+0000] {logging_mixin.py:188} INFO - [2026-07-19T15:53:06.844+0000] {dag.py:3947} INFO - Setting next_dagrun for crypto_daily_pipeline to 2026-07-19 00:00:00+00:00, run_after=2026-07-20 00:00:00+00:00
[2026-07-19T15:53:06.850+0000] {processor.py:183} INFO - Processing /opt/airflow/dags/crypto_pipeline_dag.py took 0.058 seconds
[2026-07-19T15:53:36.985+0000] {processor.py:161} INFO - Started process (PID=523) to work on /opt/airflow/dags/crypto_pipeline_dag.py
[2026-07-19T15:53:36.986+0000] {processor.py:830} INFO - Processing file /opt/airflow/dags/crypto_pipeline_dag.py for tasks to queue
[2026-07-19T15:53:36.987+0000] {logging_mixin.py:188} INFO - [2026-07-19T15:53:36.987+0000] {dagbag.py:545} INFO - Filling up the DagBag from /opt/airflow/dags/crypto_pipeline_dag.py
[2026-07-19T15:53:36.995+0000] {processor.py:840} INFO - DAG(s) 'crypto_daily_pipeline' retrieved from /opt/airflow/dags/crypto_pipeline_dag.py
[2026-07-19T15:53:37.011+0000] {logging_mixin.py:188} INFO - [2026-07-19T15:53:37.010+0000] {dag.py:3089} INFO - Sync 1 DAGs
[2026-07-19T15:53:37.020+0000] {logging_mixin.py:188} INFO - [2026-07-19T15:53:37.019+0000] {dag.py:3947} INFO - Setting next_dagrun for crypto_daily_pipeline to 2026-07-19 00:00:00+00:00, run_after=2026-07-20 00:00:00+00:00
[2026-07-19T15:53:37.025+0000] {processor.py:183} INFO - Processing /opt/airflow/dags/crypto_pipeline_dag.py took 0.045 seconds
[2026-07-19T15:54:07.152+0000] {processor.py:161} INFO - Started process (PID=528) to work on /opt/airflow/dags/crypto_pipeline_dag.py
[2026-07-19T15:54:07.153+0000] {processor.py:830} INFO - Processing file /opt/airflow/dags/crypto_pipeline_dag.py for tasks to queue
[2026-07-19T15:54:07.155+0000] {logging_mixin.py:188} INFO - [2026-07-19T15:54:07.154+0000] {dagbag.py:545} INFO - Filling up the DagBag from /opt/airflow/dags/crypto_pipeline_dag.py
[2026-07-19T15:54:07.163+0000] {processor.py:840} INFO - DAG(s) 'crypto_daily_pipeline' retrieved from /opt/airflow/dags/crypto_pipeline_dag.py
[2026-07-19T15:54:07.181+0000] {logging_mixin.py:188} INFO - [2026-07-19T15:54:07.181+0000] {dag.py:3089} INFO - Sync 1 DAGs
[2026-07-19T15:54:07.191+0000] {logging_mixin.py:188} INFO - [2026-07-19T15:54:07.191+0000] {dag.py:3947} INFO - Setting next_dagrun for crypto_daily_pipeline to 2026-07-19 00:00:00+00:00, run_after=2026-07-20 00:00:00+00:00
[2026-07-19T15:54:07.196+0000] {processor.py:183} INFO - Processing /opt/airflow/dags/crypto_pipeline_dag.py took 0.049 seconds
[2026-07-19T15:54:37.337+0000] {processor.py:161} INFO - Started process (PID=533) to work on /opt/airflow/dags/crypto_pipeline_dag.py
[2026-07-19T15:54:37.338+0000] {processor.py:830} INFO - Processing file /opt/airflow/dags/crypto_pipeline_dag.py for tasks to queue
[2026-07-19T15:54:37.339+0000] {logging_mixin.py:188} INFO - [2026-07-19T15:54:37.339+0000] {dagbag.py:545} INFO - Filling up the DagBag from /opt/airflow/dags/crypto_pipeline_dag.py
[2026-07-19T15:54:37.349+0000] {processor.py:840} INFO - DAG(s) 'crypto_daily_pipeline' retrieved from /opt/airflow/dags/crypto_pipeline_dag.py
[2026-07-19T15:54:37.367+0000] {logging_mixin.py:188} INFO - [2026-07-19T15:54:37.367+0000] {dag.py:3089} INFO - Sync 1 DAGs
[2026-07-19T15:54:37.376+0000] {logging_mixin.py:188} INFO - [2026-07-19T15:54:37.376+0000] {dag.py:3947} INFO - Setting next_dagrun for crypto_daily_pipeline to 2026-07-19 00:00:00+00:00, run_after=2026-07-20 00:00:00+00:00
[2026-07-19T15:54:37.382+0000] {processor.py:183} INFO - Processing /opt/airflow/dags/crypto_pipeline_dag.py took 0.051 seconds
[2026-07-19T15:55:07.523+0000] {processor.py:161} INFO - Started process (PID=538) to work on /opt/airflow/dags/crypto_pipeline_dag.py
[2026-07-19T15:55:07.524+0000] {processor.py:830} INFO - Processing file /opt/airflow/dags/crypto_pipeline_dag.py for tasks to queue
[2026-07-19T15:55:07.526+0000] {logging_mixin.py:188} INFO - [2026-07-19T15:55:07.525+0000] {dagbag.py:545} INFO - Filling up the DagBag from /opt/airflow/dags/crypto_pipeline_dag.py
[2026-07-19T15:55:07.534+0000] {processor.py:840} INFO - DAG(s) 'crypto_daily_pipeline' retrieved from /opt/airflow/dags/crypto_pipeline_dag.py
[2026-07-19T15:55:07.551+0000] {logging_mixin.py:188} INFO - [2026-07-19T15:55:07.551+0000] {dag.py:3089} INFO - Sync 1 DAGs
[2026-07-19T15:55:07.562+0000] {logging_mixin.py:188} INFO - [2026-07-19T15:55:07.562+0000] {dag.py:3947} INFO - Setting next_dagrun for crypto_daily_pipeline to 2026-07-19 00:00:00+00:00, run_after=2026-07-20 00:00:00+00:00
[2026-07-19T15:55:07.569+0000] {processor.py:183} INFO - Processing /opt/airflow/dags/crypto_pipeline_dag.py took 0.049 seconds
[2026-07-19T15:55:37.710+0000] {processor.py:161} INFO - Started process (PID=543) to work on /opt/airflow/dags/crypto_pipeline_dag.py
[2026-07-19T15:55:37.711+0000] {processor.py:830} INFO - Processing file /opt/airflow/dags/crypto_pipeline_dag.py for tasks to queue
[2026-07-19T15:55:37.713+0000] {logging_mixin.py:188} INFO - [2026-07-19T15:55:37.712+0000] {dagbag.py:545} INFO - Filling up the DagBag from /opt/airflow/dags/crypto_pipeline_dag.py
[2026-07-19T15:55:37.725+0000] {processor.py:840} INFO - DAG(s) 'crypto_daily_pipeline' retrieved from /opt/airflow/dags/crypto_pipeline_dag.py
[2026-07-19T15:55:37.745+0000] {logging_mixin.py:188} INFO - [2026-07-19T15:55:37.745+0000] {dag.py:3089} INFO - Sync 1 DAGs
[2026-07-19T15:55:37.756+0000] {logging_mixin.py:188} INFO - [2026-07-19T15:55:37.756+0000] {dag.py:3947} INFO - Setting next_dagrun for crypto_daily_pipeline to 2026-07-19 00:00:00+00:00, run_after=2026-07-20 00:00:00+00:00
[2026-07-19T15:55:37.762+0000] {processor.py:183} INFO - Processing /opt/airflow/dags/crypto_pipeline_dag.py took 0.060 seconds
[2026-07-19T15:56:07.904+0000] {processor.py:161} INFO - Started process (PID=548) to work on /opt/airflow/dags/crypto_pipeline_dag.py
[2026-07-19T15:56:07.905+0000] {processor.py:830} INFO - Processing file /opt/airflow/dags/crypto_pipeline_dag.py for tasks to queue
[2026-07-19T15:56:07.906+0000] {logging_mixin.py:188} INFO - [2026-07-19T15:56:07.906+0000] {dagbag.py:545} INFO - Filling up the DagBag from /opt/airflow/dags/crypto_pipeline_dag.py
[2026-07-19T15:56:07.916+0000] {processor.py:840} INFO - DAG(s) 'crypto_daily_pipeline' retrieved from /opt/airflow/dags/crypto_pipeline_dag.py
[2026-07-19T15:56:07.934+0000] {logging_mixin.py:188} INFO - [2026-07-19T15:56:07.934+0000] {dag.py:3089} INFO - Sync 1 DAGs
[2026-07-19T15:56:07.944+0000] {logging_mixin.py:188} INFO - [2026-07-19T15:56:07.944+0000] {dag.py:3947} INFO - Setting next_dagrun for crypto_daily_pipeline to 2026-07-19 00:00:00+00:00, run_after=2026-07-20 00:00:00+00:00
[2026-07-19T15:56:07.950+0000] {processor.py:183} INFO - Processing /opt/airflow/dags/crypto_pipeline_dag.py took 0.053 seconds
[2026-07-19T15:56:38.090+0000] {processor.py:161} INFO - Started process (PID=553) to work on /opt/airflow/dags/crypto_pipeline_dag.py
[2026-07-19T15:56:38.091+0000] {processor.py:830} INFO - Processing file /opt/airflow/dags/crypto_pipeline_dag.py for tasks to queue
[2026-07-19T15:56:38.092+0000] {logging_mixin.py:188} INFO - [2026-07-19T15:56:38.092+0000] {dagbag.py:545} INFO - Filling up the DagBag from /opt/airflow/dags/crypto_pipeline_dag.py
[2026-07-19T15:56:38.102+0000] {processor.py:840} INFO - DAG(s) 'crypto_daily_pipeline' retrieved from /opt/airflow/dags/crypto_pipeline_dag.py
[2026-07-19T15:56:38.123+0000] {logging_mixin.py:188} INFO - [2026-07-19T15:56:38.123+0000] {dag.py:3089} INFO - Sync 1 DAGs
[2026-07-19T15:56:38.134+0000] {logging_mixin.py:188} INFO - [2026-07-19T15:56:38.134+0000] {dag.py:3947} INFO - Setting next_dagrun for crypto_daily_pipeline to 2026-07-19 00:00:00+00:00, run_after=2026-07-20 00:00:00+00:00
[2026-07-19T15:56:38.140+0000] {processor.py:183} INFO - Processing /opt/airflow/dags/crypto_pipeline_dag.py took 0.056 seconds
[2026-07-19T15:57:08.269+0000] {processor.py:161} INFO - Started process (PID=558) to work on /opt/airflow/dags/crypto_pipeline_dag.py
[2026-07-19T15:57:08.270+0000] {processor.py:830} INFO - Processing file /opt/airflow/dags/crypto_pipeline_dag.py for tasks to queue
[2026-07-19T15:57:08.271+0000] {logging_mixin.py:188} INFO - [2026-07-19T15:57:08.271+0000] {dagbag.py:545} INFO - Filling up the DagBag from /opt/airflow/dags/crypto_pipeline_dag.py
[2026-07-19T15:57:08.281+0000] {processor.py:840} INFO - DAG(s) 'crypto_daily_pipeline' retrieved from /opt/airflow/dags/crypto_pipeline_dag.py
[2026-07-19T15:57:08.298+0000] {logging_mixin.py:188} INFO - [2026-07-19T15:57:08.298+0000] {dag.py:3089} INFO - Sync 1 DAGs
[2026-07-19T15:57:08.307+0000] {logging_mixin.py:188} INFO - [2026-07-19T15:57:08.307+0000] {dag.py:3947} INFO - Setting next_dagrun for crypto_daily_pipeline to 2026-07-19 00:00:00+00:00, run_after=2026-07-20 00:00:00+00:00
[2026-07-19T15:57:08.314+0000] {processor.py:183} INFO - Processing /opt/airflow/dags/crypto_pipeline_dag.py took 0.049 seconds
[2026-07-19T15:57:38.446+0000] {processor.py:161} INFO - Started process (PID=563) to work on /opt/airflow/dags/crypto_pipeline_dag.py
[2026-07-19T15:57:38.447+0000] {processor.py:830} INFO - Processing file /opt/airflow/dags/crypto_pipeline_dag.py for tasks to queue
[2026-07-19T15:57:38.449+0000] {logging_mixin.py:188} INFO - [2026-07-19T15:57:38.448+0000] {dagbag.py:545} INFO - Filling up the DagBag from /opt/airflow/dags/crypto_pipeline_dag.py
[2026-07-19T15:57:38.461+0000] {processor.py:840} INFO - DAG(s) 'crypto_daily_pipeline' retrieved from /opt/airflow/dags/crypto_pipeline_dag.py
[2026-07-19T15:57:38.479+0000] {logging_mixin.py:188} INFO - [2026-07-19T15:57:38.479+0000] {dag.py:3089} INFO - Sync 1 DAGs
[2026-07-19T15:57:38.488+0000] {logging_mixin.py:188} INFO - [2026-07-19T15:57:38.488+0000] {dag.py:3947} INFO - Setting next_dagrun for crypto_daily_pipeline to 2026-07-19 00:00:00+00:00, run_after=2026-07-20 00:00:00+00:00
[2026-07-19T15:57:38.495+0000] {processor.py:183} INFO - Processing /opt/airflow/dags/crypto_pipeline_dag.py took 0.053 seconds
[2026-07-19T15:58:08.662+0000] {processor.py:161} INFO - Started process (PID=568) to work on /opt/airflow/dags/crypto_pipeline_dag.py
[2026-07-19T15:58:08.663+0000] {processor.py:830} INFO - Processing file /opt/airflow/dags/crypto_pipeline_dag.py for tasks to queue
[2026-07-19T15:58:08.666+0000] {logging_mixin.py:188} INFO - [2026-07-19T15:58:08.666+0000] {dagbag.py:545} INFO - Filling up the DagBag from /opt/airflow/dags/crypto_pipeline_dag.py
[2026-07-19T15:58:08.681+0000] {processor.py:840} INFO - DAG(s) 'crypto_daily_pipeline' retrieved from /opt/airflow/dags/crypto_pipeline_dag.py
[2026-07-19T15:58:08.706+0000] {logging_mixin.py:188} INFO - [2026-07-19T15:58:08.706+0000] {dag.py:3089} INFO - Sync 1 DAGs
[2026-07-19T15:58:08.716+0000] {logging_mixin.py:188} INFO - [2026-07-19T15:58:08.716+0000] {dag.py:3947} INFO - Setting next_dagrun for crypto_daily_pipeline to 2026-07-19 00:00:00+00:00, run_after=2026-07-20 00:00:00+00:00
[2026-07-19T15:58:08.722+0000] {processor.py:183} INFO - Processing /opt/airflow/dags/crypto_pipeline_dag.py took 0.068 seconds
[2026-07-19T15:58:38.865+0000] {processor.py:161} INFO - Started process (PID=573) to work on /opt/airflow/dags/crypto_pipeline_dag.py
[2026-07-19T15:58:38.866+0000] {processor.py:830} INFO - Processing file /opt/airflow/dags/crypto_pipeline_dag.py for tasks to queue
[2026-07-19T15:58:38.867+0000] {logging_mixin.py:188} INFO - [2026-07-19T15:58:38.867+0000] {dagbag.py:545} INFO - Filling up the DagBag from /opt/airflow/dags/crypto_pipeline_dag.py
[2026-07-19T15:58:38.876+0000] {processor.py:840} INFO - DAG(s) 'crypto_daily_pipeline' retrieved from /opt/airflow/dags/crypto_pipeline_dag.py
[2026-07-19T15:58:38.895+0000] {logging_mixin.py:188} INFO - [2026-07-19T15:58:38.895+0000] {dag.py:3089} INFO - Sync 1 DAGs
[2026-07-19T15:58:38.905+0000] {logging_mixin.py:188} INFO - [2026-07-19T15:58:38.905+0000] {dag.py:3947} INFO - Setting next_dagrun for crypto_daily_pipeline to 2026-07-19 00:00:00+00:00, run_after=2026-07-20 00:00:00+00:00
[2026-07-19T15:58:38.911+0000] {processor.py:183} INFO - Processing /opt/airflow/dags/crypto_pipeline_dag.py took 0.050 seconds
[2026-07-19T15:59:09.062+0000] {processor.py:161} INFO - Started process (PID=578) to work on /opt/airflow/dags/crypto_pipeline_dag.py
[2026-07-19T15:59:09.063+0000] {processor.py:830} INFO - Processing file /opt/airflow/dags/crypto_pipeline_dag.py for tasks to queue
[2026-07-19T15:59:09.064+0000] {logging_mixin.py:188} INFO - [2026-07-19T15:59:09.064+0000] {dagbag.py:545} INFO - Filling up the DagBag from /opt/airflow/dags/crypto_pipeline_dag.py
[2026-07-19T15:59:09.072+0000] {processor.py:840} INFO - DAG(s) 'crypto_daily_pipeline' retrieved from /opt/airflow/dags/crypto_pipeline_dag.py
[2026-07-19T15:59:09.090+0000] {logging_mixin.py:188} INFO - [2026-07-19T15:59:09.090+0000] {dag.py:3089} INFO - Sync 1 DAGs
[2026-07-19T15:59:09.101+0000] {logging_mixin.py:188} INFO - [2026-07-19T15:59:09.100+0000] {dag.py:3947} INFO - Setting next_dagrun for crypto_daily_pipeline to 2026-07-19 00:00:00+00:00, run_after=2026-07-20 00:00:00+00:00
[2026-07-19T15:59:09.106+0000] {processor.py:183} INFO - Processing /opt/airflow/dags/crypto_pipeline_dag.py took 0.049 seconds
[2026-07-19T15:59:39.235+0000] {processor.py:161} INFO - Started process (PID=583) to work on /opt/airflow/dags/crypto_pipeline_dag.py
[2026-07-19T15:59:39.236+0000] {processor.py:830} INFO - Processing file /opt/airflow/dags/crypto_pipeline_dag.py for tasks to queue
[2026-07-19T15:59:39.239+0000] {logging_mixin.py:188} INFO - [2026-07-19T15:59:39.239+0000] {dagbag.py:545} INFO - Filling up the DagBag from /opt/airflow/dags/crypto_pipeline_dag.py
[2026-07-19T15:59:39.249+0000] {processor.py:840} INFO - DAG(s) 'crypto_daily_pipeline' retrieved from /opt/airflow/dags/crypto_pipeline_dag.py
[2026-07-19T15:59:39.267+0000] {logging_mixin.py:188} INFO - [2026-07-19T15:59:39.267+0000] {dag.py:3089} INFO - Sync 1 DAGs
[2026-07-19T15:59:39.276+0000] {logging_mixin.py:188} INFO - [2026-07-19T15:59:39.276+0000] {dag.py:3947} INFO - Setting next_dagrun for crypto_daily_pipeline to 2026-07-19 00:00:00+00:00, run_after=2026-07-20 00:00:00+00:00
[2026-07-19T15:59:39.282+0000] {processor.py:183} INFO - Processing /opt/airflow/dags/crypto_pipeline_dag.py took 0.052 seconds
[2026-07-19T16:00:09.424+0000] {processor.py:161} INFO - Started process (PID=588) to work on /opt/airflow/dags/crypto_pipeline_dag.py
[2026-07-19T16:00:09.425+0000] {processor.py:830} INFO - Processing file /opt/airflow/dags/crypto_pipeline_dag.py for tasks to queue
[2026-07-19T16:00:09.426+0000] {logging_mixin.py:188} INFO - [2026-07-19T16:00:09.426+0000] {dagbag.py:545} INFO - Filling up the DagBag from /opt/airflow/dags/crypto_pipeline_dag.py
[2026-07-19T16:00:09.435+0000] {processor.py:840} INFO - DAG(s) 'crypto_daily_pipeline' retrieved from /opt/airflow/dags/crypto_pipeline_dag.py
[2026-07-19T16:00:09.454+0000] {logging_mixin.py:188} INFO - [2026-07-19T16:00:09.453+0000] {dag.py:3089} INFO - Sync 1 DAGs
[2026-07-19T16:00:09.463+0000] {logging_mixin.py:188} INFO - [2026-07-19T16:00:09.463+0000] {dag.py:3947} INFO - Setting next_dagrun for crypto_daily_pipeline to 2026-07-19 00:00:00+00:00, run_after=2026-07-20 00:00:00+00:00
[2026-07-19T16:00:09.470+0000] {processor.py:183} INFO - Processing /opt/airflow/dags/crypto_pipeline_dag.py took 0.051 seconds
[2026-07-19T16:00:39.633+0000] {processor.py:161} INFO - Started process (PID=593) to work on /opt/airflow/dags/crypto_pipeline_dag.py
[2026-07-19T16:00:39.634+0000] {processor.py:830} INFO - Processing file /opt/airflow/dags/crypto_pipeline_dag.py for tasks to queue
[2026-07-19T16:00:39.636+0000] {logging_mixin.py:188} INFO - [2026-07-19T16:00:39.635+0000] {dagbag.py:545} INFO - Filling up the DagBag from /opt/airflow/dags/crypto_pipeline_dag.py
[2026-07-19T16:00:39.649+0000] {processor.py:840} INFO - DAG(s) 'crypto_daily_pipeline' retrieved from /opt/airflow/dags/crypto_pipeline_dag.py
[2026-07-19T16:00:39.671+0000] {logging_mixin.py:188} INFO - [2026-07-19T16:00:39.671+0000] {dag.py:3089} INFO - Sync 1 DAGs
[2026-07-19T16:00:39.680+0000] {logging_mixin.py:188} INFO - [2026-07-19T16:00:39.680+0000] {dag.py:3947} INFO - Setting next_dagrun for crypto_daily_pipeline to 2026-07-19 00:00:00+00:00, run_after=2026-07-20 00:00:00+00:00
[2026-07-19T16:00:39.687+0000] {processor.py:183} INFO - Processing /opt/airflow/dags/crypto_pipeline_dag.py took 0.061 seconds
[2026-07-19T16:01:09.818+0000] {processor.py:161} INFO - Started process (PID=598) to work on /opt/airflow/dags/crypto_pipeline_dag.py
[2026-07-19T16:01:09.819+0000] {processor.py:830} INFO - Processing file /opt/airflow/dags/crypto_pipeline_dag.py for tasks to queue
[2026-07-19T16:01:09.820+0000] {logging_mixin.py:188} INFO - [2026-07-19T16:01:09.820+0000] {dagbag.py:545} INFO - Filling up the DagBag from /opt/airflow/dags/crypto_pipeline_dag.py
[2026-07-19T16:01:09.830+0000] {processor.py:840} INFO - DAG(s) 'crypto_daily_pipeline' retrieved from /opt/airflow/dags/crypto_pipeline_dag.py
[2026-07-19T16:01:09.850+0000] {logging_mixin.py:188} INFO - [2026-07-19T16:01:09.850+0000] {dag.py:3089} INFO - Sync 1 DAGs
[2026-07-19T16:01:09.860+0000] {logging_mixin.py:188} INFO - [2026-07-19T16:01:09.860+0000] {dag.py:3947} INFO - Setting next_dagrun for crypto_daily_pipeline to 2026-07-19 00:00:00+00:00, run_after=2026-07-20 00:00:00+00:00
[2026-07-19T16:01:09.866+0000] {processor.py:183} INFO - Processing /opt/airflow/dags/crypto_pipeline_dag.py took 0.053 seconds
[2026-07-19T16:01:40.005+0000] {processor.py:161} INFO - Started process (PID=603) to work on /opt/airflow/dags/crypto_pipeline_dag.py
[2026-07-19T16:01:40.006+0000] {processor.py:830} INFO - Processing file /opt/airflow/dags/crypto_pipeline_dag.py for tasks to queue
[2026-07-19T16:01:40.008+0000] {logging_mixin.py:188} INFO - [2026-07-19T16:01:40.007+0000] {dagbag.py:545} INFO - Filling up the DagBag from /opt/airflow/dags/crypto_pipeline_dag.py
[2026-07-19T16:01:40.018+0000] {processor.py:840} INFO - DAG(s) 'crypto_daily_pipeline' retrieved from /opt/airflow/dags/crypto_pipeline_dag.py
[2026-07-19T16:01:40.038+0000] {logging_mixin.py:188} INFO - [2026-07-19T16:01:40.037+0000] {dag.py:3089} INFO - Sync 1 DAGs
[2026-07-19T16:01:40.048+0000] {logging_mixin.py:188} INFO - [2026-07-19T16:01:40.048+0000] {dag.py:3947} INFO - Setting next_dagrun for crypto_daily_pipeline to 2026-07-19 00:00:00+00:00, run_after=2026-07-20 00:00:00+00:00
[2026-07-19T16:01:40.055+0000] {processor.py:183} INFO - Processing /opt/airflow/dags/crypto_pipeline_dag.py took 0.055 seconds
[2026-07-19T16:02:10.217+0000] {processor.py:161} INFO - Started process (PID=608) to work on /opt/airflow/dags/crypto_pipeline_dag.py
[2026-07-19T16:02:10.217+0000] {processor.py:830} INFO - Processing file /opt/airflow/dags/crypto_pipeline_dag.py for tasks to queue
[2026-07-19T16:02:10.219+0000] {logging_mixin.py:188} INFO - [2026-07-19T16:02:10.219+0000] {dagbag.py:545} INFO - Filling up the DagBag from /opt/airflow/dags/crypto_pipeline_dag.py
[2026-07-19T16:02:10.228+0000] {processor.py:840} INFO - DAG(s) 'crypto_daily_pipeline' retrieved from /opt/airflow/dags/crypto_pipeline_dag.py
[2026-07-19T16:02:10.253+0000] {logging_mixin.py:188} INFO - [2026-07-19T16:02:10.253+0000] {dag.py:3089} INFO - Sync 1 DAGs
[2026-07-19T16:02:10.267+0000] {logging_mixin.py:188} INFO - [2026-07-19T16:02:10.267+0000] {dag.py:3947} INFO - Setting next_dagrun for crypto_daily_pipeline to 2026-07-19 00:00:00+00:00, run_after=2026-07-20 00:00:00+00:00
[2026-07-19T16:02:10.273+0000] {processor.py:183} INFO - Processing /opt/airflow/dags/crypto_pipeline_dag.py took 0.061 seconds
[2026-07-19T16:02:40.400+0000] {processor.py:161} INFO - Started process (PID=613) to work on /opt/airflow/dags/crypto_pipeline_dag.py
[2026-07-19T16:02:40.400+0000] {processor.py:830} INFO - Processing file /opt/airflow/dags/crypto_pipeline_dag.py for tasks to queue
[2026-07-19T16:02:40.402+0000] {logging_mixin.py:188} INFO - [2026-07-19T16:02:40.402+0000] {dagbag.py:545} INFO - Filling up the DagBag from /opt/airflow/dags/crypto_pipeline_dag.py
[2026-07-19T16:02:40.413+0000] {processor.py:840} INFO - DAG(s) 'crypto_daily_pipeline' retrieved from /opt/airflow/dags/crypto_pipeline_dag.py
[2026-07-19T16:02:40.432+0000] {logging_mixin.py:188} INFO - [2026-07-19T16:02:40.431+0000] {dag.py:3089} INFO - Sync 1 DAGs
[2026-07-19T16:02:40.443+0000] {logging_mixin.py:188} INFO - [2026-07-19T16:02:40.443+0000] {dag.py:3947} INFO - Setting next_dagrun for crypto_daily_pipeline to 2026-07-19 00:00:00+00:00, run_after=2026-07-20 00:00:00+00:00
[2026-07-19T16:02:40.449+0000] {processor.py:183} INFO - Processing /opt/airflow/dags/crypto_pipeline_dag.py took 0.055 seconds
[2026-07-19T16:03:10.575+0000] {processor.py:161} INFO - Started process (PID=618) to work on /opt/airflow/dags/crypto_pipeline_dag.py
[2026-07-19T16:03:10.575+0000] {processor.py:830} INFO - Processing file /opt/airflow/dags/crypto_pipeline_dag.py for tasks to queue
[2026-07-19T16:03:10.575+0000] {logging_mixin.py:188} INFO - [2026-07-19T16:03:10.575+0000] {dagbag.py:545} INFO - Filling up the DagBag from /opt/airflow/dags/crypto_pipeline_dag.py
[2026-07-19T16:03:10.579+0000] {processor.py:840} INFO - DAG(s) 'crypto_daily_pipeline' retrieved from /opt/airflow/dags/crypto_pipeline_dag.py
[2026-07-19T16:03:10.589+0000] {logging_mixin.py:188} INFO - [2026-07-19T16:03:10.589+0000] {dag.py:3089} INFO - Sync 1 DAGs
[2026-07-19T16:03:10.596+0000] {logging_mixin.py:188} INFO - [2026-07-19T16:03:10.596+0000] {dag.py:3947} INFO - Setting next_dagrun for crypto_daily_pipeline to 2026-07-19 00:00:00+00:00, run_after=2026-07-20 00:00:00+00:00
[2026-07-19T16:03:10.601+0000] {processor.py:183} INFO - Processing /opt/airflow/dags/crypto_pipeline_dag.py took 0.029 seconds
[2026-07-19T16:03:40.769+0000] {processor.py:161} INFO - Started process (PID=623) to work on /opt/airflow/dags/crypto_pipeline_dag.py
[2026-07-19T16:03:40.770+0000] {processor.py:830} INFO - Processing file /opt/airflow/dags/crypto_pipeline_dag.py for tasks to queue
[2026-07-19T16:03:40.772+0000] {logging_mixin.py:188} INFO - [2026-07-19T16:03:40.771+0000] {dagbag.py:545} INFO - Filling up the DagBag from /opt/airflow/dags/crypto_pipeline_dag.py
[2026-07-19T16:03:40.783+0000] {processor.py:840} INFO - DAG(s) 'crypto_daily_pipeline' retrieved from /opt/airflow/dags/crypto_pipeline_dag.py
[2026-07-19T16:03:40.801+0000] {logging_mixin.py:188} INFO - [2026-07-19T16:03:40.801+0000] {dag.py:3089} INFO - Sync 1 DAGs
[2026-07-19T16:03:40.812+0000] {logging_mixin.py:188} INFO - [2026-07-19T16:03:40.812+0000] {dag.py:3947} INFO - Setting next_dagrun for crypto_daily_pipeline to 2026-07-19 00:00:00+00:00, run_after=2026-07-20 00:00:00+00:00
[2026-07-19T16:03:40.819+0000] {processor.py:183} INFO - Processing /opt/airflow/dags/crypto_pipeline_dag.py took 0.054 seconds
[2026-07-19T16:04:10.974+0000] {processor.py:161} INFO - Started process (PID=628) to work on /opt/airflow/dags/crypto_pipeline_dag.py
[2026-07-19T16:04:10.974+0000] {processor.py:830} INFO - Processing file /opt/airflow/dags/crypto_pipeline_dag.py for tasks to queue
[2026-07-19T16:04:10.976+0000] {logging_mixin.py:188} INFO - [2026-07-19T16:04:10.976+0000] {dagbag.py:545} INFO - Filling up the DagBag from /opt/airflow/dags/crypto_pipeline_dag.py
[2026-07-19T16:04:10.984+0000] {processor.py:840} INFO - DAG(s) 'crypto_daily_pipeline' retrieved from /opt/airflow/dags/crypto_pipeline_dag.py
[2026-07-19T16:04:11.001+0000] {logging_mixin.py:188} INFO - [2026-07-19T16:04:11.001+0000] {dag.py:3089} INFO - Sync 1 DAGs
[2026-07-19T16:04:11.011+0000] {logging_mixin.py:188} INFO - [2026-07-19T16:04:11.011+0000] {dag.py:3947} INFO - Setting next_dagrun for crypto_daily_pipeline to 2026-07-19 00:00:00+00:00, run_after=2026-07-20 00:00:00+00:00
[2026-07-19T16:04:11.017+0000] {processor.py:183} INFO - Processing /opt/airflow/dags/crypto_pipeline_dag.py took 0.048 seconds
[2026-07-19T16:04:41.162+0000] {processor.py:161} INFO - Started process (PID=633) to work on /opt/airflow/dags/crypto_pipeline_dag.py
[2026-07-19T16:04:41.164+0000] {processor.py:830} INFO - Processing file /opt/airflow/dags/crypto_pipeline_dag.py for tasks to queue
[2026-07-19T16:04:41.166+0000] {logging_mixin.py:188} INFO - [2026-07-19T16:04:41.166+0000] {dagbag.py:545} INFO - Filling up the DagBag from /opt/airflow/dags/crypto_pipeline_dag.py
[2026-07-19T16:04:41.178+0000] {processor.py:840} INFO - DAG(s) 'crypto_daily_pipeline' retrieved from /opt/airflow/dags/crypto_pipeline_dag.py
[2026-07-19T16:04:41.199+0000] {logging_mixin.py:188} INFO - [2026-07-19T16:04:41.198+0000] {dag.py:3089} INFO - Sync 1 DAGs
[2026-07-19T16:04:41.209+0000] {logging_mixin.py:188} INFO - [2026-07-19T16:04:41.208+0000] {dag.py:3947} INFO - Setting next_dagrun for crypto_daily_pipeline to 2026-07-19 00:00:00+00:00, run_after=2026-07-20 00:00:00+00:00
[2026-07-19T16:04:41.215+0000] {processor.py:183} INFO - Processing /opt/airflow/dags/crypto_pipeline_dag.py took 0.060 seconds
[2026-07-19T16:05:11.336+0000] {processor.py:161} INFO - Started process (PID=638) to work on /opt/airflow/dags/crypto_pipeline_dag.py
[2026-07-19T16:05:11.337+0000] {processor.py:830} INFO - Processing file /opt/airflow/dags/crypto_pipeline_dag.py for tasks to queue
[2026-07-19T16:05:11.337+0000] {logging_mixin.py:188} INFO - [2026-07-19T16:05:11.337+0000] {dagbag.py:545} INFO - Filling up the DagBag from /opt/airflow/dags/crypto_pipeline_dag.py
[2026-07-19T16:05:11.343+0000] {processor.py:840} INFO - DAG(s) 'crypto_daily_pipeline' retrieved from /opt/airflow/dags/crypto_pipeline_dag.py
[2026-07-19T16:05:11.359+0000] {logging_mixin.py:188} INFO - [2026-07-19T16:05:11.359+0000] {dag.py:3089} INFO - Sync 1 DAGs
[2026-07-19T16:05:11.366+0000] {logging_mixin.py:188} INFO - [2026-07-19T16:05:11.366+0000] {dag.py:3947} INFO - Setting next_dagrun for crypto_daily_pipeline to 2026-07-19 00:00:00+00:00, run_after=2026-07-20 00:00:00+00:00
[2026-07-19T16:05:11.372+0000] {processor.py:183} INFO - Processing /opt/airflow/dags/crypto_pipeline_dag.py took 0.039 seconds
[2026-07-19T16:05:41.543+0000] {processor.py:161} INFO - Started process (PID=643) to work on /opt/airflow/dags/crypto_pipeline_dag.py
[2026-07-19T16:05:41.544+0000] {processor.py:830} INFO - Processing file /opt/airflow/dags/crypto_pipeline_dag.py for tasks to queue
[2026-07-19T16:05:41.545+0000] {logging_mixin.py:188} INFO - [2026-07-19T16:05:41.544+0000] {dagbag.py:545} INFO - Filling up the DagBag from /opt/airflow/dags/crypto_pipeline_dag.py
[2026-07-19T16:05:41.552+0000] {processor.py:840} INFO - DAG(s) 'crypto_daily_pipeline' retrieved from /opt/airflow/dags/crypto_pipeline_dag.py
[2026-07-19T16:05:41.568+0000] {logging_mixin.py:188} INFO - [2026-07-19T16:05:41.568+0000] {dag.py:3089} INFO - Sync 1 DAGs
[2026-07-19T16:05:41.578+0000] {logging_mixin.py:188} INFO - [2026-07-19T16:05:41.578+0000] {dag.py:3947} INFO - Setting next_dagrun for crypto_daily_pipeline to 2026-07-19 00:00:00+00:00, run_after=2026-07-20 00:00:00+00:00
[2026-07-19T16:05:41.585+0000] {processor.py:183} INFO - Processing /opt/airflow/dags/crypto_pipeline_dag.py took 0.046 seconds
[2026-07-19T16:06:11.733+0000] {processor.py:161} INFO - Started process (PID=648) to work on /opt/airflow/dags/crypto_pipeline_dag.py
[2026-07-19T16:06:11.733+0000] {processor.py:830} INFO - Processing file /opt/airflow/dags/crypto_pipeline_dag.py for tasks to queue
[2026-07-19T16:06:11.734+0000] {logging_mixin.py:188} INFO - [2026-07-19T16:06:11.734+0000] {dagbag.py:545} INFO - Filling up the DagBag from /opt/airflow/dags/crypto_pipeline_dag.py
[2026-07-19T16:06:11.740+0000] {processor.py:840} INFO - DAG(s) 'crypto_daily_pipeline' retrieved from /opt/airflow/dags/crypto_pipeline_dag.py
[2026-07-19T16:06:11.753+0000] {logging_mixin.py:188} INFO - [2026-07-19T16:06:11.753+0000] {dag.py:3089} INFO - Sync 1 DAGs
[2026-07-19T16:06:11.763+0000] {logging_mixin.py:188} INFO - [2026-07-19T16:06:11.763+0000] {dag.py:3947} INFO - Setting next_dagrun for crypto_daily_pipeline to 2026-07-19 00:00:00+00:00, run_after=2026-07-20 00:00:00+00:00
[2026-07-19T16:06:11.770+0000] {processor.py:183} INFO - Processing /opt/airflow/dags/crypto_pipeline_dag.py took 0.040 seconds
[2026-07-19T16:06:41.918+0000] {processor.py:161} INFO - Started process (PID=653) to work on /opt/airflow/dags/crypto_pipeline_dag.py
[2026-07-19T16:06:41.918+0000] {processor.py:830} INFO - Processing file /opt/airflow/dags/crypto_pipeline_dag.py for tasks to queue
[2026-07-19T16:06:41.920+0000] {logging_mixin.py:188} INFO - [2026-07-19T16:06:41.919+0000] {dagbag.py:545} INFO - Filling up the DagBag from /opt/airflow/dags/crypto_pipeline_dag.py
[2026-07-19T16:06:41.927+0000] {processor.py:840} INFO - DAG(s) 'crypto_daily_pipeline' retrieved from /opt/airflow/dags/crypto_pipeline_dag.py
[2026-07-19T16:06:41.942+0000] {logging_mixin.py:188} INFO - [2026-07-19T16:06:41.942+0000] {dag.py:3089} INFO - Sync 1 DAGs
[2026-07-19T16:06:41.951+0000] {logging_mixin.py:188} INFO - [2026-07-19T16:06:41.951+0000] {dag.py:3947} INFO - Setting next_dagrun for crypto_daily_pipeline to 2026-07-19 00:00:00+00:00, run_after=2026-07-20 00:00:00+00:00
[2026-07-19T16:06:41.957+0000] {processor.py:183} INFO - Processing /opt/airflow/dags/crypto_pipeline_dag.py took 0.044 seconds
[2026-07-19T16:07:12.089+0000] {processor.py:161} INFO - Started process (PID=658) to work on /opt/airflow/dags/crypto_pipeline_dag.py
[2026-07-19T16:07:12.089+0000] {processor.py:830} INFO - Processing file /opt/airflow/dags/crypto_pipeline_dag.py for tasks to queue
[2026-07-19T16:07:12.090+0000] {logging_mixin.py:188} INFO - [2026-07-19T16:07:12.090+0000] {dagbag.py:545} INFO - Filling up the DagBag from /opt/airflow/dags/crypto_pipeline_dag.py
[2026-07-19T16:07:12.095+0000] {processor.py:840} INFO - DAG(s) 'crypto_daily_pipeline' retrieved from /opt/airflow/dags/crypto_pipeline_dag.py
[2026-07-19T16:07:12.106+0000] {logging_mixin.py:188} INFO - [2026-07-19T16:07:12.106+0000] {dag.py:3089} INFO - Sync 1 DAGs
[2026-07-19T16:07:12.113+0000] {logging_mixin.py:188} INFO - [2026-07-19T16:07:12.113+0000] {dag.py:3947} INFO - Setting next_dagrun for crypto_daily_pipeline to 2026-07-19 00:00:00+00:00, run_after=2026-07-20 00:00:00+00:00
[2026-07-19T16:07:12.121+0000] {processor.py:183} INFO - Processing /opt/airflow/dags/crypto_pipeline_dag.py took 0.036 seconds
[2026-07-19T16:07:42.251+0000] {processor.py:161} INFO - Started process (PID=663) to work on /opt/airflow/dags/crypto_pipeline_dag.py
[2026-07-19T16:07:42.251+0000] {processor.py:830} INFO - Processing file /opt/airflow/dags/crypto_pipeline_dag.py for tasks to queue
[2026-07-19T16:07:42.252+0000] {logging_mixin.py:188} INFO - [2026-07-19T16:07:42.252+0000] {dagbag.py:545} INFO - Filling up the DagBag from /opt/airflow/dags/crypto_pipeline_dag.py
[2026-07-19T16:07:42.257+0000] {processor.py:840} INFO - DAG(s) 'crypto_daily_pipeline' retrieved from /opt/airflow/dags/crypto_pipeline_dag.py
[2026-07-19T16:07:42.268+0000] {logging_mixin.py:188} INFO - [2026-07-19T16:07:42.268+0000] {dag.py:3089} INFO - Sync 1 DAGs
[2026-07-19T16:07:42.275+0000] {logging_mixin.py:188} INFO - [2026-07-19T16:07:42.275+0000] {dag.py:3947} INFO - Setting next_dagrun for crypto_daily_pipeline to 2026-07-19 00:00:00+00:00, run_after=2026-07-20 00:00:00+00:00
[2026-07-19T16:07:42.281+0000] {processor.py:183} INFO - Processing /opt/airflow/dags/crypto_pipeline_dag.py took 0.033 seconds
[2026-07-19T16:08:12.413+0000] {processor.py:161} INFO - Started process (PID=668) to work on /opt/airflow/dags/crypto_pipeline_dag.py
[2026-07-19T16:08:12.414+0000] {processor.py:830} INFO - Processing file /opt/airflow/dags/crypto_pipeline_dag.py for tasks to queue
[2026-07-19T16:08:12.415+0000] {logging_mixin.py:188} INFO - [2026-07-19T16:08:12.415+0000] {dagbag.py:545} INFO - Filling up the DagBag from /opt/airflow/dags/crypto_pipeline_dag.py
[2026-07-19T16:08:12.420+0000] {processor.py:840} INFO - DAG(s) 'crypto_daily_pipeline' retrieved from /opt/airflow/dags/crypto_pipeline_dag.py
[2026-07-19T16:08:12.431+0000] {logging_mixin.py:188} INFO - [2026-07-19T16:08:12.431+0000] {dag.py:3089} INFO - Sync 1 DAGs
[2026-07-19T16:08:12.438+0000] {logging_mixin.py:188} INFO - [2026-07-19T16:08:12.438+0000] {dag.py:3947} INFO - Setting next_dagrun for crypto_daily_pipeline to 2026-07-19 00:00:00+00:00, run_after=2026-07-20 00:00:00+00:00
[2026-07-19T16:08:12.443+0000] {processor.py:183} INFO - Processing /opt/airflow/dags/crypto_pipeline_dag.py took 0.035 seconds
[2026-07-19T16:08:42.581+0000] {processor.py:161} INFO - Started process (PID=673) to work on /opt/airflow/dags/crypto_pipeline_dag.py
[2026-07-19T16:08:42.582+0000] {processor.py:830} INFO - Processing file /opt/airflow/dags/crypto_pipeline_dag.py for tasks to queue
[2026-07-19T16:08:42.583+0000] {logging_mixin.py:188} INFO - [2026-07-19T16:08:42.583+0000] {dagbag.py:545} INFO - Filling up the DagBag from /opt/airflow/dags/crypto_pipeline_dag.py
[2026-07-19T16:08:42.588+0000] {processor.py:840} INFO - DAG(s) 'crypto_daily_pipeline' retrieved from /opt/airflow/dags/crypto_pipeline_dag.py
[2026-07-19T16:08:42.601+0000] {logging_mixin.py:188} INFO - [2026-07-19T16:08:42.601+0000] {dag.py:3089} INFO - Sync 1 DAGs
[2026-07-19T16:08:42.609+0000] {logging_mixin.py:188} INFO - [2026-07-19T16:08:42.609+0000] {dag.py:3947} INFO - Setting next_dagrun for crypto_daily_pipeline to 2026-07-19 00:00:00+00:00, run_after=2026-07-20 00:00:00+00:00
[2026-07-19T16:08:42.615+0000] {processor.py:183} INFO - Processing /opt/airflow/dags/crypto_pipeline_dag.py took 0.038 seconds
[2026-07-19T16:09:12.751+0000] {processor.py:161} INFO - Started process (PID=678) to work on /opt/airflow/dags/crypto_pipeline_dag.py
[2026-07-19T16:09:12.751+0000] {processor.py:830} INFO - Processing file /opt/airflow/dags/crypto_pipeline_dag.py for tasks to queue
[2026-07-19T16:09:12.752+0000] {logging_mixin.py:188} INFO - [2026-07-19T16:09:12.752+0000] {dagbag.py:545} INFO - Filling up the DagBag from /opt/airflow/dags/crypto_pipeline_dag.py
[2026-07-19T16:09:12.757+0000] {processor.py:840} INFO - DAG(s) 'crypto_daily_pipeline' retrieved from /opt/airflow/dags/crypto_pipeline_dag.py
[2026-07-19T16:09:12.770+0000] {logging_mixin.py:188} INFO - [2026-07-19T16:09:12.769+0000] {dag.py:3089} INFO - Sync 1 DAGs
[2026-07-19T16:09:12.780+0000] {logging_mixin.py:188} INFO - [2026-07-19T16:09:12.780+0000] {dag.py:3947} INFO - Setting next_dagrun for crypto_daily_pipeline to 2026-07-19 00:00:00+00:00, run_after=2026-07-20 00:00:00+00:00
[2026-07-19T16:09:12.787+0000] {processor.py:183} INFO - Processing /opt/airflow/dags/crypto_pipeline_dag.py took 0.041 seconds
[2026-07-19T16:09:42.922+0000] {processor.py:161} INFO - Started process (PID=683) to work on /opt/airflow/dags/crypto_pipeline_dag.py
[2026-07-19T16:09:42.923+0000] {processor.py:830} INFO - Processing file /opt/airflow/dags/crypto_pipeline_dag.py for tasks to queue
[2026-07-19T16:09:42.924+0000] {logging_mixin.py:188} INFO - [2026-07-19T16:09:42.923+0000] {dagbag.py:545} INFO - Filling up the DagBag from /opt/airflow/dags/crypto_pipeline_dag.py
[2026-07-19T16:09:42.929+0000] {processor.py:840} INFO - DAG(s) 'crypto_daily_pipeline' retrieved from /opt/airflow/dags/crypto_pipeline_dag.py
[2026-07-19T16:09:42.940+0000] {logging_mixin.py:188} INFO - [2026-07-19T16:09:42.940+0000] {dag.py:3089} INFO - Sync 1 DAGs
[2026-07-19T16:09:42.947+0000] {logging_mixin.py:188} INFO - [2026-07-19T16:09:42.947+0000] {dag.py:3947} INFO - Setting next_dagrun for crypto_daily_pipeline to 2026-07-19 00:00:00+00:00, run_after=2026-07-20 00:00:00+00:00
[2026-07-19T16:09:42.953+0000] {processor.py:183} INFO - Processing /opt/airflow/dags/crypto_pipeline_dag.py took 0.033 seconds
[2026-07-19T16:10:13.096+0000] {processor.py:161} INFO - Started process (PID=688) to work on /opt/airflow/dags/crypto_pipeline_dag.py
[2026-07-19T16:10:13.097+0000] {processor.py:830} INFO - Processing file /opt/airflow/dags/crypto_pipeline_dag.py for tasks to queue
[2026-07-19T16:10:13.098+0000] {logging_mixin.py:188} INFO - [2026-07-19T16:10:13.097+0000] {dagbag.py:545} INFO - Filling up the DagBag from /opt/airflow/dags/crypto_pipeline_dag.py
[2026-07-19T16:10:13.103+0000] {processor.py:840} INFO - DAG(s) 'crypto_daily_pipeline' retrieved from /opt/airflow/dags/crypto_pipeline_dag.py
[2026-07-19T16:10:13.115+0000] {logging_mixin.py:188} INFO - [2026-07-19T16:10:13.115+0000] {dag.py:3089} INFO - Sync 1 DAGs
[2026-07-19T16:10:13.123+0000] {logging_mixin.py:188} INFO - [2026-07-19T16:10:13.123+0000] {dag.py:3947} INFO - Setting next_dagrun for crypto_daily_pipeline to 2026-07-19 00:00:00+00:00, run_after=2026-07-20 00:00:00+00:00
[2026-07-19T16:10:13.129+0000] {processor.py:183} INFO - Processing /opt/airflow/dags/crypto_pipeline_dag.py took 0.036 seconds
[2026-07-19T16:10:43.266+0000] {processor.py:161} INFO - Started process (PID=693) to work on /opt/airflow/dags/crypto_pipeline_dag.py
[2026-07-19T16:10:43.266+0000] {processor.py:830} INFO - Processing file /opt/airflow/dags/crypto_pipeline_dag.py for tasks to queue
[2026-07-19T16:10:43.267+0000] {logging_mixin.py:188} INFO - [2026-07-19T16:10:43.267+0000] {dagbag.py:545} INFO - Filling up the DagBag from /opt/airflow/dags/crypto_pipeline_dag.py
[2026-07-19T16:10:43.272+0000] {processor.py:840} INFO - DAG(s) 'crypto_daily_pipeline' retrieved from /opt/airflow/dags/crypto_pipeline_dag.py
[2026-07-19T16:10:43.283+0000] {logging_mixin.py:188} INFO - [2026-07-19T16:10:43.283+0000] {dag.py:3089} INFO - Sync 1 DAGs
[2026-07-19T16:10:43.291+0000] {logging_mixin.py:188} INFO - [2026-07-19T16:10:43.291+0000] {dag.py:3947} INFO - Setting next_dagrun for crypto_daily_pipeline to 2026-07-19 00:00:00+00:00, run_after=2026-07-20 00:00:00+00:00
[2026-07-19T16:10:43.297+0000] {processor.py:183} INFO - Processing /opt/airflow/dags/crypto_pipeline_dag.py took 0.034 seconds
[2026-07-19T16:11:13.468+0000] {processor.py:161} INFO - Started process (PID=698) to work on /opt/airflow/dags/crypto_pipeline_dag.py
[2026-07-19T16:11:13.469+0000] {processor.py:830} INFO - Processing file /opt/airflow/dags/crypto_pipeline_dag.py for tasks to queue
[2026-07-19T16:11:13.471+0000] {logging_mixin.py:188} INFO - [2026-07-19T16:11:13.471+0000] {dagbag.py:545} INFO - Filling up the DagBag from /opt/airflow/dags/crypto_pipeline_dag.py
[2026-07-19T16:11:13.481+0000] {processor.py:840} INFO - DAG(s) 'crypto_daily_pipeline' retrieved from /opt/airflow/dags/crypto_pipeline_dag.py
[2026-07-19T16:11:13.501+0000] {logging_mixin.py:188} INFO - [2026-07-19T16:11:13.500+0000] {dag.py:3089} INFO - Sync 1 DAGs
[2026-07-19T16:11:13.510+0000] {logging_mixin.py:188} INFO - [2026-07-19T16:11:13.510+0000] {dag.py:3947} INFO - Setting next_dagrun for crypto_daily_pipeline to 2026-07-19 00:00:00+00:00, run_after=2026-07-20 00:00:00+00:00
[2026-07-19T16:11:13.516+0000] {processor.py:183} INFO - Processing /opt/airflow/dags/crypto_pipeline_dag.py took 0.052 seconds
[2026-07-19T16:19:03.048+0000] {processor.py:161} INFO - Started process (PID=703) to work on /opt/airflow/dags/crypto_pipeline_dag.py
[2026-07-19T16:19:03.049+0000] {processor.py:830} INFO - Processing file /opt/airflow/dags/crypto_pipeline_dag.py for tasks to queue
[2026-07-19T16:19:03.050+0000] {logging_mixin.py:188} INFO - [2026-07-19T16:19:03.050+0000] {dagbag.py:545} INFO - Filling up the DagBag from /opt/airflow/dags/crypto_pipeline_dag.py
[2026-07-19T16:19:03.057+0000] {processor.py:840} INFO - DAG(s) 'crypto_daily_pipeline' retrieved from /opt/airflow/dags/crypto_pipeline_dag.py
[2026-07-19T16:19:03.074+0000] {logging_mixin.py:188} INFO - [2026-07-19T16:19:03.074+0000] {dag.py:3089} INFO - Sync 1 DAGs
[2026-07-19T16:19:03.082+0000] {logging_mixin.py:188} INFO - [2026-07-19T16:19:03.082+0000] {dag.py:3947} INFO - Setting next_dagrun for crypto_daily_pipeline to 2026-07-19 00:00:00+00:00, run_after=2026-07-20 00:00:00+00:00
[2026-07-19T16:19:03.087+0000] {processor.py:183} INFO - Processing /opt/airflow/dags/crypto_pipeline_dag.py took 0.043 seconds
[2026-07-19T16:19:33.263+0000] {processor.py:161} INFO - Started process (PID=708) to work on /opt/airflow/dags/crypto_pipeline_dag.py
[2026-07-19T16:19:33.265+0000] {processor.py:830} INFO - Processing file /opt/airflow/dags/crypto_pipeline_dag.py for tasks to queue
[2026-07-19T16:19:33.268+0000] {logging_mixin.py:188} INFO - [2026-07-19T16:19:33.267+0000] {dagbag.py:545} INFO - Filling up the DagBag from /opt/airflow/dags/crypto_pipeline_dag.py
[2026-07-19T16:19:33.283+0000] {processor.py:840} INFO - DAG(s) 'crypto_daily_pipeline' retrieved from /opt/airflow/dags/crypto_pipeline_dag.py
[2026-07-19T16:19:33.308+0000] {logging_mixin.py:188} INFO - [2026-07-19T16:19:33.308+0000] {dag.py:3089} INFO - Sync 1 DAGs
[2026-07-19T16:19:33.319+0000] {logging_mixin.py:188} INFO - [2026-07-19T16:19:33.319+0000] {dag.py:3947} INFO - Setting next_dagrun for crypto_daily_pipeline to 2026-07-19 00:00:00+00:00, run_after=2026-07-20 00:00:00+00:00
[2026-07-19T16:19:33.326+0000] {processor.py:183} INFO - Processing /opt/airflow/dags/crypto_pipeline_dag.py took 0.071 seconds
[2026-07-19T16:20:03.456+0000] {processor.py:161} INFO - Started process (PID=713) to work on /opt/airflow/dags/crypto_pipeline_dag.py
[2026-07-19T16:20:03.457+0000] {processor.py:830} INFO - Processing file /opt/airflow/dags/crypto_pipeline_dag.py for tasks to queue
[2026-07-19T16:20:03.458+0000] {logging_mixin.py:188} INFO - [2026-07-19T16:20:03.458+0000] {dagbag.py:545} INFO - Filling up the DagBag from /opt/airflow/dags/crypto_pipeline_dag.py
[2026-07-19T16:20:03.468+0000] {processor.py:840} INFO - DAG(s) 'crypto_daily_pipeline' retrieved from /opt/airflow/dags/crypto_pipeline_dag.py
[2026-07-19T16:20:03.486+0000] {logging_mixin.py:188} INFO - [2026-07-19T16:20:03.486+0000] {dag.py:3089} INFO - Sync 1 DAGs
[2026-07-19T16:20:03.496+0000] {logging_mixin.py:188} INFO - [2026-07-19T16:20:03.496+0000] {dag.py:3947} INFO - Setting next_dagrun for crypto_daily_pipeline to 2026-07-19 00:00:00+00:00, run_after=2026-07-20 00:00:00+00:00
[2026-07-19T16:20:03.503+0000] {processor.py:183} INFO - Processing /opt/airflow/dags/crypto_pipeline_dag.py took 0.053 seconds
[2026-07-19T16:20:33.637+0000] {processor.py:161} INFO - Started process (PID=718) to work on /opt/airflow/dags/crypto_pipeline_dag.py
[2026-07-19T16:20:33.640+0000] {processor.py:830} INFO - Processing file /opt/airflow/dags/crypto_pipeline_dag.py for tasks to queue
[2026-07-19T16:20:33.642+0000] {logging_mixin.py:188} INFO - [2026-07-19T16:20:33.642+0000] {dagbag.py:545} INFO - Filling up the DagBag from /opt/airflow/dags/crypto_pipeline_dag.py
[2026-07-19T16:20:33.653+0000] {processor.py:840} INFO - DAG(s) 'crypto_daily_pipeline' retrieved from /opt/airflow/dags/crypto_pipeline_dag.py
[2026-07-19T16:20:33.675+0000] {logging_mixin.py:188} INFO - [2026-07-19T16:20:33.675+0000] {dag.py:3089} INFO - Sync 1 DAGs
[2026-07-19T16:20:33.688+0000] {logging_mixin.py:188} INFO - [2026-07-19T16:20:33.688+0000] {dag.py:3947} INFO - Setting next_dagrun for crypto_daily_pipeline to 2026-07-19 00:00:00+00:00, run_after=2026-07-20 00:00:00+00:00
[2026-07-19T16:20:33.695+0000] {processor.py:183} INFO - Processing /opt/airflow/dags/crypto_pipeline_dag.py took 0.064 seconds
[2026-07-19T16:21:03.864+0000] {processor.py:161} INFO - Started process (PID=723) to work on /opt/airflow/dags/crypto_pipeline_dag.py
[2026-07-19T16:21:03.866+0000] {processor.py:830} INFO - Processing file /opt/airflow/dags/crypto_pipeline_dag.py for tasks to queue
[2026-07-19T16:21:03.867+0000] {logging_mixin.py:188} INFO - [2026-07-19T16:21:03.867+0000] {dagbag.py:545} INFO - Filling up the DagBag from /opt/airflow/dags/crypto_pipeline_dag.py
[2026-07-19T16:21:03.876+0000] {processor.py:840} INFO - DAG(s) 'crypto_daily_pipeline' retrieved from /opt/airflow/dags/crypto_pipeline_dag.py
[2026-07-19T16:21:03.894+0000] {logging_mixin.py:188} INFO - [2026-07-19T16:21:03.894+0000] {dag.py:3089} INFO - Sync 1 DAGs
[2026-07-19T16:21:03.903+0000] {logging_mixin.py:188} INFO - [2026-07-19T16:21:03.903+0000] {dag.py:3947} INFO - Setting next_dagrun for crypto_daily_pipeline to 2026-07-19 00:00:00+00:00, run_after=2026-07-20 00:00:00+00:00
[2026-07-19T16:21:03.909+0000] {processor.py:183} INFO - Processing /opt/airflow/dags/crypto_pipeline_dag.py took 0.051 seconds
[2026-07-19T16:21:34.056+0000] {processor.py:161} INFO - Started process (PID=728) to work on /opt/airflow/dags/crypto_pipeline_dag.py
[2026-07-19T16:21:34.057+0000] {processor.py:830} INFO - Processing file /opt/airflow/dags/crypto_pipeline_dag.py for tasks to queue
[2026-07-19T16:21:34.060+0000] {logging_mixin.py:188} INFO - [2026-07-19T16:21:34.059+0000] {dagbag.py:545} INFO - Filling up the DagBag from /opt/airflow/dags/crypto_pipeline_dag.py
[2026-07-19T16:21:34.072+0000] {processor.py:840} INFO - DAG(s) 'crypto_daily_pipeline' retrieved from /opt/airflow/dags/crypto_pipeline_dag.py
[2026-07-19T16:21:34.095+0000] {logging_mixin.py:188} INFO - [2026-07-19T16:21:34.095+0000] {dag.py:3089} INFO - Sync 1 DAGs
[2026-07-19T16:21:34.105+0000] {logging_mixin.py:188} INFO - [2026-07-19T16:21:34.105+0000] {dag.py:3947} INFO - Setting next_dagrun for crypto_daily_pipeline to 2026-07-19 00:00:00+00:00, run_after=2026-07-20 00:00:00+00:00
[2026-07-19T16:21:34.111+0000] {processor.py:183} INFO - Processing /opt/airflow/dags/crypto_pipeline_dag.py took 0.062 seconds
[2026-07-19T16:22:04.303+0000] {processor.py:161} INFO - Started process (PID=733) to work on /opt/airflow/dags/crypto_pipeline_dag.py
[2026-07-19T16:22:04.307+0000] {processor.py:830} INFO - Processing file /opt/airflow/dags/crypto_pipeline_dag.py for tasks to queue
[2026-07-19T16:22:04.311+0000] {logging_mixin.py:188} INFO - [2026-07-19T16:22:04.310+0000] {dagbag.py:545} INFO - Filling up the DagBag from /opt/airflow/dags/crypto_pipeline_dag.py
[2026-07-19T16:22:04.325+0000] {processor.py:840} INFO - DAG(s) 'crypto_daily_pipeline' retrieved from /opt/airflow/dags/crypto_pipeline_dag.py
[2026-07-19T16:22:04.345+0000] {logging_mixin.py:188} INFO - [2026-07-19T16:22:04.345+0000] {dag.py:3089} INFO - Sync 1 DAGs
[2026-07-19T16:22:04.355+0000] {logging_mixin.py:188} INFO - [2026-07-19T16:22:04.355+0000] {dag.py:3947} INFO - Setting next_dagrun for crypto_daily_pipeline to 2026-07-19 00:00:00+00:00, run_after=2026-07-20 00:00:00+00:00
[2026-07-19T16:22:04.362+0000] {processor.py:183} INFO - Processing /opt/airflow/dags/crypto_pipeline_dag.py took 0.066 seconds
[2026-07-19T16:22:34.516+0000] {processor.py:161} INFO - Started process (PID=738) to work on /opt/airflow/dags/crypto_pipeline_dag.py
[2026-07-19T16:22:34.517+0000] {processor.py:830} INFO - Processing file /opt/airflow/dags/crypto_pipeline_dag.py for tasks to queue
[2026-07-19T16:22:34.520+0000] {logging_mixin.py:188} INFO - [2026-07-19T16:22:34.519+0000] {dagbag.py:545} INFO - Filling up the DagBag from /opt/airflow/dags/crypto_pipeline_dag.py
[2026-07-19T16:22:34.534+0000] {processor.py:840} INFO - DAG(s) 'crypto_daily_pipeline' retrieved from /opt/airflow/dags/crypto_pipeline_dag.py
[2026-07-19T16:22:34.563+0000] {logging_mixin.py:188} INFO - [2026-07-19T16:22:34.563+0000] {dag.py:3089} INFO - Sync 1 DAGs
[2026-07-19T16:22:34.576+0000] {logging_mixin.py:188} INFO - [2026-07-19T16:22:34.575+0000] {dag.py:3947} INFO - Setting next_dagrun for crypto_daily_pipeline to 2026-07-19 00:00:00+00:00, run_after=2026-07-20 00:00:00+00:00
[2026-07-19T16:22:34.585+0000] {processor.py:183} INFO - Processing /opt/airflow/dags/crypto_pipeline_dag.py took 0.079 seconds
[2026-07-19T16:23:04.714+0000] {processor.py:161} INFO - Started process (PID=743) to work on /opt/airflow/dags/crypto_pipeline_dag.py
[2026-07-19T16:23:04.715+0000] {processor.py:830} INFO - Processing file /opt/airflow/dags/crypto_pipeline_dag.py for tasks to queue
[2026-07-19T16:23:04.717+0000] {logging_mixin.py:188} INFO - [2026-07-19T16:23:04.717+0000] {dagbag.py:545} INFO - Filling up the DagBag from /opt/airflow/dags/crypto_pipeline_dag.py
[2026-07-19T16:23:04.727+0000] {processor.py:840} INFO - DAG(s) 'crypto_daily_pipeline' retrieved from /opt/airflow/dags/crypto_pipeline_dag.py
[2026-07-19T16:23:04.745+0000] {logging_mixin.py:188} INFO - [2026-07-19T16:23:04.745+0000] {dag.py:3089} INFO - Sync 1 DAGs
[2026-07-19T16:23:04.755+0000] {logging_mixin.py:188} INFO - [2026-07-19T16:23:04.755+0000] {dag.py:3947} INFO - Setting next_dagrun for crypto_daily_pipeline to 2026-07-19 00:00:00+00:00, run_after=2026-07-20 00:00:00+00:00
[2026-07-19T16:23:04.761+0000] {processor.py:183} INFO - Processing /opt/airflow/dags/crypto_pipeline_dag.py took 0.052 seconds
[2026-07-19T16:23:34.944+0000] {processor.py:161} INFO - Started process (PID=748) to work on /opt/airflow/dags/crypto_pipeline_dag.py
[2026-07-19T16:23:34.945+0000] {processor.py:830} INFO - Processing file /opt/airflow/dags/crypto_pipeline_dag.py for tasks to queue
[2026-07-19T16:23:34.947+0000] {logging_mixin.py:188} INFO - [2026-07-19T16:23:34.947+0000] {dagbag.py:545} INFO - Filling up the DagBag from /opt/airflow/dags/crypto_pipeline_dag.py
[2026-07-19T16:23:34.968+0000] {processor.py:840} INFO - DAG(s) 'crypto_daily_pipeline' retrieved from /opt/airflow/dags/crypto_pipeline_dag.py
[2026-07-19T16:23:34.997+0000] {logging_mixin.py:188} INFO - [2026-07-19T16:23:34.996+0000] {dag.py:3089} INFO - Sync 1 DAGs
[2026-07-19T16:23:35.010+0000] {logging_mixin.py:188} INFO - [2026-07-19T16:23:35.010+0000] {dag.py:3947} INFO - Setting next_dagrun for crypto_daily_pipeline to 2026-07-19 00:00:00+00:00, run_after=2026-07-20 00:00:00+00:00
[2026-07-19T16:23:35.017+0000] {processor.py:183} INFO - Processing /opt/airflow/dags/crypto_pipeline_dag.py took 0.080 seconds
[2026-07-19T16:24:05.157+0000] {processor.py:161} INFO - Started process (PID=753) to work on /opt/airflow/dags/crypto_pipeline_dag.py
[2026-07-19T16:24:05.159+0000] {processor.py:830} INFO - Processing file /opt/airflow/dags/crypto_pipeline_dag.py for tasks to queue
[2026-07-19T16:24:05.162+0000] {logging_mixin.py:188} INFO - [2026-07-19T16:24:05.161+0000] {dagbag.py:545} INFO - Filling up the DagBag from /opt/airflow/dags/crypto_pipeline_dag.py
[2026-07-19T16:24:05.173+0000] {processor.py:840} INFO - DAG(s) 'crypto_daily_pipeline' retrieved from /opt/airflow/dags/crypto_pipeline_dag.py
[2026-07-19T16:24:05.193+0000] {logging_mixin.py:188} INFO - [2026-07-19T16:24:05.193+0000] {dag.py:3089} INFO - Sync 1 DAGs
[2026-07-19T16:24:05.204+0000] {logging_mixin.py:188} INFO - [2026-07-19T16:24:05.204+0000] {dag.py:3947} INFO - Setting next_dagrun for crypto_daily_pipeline to 2026-07-19 00:00:00+00:00, run_after=2026-07-20 00:00:00+00:00
[2026-07-19T16:24:05.210+0000] {processor.py:183} INFO - Processing /opt/airflow/dags/crypto_pipeline_dag.py took 0.060 seconds
[2026-07-19T16:24:35.338+0000] {processor.py:161} INFO - Started process (PID=758) to work on /opt/airflow/dags/crypto_pipeline_dag.py
[2026-07-19T16:24:35.338+0000] {processor.py:830} INFO - Processing file /opt/airflow/dags/crypto_pipeline_dag.py for tasks to queue
[2026-07-19T16:24:35.339+0000] {logging_mixin.py:188} INFO - [2026-07-19T16:24:35.339+0000] {dagbag.py:545} INFO - Filling up the DagBag from /opt/airflow/dags/crypto_pipeline_dag.py
[2026-07-19T16:24:35.346+0000] {processor.py:840} INFO - DAG(s) 'crypto_daily_pipeline' retrieved from /opt/airflow/dags/crypto_pipeline_dag.py
[2026-07-19T16:24:35.360+0000] {logging_mixin.py:188} INFO - [2026-07-19T16:24:35.360+0000] {dag.py:3089} INFO - Sync 1 DAGs
[2026-07-19T16:24:35.368+0000] {logging_mixin.py:188} INFO - [2026-07-19T16:24:35.367+0000] {dag.py:3947} INFO - Setting next_dagrun for crypto_daily_pipeline to 2026-07-19 00:00:00+00:00, run_after=2026-07-20 00:00:00+00:00
[2026-07-19T16:24:35.373+0000] {processor.py:183} INFO - Processing /opt/airflow/dags/crypto_pipeline_dag.py took 0.039 seconds
[2026-07-19T16:25:05.514+0000] {processor.py:161} INFO - Started process (PID=763) to work on /opt/airflow/dags/crypto_pipeline_dag.py
[2026-07-19T16:25:05.515+0000] {processor.py:830} INFO - Processing file /opt/airflow/dags/crypto_pipeline_dag.py for tasks to queue
[2026-07-19T16:25:05.517+0000] {logging_mixin.py:188} INFO - [2026-07-19T16:25:05.516+0000] {dagbag.py:545} INFO - Filling up the DagBag from /opt/airflow/dags/crypto_pipeline_dag.py
[2026-07-19T16:25:05.525+0000] {processor.py:840} INFO - DAG(s) 'crypto_daily_pipeline' retrieved from /opt/airflow/dags/crypto_pipeline_dag.py
[2026-07-19T16:25:05.545+0000] {logging_mixin.py:188} INFO - [2026-07-19T16:25:05.545+0000] {dag.py:3089} INFO - Sync 1 DAGs
[2026-07-19T16:25:05.555+0000] {logging_mixin.py:188} INFO - [2026-07-19T16:25:05.555+0000] {dag.py:3947} INFO - Setting next_dagrun for crypto_daily_pipeline to 2026-07-19 00:00:00+00:00, run_after=2026-07-20 00:00:00+00:00
[2026-07-19T16:25:05.563+0000] {processor.py:183} INFO - Processing /opt/airflow/dags/crypto_pipeline_dag.py took 0.054 seconds
[2026-07-19T16:25:35.724+0000] {processor.py:161} INFO - Started process (PID=768) to work on /opt/airflow/dags/crypto_pipeline_dag.py
[2026-07-19T16:25:35.725+0000] {processor.py:830} INFO - Processing file /opt/airflow/dags/crypto_pipeline_dag.py for tasks to queue
[2026-07-19T16:25:35.726+0000] {logging_mixin.py:188} INFO - [2026-07-19T16:25:35.726+0000] {dagbag.py:545} INFO - Filling up the DagBag from /opt/airflow/dags/crypto_pipeline_dag.py
[2026-07-19T16:25:35.735+0000] {processor.py:840} INFO - DAG(s) 'crypto_daily_pipeline' retrieved from /opt/airflow/dags/crypto_pipeline_dag.py
[2026-07-19T16:25:35.752+0000] {logging_mixin.py:188} INFO - [2026-07-19T16:25:35.752+0000] {dag.py:3089} INFO - Sync 1 DAGs
[2026-07-19T16:25:35.763+0000] {logging_mixin.py:188} INFO - [2026-07-19T16:25:35.763+0000] {dag.py:3947} INFO - Setting next_dagrun for crypto_daily_pipeline to 2026-07-19 00:00:00+00:00, run_after=2026-07-20 00:00:00+00:00
[2026-07-19T16:25:35.771+0000] {processor.py:183} INFO - Processing /opt/airflow/dags/crypto_pipeline_dag.py took 0.053 seconds
[2026-07-19T16:26:05.929+0000] {processor.py:161} INFO - Started process (PID=773) to work on /opt/airflow/dags/crypto_pipeline_dag.py
[2026-07-19T16:26:05.930+0000] {processor.py:830} INFO - Processing file /opt/airflow/dags/crypto_pipeline_dag.py for tasks to queue
[2026-07-19T16:26:05.931+0000] {logging_mixin.py:188} INFO - [2026-07-19T16:26:05.931+0000] {dagbag.py:545} INFO - Filling up the DagBag from /opt/airflow/dags/crypto_pipeline_dag.py
[2026-07-19T16:26:05.939+0000] {processor.py:840} INFO - DAG(s) 'crypto_daily_pipeline' retrieved from /opt/airflow/dags/crypto_pipeline_dag.py
[2026-07-19T16:26:05.956+0000] {logging_mixin.py:188} INFO - [2026-07-19T16:26:05.956+0000] {dag.py:3089} INFO - Sync 1 DAGs
[2026-07-19T16:26:05.966+0000] {logging_mixin.py:188} INFO - [2026-07-19T16:26:05.966+0000] {dag.py:3947} INFO - Setting next_dagrun for crypto_daily_pipeline to 2026-07-19 00:00:00+00:00, run_after=2026-07-20 00:00:00+00:00
[2026-07-19T16:26:05.975+0000] {processor.py:183} INFO - Processing /opt/airflow/dags/crypto_pipeline_dag.py took 0.051 seconds
[2026-07-19T16:26:36.103+0000] {processor.py:161} INFO - Started process (PID=778) to work on /opt/airflow/dags/crypto_pipeline_dag.py
[2026-07-19T16:26:36.104+0000] {processor.py:830} INFO - Processing file /opt/airflow/dags/crypto_pipeline_dag.py for tasks to queue
[2026-07-19T16:26:36.105+0000] {logging_mixin.py:188} INFO - [2026-07-19T16:26:36.105+0000] {dagbag.py:545} INFO - Filling up the DagBag from /opt/airflow/dags/crypto_pipeline_dag.py
[2026-07-19T16:26:36.114+0000] {processor.py:840} INFO - DAG(s) 'crypto_daily_pipeline' retrieved from /opt/airflow/dags/crypto_pipeline_dag.py
[2026-07-19T16:26:36.132+0000] {logging_mixin.py:188} INFO - [2026-07-19T16:26:36.131+0000] {dag.py:3089} INFO - Sync 1 DAGs
[2026-07-19T16:26:36.142+0000] {logging_mixin.py:188} INFO - [2026-07-19T16:26:36.141+0000] {dag.py:3947} INFO - Setting next_dagrun for crypto_daily_pipeline to 2026-07-19 00:00:00+00:00, run_after=2026-07-20 00:00:00+00:00
[2026-07-19T16:26:36.147+0000] {processor.py:183} INFO - Processing /opt/airflow/dags/crypto_pipeline_dag.py took 0.050 seconds
[2026-07-19T16:27:06.298+0000] {processor.py:161} INFO - Started process (PID=783) to work on /opt/airflow/dags/crypto_pipeline_dag.py
[2026-07-19T16:27:06.299+0000] {processor.py:830} INFO - Processing file /opt/airflow/dags/crypto_pipeline_dag.py for tasks to queue
[2026-07-19T16:27:06.301+0000] {logging_mixin.py:188} INFO - [2026-07-19T16:27:06.301+0000] {dagbag.py:545} INFO - Filling up the DagBag from /opt/airflow/dags/crypto_pipeline_dag.py
[2026-07-19T16:27:06.310+0000] {processor.py:840} INFO - DAG(s) 'crypto_daily_pipeline' retrieved from /opt/airflow/dags/crypto_pipeline_dag.py
[2026-07-19T16:27:06.328+0000] {logging_mixin.py:188} INFO - [2026-07-19T16:27:06.328+0000] {dag.py:3089} INFO - Sync 1 DAGs
[2026-07-19T16:27:06.338+0000] {logging_mixin.py:188} INFO - [2026-07-19T16:27:06.338+0000] {dag.py:3947} INFO - Setting next_dagrun for crypto_daily_pipeline to 2026-07-19 00:00:00+00:00, run_after=2026-07-20 00:00:00+00:00
[2026-07-19T16:27:06.343+0000] {processor.py:183} INFO - Processing /opt/airflow/dags/crypto_pipeline_dag.py took 0.048 seconds
[2026-07-19T16:27:36.525+0000] {processor.py:161} INFO - Started process (PID=788) to work on /opt/airflow/dags/crypto_pipeline_dag.py
[2026-07-19T16:27:36.529+0000] {processor.py:830} INFO - Processing file /opt/airflow/dags/crypto_pipeline_dag.py for tasks to queue
[2026-07-19T16:27:36.531+0000] {logging_mixin.py:188} INFO - [2026-07-19T16:27:36.531+0000] {dagbag.py:545} INFO - Filling up the DagBag from /opt/airflow/dags/crypto_pipeline_dag.py
[2026-07-19T16:27:36.543+0000] {processor.py:840} INFO - DAG(s) 'crypto_daily_pipeline' retrieved from /opt/airflow/dags/crypto_pipeline_dag.py
[2026-07-19T16:27:36.564+0000] {logging_mixin.py:188} INFO - [2026-07-19T16:27:36.564+0000] {dag.py:3089} INFO - Sync 1 DAGs
[2026-07-19T16:27:36.574+0000] {logging_mixin.py:188} INFO - [2026-07-19T16:27:36.573+0000] {dag.py:3947} INFO - Setting next_dagrun for crypto_daily_pipeline to 2026-07-19 00:00:00+00:00, run_after=2026-07-20 00:00:00+00:00
[2026-07-19T16:27:36.580+0000] {processor.py:183} INFO - Processing /opt/airflow/dags/crypto_pipeline_dag.py took 0.061 seconds
[2026-07-19T16:28:06.700+0000] {processor.py:161} INFO - Started process (PID=793) to work on /opt/airflow/dags/crypto_pipeline_dag.py
[2026-07-19T16:28:06.701+0000] {processor.py:830} INFO - Processing file /opt/airflow/dags/crypto_pipeline_dag.py for tasks to queue
[2026-07-19T16:28:06.703+0000] {logging_mixin.py:188} INFO - [2026-07-19T16:28:06.702+0000] {dagbag.py:545} INFO - Filling up the DagBag from /opt/airflow/dags/crypto_pipeline_dag.py
[2026-07-19T16:28:06.712+0000] {processor.py:840} INFO - DAG(s) 'crypto_daily_pipeline' retrieved from /opt/airflow/dags/crypto_pipeline_dag.py
[2026-07-19T16:28:06.732+0000] {logging_mixin.py:188} INFO - [2026-07-19T16:28:06.732+0000] {dag.py:3089} INFO - Sync 1 DAGs
[2026-07-19T16:28:06.743+0000] {logging_mixin.py:188} INFO - [2026-07-19T16:28:06.743+0000] {dag.py:3947} INFO - Setting next_dagrun for crypto_daily_pipeline to 2026-07-19 00:00:00+00:00, run_after=2026-07-20 00:00:00+00:00
[2026-07-19T16:28:06.750+0000] {processor.py:183} INFO - Processing /opt/airflow/dags/crypto_pipeline_dag.py took 0.054 seconds
[2026-07-19T16:28:36.929+0000] {processor.py:161} INFO - Started process (PID=798) to work on /opt/airflow/dags/crypto_pipeline_dag.py
[2026-07-19T16:28:36.929+0000] {processor.py:830} INFO - Processing file /opt/airflow/dags/crypto_pipeline_dag.py for tasks to queue
[2026-07-19T16:28:36.931+0000] {logging_mixin.py:188} INFO - [2026-07-19T16:28:36.931+0000] {dagbag.py:545} INFO - Filling up the DagBag from /opt/airflow/dags/crypto_pipeline_dag.py
[2026-07-19T16:28:36.940+0000] {processor.py:840} INFO - DAG(s) 'crypto_daily_pipeline' retrieved from /opt/airflow/dags/crypto_pipeline_dag.py
[2026-07-19T16:28:36.957+0000] {logging_mixin.py:188} INFO - [2026-07-19T16:28:36.957+0000] {dag.py:3089} INFO - Sync 1 DAGs
[2026-07-19T16:28:36.967+0000] {logging_mixin.py:188} INFO - [2026-07-19T16:28:36.967+0000] {dag.py:3947} INFO - Setting next_dagrun for crypto_daily_pipeline to 2026-07-19 00:00:00+00:00, run_after=2026-07-20 00:00:00+00:00
[2026-07-19T16:28:36.973+0000] {processor.py:183} INFO - Processing /opt/airflow/dags/crypto_pipeline_dag.py took 0.049 seconds
[2026-07-19T16:29:07.143+0000] {processor.py:161} INFO - Started process (PID=803) to work on /opt/airflow/dags/crypto_pipeline_dag.py
[2026-07-19T16:29:07.143+0000] {processor.py:830} INFO - Processing file /opt/airflow/dags/crypto_pipeline_dag.py for tasks to queue
[2026-07-19T16:29:07.145+0000] {logging_mixin.py:188} INFO - [2026-07-19T16:29:07.145+0000] {dagbag.py:545} INFO - Filling up the DagBag from /opt/airflow/dags/crypto_pipeline_dag.py
[2026-07-19T16:29:07.156+0000] {processor.py:840} INFO - DAG(s) 'crypto_daily_pipeline' retrieved from /opt/airflow/dags/crypto_pipeline_dag.py
[2026-07-19T16:29:07.172+0000] {logging_mixin.py:188} INFO - [2026-07-19T16:29:07.172+0000] {dag.py:3089} INFO - Sync 1 DAGs
[2026-07-19T16:29:07.181+0000] {logging_mixin.py:188} INFO - [2026-07-19T16:29:07.181+0000] {dag.py:3947} INFO - Setting next_dagrun for crypto_daily_pipeline to 2026-07-19 00:00:00+00:00, run_after=2026-07-20 00:00:00+00:00
[2026-07-19T16:29:07.190+0000] {processor.py:183} INFO - Processing /opt/airflow/dags/crypto_pipeline_dag.py took 0.053 seconds
[2026-07-19T16:29:37.344+0000] {processor.py:161} INFO - Started process (PID=808) to work on /opt/airflow/dags/crypto_pipeline_dag.py
[2026-07-19T16:29:37.345+0000] {processor.py:830} INFO - Processing file /opt/airflow/dags/crypto_pipeline_dag.py for tasks to queue
[2026-07-19T16:29:37.347+0000] {logging_mixin.py:188} INFO - [2026-07-19T16:29:37.347+0000] {dagbag.py:545} INFO - Filling up the DagBag from /opt/airflow/dags/crypto_pipeline_dag.py
[2026-07-19T16:29:37.359+0000] {processor.py:840} INFO - DAG(s) 'crypto_daily_pipeline' retrieved from /opt/airflow/dags/crypto_pipeline_dag.py
[2026-07-19T16:29:37.382+0000] {logging_mixin.py:188} INFO - [2026-07-19T16:29:37.382+0000] {dag.py:3089} INFO - Sync 1 DAGs
[2026-07-19T16:29:37.392+0000] {logging_mixin.py:188} INFO - [2026-07-19T16:29:37.392+0000] {dag.py:3947} INFO - Setting next_dagrun for crypto_daily_pipeline to 2026-07-19 00:00:00+00:00, run_after=2026-07-20 00:00:00+00:00
[2026-07-19T16:29:37.398+0000] {processor.py:183} INFO - Processing /opt/airflow/dags/crypto_pipeline_dag.py took 0.059 seconds
[2026-07-19T16:30:07.596+0000] {processor.py:161} INFO - Started process (PID=813) to work on /opt/airflow/dags/crypto_pipeline_dag.py
[2026-07-19T16:30:07.597+0000] {processor.py:830} INFO - Processing file /opt/airflow/dags/crypto_pipeline_dag.py for tasks to queue
[2026-07-19T16:30:07.600+0000] {logging_mixin.py:188} INFO - [2026-07-19T16:30:07.599+0000] {dagbag.py:545} INFO - Filling up the DagBag from /opt/airflow/dags/crypto_pipeline_dag.py
[2026-07-19T16:30:07.616+0000] {processor.py:840} INFO - DAG(s) 'crypto_daily_pipeline' retrieved from /opt/airflow/dags/crypto_pipeline_dag.py
[2026-07-19T16:30:07.639+0000] {logging_mixin.py:188} INFO - [2026-07-19T16:30:07.639+0000] {dag.py:3089} INFO - Sync 1 DAGs
[2026-07-19T16:30:07.653+0000] {logging_mixin.py:188} INFO - [2026-07-19T16:30:07.652+0000] {dag.py:3947} INFO - Setting next_dagrun for crypto_daily_pipeline to 2026-07-19 00:00:00+00:00, run_after=2026-07-20 00:00:00+00:00
[2026-07-19T16:30:07.660+0000] {processor.py:183} INFO - Processing /opt/airflow/dags/crypto_pipeline_dag.py took 0.071 seconds
[2026-07-19T16:30:37.800+0000] {processor.py:161} INFO - Started process (PID=818) to work on /opt/airflow/dags/crypto_pipeline_dag.py
[2026-07-19T16:30:37.801+0000] {processor.py:830} INFO - Processing file /opt/airflow/dags/crypto_pipeline_dag.py for tasks to queue
[2026-07-19T16:30:37.804+0000] {logging_mixin.py:188} INFO - [2026-07-19T16:30:37.803+0000] {dagbag.py:545} INFO - Filling up the DagBag from /opt/airflow/dags/crypto_pipeline_dag.py
[2026-07-19T16:30:37.813+0000] {processor.py:840} INFO - DAG(s) 'crypto_daily_pipeline' retrieved from /opt/airflow/dags/crypto_pipeline_dag.py
[2026-07-19T16:30:37.832+0000] {logging_mixin.py:188} INFO - [2026-07-19T16:30:37.832+0000] {dag.py:3089} INFO - Sync 1 DAGs
[2026-07-19T16:30:37.842+0000] {logging_mixin.py:188} INFO - [2026-07-19T16:30:37.842+0000] {dag.py:3947} INFO - Setting next_dagrun for crypto_daily_pipeline to 2026-07-19 00:00:00+00:00, run_after=2026-07-20 00:00:00+00:00
[2026-07-19T16:30:37.848+0000] {processor.py:183} INFO - Processing /opt/airflow/dags/crypto_pipeline_dag.py took 0.053 seconds
[2026-07-19T16:31:08.015+0000] {processor.py:161} INFO - Started process (PID=823) to work on /opt/airflow/dags/crypto_pipeline_dag.py
[2026-07-19T16:31:08.016+0000] {processor.py:830} INFO - Processing file /opt/airflow/dags/crypto_pipeline_dag.py for tasks to queue
[2026-07-19T16:31:08.018+0000] {logging_mixin.py:188} INFO - [2026-07-19T16:31:08.017+0000] {dagbag.py:545} INFO - Filling up the DagBag from /opt/airflow/dags/crypto_pipeline_dag.py
[2026-07-19T16:31:08.031+0000] {processor.py:840} INFO - DAG(s) 'crypto_daily_pipeline' retrieved from /opt/airflow/dags/crypto_pipeline_dag.py
[2026-07-19T16:31:08.053+0000] {logging_mixin.py:188} INFO - [2026-07-19T16:31:08.053+0000] {dag.py:3089} INFO - Sync 1 DAGs
[2026-07-19T16:31:08.066+0000] {logging_mixin.py:188} INFO - [2026-07-19T16:31:08.066+0000] {dag.py:3947} INFO - Setting next_dagrun for crypto_daily_pipeline to 2026-07-19 00:00:00+00:00, run_after=2026-07-20 00:00:00+00:00
[2026-07-19T16:31:08.072+0000] {processor.py:183} INFO - Processing /opt/airflow/dags/crypto_pipeline_dag.py took 0.063 seconds
[2026-07-19T16:31:38.220+0000] {processor.py:161} INFO - Started process (PID=828) to work on /opt/airflow/dags/crypto_pipeline_dag.py
[2026-07-19T16:31:38.221+0000] {processor.py:830} INFO - Processing file /opt/airflow/dags/crypto_pipeline_dag.py for tasks to queue
[2026-07-19T16:31:38.223+0000] {logging_mixin.py:188} INFO - [2026-07-19T16:31:38.222+0000] {dagbag.py:545} INFO - Filling up the DagBag from /opt/airflow/dags/crypto_pipeline_dag.py
[2026-07-19T16:31:38.236+0000] {processor.py:840} INFO - DAG(s) 'crypto_daily_pipeline' retrieved from /opt/airflow/dags/crypto_pipeline_dag.py
[2026-07-19T16:31:38.256+0000] {logging_mixin.py:188} INFO - [2026-07-19T16:31:38.256+0000] {dag.py:3089} INFO - Sync 1 DAGs
[2026-07-19T16:31:38.268+0000] {logging_mixin.py:188} INFO - [2026-07-19T16:31:38.268+0000] {dag.py:3947} INFO - Setting next_dagrun for crypto_daily_pipeline to 2026-07-19 00:00:00+00:00, run_after=2026-07-20 00:00:00+00:00
[2026-07-19T16:31:38.275+0000] {processor.py:183} INFO - Processing /opt/airflow/dags/crypto_pipeline_dag.py took 0.059 seconds
[2026-07-19T16:32:08.423+0000] {processor.py:161} INFO - Started process (PID=833) to work on /opt/airflow/dags/crypto_pipeline_dag.py
[2026-07-19T16:32:08.424+0000] {processor.py:830} INFO - Processing file /opt/airflow/dags/crypto_pipeline_dag.py for tasks to queue
[2026-07-19T16:32:08.425+0000] {logging_mixin.py:188} INFO - [2026-07-19T16:32:08.425+0000] {dagbag.py:545} INFO - Filling up the DagBag from /opt/airflow/dags/crypto_pipeline_dag.py
[2026-07-19T16:32:08.434+0000] {processor.py:840} INFO - DAG(s) 'crypto_daily_pipeline' retrieved from /opt/airflow/dags/crypto_pipeline_dag.py
[2026-07-19T16:32:08.453+0000] {logging_mixin.py:188} INFO - [2026-07-19T16:32:08.453+0000] {dag.py:3089} INFO - Sync 1 DAGs
[2026-07-19T16:32:08.462+0000] {logging_mixin.py:188} INFO - [2026-07-19T16:32:08.462+0000] {dag.py:3947} INFO - Setting next_dagrun for crypto_daily_pipeline to 2026-07-19 00:00:00+00:00, run_after=2026-07-20 00:00:00+00:00
[2026-07-19T16:32:08.469+0000] {processor.py:183} INFO - Processing /opt/airflow/dags/crypto_pipeline_dag.py took 0.050 seconds
[2026-07-19T16:32:38.616+0000] {processor.py:161} INFO - Started process (PID=838) to work on /opt/airflow/dags/crypto_pipeline_dag.py
[2026-07-19T16:32:38.617+0000] {processor.py:830} INFO - Processing file /opt/airflow/dags/crypto_pipeline_dag.py for tasks to queue
[2026-07-19T16:32:38.620+0000] {logging_mixin.py:188} INFO - [2026-07-19T16:32:38.619+0000] {dagbag.py:545} INFO - Filling up the DagBag from /opt/airflow/dags/crypto_pipeline_dag.py
[2026-07-19T16:32:38.629+0000] {processor.py:840} INFO - DAG(s) 'crypto_daily_pipeline' retrieved from /opt/airflow/dags/crypto_pipeline_dag.py
[2026-07-19T16:32:38.647+0000] {logging_mixin.py:188} INFO - [2026-07-19T16:32:38.647+0000] {dag.py:3089} INFO - Sync 1 DAGs
[2026-07-19T16:32:38.657+0000] {logging_mixin.py:188} INFO - [2026-07-19T16:32:38.657+0000] {dag.py:3947} INFO - Setting next_dagrun for crypto_daily_pipeline to 2026-07-19 00:00:00+00:00, run_after=2026-07-20 00:00:00+00:00
[2026-07-19T16:32:38.663+0000] {processor.py:183} INFO - Processing /opt/airflow/dags/crypto_pipeline_dag.py took 0.052 seconds
[2026-07-19T16:33:08.788+0000] {processor.py:161} INFO - Started process (PID=843) to work on /opt/airflow/dags/crypto_pipeline_dag.py
[2026-07-19T16:33:08.789+0000] {processor.py:830} INFO - Processing file /opt/airflow/dags/crypto_pipeline_dag.py for tasks to queue
[2026-07-19T16:33:08.791+0000] {logging_mixin.py:188} INFO - [2026-07-19T16:33:08.791+0000] {dagbag.py:545} INFO - Filling up the DagBag from /opt/airflow/dags/crypto_pipeline_dag.py
[2026-07-19T16:33:08.799+0000] {processor.py:840} INFO - DAG(s) 'crypto_daily_pipeline' retrieved from /opt/airflow/dags/crypto_pipeline_dag.py
[2026-07-19T16:33:08.817+0000] {logging_mixin.py:188} INFO - [2026-07-19T16:33:08.817+0000] {dag.py:3089} INFO - Sync 1 DAGs
[2026-07-19T16:33:08.827+0000] {logging_mixin.py:188} INFO - [2026-07-19T16:33:08.827+0000] {dag.py:3947} INFO - Setting next_dagrun for crypto_daily_pipeline to 2026-07-19 00:00:00+00:00, run_after=2026-07-20 00:00:00+00:00
[2026-07-19T16:33:08.834+0000] {processor.py:183} INFO - Processing /opt/airflow/dags/crypto_pipeline_dag.py took 0.051 seconds
[2026-07-19T16:33:38.986+0000] {processor.py:161} INFO - Started process (PID=848) to work on /opt/airflow/dags/crypto_pipeline_dag.py
[2026-07-19T16:33:38.987+0000] {processor.py:830} INFO - Processing file /opt/airflow/dags/crypto_pipeline_dag.py for tasks to queue
[2026-07-19T16:33:38.988+0000] {logging_mixin.py:188} INFO - [2026-07-19T16:33:38.988+0000] {dagbag.py:545} INFO - Filling up the DagBag from /opt/airflow/dags/crypto_pipeline_dag.py
[2026-07-19T16:33:38.996+0000] {processor.py:840} INFO - DAG(s) 'crypto_daily_pipeline' retrieved from /opt/airflow/dags/crypto_pipeline_dag.py
[2026-07-19T16:33:39.014+0000] {logging_mixin.py:188} INFO - [2026-07-19T16:33:39.014+0000] {dag.py:3089} INFO - Sync 1 DAGs
[2026-07-19T16:33:39.023+0000] {logging_mixin.py:188} INFO - [2026-07-19T16:33:39.023+0000] {dag.py:3947} INFO - Setting next_dagrun for crypto_daily_pipeline to 2026-07-19 00:00:00+00:00, run_after=2026-07-20 00:00:00+00:00
[2026-07-19T16:33:39.029+0000] {processor.py:183} INFO - Processing /opt/airflow/dags/crypto_pipeline_dag.py took 0.048 seconds
[2026-07-19T16:34:09.170+0000] {processor.py:161} INFO - Started process (PID=853) to work on /opt/airflow/dags/crypto_pipeline_dag.py
[2026-07-19T16:34:09.171+0000] {processor.py:830} INFO - Processing file /opt/airflow/dags/crypto_pipeline_dag.py for tasks to queue
[2026-07-19T16:34:09.172+0000] {logging_mixin.py:188} INFO - [2026-07-19T16:34:09.172+0000] {dagbag.py:545} INFO - Filling up the DagBag from /opt/airflow/dags/crypto_pipeline_dag.py
[2026-07-19T16:34:09.181+0000] {processor.py:840} INFO - DAG(s) 'crypto_daily_pipeline' retrieved from /opt/airflow/dags/crypto_pipeline_dag.py
[2026-07-19T16:34:09.199+0000] {logging_mixin.py:188} INFO - [2026-07-19T16:34:09.198+0000] {dag.py:3089} INFO - Sync 1 DAGs
[2026-07-19T16:34:09.208+0000] {logging_mixin.py:188} INFO - [2026-07-19T16:34:09.208+0000] {dag.py:3947} INFO - Setting next_dagrun for crypto_daily_pipeline to 2026-07-19 00:00:00+00:00, run_after=2026-07-20 00:00:00+00:00
[2026-07-19T16:34:09.214+0000] {processor.py:183} INFO - Processing /opt/airflow/dags/crypto_pipeline_dag.py took 0.049 seconds
[2026-07-19T16:34:39.376+0000] {processor.py:161} INFO - Started process (PID=858) to work on /opt/airflow/dags/crypto_pipeline_dag.py
[2026-07-19T16:34:39.377+0000] {processor.py:830} INFO - Processing file /opt/airflow/dags/crypto_pipeline_dag.py for tasks to queue
[2026-07-19T16:34:39.378+0000] {logging_mixin.py:188} INFO - [2026-07-19T16:34:39.378+0000] {dagbag.py:545} INFO - Filling up the DagBag from /opt/airflow/dags/crypto_pipeline_dag.py
[2026-07-19T16:34:39.387+0000] {processor.py:840} INFO - DAG(s) 'crypto_daily_pipeline' retrieved from /opt/airflow/dags/crypto_pipeline_dag.py
[2026-07-19T16:34:39.404+0000] {logging_mixin.py:188} INFO - [2026-07-19T16:34:39.404+0000] {dag.py:3089} INFO - Sync 1 DAGs
[2026-07-19T16:34:39.414+0000] {logging_mixin.py:188} INFO - [2026-07-19T16:34:39.413+0000] {dag.py:3947} INFO - Setting next_dagrun for crypto_daily_pipeline to 2026-07-19 00:00:00+00:00, run_after=2026-07-20 00:00:00+00:00
[2026-07-19T16:34:39.419+0000] {processor.py:183} INFO - Processing /opt/airflow/dags/crypto_pipeline_dag.py took 0.048 seconds
[2026-07-19T16:35:09.557+0000] {processor.py:161} INFO - Started process (PID=863) to work on /opt/airflow/dags/crypto_pipeline_dag.py
[2026-07-19T16:35:09.557+0000] {processor.py:830} INFO - Processing file /opt/airflow/dags/crypto_pipeline_dag.py for tasks to queue
[2026-07-19T16:35:09.559+0000] {logging_mixin.py:188} INFO - [2026-07-19T16:35:09.559+0000] {dagbag.py:545} INFO - Filling up the DagBag from /opt/airflow/dags/crypto_pipeline_dag.py
[2026-07-19T16:35:09.568+0000] {processor.py:840} INFO - DAG(s) 'crypto_daily_pipeline' retrieved from /opt/airflow/dags/crypto_pipeline_dag.py
[2026-07-19T16:35:09.585+0000] {logging_mixin.py:188} INFO - [2026-07-19T16:35:09.585+0000] {dag.py:3089} INFO - Sync 1 DAGs
[2026-07-19T16:35:09.595+0000] {logging_mixin.py:188} INFO - [2026-07-19T16:35:09.595+0000] {dag.py:3947} INFO - Setting next_dagrun for crypto_daily_pipeline to 2026-07-19 00:00:00+00:00, run_after=2026-07-20 00:00:00+00:00
[2026-07-19T16:35:09.601+0000] {processor.py:183} INFO - Processing /opt/airflow/dags/crypto_pipeline_dag.py took 0.050 seconds
[2026-07-19T16:35:39.753+0000] {processor.py:161} INFO - Started process (PID=868) to work on /opt/airflow/dags/crypto_pipeline_dag.py
[2026-07-19T16:35:39.754+0000] {processor.py:830} INFO - Processing file /opt/airflow/dags/crypto_pipeline_dag.py for tasks to queue
[2026-07-19T16:35:39.757+0000] {logging_mixin.py:188} INFO - [2026-07-19T16:35:39.756+0000] {dagbag.py:545} INFO - Filling up the DagBag from /opt/airflow/dags/crypto_pipeline_dag.py
[2026-07-19T16:35:39.769+0000] {processor.py:840} INFO - DAG(s) 'crypto_daily_pipeline' retrieved from /opt/airflow/dags/crypto_pipeline_dag.py
[2026-07-19T16:35:39.791+0000] {logging_mixin.py:188} INFO - [2026-07-19T16:35:39.791+0000] {dag.py:3089} INFO - Sync 1 DAGs
[2026-07-19T16:35:39.802+0000] {logging_mixin.py:188} INFO - [2026-07-19T16:35:39.802+0000] {dag.py:3947} INFO - Setting next_dagrun for crypto_daily_pipeline to 2026-07-19 00:00:00+00:00, run_after=2026-07-20 00:00:00+00:00
[2026-07-19T16:35:39.808+0000] {processor.py:183} INFO - Processing /opt/airflow/dags/crypto_pipeline_dag.py took 0.064 seconds
[2026-07-19T16:36:09.957+0000] {processor.py:161} INFO - Started process (PID=873) to work on /opt/airflow/dags/crypto_pipeline_dag.py
[2026-07-19T16:36:09.958+0000] {processor.py:830} INFO - Processing file /opt/airflow/dags/crypto_pipeline_dag.py for tasks to queue
[2026-07-19T16:36:09.961+0000] {logging_mixin.py:188} INFO - [2026-07-19T16:36:09.960+0000] {dagbag.py:545} INFO - Filling up the DagBag from /opt/airflow/dags/crypto_pipeline_dag.py
[2026-07-19T16:36:09.972+0000] {processor.py:840} INFO - DAG(s) 'crypto_daily_pipeline' retrieved from /opt/airflow/dags/crypto_pipeline_dag.py
[2026-07-19T16:36:09.991+0000] {logging_mixin.py:188} INFO - [2026-07-19T16:36:09.990+0000] {dag.py:3089} INFO - Sync 1 DAGs
[2026-07-19T16:36:10.000+0000] {logging_mixin.py:188} INFO - [2026-07-19T16:36:10.000+0000] {dag.py:3947} INFO - Setting next_dagrun for crypto_daily_pipeline to 2026-07-19 00:00:00+00:00, run_after=2026-07-20 00:00:00+00:00
[2026-07-19T16:36:10.006+0000] {processor.py:183} INFO - Processing /opt/airflow/dags/crypto_pipeline_dag.py took 0.054 seconds
[2026-07-19T16:36:40.155+0000] {processor.py:161} INFO - Started process (PID=920) to work on /opt/airflow/dags/crypto_pipeline_dag.py
[2026-07-19T16:36:40.157+0000] {processor.py:830} INFO - Processing file /opt/airflow/dags/crypto_pipeline_dag.py for tasks to queue
[2026-07-19T16:36:40.158+0000] {logging_mixin.py:188} INFO - [2026-07-19T16:36:40.158+0000] {dagbag.py:545} INFO - Filling up the DagBag from /opt/airflow/dags/crypto_pipeline_dag.py
[2026-07-19T16:36:40.165+0000] {processor.py:840} INFO - DAG(s) 'crypto_daily_pipeline' retrieved from /opt/airflow/dags/crypto_pipeline_dag.py
[2026-07-19T16:36:40.178+0000] {logging_mixin.py:188} INFO - [2026-07-19T16:36:40.178+0000] {dag.py:3089} INFO - Sync 1 DAGs
[2026-07-19T16:36:40.187+0000] {logging_mixin.py:188} INFO - [2026-07-19T16:36:40.187+0000] {dag.py:3947} INFO - Setting next_dagrun for crypto_daily_pipeline to 2026-07-19 00:00:00+00:00, run_after=2026-07-20 00:00:00+00:00
[2026-07-19T16:36:40.194+0000] {processor.py:183} INFO - Processing /opt/airflow/dags/crypto_pipeline_dag.py took 0.042 seconds
[2026-07-19T16:37:10.330+0000] {processor.py:161} INFO - Started process (PID=925) to work on /opt/airflow/dags/crypto_pipeline_dag.py
[2026-07-19T16:37:10.330+0000] {processor.py:830} INFO - Processing file /opt/airflow/dags/crypto_pipeline_dag.py for tasks to queue
[2026-07-19T16:37:10.331+0000] {logging_mixin.py:188} INFO - [2026-07-19T16:37:10.331+0000] {dagbag.py:545} INFO - Filling up the DagBag from /opt/airflow/dags/crypto_pipeline_dag.py
[2026-07-19T16:37:10.335+0000] {processor.py:840} INFO - DAG(s) 'crypto_daily_pipeline' retrieved from /opt/airflow/dags/crypto_pipeline_dag.py
[2026-07-19T16:37:10.346+0000] {logging_mixin.py:188} INFO - [2026-07-19T16:37:10.346+0000] {dag.py:3089} INFO - Sync 1 DAGs
[2026-07-19T16:37:10.353+0000] {logging_mixin.py:188} INFO - [2026-07-19T16:37:10.353+0000] {dag.py:3947} INFO - Setting next_dagrun for crypto_daily_pipeline to 2026-07-19 00:00:00+00:00, run_after=2026-07-20 00:00:00+00:00
[2026-07-19T16:37:10.359+0000] {processor.py:183} INFO - Processing /opt/airflow/dags/crypto_pipeline_dag.py took 0.032 seconds
[2026-07-19T16:37:40.505+0000] {processor.py:161} INFO - Started process (PID=930) to work on /opt/airflow/dags/crypto_pipeline_dag.py
[2026-07-19T16:37:40.505+0000] {processor.py:830} INFO - Processing file /opt/airflow/dags/crypto_pipeline_dag.py for tasks to queue
[2026-07-19T16:37:40.507+0000] {logging_mixin.py:188} INFO - [2026-07-19T16:37:40.507+0000] {dagbag.py:545} INFO - Filling up the DagBag from /opt/airflow/dags/crypto_pipeline_dag.py
[2026-07-19T16:37:40.518+0000] {processor.py:840} INFO - DAG(s) 'crypto_daily_pipeline' retrieved from /opt/airflow/dags/crypto_pipeline_dag.py
[2026-07-19T16:37:40.532+0000] {logging_mixin.py:188} INFO - [2026-07-19T16:37:40.532+0000] {dag.py:3089} INFO - Sync 1 DAGs
[2026-07-19T16:37:40.540+0000] {logging_mixin.py:188} INFO - [2026-07-19T16:37:40.540+0000] {dag.py:3947} INFO - Setting next_dagrun for crypto_daily_pipeline to 2026-07-19 00:00:00+00:00, run_after=2026-07-20 00:00:00+00:00
[2026-07-19T16:37:40.546+0000] {processor.py:183} INFO - Processing /opt/airflow/dags/crypto_pipeline_dag.py took 0.045 seconds
[2026-07-19T16:38:10.671+0000] {processor.py:161} INFO - Started process (PID=935) to work on /opt/airflow/dags/crypto_pipeline_dag.py
[2026-07-19T16:38:10.672+0000] {processor.py:830} INFO - Processing file /opt/airflow/dags/crypto_pipeline_dag.py for tasks to queue
[2026-07-19T16:38:10.673+0000] {logging_mixin.py:188} INFO - [2026-07-19T16:38:10.673+0000] {dagbag.py:545} INFO - Filling up the DagBag from /opt/airflow/dags/crypto_pipeline_dag.py
[2026-07-19T16:38:10.681+0000] {processor.py:840} INFO - DAG(s) 'crypto_daily_pipeline' retrieved from /opt/airflow/dags/crypto_pipeline_dag.py
[2026-07-19T16:38:10.696+0000] {logging_mixin.py:188} INFO - [2026-07-19T16:38:10.696+0000] {dag.py:3089} INFO - Sync 1 DAGs
[2026-07-19T16:38:10.705+0000] {logging_mixin.py:188} INFO - [2026-07-19T16:38:10.705+0000] {dag.py:3947} INFO - Setting next_dagrun for crypto_daily_pipeline to 2026-07-19 00:00:00+00:00, run_after=2026-07-20 00:00:00+00:00
[2026-07-19T16:38:10.711+0000] {processor.py:183} INFO - Processing /opt/airflow/dags/crypto_pipeline_dag.py took 0.044 seconds
[2026-07-19T16:38:40.833+0000] {processor.py:161} INFO - Started process (PID=940) to work on /opt/airflow/dags/crypto_pipeline_dag.py
[2026-07-19T16:38:40.834+0000] {processor.py:830} INFO - Processing file /opt/airflow/dags/crypto_pipeline_dag.py for tasks to queue
[2026-07-19T16:38:40.835+0000] {logging_mixin.py:188} INFO - [2026-07-19T16:38:40.835+0000] {dagbag.py:545} INFO - Filling up the DagBag from /opt/airflow/dags/crypto_pipeline_dag.py
[2026-07-19T16:38:40.844+0000] {processor.py:840} INFO - DAG(s) 'crypto_daily_pipeline' retrieved from /opt/airflow/dags/crypto_pipeline_dag.py
[2026-07-19T16:38:40.861+0000] {logging_mixin.py:188} INFO - [2026-07-19T16:38:40.860+0000] {dag.py:3089} INFO - Sync 1 DAGs
[2026-07-19T16:38:40.870+0000] {logging_mixin.py:188} INFO - [2026-07-19T16:38:40.870+0000] {dag.py:3947} INFO - Setting next_dagrun for crypto_daily_pipeline to 2026-07-19 00:00:00+00:00, run_after=2026-07-20 00:00:00+00:00
[2026-07-19T16:38:40.875+0000] {processor.py:183} INFO - Processing /opt/airflow/dags/crypto_pipeline_dag.py took 0.048 seconds
[2026-07-19T16:39:11.087+0000] {processor.py:161} INFO - Started process (PID=945) to work on /opt/airflow/dags/crypto_pipeline_dag.py
[2026-07-19T16:39:11.088+0000] {processor.py:830} INFO - Processing file /opt/airflow/dags/crypto_pipeline_dag.py for tasks to queue
[2026-07-19T16:39:11.089+0000] {logging_mixin.py:188} INFO - [2026-07-19T16:39:11.089+0000] {dagbag.py:545} INFO - Filling up the DagBag from /opt/airflow/dags/crypto_pipeline_dag.py
[2026-07-19T16:39:11.098+0000] {processor.py:840} INFO - DAG(s) 'crypto_daily_pipeline' retrieved from /opt/airflow/dags/crypto_pipeline_dag.py
[2026-07-19T16:39:11.116+0000] {logging_mixin.py:188} INFO - [2026-07-19T16:39:11.116+0000] {dag.py:3089} INFO - Sync 1 DAGs
[2026-07-19T16:39:11.127+0000] {logging_mixin.py:188} INFO - [2026-07-19T16:39:11.127+0000] {dag.py:3947} INFO - Setting next_dagrun for crypto_daily_pipeline to 2026-07-19 00:00:00+00:00, run_after=2026-07-20 00:00:00+00:00
[2026-07-19T16:39:11.132+0000] {processor.py:183} INFO - Processing /opt/airflow/dags/crypto_pipeline_dag.py took 0.051 seconds
[2026-07-19T16:39:41.267+0000] {processor.py:161} INFO - Started process (PID=950) to work on /opt/airflow/dags/crypto_pipeline_dag.py
[2026-07-19T16:39:41.268+0000] {processor.py:830} INFO - Processing file /opt/airflow/dags/crypto_pipeline_dag.py for tasks to queue
[2026-07-19T16:39:41.269+0000] {logging_mixin.py:188} INFO - [2026-07-19T16:39:41.269+0000] {dagbag.py:545} INFO - Filling up the DagBag from /opt/airflow/dags/crypto_pipeline_dag.py
[2026-07-19T16:39:41.279+0000] {processor.py:840} INFO - DAG(s) 'crypto_daily_pipeline' retrieved from /opt/airflow/dags/crypto_pipeline_dag.py
[2026-07-19T16:39:41.297+0000] {logging_mixin.py:188} INFO - [2026-07-19T16:39:41.297+0000] {dag.py:3089} INFO - Sync 1 DAGs
[2026-07-19T16:39:41.307+0000] {logging_mixin.py:188} INFO - [2026-07-19T16:39:41.307+0000] {dag.py:3947} INFO - Setting next_dagrun for crypto_daily_pipeline to 2026-07-19 00:00:00+00:00, run_after=2026-07-20 00:00:00+00:00
[2026-07-19T16:39:41.313+0000] {processor.py:183} INFO - Processing /opt/airflow/dags/crypto_pipeline_dag.py took 0.050 seconds
[2026-07-19T16:40:11.505+0000] {processor.py:161} INFO - Started process (PID=955) to work on /opt/airflow/dags/crypto_pipeline_dag.py
[2026-07-19T16:40:11.506+0000] {processor.py:830} INFO - Processing file /opt/airflow/dags/crypto_pipeline_dag.py for tasks to queue
[2026-07-19T16:40:11.507+0000] {logging_mixin.py:188} INFO - [2026-07-19T16:40:11.507+0000] {dagbag.py:545} INFO - Filling up the DagBag from /opt/airflow/dags/crypto_pipeline_dag.py
[2026-07-19T16:40:11.515+0000] {processor.py:840} INFO - DAG(s) 'crypto_daily_pipeline' retrieved from /opt/airflow/dags/crypto_pipeline_dag.py
[2026-07-19T16:40:11.532+0000] {logging_mixin.py:188} INFO - [2026-07-19T16:40:11.532+0000] {dag.py:3089} INFO - Sync 1 DAGs
[2026-07-19T16:40:11.542+0000] {logging_mixin.py:188} INFO - [2026-07-19T16:40:11.542+0000] {dag.py:3947} INFO - Setting next_dagrun for crypto_daily_pipeline to 2026-07-19 00:00:00+00:00, run_after=2026-07-20 00:00:00+00:00
[2026-07-19T16:40:11.547+0000] {processor.py:183} INFO - Processing /opt/airflow/dags/crypto_pipeline_dag.py took 0.048 seconds
[2026-07-19T16:40:41.664+0000] {processor.py:161} INFO - Started process (PID=960) to work on /opt/airflow/dags/crypto_pipeline_dag.py
[2026-07-19T16:40:41.664+0000] {processor.py:830} INFO - Processing file /opt/airflow/dags/crypto_pipeline_dag.py for tasks to queue
[2026-07-19T16:40:41.665+0000] {logging_mixin.py:188} INFO - [2026-07-19T16:40:41.665+0000] {dagbag.py:545} INFO - Filling up the DagBag from /opt/airflow/dags/crypto_pipeline_dag.py
[2026-07-19T16:40:41.669+0000] {processor.py:840} INFO - DAG(s) 'crypto_daily_pipeline' retrieved from /opt/airflow/dags/crypto_pipeline_dag.py
[2026-07-19T16:40:41.680+0000] {logging_mixin.py:188} INFO - [2026-07-19T16:40:41.680+0000] {dag.py:3089} INFO - Sync 1 DAGs
[2026-07-19T16:40:41.686+0000] {logging_mixin.py:188} INFO - [2026-07-19T16:40:41.686+0000] {dag.py:3947} INFO - Setting next_dagrun for crypto_daily_pipeline to 2026-07-19 00:00:00+00:00, run_after=2026-07-20 00:00:00+00:00
[2026-07-19T16:40:41.692+0000] {processor.py:183} INFO - Processing /opt/airflow/dags/crypto_pipeline_dag.py took 0.030 seconds
[2026-07-19T16:41:11.878+0000] {processor.py:161} INFO - Started process (PID=965) to work on /opt/airflow/dags/crypto_pipeline_dag.py
[2026-07-19T16:41:11.879+0000] {processor.py:830} INFO - Processing file /opt/airflow/dags/crypto_pipeline_dag.py for tasks to queue
[2026-07-19T16:41:11.882+0000] {logging_mixin.py:188} INFO - [2026-07-19T16:41:11.882+0000] {dagbag.py:545} INFO - Filling up the DagBag from /opt/airflow/dags/crypto_pipeline_dag.py
[2026-07-19T16:41:11.896+0000] {processor.py:840} INFO - DAG(s) 'crypto_daily_pipeline' retrieved from /opt/airflow/dags/crypto_pipeline_dag.py
[2026-07-19T16:41:11.918+0000] {logging_mixin.py:188} INFO - [2026-07-19T16:41:11.918+0000] {dag.py:3089} INFO - Sync 1 DAGs
[2026-07-19T16:41:11.930+0000] {logging_mixin.py:188} INFO - [2026-07-19T16:41:11.929+0000] {dag.py:3947} INFO - Setting next_dagrun for crypto_daily_pipeline to 2026-07-19 00:00:00+00:00, run_after=2026-07-20 00:00:00+00:00
[2026-07-19T16:41:11.937+0000] {processor.py:183} INFO - Processing /opt/airflow/dags/crypto_pipeline_dag.py took 0.065 seconds
[2026-07-19T16:41:42.065+0000] {processor.py:161} INFO - Started process (PID=970) to work on /opt/airflow/dags/crypto_pipeline_dag.py
[2026-07-19T16:41:42.066+0000] {processor.py:830} INFO - Processing file /opt/airflow/dags/crypto_pipeline_dag.py for tasks to queue
[2026-07-19T16:41:42.068+0000] {logging_mixin.py:188} INFO - [2026-07-19T16:41:42.067+0000] {dagbag.py:545} INFO - Filling up the DagBag from /opt/airflow/dags/crypto_pipeline_dag.py
[2026-07-19T16:41:42.078+0000] {processor.py:840} INFO - DAG(s) 'crypto_daily_pipeline' retrieved from /opt/airflow/dags/crypto_pipeline_dag.py
[2026-07-19T16:41:42.097+0000] {logging_mixin.py:188} INFO - [2026-07-19T16:41:42.097+0000] {dag.py:3089} INFO - Sync 1 DAGs
[2026-07-19T16:41:42.108+0000] {logging_mixin.py:188} INFO - [2026-07-19T16:41:42.108+0000] {dag.py:3947} INFO - Setting next_dagrun for crypto_daily_pipeline to 2026-07-19 00:00:00+00:00, run_after=2026-07-20 00:00:00+00:00
[2026-07-19T16:41:42.114+0000] {processor.py:183} INFO - Processing /opt/airflow/dags/crypto_pipeline_dag.py took 0.054 seconds
[2026-07-19T16:42:12.289+0000] {processor.py:161} INFO - Started process (PID=975) to work on /opt/airflow/dags/crypto_pipeline_dag.py
[2026-07-19T16:42:12.290+0000] {processor.py:830} INFO - Processing file /opt/airflow/dags/crypto_pipeline_dag.py for tasks to queue
[2026-07-19T16:42:12.291+0000] {logging_mixin.py:188} INFO - [2026-07-19T16:42:12.291+0000] {dagbag.py:545} INFO - Filling up the DagBag from /opt/airflow/dags/crypto_pipeline_dag.py
[2026-07-19T16:42:12.301+0000] {processor.py:840} INFO - DAG(s) 'crypto_daily_pipeline' retrieved from /opt/airflow/dags/crypto_pipeline_dag.py
[2026-07-19T16:42:12.319+0000] {logging_mixin.py:188} INFO - [2026-07-19T16:42:12.318+0000] {dag.py:3089} INFO - Sync 1 DAGs
[2026-07-19T16:42:12.328+0000] {logging_mixin.py:188} INFO - [2026-07-19T16:42:12.328+0000] {dag.py:3947} INFO - Setting next_dagrun for crypto_daily_pipeline to 2026-07-19 00:00:00+00:00, run_after=2026-07-20 00:00:00+00:00
[2026-07-19T16:42:12.336+0000] {processor.py:183} INFO - Processing /opt/airflow/dags/crypto_pipeline_dag.py took 0.052 seconds
[2026-07-19T16:42:42.472+0000] {processor.py:161} INFO - Started process (PID=980) to work on /opt/airflow/dags/crypto_pipeline_dag.py
[2026-07-19T16:42:42.473+0000] {processor.py:830} INFO - Processing file /opt/airflow/dags/crypto_pipeline_dag.py for tasks to queue
[2026-07-19T16:42:42.475+0000] {logging_mixin.py:188} INFO - [2026-07-19T16:42:42.474+0000] {dagbag.py:545} INFO - Filling up the DagBag from /opt/airflow/dags/crypto_pipeline_dag.py
[2026-07-19T16:42:42.486+0000] {processor.py:840} INFO - DAG(s) 'crypto_daily_pipeline' retrieved from /opt/airflow/dags/crypto_pipeline_dag.py
[2026-07-19T16:42:42.504+0000] {logging_mixin.py:188} INFO - [2026-07-19T16:42:42.503+0000] {dag.py:3089} INFO - Sync 1 DAGs
[2026-07-19T16:42:42.513+0000] {logging_mixin.py:188} INFO - [2026-07-19T16:42:42.513+0000] {dag.py:3947} INFO - Setting next_dagrun for crypto_daily_pipeline to 2026-07-19 00:00:00+00:00, run_after=2026-07-20 00:00:00+00:00
[2026-07-19T16:42:42.519+0000] {processor.py:183} INFO - Processing /opt/airflow/dags/crypto_pipeline_dag.py took 0.052 seconds
[2026-07-19T16:43:12.642+0000] {processor.py:161} INFO - Started process (PID=985) to work on /opt/airflow/dags/crypto_pipeline_dag.py
[2026-07-19T16:43:12.642+0000] {processor.py:830} INFO - Processing file /opt/airflow/dags/crypto_pipeline_dag.py for tasks to queue
[2026-07-19T16:43:12.644+0000] {logging_mixin.py:188} INFO - [2026-07-19T16:43:12.644+0000] {dagbag.py:545} INFO - Filling up the DagBag from /opt/airflow/dags/crypto_pipeline_dag.py
[2026-07-19T16:43:12.656+0000] {processor.py:840} INFO - DAG(s) 'crypto_daily_pipeline' retrieved from /opt/airflow/dags/crypto_pipeline_dag.py
[2026-07-19T16:43:12.670+0000] {logging_mixin.py:188} INFO - [2026-07-19T16:43:12.670+0000] {dag.py:3089} INFO - Sync 1 DAGs
[2026-07-19T16:43:12.679+0000] {logging_mixin.py:188} INFO - [2026-07-19T16:43:12.679+0000] {dag.py:3947} INFO - Setting next_dagrun for crypto_daily_pipeline to 2026-07-19 00:00:00+00:00, run_after=2026-07-20 00:00:00+00:00
[2026-07-19T16:43:12.685+0000] {processor.py:183} INFO - Processing /opt/airflow/dags/crypto_pipeline_dag.py took 0.049 seconds
[2026-07-19T16:43:42.832+0000] {processor.py:161} INFO - Started process (PID=990) to work on /opt/airflow/dags/crypto_pipeline_dag.py
[2026-07-19T16:43:42.833+0000] {processor.py:830} INFO - Processing file /opt/airflow/dags/crypto_pipeline_dag.py for tasks to queue
[2026-07-19T16:43:42.834+0000] {logging_mixin.py:188} INFO - [2026-07-19T16:43:42.834+0000] {dagbag.py:545} INFO - Filling up the DagBag from /opt/airflow/dags/crypto_pipeline_dag.py
[2026-07-19T16:43:42.845+0000] {processor.py:840} INFO - DAG(s) 'crypto_daily_pipeline' retrieved from /opt/airflow/dags/crypto_pipeline_dag.py
[2026-07-19T16:43:42.866+0000] {logging_mixin.py:188} INFO - [2026-07-19T16:43:42.865+0000] {dag.py:3089} INFO - Sync 1 DAGs
[2026-07-19T16:43:42.877+0000] {logging_mixin.py:188} INFO - [2026-07-19T16:43:42.877+0000] {dag.py:3947} INFO - Setting next_dagrun for crypto_daily_pipeline to 2026-07-19 00:00:00+00:00, run_after=2026-07-20 00:00:00+00:00
[2026-07-19T16:43:42.884+0000] {processor.py:183} INFO - Processing /opt/airflow/dags/crypto_pipeline_dag.py took 0.056 seconds
[2026-07-19T16:44:13.057+0000] {processor.py:161} INFO - Started process (PID=995) to work on /opt/airflow/dags/crypto_pipeline_dag.py
[2026-07-19T16:44:13.058+0000] {processor.py:830} INFO - Processing file /opt/airflow/dags/crypto_pipeline_dag.py for tasks to queue
[2026-07-19T16:44:13.060+0000] {logging_mixin.py:188} INFO - [2026-07-19T16:44:13.060+0000] {dagbag.py:545} INFO - Filling up the DagBag from /opt/airflow/dags/crypto_pipeline_dag.py
[2026-07-19T16:44:13.073+0000] {processor.py:840} INFO - DAG(s) 'crypto_daily_pipeline' retrieved from /opt/airflow/dags/crypto_pipeline_dag.py
[2026-07-19T16:44:13.097+0000] {logging_mixin.py:188} INFO - [2026-07-19T16:44:13.097+0000] {dag.py:3089} INFO - Sync 1 DAGs
[2026-07-19T16:44:13.108+0000] {logging_mixin.py:188} INFO - [2026-07-19T16:44:13.108+0000] {dag.py:3947} INFO - Setting next_dagrun for crypto_daily_pipeline to 2026-07-19 00:00:00+00:00, run_after=2026-07-20 00:00:00+00:00
[2026-07-19T16:44:13.115+0000] {processor.py:183} INFO - Processing /opt/airflow/dags/crypto_pipeline_dag.py took 0.066 seconds
[2026-07-19T16:44:43.227+0000] {processor.py:161} INFO - Started process (PID=1000) to work on /opt/airflow/dags/crypto_pipeline_dag.py
[2026-07-19T16:44:43.227+0000] {processor.py:830} INFO - Processing file /opt/airflow/dags/crypto_pipeline_dag.py for tasks to queue
[2026-07-19T16:44:43.229+0000] {logging_mixin.py:188} INFO - [2026-07-19T16:44:43.228+0000] {dagbag.py:545} INFO - Filling up the DagBag from /opt/airflow/dags/crypto_pipeline_dag.py
[2026-07-19T16:44:43.237+0000] {processor.py:840} INFO - DAG(s) 'crypto_daily_pipeline' retrieved from /opt/airflow/dags/crypto_pipeline_dag.py
[2026-07-19T16:44:43.253+0000] {logging_mixin.py:188} INFO - [2026-07-19T16:44:43.253+0000] {dag.py:3089} INFO - Sync 1 DAGs
[2026-07-19T16:44:43.262+0000] {logging_mixin.py:188} INFO - [2026-07-19T16:44:43.262+0000] {dag.py:3947} INFO - Setting next_dagrun for crypto_daily_pipeline to 2026-07-19 00:00:00+00:00, run_after=2026-07-20 00:00:00+00:00
[2026-07-19T16:44:43.270+0000] {processor.py:183} INFO - Processing /opt/airflow/dags/crypto_pipeline_dag.py took 0.048 seconds
[2026-07-19T16:45:13.470+0000] {processor.py:161} INFO - Started process (PID=1005) to work on /opt/airflow/dags/crypto_pipeline_dag.py
[2026-07-19T16:45:13.471+0000] {processor.py:830} INFO - Processing file /opt/airflow/dags/crypto_pipeline_dag.py for tasks to queue
[2026-07-19T16:45:13.473+0000] {logging_mixin.py:188} INFO - [2026-07-19T16:45:13.473+0000] {dagbag.py:545} INFO - Filling up the DagBag from /opt/airflow/dags/crypto_pipeline_dag.py
[2026-07-19T16:45:13.484+0000] {processor.py:840} INFO - DAG(s) 'crypto_daily_pipeline' retrieved from /opt/airflow/dags/crypto_pipeline_dag.py
[2026-07-19T16:45:13.505+0000] {logging_mixin.py:188} INFO - [2026-07-19T16:45:13.505+0000] {dag.py:3089} INFO - Sync 1 DAGs
[2026-07-19T16:45:13.514+0000] {logging_mixin.py:188} INFO - [2026-07-19T16:45:13.514+0000] {dag.py:3947} INFO - Setting next_dagrun for crypto_daily_pipeline to 2026-07-19 00:00:00+00:00, run_after=2026-07-20 00:00:00+00:00
[2026-07-19T16:45:13.520+0000] {processor.py:183} INFO - Processing /opt/airflow/dags/crypto_pipeline_dag.py took 0.058 seconds
[2026-07-19T16:45:43.644+0000] {processor.py:161} INFO - Started process (PID=1010) to work on /opt/airflow/dags/crypto_pipeline_dag.py
[2026-07-19T16:45:43.645+0000] {processor.py:830} INFO - Processing file /opt/airflow/dags/crypto_pipeline_dag.py for tasks to queue
[2026-07-19T16:45:43.646+0000] {logging_mixin.py:188} INFO - [2026-07-19T16:45:43.646+0000] {dagbag.py:545} INFO - Filling up the DagBag from /opt/airflow/dags/crypto_pipeline_dag.py
[2026-07-19T16:45:43.654+0000] {processor.py:840} INFO - DAG(s) 'crypto_daily_pipeline' retrieved from /opt/airflow/dags/crypto_pipeline_dag.py
[2026-07-19T16:45:43.668+0000] {logging_mixin.py:188} INFO - [2026-07-19T16:45:43.668+0000] {dag.py:3089} INFO - Sync 1 DAGs
[2026-07-19T16:45:43.676+0000] {logging_mixin.py:188} INFO - [2026-07-19T16:45:43.676+0000] {dag.py:3947} INFO - Setting next_dagrun for crypto_daily_pipeline to 2026-07-19 00:00:00+00:00, run_after=2026-07-20 00:00:00+00:00
[2026-07-19T16:45:43.684+0000] {processor.py:183} INFO - Processing /opt/airflow/dags/crypto_pipeline_dag.py took 0.044 seconds
[2026-07-19T16:46:13.902+0000] {processor.py:161} INFO - Started process (PID=1015) to work on /opt/airflow/dags/crypto_pipeline_dag.py
[2026-07-19T16:46:13.903+0000] {processor.py:830} INFO - Processing file /opt/airflow/dags/crypto_pipeline_dag.py for tasks to queue
[2026-07-19T16:46:13.905+0000] {logging_mixin.py:188} INFO - [2026-07-19T16:46:13.905+0000] {dagbag.py:545} INFO - Filling up the DagBag from /opt/airflow/dags/crypto_pipeline_dag.py
[2026-07-19T16:46:13.917+0000] {processor.py:840} INFO - DAG(s) 'crypto_daily_pipeline' retrieved from /opt/airflow/dags/crypto_pipeline_dag.py
[2026-07-19T16:46:13.939+0000] {logging_mixin.py:188} INFO - [2026-07-19T16:46:13.939+0000] {dag.py:3089} INFO - Sync 1 DAGs
[2026-07-19T16:46:13.949+0000] {logging_mixin.py:188} INFO - [2026-07-19T16:46:13.948+0000] {dag.py:3947} INFO - Setting next_dagrun for crypto_daily_pipeline to 2026-07-19 00:00:00+00:00, run_after=2026-07-20 00:00:00+00:00
[2026-07-19T16:46:13.957+0000] {processor.py:183} INFO - Processing /opt/airflow/dags/crypto_pipeline_dag.py took 0.061 seconds
[2026-07-19T16:46:44.080+0000] {processor.py:161} INFO - Started process (PID=1020) to work on /opt/airflow/dags/crypto_pipeline_dag.py
[2026-07-19T16:46:44.081+0000] {processor.py:830} INFO - Processing file /opt/airflow/dags/crypto_pipeline_dag.py for tasks to queue
[2026-07-19T16:46:44.083+0000] {logging_mixin.py:188} INFO - [2026-07-19T16:46:44.083+0000] {dagbag.py:545} INFO - Filling up the DagBag from /opt/airflow/dags/crypto_pipeline_dag.py
[2026-07-19T16:46:44.094+0000] {processor.py:840} INFO - DAG(s) 'crypto_daily_pipeline' retrieved from /opt/airflow/dags/crypto_pipeline_dag.py
[2026-07-19T16:46:44.111+0000] {logging_mixin.py:188} INFO - [2026-07-19T16:46:44.111+0000] {dag.py:3089} INFO - Sync 1 DAGs
[2026-07-19T16:46:44.121+0000] {logging_mixin.py:188} INFO - [2026-07-19T16:46:44.121+0000] {dag.py:3947} INFO - Setting next_dagrun for crypto_daily_pipeline to 2026-07-19 00:00:00+00:00, run_after=2026-07-20 00:00:00+00:00
[2026-07-19T16:46:44.128+0000] {processor.py:183} INFO - Processing /opt/airflow/dags/crypto_pipeline_dag.py took 0.052 seconds
[2026-07-19T16:47:14.258+0000] {processor.py:161} INFO - Started process (PID=1025) to work on /opt/airflow/dags/crypto_pipeline_dag.py
[2026-07-19T16:47:14.259+0000] {processor.py:830} INFO - Processing file /opt/airflow/dags/crypto_pipeline_dag.py for tasks to queue
[2026-07-19T16:47:14.260+0000] {logging_mixin.py:188} INFO - [2026-07-19T16:47:14.260+0000] {dagbag.py:545} INFO - Filling up the DagBag from /opt/airflow/dags/crypto_pipeline_dag.py
[2026-07-19T16:47:14.267+0000] {processor.py:840} INFO - DAG(s) 'crypto_daily_pipeline' retrieved from /opt/airflow/dags/crypto_pipeline_dag.py
[2026-07-19T16:47:14.282+0000] {logging_mixin.py:188} INFO - [2026-07-19T16:47:14.282+0000] {dag.py:3089} INFO - Sync 1 DAGs
[2026-07-19T16:47:14.292+0000] {logging_mixin.py:188} INFO - [2026-07-19T16:47:14.292+0000] {dag.py:3947} INFO - Setting next_dagrun for crypto_daily_pipeline to 2026-07-19 00:00:00+00:00, run_after=2026-07-20 00:00:00+00:00
[2026-07-19T16:47:14.299+0000] {processor.py:183} INFO - Processing /opt/airflow/dags/crypto_pipeline_dag.py took 0.043 seconds
[2026-07-19T16:47:44.465+0000] {processor.py:161} INFO - Started process (PID=1030) to work on /opt/airflow/dags/crypto_pipeline_dag.py
[2026-07-19T16:47:44.466+0000] {processor.py:830} INFO - Processing file /opt/airflow/dags/crypto_pipeline_dag.py for tasks to queue
[2026-07-19T16:47:44.468+0000] {logging_mixin.py:188} INFO - [2026-07-19T16:47:44.467+0000] {dagbag.py:545} INFO - Filling up the DagBag from /opt/airflow/dags/crypto_pipeline_dag.py
[2026-07-19T16:47:44.477+0000] {processor.py:840} INFO - DAG(s) 'crypto_daily_pipeline' retrieved from /opt/airflow/dags/crypto_pipeline_dag.py
[2026-07-19T16:47:44.494+0000] {logging_mixin.py:188} INFO - [2026-07-19T16:47:44.494+0000] {dag.py:3089} INFO - Sync 1 DAGs
[2026-07-19T16:47:44.504+0000] {logging_mixin.py:188} INFO - [2026-07-19T16:47:44.503+0000] {dag.py:3947} INFO - Setting next_dagrun for crypto_daily_pipeline to 2026-07-19 00:00:00+00:00, run_after=2026-07-20 00:00:00+00:00
[2026-07-19T16:47:44.509+0000] {processor.py:183} INFO - Processing /opt/airflow/dags/crypto_pipeline_dag.py took 0.049 seconds
[2026-07-19T16:48:14.633+0000] {processor.py:161} INFO - Started process (PID=1035) to work on /opt/airflow/dags/crypto_pipeline_dag.py
[2026-07-19T16:48:14.633+0000] {processor.py:830} INFO - Processing file /opt/airflow/dags/crypto_pipeline_dag.py for tasks to queue
[2026-07-19T16:48:14.635+0000] {logging_mixin.py:188} INFO - [2026-07-19T16:48:14.634+0000] {dagbag.py:545} INFO - Filling up the DagBag from /opt/airflow/dags/crypto_pipeline_dag.py
[2026-07-19T16:48:14.644+0000] {processor.py:840} INFO - DAG(s) 'crypto_daily_pipeline' retrieved from /opt/airflow/dags/crypto_pipeline_dag.py
[2026-07-19T16:48:14.663+0000] {logging_mixin.py:188} INFO - [2026-07-19T16:48:14.662+0000] {dag.py:3089} INFO - Sync 1 DAGs
[2026-07-19T16:48:14.672+0000] {logging_mixin.py:188} INFO - [2026-07-19T16:48:14.672+0000] {dag.py:3947} INFO - Setting next_dagrun for crypto_daily_pipeline to 2026-07-19 00:00:00+00:00, run_after=2026-07-20 00:00:00+00:00
[2026-07-19T16:48:14.678+0000] {processor.py:183} INFO - Processing /opt/airflow/dags/crypto_pipeline_dag.py took 0.050 seconds
[2026-07-19T16:48:44.818+0000] {processor.py:161} INFO - Started process (PID=1040) to work on /opt/airflow/dags/crypto_pipeline_dag.py
[2026-07-19T16:48:44.820+0000] {processor.py:830} INFO - Processing file /opt/airflow/dags/crypto_pipeline_dag.py for tasks to queue
[2026-07-19T16:48:44.822+0000] {logging_mixin.py:188} INFO - [2026-07-19T16:48:44.821+0000] {dagbag.py:545} INFO - Filling up the DagBag from /opt/airflow/dags/crypto_pipeline_dag.py
[2026-07-19T16:48:44.833+0000] {processor.py:840} INFO - DAG(s) 'crypto_daily_pipeline' retrieved from /opt/airflow/dags/crypto_pipeline_dag.py
[2026-07-19T16:48:44.853+0000] {logging_mixin.py:188} INFO - [2026-07-19T16:48:44.853+0000] {dag.py:3089} INFO - Sync 1 DAGs
[2026-07-19T16:48:44.864+0000] {logging_mixin.py:188} INFO - [2026-07-19T16:48:44.864+0000] {dag.py:3947} INFO - Setting next_dagrun for crypto_daily_pipeline to 2026-07-19 00:00:00+00:00, run_after=2026-07-20 00:00:00+00:00
[2026-07-19T16:48:44.872+0000] {processor.py:183} INFO - Processing /opt/airflow/dags/crypto_pipeline_dag.py took 0.063 seconds
[2026-07-19T16:49:14.987+0000] {processor.py:161} INFO - Started process (PID=1045) to work on /opt/airflow/dags/crypto_pipeline_dag.py
[2026-07-19T16:49:14.988+0000] {processor.py:830} INFO - Processing file /opt/airflow/dags/crypto_pipeline_dag.py for tasks to queue
[2026-07-19T16:49:14.989+0000] {logging_mixin.py:188} INFO - [2026-07-19T16:49:14.989+0000] {dagbag.py:545} INFO - Filling up the DagBag from /opt/airflow/dags/crypto_pipeline_dag.py
[2026-07-19T16:49:14.995+0000] {processor.py:840} INFO - DAG(s) 'crypto_daily_pipeline' retrieved from /opt/airflow/dags/crypto_pipeline_dag.py
[2026-07-19T16:49:15.008+0000] {logging_mixin.py:188} INFO - [2026-07-19T16:49:15.008+0000] {dag.py:3089} INFO - Sync 1 DAGs
[2026-07-19T16:49:15.016+0000] {logging_mixin.py:188} INFO - [2026-07-19T16:49:15.016+0000] {dag.py:3947} INFO - Setting next_dagrun for crypto_daily_pipeline to 2026-07-19 00:00:00+00:00, run_after=2026-07-20 00:00:00+00:00
[2026-07-19T16:49:15.021+0000] {processor.py:183} INFO - Processing /opt/airflow/dags/crypto_pipeline_dag.py took 0.037 seconds
[2026-07-19T16:49:45.240+0000] {processor.py:161} INFO - Started process (PID=1050) to work on /opt/airflow/dags/crypto_pipeline_dag.py
[2026-07-19T16:49:45.240+0000] {processor.py:830} INFO - Processing file /opt/airflow/dags/crypto_pipeline_dag.py for tasks to queue
[2026-07-19T16:49:45.242+0000] {logging_mixin.py:188} INFO - [2026-07-19T16:49:45.242+0000] {dagbag.py:545} INFO - Filling up the DagBag from /opt/airflow/dags/crypto_pipeline_dag.py
[2026-07-19T16:49:45.251+0000] {processor.py:840} INFO - DAG(s) 'crypto_daily_pipeline' retrieved from /opt/airflow/dags/crypto_pipeline_dag.py
[2026-07-19T16:49:45.269+0000] {logging_mixin.py:188} INFO - [2026-07-19T16:49:45.269+0000] {dag.py:3089} INFO - Sync 1 DAGs
[2026-07-19T16:49:45.279+0000] {logging_mixin.py:188} INFO - [2026-07-19T16:49:45.279+0000] {dag.py:3947} INFO - Setting next_dagrun for crypto_daily_pipeline to 2026-07-19 00:00:00+00:00, run_after=2026-07-20 00:00:00+00:00
[2026-07-19T16:49:45.289+0000] {processor.py:183} INFO - Processing /opt/airflow/dags/crypto_pipeline_dag.py took 0.054 seconds
[2026-07-19T16:50:15.437+0000] {processor.py:161} INFO - Started process (PID=1055) to work on /opt/airflow/dags/crypto_pipeline_dag.py
[2026-07-19T16:50:15.438+0000] {processor.py:830} INFO - Processing file /opt/airflow/dags/crypto_pipeline_dag.py for tasks to queue
[2026-07-19T16:50:15.440+0000] {logging_mixin.py:188} INFO - [2026-07-19T16:50:15.439+0000] {dagbag.py:545} INFO - Filling up the DagBag from /opt/airflow/dags/crypto_pipeline_dag.py
[2026-07-19T16:50:15.448+0000] {processor.py:840} INFO - DAG(s) 'crypto_daily_pipeline' retrieved from /opt/airflow/dags/crypto_pipeline_dag.py
[2026-07-19T16:50:15.466+0000] {logging_mixin.py:188} INFO - [2026-07-19T16:50:15.466+0000] {dag.py:3089} INFO - Sync 1 DAGs
[2026-07-19T16:50:15.477+0000] {logging_mixin.py:188} INFO - [2026-07-19T16:50:15.476+0000] {dag.py:3947} INFO - Setting next_dagrun for crypto_daily_pipeline to 2026-07-19 00:00:00+00:00, run_after=2026-07-20 00:00:00+00:00
[2026-07-19T16:50:15.483+0000] {processor.py:183} INFO - Processing /opt/airflow/dags/crypto_pipeline_dag.py took 0.051 seconds
[2026-07-19T16:50:45.620+0000] {processor.py:161} INFO - Started process (PID=1060) to work on /opt/airflow/dags/crypto_pipeline_dag.py
[2026-07-19T16:50:45.621+0000] {processor.py:830} INFO - Processing file /opt/airflow/dags/crypto_pipeline_dag.py for tasks to queue
[2026-07-19T16:50:45.623+0000] {logging_mixin.py:188} INFO - [2026-07-19T16:50:45.623+0000] {dagbag.py:545} INFO - Filling up the DagBag from /opt/airflow/dags/crypto_pipeline_dag.py
[2026-07-19T16:50:45.634+0000] {processor.py:840} INFO - DAG(s) 'crypto_daily_pipeline' retrieved from /opt/airflow/dags/crypto_pipeline_dag.py
[2026-07-19T16:50:45.655+0000] {logging_mixin.py:188} INFO - [2026-07-19T16:50:45.655+0000] {dag.py:3089} INFO - Sync 1 DAGs
[2026-07-19T16:50:45.665+0000] {logging_mixin.py:188} INFO - [2026-07-19T16:50:45.665+0000] {dag.py:3947} INFO - Setting next_dagrun for crypto_daily_pipeline to 2026-07-19 00:00:00+00:00, run_after=2026-07-20 00:00:00+00:00
[2026-07-19T16:50:45.672+0000] {processor.py:183} INFO - Processing /opt/airflow/dags/crypto_pipeline_dag.py took 0.061 seconds
[2026-07-19T16:51:15.808+0000] {processor.py:161} INFO - Started process (PID=1065) to work on /opt/airflow/dags/crypto_pipeline_dag.py
[2026-07-19T16:51:15.808+0000] {processor.py:830} INFO - Processing file /opt/airflow/dags/crypto_pipeline_dag.py for tasks to queue
[2026-07-19T16:51:15.810+0000] {logging_mixin.py:188} INFO - [2026-07-19T16:51:15.810+0000] {dagbag.py:545} INFO - Filling up the DagBag from /opt/airflow/dags/crypto_pipeline_dag.py
[2026-07-19T16:51:15.819+0000] {processor.py:840} INFO - DAG(s) 'crypto_daily_pipeline' retrieved from /opt/airflow/dags/crypto_pipeline_dag.py
[2026-07-19T16:51:15.838+0000] {logging_mixin.py:188} INFO - [2026-07-19T16:51:15.838+0000] {dag.py:3089} INFO - Sync 1 DAGs
[2026-07-19T16:51:15.848+0000] {logging_mixin.py:188} INFO - [2026-07-19T16:51:15.848+0000] {dag.py:3947} INFO - Setting next_dagrun for crypto_daily_pipeline to 2026-07-19 00:00:00+00:00, run_after=2026-07-20 00:00:00+00:00
[2026-07-19T16:51:15.854+0000] {processor.py:183} INFO - Processing /opt/airflow/dags/crypto_pipeline_dag.py took 0.052 seconds
[2026-07-19T16:51:45.996+0000] {processor.py:161} INFO - Started process (PID=1112) to work on /opt/airflow/dags/crypto_pipeline_dag.py
[2026-07-19T16:51:45.997+0000] {processor.py:830} INFO - Processing file /opt/airflow/dags/crypto_pipeline_dag.py for tasks to queue
[2026-07-19T16:51:45.999+0000] {logging_mixin.py:188} INFO - [2026-07-19T16:51:45.998+0000] {dagbag.py:545} INFO - Filling up the DagBag from /opt/airflow/dags/crypto_pipeline_dag.py
[2026-07-19T16:51:46.008+0000] {processor.py:840} INFO - DAG(s) 'crypto_daily_pipeline' retrieved from /opt/airflow/dags/crypto_pipeline_dag.py
[2026-07-19T16:51:46.028+0000] {logging_mixin.py:188} INFO - [2026-07-19T16:51:46.028+0000] {dag.py:3089} INFO - Sync 1 DAGs
[2026-07-19T16:51:46.038+0000] {logging_mixin.py:188} INFO - [2026-07-19T16:51:46.038+0000] {dag.py:3947} INFO - Setting next_dagrun for crypto_daily_pipeline to 2026-07-19 00:00:00+00:00, run_after=2026-07-20 00:00:00+00:00
[2026-07-19T16:51:46.044+0000] {processor.py:183} INFO - Processing /opt/airflow/dags/crypto_pipeline_dag.py took 0.054 seconds
[2026-07-19T16:52:16.177+0000] {processor.py:161} INFO - Started process (PID=1117) to work on /opt/airflow/dags/crypto_pipeline_dag.py
[2026-07-19T16:52:16.179+0000] {processor.py:830} INFO - Processing file /opt/airflow/dags/crypto_pipeline_dag.py for tasks to queue
[2026-07-19T16:52:16.181+0000] {logging_mixin.py:188} INFO - [2026-07-19T16:52:16.180+0000] {dagbag.py:545} INFO - Filling up the DagBag from /opt/airflow/dags/crypto_pipeline_dag.py
[2026-07-19T16:52:16.190+0000] {processor.py:840} INFO - DAG(s) 'crypto_daily_pipeline' retrieved from /opt/airflow/dags/crypto_pipeline_dag.py
[2026-07-19T16:52:16.208+0000] {logging_mixin.py:188} INFO - [2026-07-19T16:52:16.208+0000] {dag.py:3089} INFO - Sync 1 DAGs
[2026-07-19T16:52:16.217+0000] {logging_mixin.py:188} INFO - [2026-07-19T16:52:16.217+0000] {dag.py:3947} INFO - Setting next_dagrun for crypto_daily_pipeline to 2026-07-19 00:00:00+00:00, run_after=2026-07-20 00:00:00+00:00
[2026-07-19T16:52:16.223+0000] {processor.py:183} INFO - Processing /opt/airflow/dags/crypto_pipeline_dag.py took 0.051 seconds
[2026-07-19T16:52:46.401+0000] {processor.py:161} INFO - Started process (PID=1122) to work on /opt/airflow/dags/crypto_pipeline_dag.py
[2026-07-19T16:52:46.402+0000] {processor.py:830} INFO - Processing file /opt/airflow/dags/crypto_pipeline_dag.py for tasks to queue
[2026-07-19T16:52:46.405+0000] {logging_mixin.py:188} INFO - [2026-07-19T16:52:46.405+0000] {dagbag.py:545} INFO - Filling up the DagBag from /opt/airflow/dags/crypto_pipeline_dag.py
[2026-07-19T16:52:46.427+0000] {processor.py:840} INFO - DAG(s) 'crypto_daily_pipeline' retrieved from /opt/airflow/dags/crypto_pipeline_dag.py
[2026-07-19T16:52:46.480+0000] {logging_mixin.py:188} INFO - [2026-07-19T16:52:46.480+0000] {dag.py:3089} INFO - Sync 1 DAGs
[2026-07-19T16:52:46.493+0000] {logging_mixin.py:188} INFO - [2026-07-19T16:52:46.493+0000] {dag.py:3947} INFO - Setting next_dagrun for crypto_daily_pipeline to 2026-07-19 00:00:00+00:00, run_after=2026-07-20 00:00:00+00:00
[2026-07-19T16:52:46.500+0000] {processor.py:183} INFO - Processing /opt/airflow/dags/crypto_pipeline_dag.py took 0.106 seconds
[2026-07-19T16:53:16.602+0000] {processor.py:161} INFO - Started process (PID=1127) to work on /opt/airflow/dags/crypto_pipeline_dag.py
[2026-07-19T16:53:16.606+0000] {processor.py:830} INFO - Processing file /opt/airflow/dags/crypto_pipeline_dag.py for tasks to queue
[2026-07-19T16:53:16.607+0000] {logging_mixin.py:188} INFO - [2026-07-19T16:53:16.607+0000] {dagbag.py:545} INFO - Filling up the DagBag from /opt/airflow/dags/crypto_pipeline_dag.py
[2026-07-19T16:53:16.616+0000] {processor.py:840} INFO - DAG(s) 'crypto_daily_pipeline' retrieved from /opt/airflow/dags/crypto_pipeline_dag.py
[2026-07-19T16:53:16.635+0000] {logging_mixin.py:188} INFO - [2026-07-19T16:53:16.635+0000] {dag.py:3089} INFO - Sync 1 DAGs
[2026-07-19T16:53:16.645+0000] {logging_mixin.py:188} INFO - [2026-07-19T16:53:16.645+0000] {dag.py:3947} INFO - Setting next_dagrun for crypto_daily_pipeline to 2026-07-19 00:00:00+00:00, run_after=2026-07-20 00:00:00+00:00
[2026-07-19T16:53:16.651+0000] {processor.py:183} INFO - Processing /opt/airflow/dags/crypto_pipeline_dag.py took 0.056 seconds
[2026-07-19T16:53:46.779+0000] {processor.py:161} INFO - Started process (PID=1132) to work on /opt/airflow/dags/crypto_pipeline_dag.py
[2026-07-19T16:53:46.780+0000] {processor.py:830} INFO - Processing file /opt/airflow/dags/crypto_pipeline_dag.py for tasks to queue
[2026-07-19T16:53:46.782+0000] {logging_mixin.py:188} INFO - [2026-07-19T16:53:46.782+0000] {dagbag.py:545} INFO - Filling up the DagBag from /opt/airflow/dags/crypto_pipeline_dag.py
[2026-07-19T16:53:46.796+0000] {processor.py:840} INFO - DAG(s) 'crypto_daily_pipeline' retrieved from /opt/airflow/dags/crypto_pipeline_dag.py
[2026-07-19T16:53:46.821+0000] {logging_mixin.py:188} INFO - [2026-07-19T16:53:46.820+0000] {dag.py:3089} INFO - Sync 1 DAGs
[2026-07-19T16:53:46.833+0000] {logging_mixin.py:188} INFO - [2026-07-19T16:53:46.833+0000] {dag.py:3947} INFO - Setting next_dagrun for crypto_daily_pipeline to 2026-07-19 00:00:00+00:00, run_after=2026-07-20 00:00:00+00:00
[2026-07-19T16:53:46.840+0000] {processor.py:183} INFO - Processing /opt/airflow/dags/crypto_pipeline_dag.py took 0.068 seconds
[2026-07-19T16:54:17.003+0000] {processor.py:161} INFO - Started process (PID=1137) to work on /opt/airflow/dags/crypto_pipeline_dag.py
[2026-07-19T16:54:17.004+0000] {processor.py:830} INFO - Processing file /opt/airflow/dags/crypto_pipeline_dag.py for tasks to queue
[2026-07-19T16:54:17.006+0000] {logging_mixin.py:188} INFO - [2026-07-19T16:54:17.005+0000] {dagbag.py:545} INFO - Filling up the DagBag from /opt/airflow/dags/crypto_pipeline_dag.py
[2026-07-19T16:54:17.017+0000] {processor.py:840} INFO - DAG(s) 'crypto_daily_pipeline' retrieved from /opt/airflow/dags/crypto_pipeline_dag.py
[2026-07-19T16:54:17.036+0000] {logging_mixin.py:188} INFO - [2026-07-19T16:54:17.036+0000] {dag.py:3089} INFO - Sync 1 DAGs
[2026-07-19T16:54:17.045+0000] {logging_mixin.py:188} INFO - [2026-07-19T16:54:17.045+0000] {dag.py:3947} INFO - Setting next_dagrun for crypto_daily_pipeline to 2026-07-19 00:00:00+00:00, run_after=2026-07-20 00:00:00+00:00
[2026-07-19T16:54:17.052+0000] {processor.py:183} INFO - Processing /opt/airflow/dags/crypto_pipeline_dag.py took 0.055 seconds
[2026-07-19T16:54:47.192+0000] {processor.py:161} INFO - Started process (PID=1142) to work on /opt/airflow/dags/crypto_pipeline_dag.py
[2026-07-19T16:54:47.193+0000] {processor.py:830} INFO - Processing file /opt/airflow/dags/crypto_pipeline_dag.py for tasks to queue
[2026-07-19T16:54:47.195+0000] {logging_mixin.py:188} INFO - [2026-07-19T16:54:47.194+0000] {dagbag.py:545} INFO - Filling up the DagBag from /opt/airflow/dags/crypto_pipeline_dag.py
[2026-07-19T16:54:47.204+0000] {processor.py:840} INFO - DAG(s) 'crypto_daily_pipeline' retrieved from /opt/airflow/dags/crypto_pipeline_dag.py
[2026-07-19T16:54:47.224+0000] {logging_mixin.py:188} INFO - [2026-07-19T16:54:47.224+0000] {dag.py:3089} INFO - Sync 1 DAGs
[2026-07-19T16:54:47.234+0000] {logging_mixin.py:188} INFO - [2026-07-19T16:54:47.234+0000] {dag.py:3947} INFO - Setting next_dagrun for crypto_daily_pipeline to 2026-07-19 00:00:00+00:00, run_after=2026-07-20 00:00:00+00:00
[2026-07-19T16:54:47.240+0000] {processor.py:183} INFO - Processing /opt/airflow/dags/crypto_pipeline_dag.py took 0.055 seconds
[2026-07-19T16:55:17.410+0000] {processor.py:161} INFO - Started process (PID=1147) to work on /opt/airflow/dags/crypto_pipeline_dag.py
[2026-07-19T16:55:17.411+0000] {processor.py:830} INFO - Processing file /opt/airflow/dags/crypto_pipeline_dag.py for tasks to queue
[2026-07-19T16:55:17.412+0000] {logging_mixin.py:188} INFO - [2026-07-19T16:55:17.412+0000] {dagbag.py:545} INFO - Filling up the DagBag from /opt/airflow/dags/crypto_pipeline_dag.py
[2026-07-19T16:55:17.421+0000] {processor.py:840} INFO - DAG(s) 'crypto_daily_pipeline' retrieved from /opt/airflow/dags/crypto_pipeline_dag.py
[2026-07-19T16:55:17.438+0000] {logging_mixin.py:188} INFO - [2026-07-19T16:55:17.438+0000] {dag.py:3089} INFO - Sync 1 DAGs
[2026-07-19T16:55:17.449+0000] {logging_mixin.py:188} INFO - [2026-07-19T16:55:17.448+0000] {dag.py:3947} INFO - Setting next_dagrun for crypto_daily_pipeline to 2026-07-19 00:00:00+00:00, run_after=2026-07-20 00:00:00+00:00
[2026-07-19T16:55:17.454+0000] {processor.py:183} INFO - Processing /opt/airflow/dags/crypto_pipeline_dag.py took 0.050 seconds
[2026-07-19T16:55:47.592+0000] {processor.py:161} INFO - Started process (PID=1152) to work on /opt/airflow/dags/crypto_pipeline_dag.py
[2026-07-19T16:55:47.593+0000] {processor.py:830} INFO - Processing file /opt/airflow/dags/crypto_pipeline_dag.py for tasks to queue
[2026-07-19T16:55:47.594+0000] {logging_mixin.py:188} INFO - [2026-07-19T16:55:47.594+0000] {dagbag.py:545} INFO - Filling up the DagBag from /opt/airflow/dags/crypto_pipeline_dag.py
[2026-07-19T16:55:47.603+0000] {processor.py:840} INFO - DAG(s) 'crypto_daily_pipeline' retrieved from /opt/airflow/dags/crypto_pipeline_dag.py
[2026-07-19T16:55:47.620+0000] {logging_mixin.py:188} INFO - [2026-07-19T16:55:47.620+0000] {dag.py:3089} INFO - Sync 1 DAGs
[2026-07-19T16:55:47.631+0000] {logging_mixin.py:188} INFO - [2026-07-19T16:55:47.631+0000] {dag.py:3947} INFO - Setting next_dagrun for crypto_daily_pipeline to 2026-07-19 00:00:00+00:00, run_after=2026-07-20 00:00:00+00:00
[2026-07-19T16:55:47.638+0000] {processor.py:183} INFO - Processing /opt/airflow/dags/crypto_pipeline_dag.py took 0.051 seconds
[2026-07-19T16:56:17.826+0000] {processor.py:161} INFO - Started process (PID=1157) to work on /opt/airflow/dags/crypto_pipeline_dag.py
[2026-07-19T16:56:17.827+0000] {processor.py:830} INFO - Processing file /opt/airflow/dags/crypto_pipeline_dag.py for tasks to queue
[2026-07-19T16:56:17.830+0000] {logging_mixin.py:188} INFO - [2026-07-19T16:56:17.829+0000] {dagbag.py:545} INFO - Filling up the DagBag from /opt/airflow/dags/crypto_pipeline_dag.py
[2026-07-19T16:56:17.844+0000] {processor.py:840} INFO - DAG(s) 'crypto_daily_pipeline' retrieved from /opt/airflow/dags/crypto_pipeline_dag.py
[2026-07-19T16:56:17.869+0000] {logging_mixin.py:188} INFO - [2026-07-19T16:56:17.868+0000] {dag.py:3089} INFO - Sync 1 DAGs
[2026-07-19T16:56:17.879+0000] {logging_mixin.py:188} INFO - [2026-07-19T16:56:17.879+0000] {dag.py:3947} INFO - Setting next_dagrun for crypto_daily_pipeline to 2026-07-19 00:00:00+00:00, run_after=2026-07-20 00:00:00+00:00
[2026-07-19T16:56:17.885+0000] {processor.py:183} INFO - Processing /opt/airflow/dags/crypto_pipeline_dag.py took 0.066 seconds
[2026-07-19T16:56:48.019+0000] {processor.py:161} INFO - Started process (PID=1162) to work on /opt/airflow/dags/crypto_pipeline_dag.py
[2026-07-19T16:56:48.020+0000] {processor.py:830} INFO - Processing file /opt/airflow/dags/crypto_pipeline_dag.py for tasks to queue
[2026-07-19T16:56:48.023+0000] {logging_mixin.py:188} INFO - [2026-07-19T16:56:48.022+0000] {dagbag.py:545} INFO - Filling up the DagBag from /opt/airflow/dags/crypto_pipeline_dag.py
[2026-07-19T16:56:48.034+0000] {processor.py:840} INFO - DAG(s) 'crypto_daily_pipeline' retrieved from /opt/airflow/dags/crypto_pipeline_dag.py
[2026-07-19T16:56:48.054+0000] {logging_mixin.py:188} INFO - [2026-07-19T16:56:48.054+0000] {dag.py:3089} INFO - Sync 1 DAGs
[2026-07-19T16:56:48.067+0000] {logging_mixin.py:188} INFO - [2026-07-19T16:56:48.067+0000] {dag.py:3947} INFO - Setting next_dagrun for crypto_daily_pipeline to 2026-07-19 00:00:00+00:00, run_after=2026-07-20 00:00:00+00:00
[2026-07-19T16:56:48.075+0000] {processor.py:183} INFO - Processing /opt/airflow/dags/crypto_pipeline_dag.py took 0.064 seconds
[2026-07-19T16:57:18.191+0000] {processor.py:161} INFO - Started process (PID=1186) to work on /opt/airflow/dags/crypto_pipeline_dag.py
[2026-07-19T16:57:18.192+0000] {processor.py:830} INFO - Processing file /opt/airflow/dags/crypto_pipeline_dag.py for tasks to queue
[2026-07-19T16:57:18.194+0000] {logging_mixin.py:188} INFO - [2026-07-19T16:57:18.193+0000] {dagbag.py:545} INFO - Filling up the DagBag from /opt/airflow/dags/crypto_pipeline_dag.py
[2026-07-19T16:57:18.205+0000] {processor.py:840} INFO - DAG(s) 'crypto_daily_pipeline' retrieved from /opt/airflow/dags/crypto_pipeline_dag.py
[2026-07-19T16:57:18.222+0000] {logging_mixin.py:188} INFO - [2026-07-19T16:57:18.222+0000] {dag.py:3089} INFO - Sync 1 DAGs
[2026-07-19T16:57:18.232+0000] {logging_mixin.py:188} INFO - [2026-07-19T16:57:18.232+0000] {dag.py:3947} INFO - Setting next_dagrun for crypto_daily_pipeline to 2026-07-19 00:00:00+00:00, run_after=2026-07-20 00:00:00+00:00
[2026-07-19T16:57:18.247+0000] {processor.py:183} INFO - Processing /opt/airflow/dags/crypto_pipeline_dag.py took 0.062 seconds
[2026-07-19T16:57:48.387+0000] {processor.py:161} INFO - Started process (PID=1214) to work on /opt/airflow/dags/crypto_pipeline_dag.py
[2026-07-19T16:57:48.388+0000] {processor.py:830} INFO - Processing file /opt/airflow/dags/crypto_pipeline_dag.py for tasks to queue
[2026-07-19T16:57:48.389+0000] {logging_mixin.py:188} INFO - [2026-07-19T16:57:48.389+0000] {dagbag.py:545} INFO - Filling up the DagBag from /opt/airflow/dags/crypto_pipeline_dag.py
[2026-07-19T16:57:48.397+0000] {processor.py:840} INFO - DAG(s) 'crypto_daily_pipeline' retrieved from /opt/airflow/dags/crypto_pipeline_dag.py
[2026-07-19T16:57:48.414+0000] {logging_mixin.py:188} INFO - [2026-07-19T16:57:48.414+0000] {dag.py:3089} INFO - Sync 1 DAGs
[2026-07-19T16:57:48.423+0000] {logging_mixin.py:188} INFO - [2026-07-19T16:57:48.423+0000] {dag.py:3947} INFO - Setting next_dagrun for crypto_daily_pipeline to 2026-07-19 00:00:00+00:00, run_after=2026-07-20 00:00:00+00:00
[2026-07-19T16:57:48.429+0000] {processor.py:183} INFO - Processing /opt/airflow/dags/crypto_pipeline_dag.py took 0.049 seconds
[2026-07-19T16:58:18.575+0000] {processor.py:161} INFO - Started process (PID=1219) to work on /opt/airflow/dags/crypto_pipeline_dag.py
[2026-07-19T16:58:18.575+0000] {processor.py:830} INFO - Processing file /opt/airflow/dags/crypto_pipeline_dag.py for tasks to queue
[2026-07-19T16:58:18.577+0000] {logging_mixin.py:188} INFO - [2026-07-19T16:58:18.577+0000] {dagbag.py:545} INFO - Filling up the DagBag from /opt/airflow/dags/crypto_pipeline_dag.py
[2026-07-19T16:58:18.586+0000] {processor.py:840} INFO - DAG(s) 'crypto_daily_pipeline' retrieved from /opt/airflow/dags/crypto_pipeline_dag.py
[2026-07-19T16:58:18.603+0000] {logging_mixin.py:188} INFO - [2026-07-19T16:58:18.603+0000] {dag.py:3089} INFO - Sync 1 DAGs
[2026-07-19T16:58:18.612+0000] {logging_mixin.py:188} INFO - [2026-07-19T16:58:18.612+0000] {dag.py:3947} INFO - Setting next_dagrun for crypto_daily_pipeline to 2026-07-19 00:00:00+00:00, run_after=2026-07-20 00:00:00+00:00
[2026-07-19T16:58:18.617+0000] {processor.py:183} INFO - Processing /opt/airflow/dags/crypto_pipeline_dag.py took 0.047 seconds
[2026-07-19T16:58:48.777+0000] {processor.py:161} INFO - Started process (PID=1224) to work on /opt/airflow/dags/crypto_pipeline_dag.py
[2026-07-19T16:58:48.778+0000] {processor.py:830} INFO - Processing file /opt/airflow/dags/crypto_pipeline_dag.py for tasks to queue
[2026-07-19T16:58:48.779+0000] {logging_mixin.py:188} INFO - [2026-07-19T16:58:48.779+0000] {dagbag.py:545} INFO - Filling up the DagBag from /opt/airflow/dags/crypto_pipeline_dag.py
[2026-07-19T16:58:48.789+0000] {processor.py:840} INFO - DAG(s) 'crypto_daily_pipeline' retrieved from /opt/airflow/dags/crypto_pipeline_dag.py
[2026-07-19T16:58:48.811+0000] {logging_mixin.py:188} INFO - [2026-07-19T16:58:48.811+0000] {dag.py:3089} INFO - Sync 1 DAGs
[2026-07-19T16:58:48.821+0000] {logging_mixin.py:188} INFO - [2026-07-19T16:58:48.821+0000] {dag.py:3947} INFO - Setting next_dagrun for crypto_daily_pipeline to 2026-07-19 00:00:00+00:00, run_after=2026-07-20 00:00:00+00:00
[2026-07-19T16:58:48.830+0000] {processor.py:183} INFO - Processing /opt/airflow/dags/crypto_pipeline_dag.py took 0.058 seconds
[2026-07-19T16:59:18.935+0000] {processor.py:161} INFO - Started process (PID=1229) to work on /opt/airflow/dags/crypto_pipeline_dag.py
[2026-07-19T16:59:18.936+0000] {processor.py:830} INFO - Processing file /opt/airflow/dags/crypto_pipeline_dag.py for tasks to queue
[2026-07-19T16:59:18.938+0000] {logging_mixin.py:188} INFO - [2026-07-19T16:59:18.937+0000] {dagbag.py:545} INFO - Filling up the DagBag from /opt/airflow/dags/crypto_pipeline_dag.py
[2026-07-19T16:59:18.947+0000] {processor.py:840} INFO - DAG(s) 'crypto_daily_pipeline' retrieved from /opt/airflow/dags/crypto_pipeline_dag.py
[2026-07-19T16:59:18.965+0000] {logging_mixin.py:188} INFO - [2026-07-19T16:59:18.965+0000] {dag.py:3089} INFO - Sync 1 DAGs
[2026-07-19T16:59:18.974+0000] {logging_mixin.py:188} INFO - [2026-07-19T16:59:18.974+0000] {dag.py:3947} INFO - Setting next_dagrun for crypto_daily_pipeline to 2026-07-19 00:00:00+00:00, run_after=2026-07-20 00:00:00+00:00
[2026-07-19T16:59:18.983+0000] {processor.py:183} INFO - Processing /opt/airflow/dags/crypto_pipeline_dag.py took 0.052 seconds
[2026-07-19T16:59:49.185+0000] {processor.py:161} INFO - Started process (PID=1234) to work on /opt/airflow/dags/crypto_pipeline_dag.py
[2026-07-19T16:59:49.185+0000] {processor.py:830} INFO - Processing file /opt/airflow/dags/crypto_pipeline_dag.py for tasks to queue
[2026-07-19T16:59:49.187+0000] {logging_mixin.py:188} INFO - [2026-07-19T16:59:49.186+0000] {dagbag.py:545} INFO - Filling up the DagBag from /opt/airflow/dags/crypto_pipeline_dag.py
[2026-07-19T16:59:49.193+0000] {processor.py:840} INFO - DAG(s) 'crypto_daily_pipeline' retrieved from /opt/airflow/dags/crypto_pipeline_dag.py
[2026-07-19T16:59:49.206+0000] {logging_mixin.py:188} INFO - [2026-07-19T16:59:49.206+0000] {dag.py:3089} INFO - Sync 1 DAGs
[2026-07-19T16:59:49.214+0000] {logging_mixin.py:188} INFO - [2026-07-19T16:59:49.214+0000] {dag.py:3947} INFO - Setting next_dagrun for crypto_daily_pipeline to 2026-07-19 00:00:00+00:00, run_after=2026-07-20 00:00:00+00:00
[2026-07-19T16:59:49.222+0000] {processor.py:183} INFO - Processing /opt/airflow/dags/crypto_pipeline_dag.py took 0.040 seconds
[2026-07-19T17:00:19.371+0000] {processor.py:161} INFO - Started process (PID=1239) to work on /opt/airflow/dags/crypto_pipeline_dag.py
[2026-07-19T17:00:19.371+0000] {processor.py:830} INFO - Processing file /opt/airflow/dags/crypto_pipeline_dag.py for tasks to queue
[2026-07-19T17:00:19.372+0000] {logging_mixin.py:188} INFO - [2026-07-19T17:00:19.372+0000] {dagbag.py:545} INFO - Filling up the DagBag from /opt/airflow/dags/crypto_pipeline_dag.py
[2026-07-19T17:00:19.378+0000] {processor.py:840} INFO - DAG(s) 'crypto_daily_pipeline' retrieved from /opt/airflow/dags/crypto_pipeline_dag.py
[2026-07-19T17:00:19.393+0000] {logging_mixin.py:188} INFO - [2026-07-19T17:00:19.393+0000] {dag.py:3089} INFO - Sync 1 DAGs
[2026-07-19T17:00:19.401+0000] {logging_mixin.py:188} INFO - [2026-07-19T17:00:19.401+0000] {dag.py:3947} INFO - Setting next_dagrun for crypto_daily_pipeline to 2026-07-19 00:00:00+00:00, run_after=2026-07-20 00:00:00+00:00
[2026-07-19T17:00:19.407+0000] {processor.py:183} INFO - Processing /opt/airflow/dags/crypto_pipeline_dag.py took 0.041 seconds
[2026-07-19T17:00:49.562+0000] {processor.py:161} INFO - Started process (PID=1244) to work on /opt/airflow/dags/crypto_pipeline_dag.py
[2026-07-19T17:00:49.565+0000] {processor.py:830} INFO - Processing file /opt/airflow/dags/crypto_pipeline_dag.py for tasks to queue
[2026-07-19T17:00:49.567+0000] {logging_mixin.py:188} INFO - [2026-07-19T17:00:49.566+0000] {dagbag.py:545} INFO - Filling up the DagBag from /opt/airflow/dags/crypto_pipeline_dag.py
[2026-07-19T17:00:49.576+0000] {processor.py:840} INFO - DAG(s) 'crypto_daily_pipeline' retrieved from /opt/airflow/dags/crypto_pipeline_dag.py
[2026-07-19T17:00:49.595+0000] {logging_mixin.py:188} INFO - [2026-07-19T17:00:49.595+0000] {dag.py:3089} INFO - Sync 1 DAGs
[2026-07-19T17:00:49.604+0000] {logging_mixin.py:188} INFO - [2026-07-19T17:00:49.604+0000] {dag.py:3947} INFO - Setting next_dagrun for crypto_daily_pipeline to 2026-07-19 00:00:00+00:00, run_after=2026-07-20 00:00:00+00:00
[2026-07-19T17:00:49.610+0000] {processor.py:183} INFO - Processing /opt/airflow/dags/crypto_pipeline_dag.py took 0.055 seconds
[2026-07-19T17:01:19.753+0000] {processor.py:161} INFO - Started process (PID=1249) to work on /opt/airflow/dags/crypto_pipeline_dag.py
[2026-07-19T17:01:19.754+0000] {processor.py:830} INFO - Processing file /opt/airflow/dags/crypto_pipeline_dag.py for tasks to queue
[2026-07-19T17:01:19.755+0000] {logging_mixin.py:188} INFO - [2026-07-19T17:01:19.755+0000] {dagbag.py:545} INFO - Filling up the DagBag from /opt/airflow/dags/crypto_pipeline_dag.py
[2026-07-19T17:01:19.764+0000] {processor.py:840} INFO - DAG(s) 'crypto_daily_pipeline' retrieved from /opt/airflow/dags/crypto_pipeline_dag.py
[2026-07-19T17:01:19.782+0000] {logging_mixin.py:188} INFO - [2026-07-19T17:01:19.782+0000] {dag.py:3089} INFO - Sync 1 DAGs
[2026-07-19T17:01:19.791+0000] {logging_mixin.py:188} INFO - [2026-07-19T17:01:19.791+0000] {dag.py:3947} INFO - Setting next_dagrun for crypto_daily_pipeline to 2026-07-19 00:00:00+00:00, run_after=2026-07-20 00:00:00+00:00
[2026-07-19T17:01:19.797+0000] {processor.py:183} INFO - Processing /opt/airflow/dags/crypto_pipeline_dag.py took 0.049 seconds
[2026-07-19T17:01:49.968+0000] {processor.py:161} INFO - Started process (PID=1254) to work on /opt/airflow/dags/crypto_pipeline_dag.py
[2026-07-19T17:01:49.969+0000] {processor.py:830} INFO - Processing file /opt/airflow/dags/crypto_pipeline_dag.py for tasks to queue
[2026-07-19T17:01:49.971+0000] {logging_mixin.py:188} INFO - [2026-07-19T17:01:49.970+0000] {dagbag.py:545} INFO - Filling up the DagBag from /opt/airflow/dags/crypto_pipeline_dag.py
[2026-07-19T17:01:49.980+0000] {processor.py:840} INFO - DAG(s) 'crypto_daily_pipeline' retrieved from /opt/airflow/dags/crypto_pipeline_dag.py
[2026-07-19T17:01:49.997+0000] {logging_mixin.py:188} INFO - [2026-07-19T17:01:49.997+0000] {dag.py:3089} INFO - Sync 1 DAGs
[2026-07-19T17:01:50.007+0000] {logging_mixin.py:188} INFO - [2026-07-19T17:01:50.007+0000] {dag.py:3947} INFO - Setting next_dagrun for crypto_daily_pipeline to 2026-07-19 00:00:00+00:00, run_after=2026-07-20 00:00:00+00:00
[2026-07-19T17:01:50.013+0000] {processor.py:183} INFO - Processing /opt/airflow/dags/crypto_pipeline_dag.py took 0.050 seconds
[2026-07-19T17:02:20.161+0000] {processor.py:161} INFO - Started process (PID=1259) to work on /opt/airflow/dags/crypto_pipeline_dag.py
[2026-07-19T17:02:20.162+0000] {processor.py:830} INFO - Processing file /opt/airflow/dags/crypto_pipeline_dag.py for tasks to queue
[2026-07-19T17:02:20.163+0000] {logging_mixin.py:188} INFO - [2026-07-19T17:02:20.163+0000] {dagbag.py:545} INFO - Filling up the DagBag from /opt/airflow/dags/crypto_pipeline_dag.py
[2026-07-19T17:02:20.173+0000] {processor.py:840} INFO - DAG(s) 'crypto_daily_pipeline' retrieved from /opt/airflow/dags/crypto_pipeline_dag.py
[2026-07-19T17:02:20.190+0000] {logging_mixin.py:188} INFO - [2026-07-19T17:02:20.190+0000] {dag.py:3089} INFO - Sync 1 DAGs
[2026-07-19T17:02:20.199+0000] {logging_mixin.py:188} INFO - [2026-07-19T17:02:20.199+0000] {dag.py:3947} INFO - Setting next_dagrun for crypto_daily_pipeline to 2026-07-19 00:00:00+00:00, run_after=2026-07-20 00:00:00+00:00
[2026-07-19T17:02:20.205+0000] {processor.py:183} INFO - Processing /opt/airflow/dags/crypto_pipeline_dag.py took 0.048 seconds
[2026-07-19T17:02:50.354+0000] {processor.py:161} INFO - Started process (PID=1264) to work on /opt/airflow/dags/crypto_pipeline_dag.py
[2026-07-19T17:02:50.355+0000] {processor.py:830} INFO - Processing file /opt/airflow/dags/crypto_pipeline_dag.py for tasks to queue
[2026-07-19T17:02:50.356+0000] {logging_mixin.py:188} INFO - [2026-07-19T17:02:50.356+0000] {dagbag.py:545} INFO - Filling up the DagBag from /opt/airflow/dags/crypto_pipeline_dag.py
[2026-07-19T17:02:50.365+0000] {processor.py:840} INFO - DAG(s) 'crypto_daily_pipeline' retrieved from /opt/airflow/dags/crypto_pipeline_dag.py
[2026-07-19T17:02:50.385+0000] {logging_mixin.py:188} INFO - [2026-07-19T17:02:50.385+0000] {dag.py:3089} INFO - Sync 1 DAGs
[2026-07-19T17:02:50.394+0000] {logging_mixin.py:188} INFO - [2026-07-19T17:02:50.394+0000] {dag.py:3947} INFO - Setting next_dagrun for crypto_daily_pipeline to 2026-07-19 00:00:00+00:00, run_after=2026-07-20 00:00:00+00:00
[2026-07-19T17:02:50.400+0000] {processor.py:183} INFO - Processing /opt/airflow/dags/crypto_pipeline_dag.py took 0.052 seconds
[2026-07-19T17:03:20.586+0000] {processor.py:161} INFO - Started process (PID=1269) to work on /opt/airflow/dags/crypto_pipeline_dag.py
[2026-07-19T17:03:20.586+0000] {processor.py:830} INFO - Processing file /opt/airflow/dags/crypto_pipeline_dag.py for tasks to queue
[2026-07-19T17:03:20.588+0000] {logging_mixin.py:188} INFO - [2026-07-19T17:03:20.587+0000] {dagbag.py:545} INFO - Filling up the DagBag from /opt/airflow/dags/crypto_pipeline_dag.py
[2026-07-19T17:03:20.596+0000] {processor.py:840} INFO - DAG(s) 'crypto_daily_pipeline' retrieved from /opt/airflow/dags/crypto_pipeline_dag.py
[2026-07-19T17:03:20.615+0000] {logging_mixin.py:188} INFO - [2026-07-19T17:03:20.615+0000] {dag.py:3089} INFO - Sync 1 DAGs
[2026-07-19T17:03:20.625+0000] {logging_mixin.py:188} INFO - [2026-07-19T17:03:20.625+0000] {dag.py:3947} INFO - Setting next_dagrun for crypto_daily_pipeline to 2026-07-19 00:00:00+00:00, run_after=2026-07-20 00:00:00+00:00
[2026-07-19T17:03:20.631+0000] {processor.py:183} INFO - Processing /opt/airflow/dags/crypto_pipeline_dag.py took 0.050 seconds
[2026-07-19T17:03:50.788+0000] {processor.py:161} INFO - Started process (PID=1274) to work on /opt/airflow/dags/crypto_pipeline_dag.py
[2026-07-19T17:03:50.788+0000] {processor.py:830} INFO - Processing file /opt/airflow/dags/crypto_pipeline_dag.py for tasks to queue
[2026-07-19T17:03:50.791+0000] {logging_mixin.py:188} INFO - [2026-07-19T17:03:50.790+0000] {dagbag.py:545} INFO - Filling up the DagBag from /opt/airflow/dags/crypto_pipeline_dag.py
[2026-07-19T17:03:50.803+0000] {processor.py:840} INFO - DAG(s) 'crypto_daily_pipeline' retrieved from /opt/airflow/dags/crypto_pipeline_dag.py
[2026-07-19T17:03:50.823+0000] {logging_mixin.py:188} INFO - [2026-07-19T17:03:50.823+0000] {dag.py:3089} INFO - Sync 1 DAGs
[2026-07-19T17:03:50.832+0000] {logging_mixin.py:188} INFO - [2026-07-19T17:03:50.832+0000] {dag.py:3947} INFO - Setting next_dagrun for crypto_daily_pipeline to 2026-07-19 00:00:00+00:00, run_after=2026-07-20 00:00:00+00:00
[2026-07-19T17:03:50.838+0000] {processor.py:183} INFO - Processing /opt/airflow/dags/crypto_pipeline_dag.py took 0.057 seconds
[2026-07-19T17:04:21.000+0000] {processor.py:161} INFO - Started process (PID=1279) to work on /opt/airflow/dags/crypto_pipeline_dag.py
[2026-07-19T17:04:21.001+0000] {processor.py:830} INFO - Processing file /opt/airflow/dags/crypto_pipeline_dag.py for tasks to queue
[2026-07-19T17:04:21.003+0000] {logging_mixin.py:188} INFO - [2026-07-19T17:04:21.003+0000] {dagbag.py:545} INFO - Filling up the DagBag from /opt/airflow/dags/crypto_pipeline_dag.py
[2026-07-19T17:04:21.013+0000] {processor.py:840} INFO - DAG(s) 'crypto_daily_pipeline' retrieved from /opt/airflow/dags/crypto_pipeline_dag.py
[2026-07-19T17:04:21.030+0000] {logging_mixin.py:188} INFO - [2026-07-19T17:04:21.029+0000] {dag.py:3089} INFO - Sync 1 DAGs
[2026-07-19T17:04:21.039+0000] {logging_mixin.py:188} INFO - [2026-07-19T17:04:21.039+0000] {dag.py:3947} INFO - Setting next_dagrun for crypto_daily_pipeline to 2026-07-19 00:00:00+00:00, run_after=2026-07-20 00:00:00+00:00
[2026-07-19T17:04:21.047+0000] {processor.py:183} INFO - Processing /opt/airflow/dags/crypto_pipeline_dag.py took 0.054 seconds
[2026-07-19T17:04:51.182+0000] {processor.py:161} INFO - Started process (PID=1284) to work on /opt/airflow/dags/crypto_pipeline_dag.py
[2026-07-19T17:04:51.182+0000] {processor.py:830} INFO - Processing file /opt/airflow/dags/crypto_pipeline_dag.py for tasks to queue
[2026-07-19T17:04:51.184+0000] {logging_mixin.py:188} INFO - [2026-07-19T17:04:51.183+0000] {dagbag.py:545} INFO - Filling up the DagBag from /opt/airflow/dags/crypto_pipeline_dag.py
[2026-07-19T17:04:51.190+0000] {processor.py:840} INFO - DAG(s) 'crypto_daily_pipeline' retrieved from /opt/airflow/dags/crypto_pipeline_dag.py
[2026-07-19T17:04:51.204+0000] {logging_mixin.py:188} INFO - [2026-07-19T17:04:51.204+0000] {dag.py:3089} INFO - Sync 1 DAGs
[2026-07-19T17:04:51.213+0000] {logging_mixin.py:188} INFO - [2026-07-19T17:04:51.212+0000] {dag.py:3947} INFO - Setting next_dagrun for crypto_daily_pipeline to 2026-07-19 00:00:00+00:00, run_after=2026-07-20 00:00:00+00:00
[2026-07-19T17:04:51.221+0000] {processor.py:183} INFO - Processing /opt/airflow/dags/crypto_pipeline_dag.py took 0.043 seconds
[2026-07-19T17:05:21.392+0000] {processor.py:161} INFO - Started process (PID=1289) to work on /opt/airflow/dags/crypto_pipeline_dag.py
[2026-07-19T17:05:21.392+0000] {processor.py:830} INFO - Processing file /opt/airflow/dags/crypto_pipeline_dag.py for tasks to queue
[2026-07-19T17:05:21.394+0000] {logging_mixin.py:188} INFO - [2026-07-19T17:05:21.394+0000] {dagbag.py:545} INFO - Filling up the DagBag from /opt/airflow/dags/crypto_pipeline_dag.py
[2026-07-19T17:05:21.402+0000] {processor.py:840} INFO - DAG(s) 'crypto_daily_pipeline' retrieved from /opt/airflow/dags/crypto_pipeline_dag.py
[2026-07-19T17:05:21.420+0000] {logging_mixin.py:188} INFO - [2026-07-19T17:05:21.419+0000] {dag.py:3089} INFO - Sync 1 DAGs
[2026-07-19T17:05:21.429+0000] {logging_mixin.py:188} INFO - [2026-07-19T17:05:21.429+0000] {dag.py:3947} INFO - Setting next_dagrun for crypto_daily_pipeline to 2026-07-19 00:00:00+00:00, run_after=2026-07-20 00:00:00+00:00
[2026-07-19T17:05:21.435+0000] {processor.py:183} INFO - Processing /opt/airflow/dags/crypto_pipeline_dag.py took 0.048 seconds
[2026-07-19T17:05:51.580+0000] {processor.py:161} INFO - Started process (PID=1294) to work on /opt/airflow/dags/crypto_pipeline_dag.py
[2026-07-19T17:05:51.581+0000] {processor.py:830} INFO - Processing file /opt/airflow/dags/crypto_pipeline_dag.py for tasks to queue
[2026-07-19T17:05:51.584+0000] {logging_mixin.py:188} INFO - [2026-07-19T17:05:51.583+0000] {dagbag.py:545} INFO - Filling up the DagBag from /opt/airflow/dags/crypto_pipeline_dag.py
[2026-07-19T17:05:51.592+0000] {processor.py:840} INFO - DAG(s) 'crypto_daily_pipeline' retrieved from /opt/airflow/dags/crypto_pipeline_dag.py
[2026-07-19T17:05:51.611+0000] {logging_mixin.py:188} INFO - [2026-07-19T17:05:51.611+0000] {dag.py:3089} INFO - Sync 1 DAGs
[2026-07-19T17:05:51.621+0000] {logging_mixin.py:188} INFO - [2026-07-19T17:05:51.621+0000] {dag.py:3947} INFO - Setting next_dagrun for crypto_daily_pipeline to 2026-07-19 00:00:00+00:00, run_after=2026-07-20 00:00:00+00:00
[2026-07-19T17:05:51.626+0000] {processor.py:183} INFO - Processing /opt/airflow/dags/crypto_pipeline_dag.py took 0.051 seconds
[2026-07-19T17:06:21.776+0000] {processor.py:161} INFO - Started process (PID=1299) to work on /opt/airflow/dags/crypto_pipeline_dag.py
[2026-07-19T17:06:21.777+0000] {processor.py:830} INFO - Processing file /opt/airflow/dags/crypto_pipeline_dag.py for tasks to queue
[2026-07-19T17:06:21.779+0000] {logging_mixin.py:188} INFO - [2026-07-19T17:06:21.779+0000] {dagbag.py:545} INFO - Filling up the DagBag from /opt/airflow/dags/crypto_pipeline_dag.py
[2026-07-19T17:06:21.791+0000] {processor.py:840} INFO - DAG(s) 'crypto_daily_pipeline' retrieved from /opt/airflow/dags/crypto_pipeline_dag.py
[2026-07-19T17:06:21.811+0000] {logging_mixin.py:188} INFO - [2026-07-19T17:06:21.811+0000] {dag.py:3089} INFO - Sync 1 DAGs
[2026-07-19T17:06:21.821+0000] {logging_mixin.py:188} INFO - [2026-07-19T17:06:21.821+0000] {dag.py:3947} INFO - Setting next_dagrun for crypto_daily_pipeline to 2026-07-19 00:00:00+00:00, run_after=2026-07-20 00:00:00+00:00
[2026-07-19T17:06:21.828+0000] {processor.py:183} INFO - Processing /opt/airflow/dags/crypto_pipeline_dag.py took 0.059 seconds
[2026-07-19T17:06:51.974+0000] {processor.py:161} INFO - Started process (PID=1304) to work on /opt/airflow/dags/crypto_pipeline_dag.py
[2026-07-19T17:06:51.976+0000] {processor.py:830} INFO - Processing file /opt/airflow/dags/crypto_pipeline_dag.py for tasks to queue
[2026-07-19T17:06:51.978+0000] {logging_mixin.py:188} INFO - [2026-07-19T17:06:51.978+0000] {dagbag.py:545} INFO - Filling up the DagBag from /opt/airflow/dags/crypto_pipeline_dag.py
[2026-07-19T17:06:51.990+0000] {processor.py:840} INFO - DAG(s) 'crypto_daily_pipeline' retrieved from /opt/airflow/dags/crypto_pipeline_dag.py
[2026-07-19T17:06:52.012+0000] {logging_mixin.py:188} INFO - [2026-07-19T17:06:52.012+0000] {dag.py:3089} INFO - Sync 1 DAGs
[2026-07-19T17:06:52.022+0000] {logging_mixin.py:188} INFO - [2026-07-19T17:06:52.022+0000] {dag.py:3947} INFO - Setting next_dagrun for crypto_daily_pipeline to 2026-07-19 00:00:00+00:00, run_after=2026-07-20 00:00:00+00:00
[2026-07-19T17:06:52.028+0000] {processor.py:183} INFO - Processing /opt/airflow/dags/crypto_pipeline_dag.py took 0.061 seconds
[2026-07-19T17:07:22.158+0000] {processor.py:161} INFO - Started process (PID=1309) to work on /opt/airflow/dags/crypto_pipeline_dag.py
[2026-07-19T17:07:22.159+0000] {processor.py:830} INFO - Processing file /opt/airflow/dags/crypto_pipeline_dag.py for tasks to queue
[2026-07-19T17:07:22.161+0000] {logging_mixin.py:188} INFO - [2026-07-19T17:07:22.160+0000] {dagbag.py:545} INFO - Filling up the DagBag from /opt/airflow/dags/crypto_pipeline_dag.py
[2026-07-19T17:07:22.170+0000] {processor.py:840} INFO - DAG(s) 'crypto_daily_pipeline' retrieved from /opt/airflow/dags/crypto_pipeline_dag.py
[2026-07-19T17:07:22.190+0000] {logging_mixin.py:188} INFO - [2026-07-19T17:07:22.190+0000] {dag.py:3089} INFO - Sync 1 DAGs
[2026-07-19T17:07:22.198+0000] {logging_mixin.py:188} INFO - [2026-07-19T17:07:22.198+0000] {dag.py:3947} INFO - Setting next_dagrun for crypto_daily_pipeline to 2026-07-19 00:00:00+00:00, run_after=2026-07-20 00:00:00+00:00
[2026-07-19T17:07:22.204+0000] {processor.py:183} INFO - Processing /opt/airflow/dags/crypto_pipeline_dag.py took 0.051 seconds
[2026-07-19T17:07:52.388+0000] {processor.py:161} INFO - Started process (PID=1314) to work on /opt/airflow/dags/crypto_pipeline_dag.py
[2026-07-19T17:07:52.389+0000] {processor.py:830} INFO - Processing file /opt/airflow/dags/crypto_pipeline_dag.py for tasks to queue
[2026-07-19T17:07:52.391+0000] {logging_mixin.py:188} INFO - [2026-07-19T17:07:52.390+0000] {dagbag.py:545} INFO - Filling up the DagBag from /opt/airflow/dags/crypto_pipeline_dag.py
[2026-07-19T17:07:52.400+0000] {processor.py:840} INFO - DAG(s) 'crypto_daily_pipeline' retrieved from /opt/airflow/dags/crypto_pipeline_dag.py
[2026-07-19T17:07:52.422+0000] {logging_mixin.py:188} INFO - [2026-07-19T17:07:52.422+0000] {dag.py:3089} INFO - Sync 1 DAGs
[2026-07-19T17:07:52.432+0000] {logging_mixin.py:188} INFO - [2026-07-19T17:07:52.432+0000] {dag.py:3947} INFO - Setting next_dagrun for crypto_daily_pipeline to 2026-07-19 00:00:00+00:00, run_after=2026-07-20 00:00:00+00:00
[2026-07-19T17:07:52.438+0000] {processor.py:183} INFO - Processing /opt/airflow/dags/crypto_pipeline_dag.py took 0.055 seconds
[2026-07-19T17:08:22.572+0000] {processor.py:161} INFO - Started process (PID=1319) to work on /opt/airflow/dags/crypto_pipeline_dag.py
[2026-07-19T17:08:22.573+0000] {processor.py:830} INFO - Processing file /opt/airflow/dags/crypto_pipeline_dag.py for tasks to queue
[2026-07-19T17:08:22.574+0000] {logging_mixin.py:188} INFO - [2026-07-19T17:08:22.574+0000] {dagbag.py:545} INFO - Filling up the DagBag from /opt/airflow/dags/crypto_pipeline_dag.py
[2026-07-19T17:08:22.584+0000] {processor.py:840} INFO - DAG(s) 'crypto_daily_pipeline' retrieved from /opt/airflow/dags/crypto_pipeline_dag.py
[2026-07-19T17:08:22.605+0000] {logging_mixin.py:188} INFO - [2026-07-19T17:08:22.604+0000] {dag.py:3089} INFO - Sync 1 DAGs
[2026-07-19T17:08:22.615+0000] {logging_mixin.py:188} INFO - [2026-07-19T17:08:22.615+0000] {dag.py:3947} INFO - Setting next_dagrun for crypto_daily_pipeline to 2026-07-19 00:00:00+00:00, run_after=2026-07-20 00:00:00+00:00
[2026-07-19T17:08:22.620+0000] {processor.py:183} INFO - Processing /opt/airflow/dags/crypto_pipeline_dag.py took 0.055 seconds
[2026-07-19T17:08:52.782+0000] {processor.py:161} INFO - Started process (PID=1324) to work on /opt/airflow/dags/crypto_pipeline_dag.py
[2026-07-19T17:08:52.783+0000] {processor.py:830} INFO - Processing file /opt/airflow/dags/crypto_pipeline_dag.py for tasks to queue
[2026-07-19T17:08:52.785+0000] {logging_mixin.py:188} INFO - [2026-07-19T17:08:52.784+0000] {dagbag.py:545} INFO - Filling up the DagBag from /opt/airflow/dags/crypto_pipeline_dag.py
[2026-07-19T17:08:52.794+0000] {processor.py:840} INFO - DAG(s) 'crypto_daily_pipeline' retrieved from /opt/airflow/dags/crypto_pipeline_dag.py
[2026-07-19T17:08:52.813+0000] {logging_mixin.py:188} INFO - [2026-07-19T17:08:52.813+0000] {dag.py:3089} INFO - Sync 1 DAGs
[2026-07-19T17:08:52.822+0000] {logging_mixin.py:188} INFO - [2026-07-19T17:08:52.822+0000] {dag.py:3947} INFO - Setting next_dagrun for crypto_daily_pipeline to 2026-07-19 00:00:00+00:00, run_after=2026-07-20 00:00:00+00:00
[2026-07-19T17:08:52.828+0000] {processor.py:183} INFO - Processing /opt/airflow/dags/crypto_pipeline_dag.py took 0.052 seconds
[2026-07-19T17:09:22.980+0000] {processor.py:161} INFO - Started process (PID=1329) to work on /opt/airflow/dags/crypto_pipeline_dag.py
[2026-07-19T17:09:22.981+0000] {processor.py:830} INFO - Processing file /opt/airflow/dags/crypto_pipeline_dag.py for tasks to queue
[2026-07-19T17:09:22.984+0000] {logging_mixin.py:188} INFO - [2026-07-19T17:09:22.983+0000] {dagbag.py:545} INFO - Filling up the DagBag from /opt/airflow/dags/crypto_pipeline_dag.py
[2026-07-19T17:09:22.993+0000] {processor.py:840} INFO - DAG(s) 'crypto_daily_pipeline' retrieved from /opt/airflow/dags/crypto_pipeline_dag.py
[2026-07-19T17:09:23.011+0000] {logging_mixin.py:188} INFO - [2026-07-19T17:09:23.011+0000] {dag.py:3089} INFO - Sync 1 DAGs
[2026-07-19T17:09:23.021+0000] {logging_mixin.py:188} INFO - [2026-07-19T17:09:23.021+0000] {dag.py:3947} INFO - Setting next_dagrun for crypto_daily_pipeline to 2026-07-19 00:00:00+00:00, run_after=2026-07-20 00:00:00+00:00
[2026-07-19T17:09:23.028+0000] {processor.py:183} INFO - Processing /opt/airflow/dags/crypto_pipeline_dag.py took 0.053 seconds
[2026-07-19T17:09:53.171+0000] {processor.py:161} INFO - Started process (PID=1334) to work on /opt/airflow/dags/crypto_pipeline_dag.py
[2026-07-19T17:09:53.172+0000] {processor.py:830} INFO - Processing file /opt/airflow/dags/crypto_pipeline_dag.py for tasks to queue
[2026-07-19T17:09:53.173+0000] {logging_mixin.py:188} INFO - [2026-07-19T17:09:53.173+0000] {dagbag.py:545} INFO - Filling up the DagBag from /opt/airflow/dags/crypto_pipeline_dag.py
[2026-07-19T17:09:53.183+0000] {processor.py:840} INFO - DAG(s) 'crypto_daily_pipeline' retrieved from /opt/airflow/dags/crypto_pipeline_dag.py
[2026-07-19T17:09:53.205+0000] {logging_mixin.py:188} INFO - [2026-07-19T17:09:53.205+0000] {dag.py:3089} INFO - Sync 1 DAGs
[2026-07-19T17:09:53.225+0000] {logging_mixin.py:188} INFO - [2026-07-19T17:09:53.225+0000] {dag.py:3947} INFO - Setting next_dagrun for crypto_daily_pipeline to 2026-07-19 00:00:00+00:00, run_after=2026-07-20 00:00:00+00:00
[2026-07-19T17:09:53.233+0000] {processor.py:183} INFO - Processing /opt/airflow/dags/crypto_pipeline_dag.py took 0.066 seconds
[2026-07-19T17:10:23.355+0000] {processor.py:161} INFO - Started process (PID=1339) to work on /opt/airflow/dags/crypto_pipeline_dag.py
[2026-07-19T17:10:23.356+0000] {processor.py:830} INFO - Processing file /opt/airflow/dags/crypto_pipeline_dag.py for tasks to queue
[2026-07-19T17:10:23.358+0000] {logging_mixin.py:188} INFO - [2026-07-19T17:10:23.357+0000] {dagbag.py:545} INFO - Filling up the DagBag from /opt/airflow/dags/crypto_pipeline_dag.py
[2026-07-19T17:10:23.371+0000] {processor.py:840} INFO - DAG(s) 'crypto_daily_pipeline' retrieved from /opt/airflow/dags/crypto_pipeline_dag.py
[2026-07-19T17:10:23.391+0000] {logging_mixin.py:188} INFO - [2026-07-19T17:10:23.391+0000] {dag.py:3089} INFO - Sync 1 DAGs
[2026-07-19T17:10:23.400+0000] {logging_mixin.py:188} INFO - [2026-07-19T17:10:23.400+0000] {dag.py:3947} INFO - Setting next_dagrun for crypto_daily_pipeline to 2026-07-19 00:00:00+00:00, run_after=2026-07-20 00:00:00+00:00
[2026-07-19T17:10:23.407+0000] {processor.py:183} INFO - Processing /opt/airflow/dags/crypto_pipeline_dag.py took 0.057 seconds
[2026-07-19T17:10:53.564+0000] {processor.py:161} INFO - Started process (PID=1344) to work on /opt/airflow/dags/crypto_pipeline_dag.py
[2026-07-19T17:10:53.565+0000] {processor.py:830} INFO - Processing file /opt/airflow/dags/crypto_pipeline_dag.py for tasks to queue
[2026-07-19T17:10:53.566+0000] {logging_mixin.py:188} INFO - [2026-07-19T17:10:53.566+0000] {dagbag.py:545} INFO - Filling up the DagBag from /opt/airflow/dags/crypto_pipeline_dag.py
[2026-07-19T17:10:53.576+0000] {processor.py:840} INFO - DAG(s) 'crypto_daily_pipeline' retrieved from /opt/airflow/dags/crypto_pipeline_dag.py
[2026-07-19T17:10:53.595+0000] {logging_mixin.py:188} INFO - [2026-07-19T17:10:53.595+0000] {dag.py:3089} INFO - Sync 1 DAGs
[2026-07-19T17:10:53.606+0000] {logging_mixin.py:188} INFO - [2026-07-19T17:10:53.606+0000] {dag.py:3947} INFO - Setting next_dagrun for crypto_daily_pipeline to 2026-07-19 00:00:00+00:00, run_after=2026-07-20 00:00:00+00:00
[2026-07-19T17:10:53.612+0000] {processor.py:183} INFO - Processing /opt/airflow/dags/crypto_pipeline_dag.py took 0.054 seconds
[2026-07-19T17:11:13.699+0000] {processor.py:161} INFO - Started process (PID=1349) to work on /opt/airflow/dags/crypto_pipeline_dag.py
[2026-07-19T17:11:13.699+0000] {processor.py:830} INFO - Processing file /opt/airflow/dags/crypto_pipeline_dag.py for tasks to queue
[2026-07-19T17:11:13.702+0000] {logging_mixin.py:188} INFO - [2026-07-19T17:11:13.701+0000] {dagbag.py:545} INFO - Filling up the DagBag from /opt/airflow/dags/crypto_pipeline_dag.py
[2026-07-19T17:11:13.718+0000] {processor.py:840} INFO - DAG(s) 'crypto_daily_pipeline' retrieved from /opt/airflow/dags/crypto_pipeline_dag.py
[2026-07-19T17:11:13.743+0000] {logging_mixin.py:188} INFO - [2026-07-19T17:11:13.742+0000] {dag.py:3089} INFO - Sync 1 DAGs
[2026-07-19T17:11:13.755+0000] {logging_mixin.py:188} INFO - [2026-07-19T17:11:13.755+0000] {dag.py:3947} INFO - Setting next_dagrun for crypto_daily_pipeline to 2026-07-19 00:00:00+00:00, run_after=2026-07-20 00:00:00+00:00
[2026-07-19T17:11:13.762+0000] {processor.py:183} INFO - Processing /opt/airflow/dags/crypto_pipeline_dag.py took 0.071 seconds
[2026-07-19T17:11:43.891+0000] {processor.py:161} INFO - Started process (PID=1354) to work on /opt/airflow/dags/crypto_pipeline_dag.py
[2026-07-19T17:11:43.891+0000] {processor.py:830} INFO - Processing file /opt/airflow/dags/crypto_pipeline_dag.py for tasks to queue
[2026-07-19T17:11:43.893+0000] {logging_mixin.py:188} INFO - [2026-07-19T17:11:43.893+0000] {dagbag.py:545} INFO - Filling up the DagBag from /opt/airflow/dags/crypto_pipeline_dag.py
[2026-07-19T17:11:43.905+0000] {processor.py:840} INFO - DAG(s) 'crypto_daily_pipeline' retrieved from /opt/airflow/dags/crypto_pipeline_dag.py
[2026-07-19T17:11:43.924+0000] {logging_mixin.py:188} INFO - [2026-07-19T17:11:43.924+0000] {dag.py:3089} INFO - Sync 1 DAGs
[2026-07-19T17:11:43.934+0000] {logging_mixin.py:188} INFO - [2026-07-19T17:11:43.934+0000] {dag.py:3947} INFO - Setting next_dagrun for crypto_daily_pipeline to 2026-07-19 00:00:00+00:00, run_after=2026-07-20 00:00:00+00:00
[2026-07-19T17:11:43.940+0000] {processor.py:183} INFO - Processing /opt/airflow/dags/crypto_pipeline_dag.py took 0.055 seconds
[2026-07-19T17:12:14.087+0000] {processor.py:161} INFO - Started process (PID=1359) to work on /opt/airflow/dags/crypto_pipeline_dag.py
[2026-07-19T17:12:14.087+0000] {processor.py:830} INFO - Processing file /opt/airflow/dags/crypto_pipeline_dag.py for tasks to queue
[2026-07-19T17:12:14.088+0000] {logging_mixin.py:188} INFO - [2026-07-19T17:12:14.087+0000] {dagbag.py:545} INFO - Filling up the DagBag from /opt/airflow/dags/crypto_pipeline_dag.py
[2026-07-19T17:12:14.094+0000] {processor.py:840} INFO - DAG(s) 'crypto_daily_pipeline' retrieved from /opt/airflow/dags/crypto_pipeline_dag.py
[2026-07-19T17:12:14.104+0000] {logging_mixin.py:188} INFO - [2026-07-19T17:12:14.104+0000] {dag.py:3089} INFO - Sync 1 DAGs
[2026-07-19T17:12:14.110+0000] {logging_mixin.py:188} INFO - [2026-07-19T17:12:14.110+0000] {dag.py:3947} INFO - Setting next_dagrun for crypto_daily_pipeline to 2026-07-19 00:00:00+00:00, run_after=2026-07-20 00:00:00+00:00
[2026-07-19T17:12:14.115+0000] {processor.py:183} INFO - Processing /opt/airflow/dags/crypto_pipeline_dag.py took 0.030 seconds
[2026-07-19T17:12:44.284+0000] {processor.py:161} INFO - Started process (PID=1364) to work on /opt/airflow/dags/crypto_pipeline_dag.py
[2026-07-19T17:12:44.285+0000] {processor.py:830} INFO - Processing file /opt/airflow/dags/crypto_pipeline_dag.py for tasks to queue
[2026-07-19T17:12:44.286+0000] {logging_mixin.py:188} INFO - [2026-07-19T17:12:44.286+0000] {dagbag.py:545} INFO - Filling up the DagBag from /opt/airflow/dags/crypto_pipeline_dag.py
[2026-07-19T17:12:44.297+0000] {processor.py:840} INFO - DAG(s) 'crypto_daily_pipeline' retrieved from /opt/airflow/dags/crypto_pipeline_dag.py
[2026-07-19T17:12:44.313+0000] {logging_mixin.py:188} INFO - [2026-07-19T17:12:44.313+0000] {dag.py:3089} INFO - Sync 1 DAGs
[2026-07-19T17:12:44.321+0000] {logging_mixin.py:188} INFO - [2026-07-19T17:12:44.321+0000] {dag.py:3947} INFO - Setting next_dagrun for crypto_daily_pipeline to 2026-07-19 00:00:00+00:00, run_after=2026-07-20 00:00:00+00:00
[2026-07-19T17:12:44.326+0000] {processor.py:183} INFO - Processing /opt/airflow/dags/crypto_pipeline_dag.py took 0.048 seconds
[2026-07-19T17:13:14.460+0000] {processor.py:161} INFO - Started process (PID=1369) to work on /opt/airflow/dags/crypto_pipeline_dag.py
[2026-07-19T17:13:14.461+0000] {processor.py:830} INFO - Processing file /opt/airflow/dags/crypto_pipeline_dag.py for tasks to queue
[2026-07-19T17:13:14.463+0000] {logging_mixin.py:188} INFO - [2026-07-19T17:13:14.462+0000] {dagbag.py:545} INFO - Filling up the DagBag from /opt/airflow/dags/crypto_pipeline_dag.py
[2026-07-19T17:13:14.473+0000] {processor.py:840} INFO - DAG(s) 'crypto_daily_pipeline' retrieved from /opt/airflow/dags/crypto_pipeline_dag.py
[2026-07-19T17:13:14.493+0000] {logging_mixin.py:188} INFO - [2026-07-19T17:13:14.493+0000] {dag.py:3089} INFO - Sync 1 DAGs
[2026-07-19T17:13:14.503+0000] {logging_mixin.py:188} INFO - [2026-07-19T17:13:14.503+0000] {dag.py:3947} INFO - Setting next_dagrun for crypto_daily_pipeline to 2026-07-19 00:00:00+00:00, run_after=2026-07-20 00:00:00+00:00
[2026-07-19T17:13:14.510+0000] {processor.py:183} INFO - Processing /opt/airflow/dags/crypto_pipeline_dag.py took 0.057 seconds
[2026-07-19T17:13:44.663+0000] {processor.py:161} INFO - Started process (PID=1374) to work on /opt/airflow/dags/crypto_pipeline_dag.py
[2026-07-19T17:13:44.664+0000] {processor.py:830} INFO - Processing file /opt/airflow/dags/crypto_pipeline_dag.py for tasks to queue
[2026-07-19T17:13:44.665+0000] {logging_mixin.py:188} INFO - [2026-07-19T17:13:44.665+0000] {dagbag.py:545} INFO - Filling up the DagBag from /opt/airflow/dags/crypto_pipeline_dag.py
[2026-07-19T17:13:44.675+0000] {processor.py:840} INFO - DAG(s) 'crypto_daily_pipeline' retrieved from /opt/airflow/dags/crypto_pipeline_dag.py
[2026-07-19T17:13:44.689+0000] {logging_mixin.py:188} INFO - [2026-07-19T17:13:44.689+0000] {dag.py:3089} INFO - Sync 1 DAGs
[2026-07-19T17:13:44.697+0000] {logging_mixin.py:188} INFO - [2026-07-19T17:13:44.697+0000] {dag.py:3947} INFO - Setting next_dagrun for crypto_daily_pipeline to 2026-07-19 00:00:00+00:00, run_after=2026-07-20 00:00:00+00:00
[2026-07-19T17:13:44.703+0000] {processor.py:183} INFO - Processing /opt/airflow/dags/crypto_pipeline_dag.py took 0.043 seconds
[2026-07-19T17:13:56.777+0000] {processor.py:161} INFO - Started process (PID=1379) to work on /opt/airflow/dags/crypto_pipeline_dag.py
[2026-07-19T17:13:56.778+0000] {processor.py:830} INFO - Processing file /opt/airflow/dags/crypto_pipeline_dag.py for tasks to queue
[2026-07-19T17:13:56.780+0000] {logging_mixin.py:188} INFO - [2026-07-19T17:13:56.779+0000] {dagbag.py:545} INFO - Filling up the DagBag from /opt/airflow/dags/crypto_pipeline_dag.py
[2026-07-19T17:13:56.797+0000] {processor.py:840} INFO - DAG(s) 'crypto_daily_pipeline' retrieved from /opt/airflow/dags/crypto_pipeline_dag.py
[2026-07-19T17:13:56.819+0000] {logging_mixin.py:188} INFO - [2026-07-19T17:13:56.819+0000] {dag.py:3089} INFO - Sync 1 DAGs
[2026-07-19T17:13:56.829+0000] {logging_mixin.py:188} INFO - [2026-07-19T17:13:56.829+0000] {dag.py:3947} INFO - Setting next_dagrun for crypto_daily_pipeline to 2026-07-19 00:00:00+00:00, run_after=2026-07-20 00:00:00+00:00
[2026-07-19T17:13:56.836+0000] {processor.py:183} INFO - Processing /opt/airflow/dags/crypto_pipeline_dag.py took 0.065 seconds
[2026-07-19T17:14:26.940+0000] {processor.py:161} INFO - Started process (PID=1426) to work on /opt/airflow/dags/crypto_pipeline_dag.py
[2026-07-19T17:14:26.941+0000] {processor.py:830} INFO - Processing file /opt/airflow/dags/crypto_pipeline_dag.py for tasks to queue
[2026-07-19T17:14:26.942+0000] {logging_mixin.py:188} INFO - [2026-07-19T17:14:26.942+0000] {dagbag.py:545} INFO - Filling up the DagBag from /opt/airflow/dags/crypto_pipeline_dag.py
[2026-07-19T17:14:26.951+0000] {processor.py:840} INFO - DAG(s) 'crypto_daily_pipeline' retrieved from /opt/airflow/dags/crypto_pipeline_dag.py
[2026-07-19T17:14:26.970+0000] {logging_mixin.py:188} INFO - [2026-07-19T17:14:26.970+0000] {dag.py:3089} INFO - Sync 1 DAGs
[2026-07-19T17:14:26.980+0000] {logging_mixin.py:188} INFO - [2026-07-19T17:14:26.980+0000] {dag.py:3947} INFO - Setting next_dagrun for crypto_daily_pipeline to 2026-07-19 00:00:00+00:00, run_after=2026-07-20 00:00:00+00:00
[2026-07-19T17:14:26.985+0000] {processor.py:183} INFO - Processing /opt/airflow/dags/crypto_pipeline_dag.py took 0.050 seconds
[2026-07-19T17:14:57.155+0000] {processor.py:161} INFO - Started process (PID=1431) to work on /opt/airflow/dags/crypto_pipeline_dag.py
[2026-07-19T17:14:57.156+0000] {processor.py:830} INFO - Processing file /opt/airflow/dags/crypto_pipeline_dag.py for tasks to queue
[2026-07-19T17:14:57.159+0000] {logging_mixin.py:188} INFO - [2026-07-19T17:14:57.158+0000] {dagbag.py:545} INFO - Filling up the DagBag from /opt/airflow/dags/crypto_pipeline_dag.py
[2026-07-19T17:14:57.174+0000] {processor.py:840} INFO - DAG(s) 'crypto_daily_pipeline' retrieved from /opt/airflow/dags/crypto_pipeline_dag.py
[2026-07-19T17:14:57.196+0000] {logging_mixin.py:188} INFO - [2026-07-19T17:14:57.196+0000] {dag.py:3089} INFO - Sync 1 DAGs
[2026-07-19T17:14:57.207+0000] {logging_mixin.py:188} INFO - [2026-07-19T17:14:57.206+0000] {dag.py:3947} INFO - Setting next_dagrun for crypto_daily_pipeline to 2026-07-19 00:00:00+00:00, run_after=2026-07-20 00:00:00+00:00
[2026-07-19T17:14:57.215+0000] {processor.py:183} INFO - Processing /opt/airflow/dags/crypto_pipeline_dag.py took 0.067 seconds
[2026-07-19T17:15:27.332+0000] {processor.py:161} INFO - Started process (PID=1436) to work on /opt/airflow/dags/crypto_pipeline_dag.py
[2026-07-19T17:15:27.333+0000] {processor.py:830} INFO - Processing file /opt/airflow/dags/crypto_pipeline_dag.py for tasks to queue
[2026-07-19T17:15:27.336+0000] {logging_mixin.py:188} INFO - [2026-07-19T17:15:27.336+0000] {dagbag.py:545} INFO - Filling up the DagBag from /opt/airflow/dags/crypto_pipeline_dag.py
[2026-07-19T17:15:27.347+0000] {processor.py:840} INFO - DAG(s) 'crypto_daily_pipeline' retrieved from /opt/airflow/dags/crypto_pipeline_dag.py
[2026-07-19T17:15:27.368+0000] {logging_mixin.py:188} INFO - [2026-07-19T17:15:27.368+0000] {dag.py:3089} INFO - Sync 1 DAGs
[2026-07-19T17:15:27.379+0000] {logging_mixin.py:188} INFO - [2026-07-19T17:15:27.379+0000] {dag.py:3947} INFO - Setting next_dagrun for crypto_daily_pipeline to 2026-07-19 00:00:00+00:00, run_after=2026-07-20 00:00:00+00:00
[2026-07-19T17:15:27.385+0000] {processor.py:183} INFO - Processing /opt/airflow/dags/crypto_pipeline_dag.py took 0.058 seconds
[2026-07-19T17:15:57.563+0000] {processor.py:161} INFO - Started process (PID=1441) to work on /opt/airflow/dags/crypto_pipeline_dag.py
[2026-07-19T17:15:57.563+0000] {processor.py:830} INFO - Processing file /opt/airflow/dags/crypto_pipeline_dag.py for tasks to queue
[2026-07-19T17:15:57.565+0000] {logging_mixin.py:188} INFO - [2026-07-19T17:15:57.565+0000] {dagbag.py:545} INFO - Filling up the DagBag from /opt/airflow/dags/crypto_pipeline_dag.py
[2026-07-19T17:15:57.573+0000] {processor.py:840} INFO - DAG(s) 'crypto_daily_pipeline' retrieved from /opt/airflow/dags/crypto_pipeline_dag.py
[2026-07-19T17:15:57.592+0000] {logging_mixin.py:188} INFO - [2026-07-19T17:15:57.592+0000] {dag.py:3089} INFO - Sync 1 DAGs
[2026-07-19T17:15:57.603+0000] {logging_mixin.py:188} INFO - [2026-07-19T17:15:57.603+0000] {dag.py:3947} INFO - Setting next_dagrun for crypto_daily_pipeline to 2026-07-19 00:00:00+00:00, run_after=2026-07-20 00:00:00+00:00
[2026-07-19T17:15:57.613+0000] {processor.py:183} INFO - Processing /opt/airflow/dags/crypto_pipeline_dag.py took 0.055 seconds
[2026-07-19T17:16:27.771+0000] {processor.py:161} INFO - Started process (PID=1446) to work on /opt/airflow/dags/crypto_pipeline_dag.py
[2026-07-19T17:16:27.772+0000] {processor.py:830} INFO - Processing file /opt/airflow/dags/crypto_pipeline_dag.py for tasks to queue
[2026-07-19T17:16:27.774+0000] {logging_mixin.py:188} INFO - [2026-07-19T17:16:27.774+0000] {dagbag.py:545} INFO - Filling up the DagBag from /opt/airflow/dags/crypto_pipeline_dag.py
[2026-07-19T17:16:27.787+0000] {processor.py:840} INFO - DAG(s) 'crypto_daily_pipeline' retrieved from /opt/airflow/dags/crypto_pipeline_dag.py
[2026-07-19T17:16:27.809+0000] {logging_mixin.py:188} INFO - [2026-07-19T17:16:27.809+0000] {dag.py:3089} INFO - Sync 1 DAGs
[2026-07-19T17:16:27.819+0000] {logging_mixin.py:188} INFO - [2026-07-19T17:16:27.818+0000] {dag.py:3947} INFO - Setting next_dagrun for crypto_daily_pipeline to 2026-07-19 00:00:00+00:00, run_after=2026-07-20 00:00:00+00:00
[2026-07-19T17:16:27.826+0000] {processor.py:183} INFO - Processing /opt/airflow/dags/crypto_pipeline_dag.py took 0.063 seconds
[2026-07-19T17:16:57.942+0000] {processor.py:161} INFO - Started process (PID=1451) to work on /opt/airflow/dags/crypto_pipeline_dag.py
[2026-07-19T17:16:57.943+0000] {processor.py:830} INFO - Processing file /opt/airflow/dags/crypto_pipeline_dag.py for tasks to queue
[2026-07-19T17:16:57.945+0000] {logging_mixin.py:188} INFO - [2026-07-19T17:16:57.944+0000] {dagbag.py:545} INFO - Filling up the DagBag from /opt/airflow/dags/crypto_pipeline_dag.py
[2026-07-19T17:16:57.955+0000] {processor.py:840} INFO - DAG(s) 'crypto_daily_pipeline' retrieved from /opt/airflow/dags/crypto_pipeline_dag.py
[2026-07-19T17:16:57.974+0000] {logging_mixin.py:188} INFO - [2026-07-19T17:16:57.974+0000] {dag.py:3089} INFO - Sync 1 DAGs
[2026-07-19T17:16:57.984+0000] {logging_mixin.py:188} INFO - [2026-07-19T17:16:57.984+0000] {dag.py:3947} INFO - Setting next_dagrun for crypto_daily_pipeline to 2026-07-19 00:00:00+00:00, run_after=2026-07-20 00:00:00+00:00
[2026-07-19T17:16:57.990+0000] {processor.py:183} INFO - Processing /opt/airflow/dags/crypto_pipeline_dag.py took 0.053 seconds
[2026-07-19T17:17:28.157+0000] {processor.py:161} INFO - Started process (PID=1456) to work on /opt/airflow/dags/crypto_pipeline_dag.py
[2026-07-19T17:17:28.158+0000] {processor.py:830} INFO - Processing file /opt/airflow/dags/crypto_pipeline_dag.py for tasks to queue
[2026-07-19T17:17:28.160+0000] {logging_mixin.py:188} INFO - [2026-07-19T17:17:28.160+0000] {dagbag.py:545} INFO - Filling up the DagBag from /opt/airflow/dags/crypto_pipeline_dag.py
[2026-07-19T17:17:28.170+0000] {processor.py:840} INFO - DAG(s) 'crypto_daily_pipeline' retrieved from /opt/airflow/dags/crypto_pipeline_dag.py
[2026-07-19T17:17:28.188+0000] {logging_mixin.py:188} INFO - [2026-07-19T17:17:28.188+0000] {dag.py:3089} INFO - Sync 1 DAGs
[2026-07-19T17:17:28.198+0000] {logging_mixin.py:188} INFO - [2026-07-19T17:17:28.198+0000] {dag.py:3947} INFO - Setting next_dagrun for crypto_daily_pipeline to 2026-07-19 00:00:00+00:00, run_after=2026-07-20 00:00:00+00:00
[2026-07-19T17:17:28.205+0000] {processor.py:183} INFO - Processing /opt/airflow/dags/crypto_pipeline_dag.py took 0.053 seconds
[2026-07-19T17:17:58.356+0000] {processor.py:161} INFO - Started process (PID=1461) to work on /opt/airflow/dags/crypto_pipeline_dag.py
[2026-07-19T17:17:58.357+0000] {processor.py:830} INFO - Processing file /opt/airflow/dags/crypto_pipeline_dag.py for tasks to queue
[2026-07-19T17:17:58.359+0000] {logging_mixin.py:188} INFO - [2026-07-19T17:17:58.359+0000] {dagbag.py:545} INFO - Filling up the DagBag from /opt/airflow/dags/crypto_pipeline_dag.py
[2026-07-19T17:17:58.368+0000] {processor.py:840} INFO - DAG(s) 'crypto_daily_pipeline' retrieved from /opt/airflow/dags/crypto_pipeline_dag.py
[2026-07-19T17:17:58.387+0000] {logging_mixin.py:188} INFO - [2026-07-19T17:17:58.387+0000] {dag.py:3089} INFO - Sync 1 DAGs
[2026-07-19T17:17:58.395+0000] {logging_mixin.py:188} INFO - [2026-07-19T17:17:58.395+0000] {dag.py:3947} INFO - Setting next_dagrun for crypto_daily_pipeline to 2026-07-19 00:00:00+00:00, run_after=2026-07-20 00:00:00+00:00
[2026-07-19T17:17:58.400+0000] {processor.py:183} INFO - Processing /opt/airflow/dags/crypto_pipeline_dag.py took 0.050 seconds
[2026-07-19T17:19:14.288+0000] {processor.py:161} INFO - Started process (PID=166) to work on /opt/airflow/dags/crypto_pipeline_dag.py
[2026-07-19T17:19:14.290+0000] {processor.py:830} INFO - Processing file /opt/airflow/dags/crypto_pipeline_dag.py for tasks to queue
[2026-07-19T17:19:14.295+0000] {logging_mixin.py:188} INFO - [2026-07-19T17:19:14.295+0000] {dagbag.py:545} INFO - Filling up the DagBag from /opt/airflow/dags/crypto_pipeline_dag.py
[2026-07-19T17:19:14.320+0000] {processor.py:840} INFO - DAG(s) 'crypto_daily_pipeline' retrieved from /opt/airflow/dags/crypto_pipeline_dag.py
[2026-07-19T17:19:14.381+0000] {logging_mixin.py:188} INFO - [2026-07-19T17:19:14.381+0000] {dag.py:3089} INFO - Sync 1 DAGs
[2026-07-19T17:19:14.390+0000] {logging_mixin.py:188} INFO - [2026-07-19T17:19:14.390+0000] {dag.py:3947} INFO - Setting next_dagrun for crypto_daily_pipeline to 2026-07-19 00:00:00+00:00, run_after=2026-07-20 00:00:00+00:00
[2026-07-19T17:19:14.409+0000] {processor.py:183} INFO - Processing /opt/airflow/dags/crypto_pipeline_dag.py took 0.131 seconds
[2026-07-19T17:19:44.442+0000] {processor.py:161} INFO - Started process (PID=171) to work on /opt/airflow/dags/crypto_pipeline_dag.py
[2026-07-19T17:19:44.442+0000] {processor.py:830} INFO - Processing file /opt/airflow/dags/crypto_pipeline_dag.py for tasks to queue
[2026-07-19T17:19:44.444+0000] {logging_mixin.py:188} INFO - [2026-07-19T17:19:44.444+0000] {dagbag.py:545} INFO - Filling up the DagBag from /opt/airflow/dags/crypto_pipeline_dag.py
[2026-07-19T17:19:44.451+0000] {processor.py:840} INFO - DAG(s) 'crypto_daily_pipeline' retrieved from /opt/airflow/dags/crypto_pipeline_dag.py
[2026-07-19T17:19:44.466+0000] {logging_mixin.py:188} INFO - [2026-07-19T17:19:44.466+0000] {dag.py:3089} INFO - Sync 1 DAGs
[2026-07-19T17:19:44.477+0000] {logging_mixin.py:188} INFO - [2026-07-19T17:19:44.477+0000] {dag.py:3947} INFO - Setting next_dagrun for crypto_daily_pipeline to 2026-07-19 00:00:00+00:00, run_after=2026-07-20 00:00:00+00:00
[2026-07-19T17:19:44.483+0000] {processor.py:183} INFO - Processing /opt/airflow/dags/crypto_pipeline_dag.py took 0.044 seconds
[2026-07-19T17:20:14.591+0000] {processor.py:161} INFO - Started process (PID=176) to work on /opt/airflow/dags/crypto_pipeline_dag.py
[2026-07-19T17:20:14.591+0000] {processor.py:830} INFO - Processing file /opt/airflow/dags/crypto_pipeline_dag.py for tasks to queue
[2026-07-19T17:20:14.593+0000] {logging_mixin.py:188} INFO - [2026-07-19T17:20:14.593+0000] {dagbag.py:545} INFO - Filling up the DagBag from /opt/airflow/dags/crypto_pipeline_dag.py
[2026-07-19T17:20:14.603+0000] {processor.py:840} INFO - DAG(s) 'crypto_daily_pipeline' retrieved from /opt/airflow/dags/crypto_pipeline_dag.py
[2026-07-19T17:20:14.618+0000] {logging_mixin.py:188} INFO - [2026-07-19T17:20:14.618+0000] {dag.py:3089} INFO - Sync 1 DAGs
[2026-07-19T17:20:14.627+0000] {logging_mixin.py:188} INFO - [2026-07-19T17:20:14.627+0000] {dag.py:3947} INFO - Setting next_dagrun for crypto_daily_pipeline to 2026-07-19 00:00:00+00:00, run_after=2026-07-20 00:00:00+00:00
[2026-07-19T17:20:14.633+0000] {processor.py:183} INFO - Processing /opt/airflow/dags/crypto_pipeline_dag.py took 0.047 seconds
[2026-07-19T17:20:44.773+0000] {processor.py:161} INFO - Started process (PID=181) to work on /opt/airflow/dags/crypto_pipeline_dag.py
[2026-07-19T17:20:44.774+0000] {processor.py:830} INFO - Processing file /opt/airflow/dags/crypto_pipeline_dag.py for tasks to queue
[2026-07-19T17:20:44.776+0000] {logging_mixin.py:188} INFO - [2026-07-19T17:20:44.775+0000] {dagbag.py:545} INFO - Filling up the DagBag from /opt/airflow/dags/crypto_pipeline_dag.py
[2026-07-19T17:20:44.787+0000] {processor.py:840} INFO - DAG(s) 'crypto_daily_pipeline' retrieved from /opt/airflow/dags/crypto_pipeline_dag.py
[2026-07-19T17:20:44.807+0000] {logging_mixin.py:188} INFO - [2026-07-19T17:20:44.807+0000] {dag.py:3089} INFO - Sync 1 DAGs
[2026-07-19T17:20:44.818+0000] {logging_mixin.py:188} INFO - [2026-07-19T17:20:44.818+0000] {dag.py:3947} INFO - Setting next_dagrun for crypto_daily_pipeline to 2026-07-19 00:00:00+00:00, run_after=2026-07-20 00:00:00+00:00
[2026-07-19T17:20:44.826+0000] {processor.py:183} INFO - Processing /opt/airflow/dags/crypto_pipeline_dag.py took 0.059 seconds
[2026-07-19T17:21:14.943+0000] {processor.py:161} INFO - Started process (PID=186) to work on /opt/airflow/dags/crypto_pipeline_dag.py
[2026-07-19T17:21:14.944+0000] {processor.py:830} INFO - Processing file /opt/airflow/dags/crypto_pipeline_dag.py for tasks to queue
[2026-07-19T17:21:14.945+0000] {logging_mixin.py:188} INFO - [2026-07-19T17:21:14.945+0000] {dagbag.py:545} INFO - Filling up the DagBag from /opt/airflow/dags/crypto_pipeline_dag.py
[2026-07-19T17:21:14.955+0000] {processor.py:840} INFO - DAG(s) 'crypto_daily_pipeline' retrieved from /opt/airflow/dags/crypto_pipeline_dag.py
[2026-07-19T17:21:14.970+0000] {logging_mixin.py:188} INFO - [2026-07-19T17:21:14.970+0000] {dag.py:3089} INFO - Sync 1 DAGs
[2026-07-19T17:21:14.979+0000] {logging_mixin.py:188} INFO - [2026-07-19T17:21:14.978+0000] {dag.py:3947} INFO - Setting next_dagrun for crypto_daily_pipeline to 2026-07-19 00:00:00+00:00, run_after=2026-07-20 00:00:00+00:00
[2026-07-19T17:21:14.985+0000] {processor.py:183} INFO - Processing /opt/airflow/dags/crypto_pipeline_dag.py took 0.048 seconds
[2026-07-19T17:21:45.150+0000] {processor.py:161} INFO - Started process (PID=191) to work on /opt/airflow/dags/crypto_pipeline_dag.py
[2026-07-19T17:21:45.151+0000] {processor.py:830} INFO - Processing file /opt/airflow/dags/crypto_pipeline_dag.py for tasks to queue
[2026-07-19T17:21:45.153+0000] {logging_mixin.py:188} INFO - [2026-07-19T17:21:45.153+0000] {dagbag.py:545} INFO - Filling up the DagBag from /opt/airflow/dags/crypto_pipeline_dag.py
[2026-07-19T17:21:45.162+0000] {processor.py:840} INFO - DAG(s) 'crypto_daily_pipeline' retrieved from /opt/airflow/dags/crypto_pipeline_dag.py
[2026-07-19T17:21:45.180+0000] {logging_mixin.py:188} INFO - [2026-07-19T17:21:45.180+0000] {dag.py:3089} INFO - Sync 1 DAGs
[2026-07-19T17:21:45.189+0000] {logging_mixin.py:188} INFO - [2026-07-19T17:21:45.189+0000] {dag.py:3947} INFO - Setting next_dagrun for crypto_daily_pipeline to 2026-07-19 00:00:00+00:00, run_after=2026-07-20 00:00:00+00:00
[2026-07-19T17:21:45.195+0000] {processor.py:183} INFO - Processing /opt/airflow/dags/crypto_pipeline_dag.py took 0.050 seconds
[2026-07-19T17:22:15.337+0000] {processor.py:161} INFO - Started process (PID=196) to work on /opt/airflow/dags/crypto_pipeline_dag.py
[2026-07-19T17:22:15.337+0000] {processor.py:830} INFO - Processing file /opt/airflow/dags/crypto_pipeline_dag.py for tasks to queue
[2026-07-19T17:22:15.339+0000] {logging_mixin.py:188} INFO - [2026-07-19T17:22:15.339+0000] {dagbag.py:545} INFO - Filling up the DagBag from /opt/airflow/dags/crypto_pipeline_dag.py
[2026-07-19T17:22:15.350+0000] {processor.py:840} INFO - DAG(s) 'crypto_daily_pipeline' retrieved from /opt/airflow/dags/crypto_pipeline_dag.py
[2026-07-19T17:22:15.368+0000] {logging_mixin.py:188} INFO - [2026-07-19T17:22:15.368+0000] {dag.py:3089} INFO - Sync 1 DAGs
[2026-07-19T17:22:15.377+0000] {logging_mixin.py:188} INFO - [2026-07-19T17:22:15.377+0000] {dag.py:3947} INFO - Setting next_dagrun for crypto_daily_pipeline to 2026-07-19 00:00:00+00:00, run_after=2026-07-20 00:00:00+00:00
[2026-07-19T17:22:15.385+0000] {processor.py:183} INFO - Processing /opt/airflow/dags/crypto_pipeline_dag.py took 0.055 seconds
[2026-07-19T17:22:45.527+0000] {processor.py:161} INFO - Started process (PID=201) to work on /opt/airflow/dags/crypto_pipeline_dag.py
[2026-07-19T17:22:45.527+0000] {processor.py:830} INFO - Processing file /opt/airflow/dags/crypto_pipeline_dag.py for tasks to queue
[2026-07-19T17:22:45.529+0000] {logging_mixin.py:188} INFO - [2026-07-19T17:22:45.529+0000] {dagbag.py:545} INFO - Filling up the DagBag from /opt/airflow/dags/crypto_pipeline_dag.py
[2026-07-19T17:22:45.540+0000] {processor.py:840} INFO - DAG(s) 'crypto_daily_pipeline' retrieved from /opt/airflow/dags/crypto_pipeline_dag.py
[2026-07-19T17:22:45.558+0000] {logging_mixin.py:188} INFO - [2026-07-19T17:22:45.558+0000] {dag.py:3089} INFO - Sync 1 DAGs
[2026-07-19T17:22:45.575+0000] {logging_mixin.py:188} INFO - [2026-07-19T17:22:45.575+0000] {dag.py:3947} INFO - Setting next_dagrun for crypto_daily_pipeline to 2026-07-19 00:00:00+00:00, run_after=2026-07-20 00:00:00+00:00
[2026-07-19T17:22:45.583+0000] {processor.py:183} INFO - Processing /opt/airflow/dags/crypto_pipeline_dag.py took 0.061 seconds
[2026-07-19T17:23:15.729+0000] {processor.py:161} INFO - Started process (PID=206) to work on /opt/airflow/dags/crypto_pipeline_dag.py
[2026-07-19T17:23:15.729+0000] {processor.py:830} INFO - Processing file /opt/airflow/dags/crypto_pipeline_dag.py for tasks to queue
[2026-07-19T17:23:15.731+0000] {logging_mixin.py:188} INFO - [2026-07-19T17:23:15.731+0000] {dagbag.py:545} INFO - Filling up the DagBag from /opt/airflow/dags/crypto_pipeline_dag.py
[2026-07-19T17:23:15.741+0000] {processor.py:840} INFO - DAG(s) 'crypto_daily_pipeline' retrieved from /opt/airflow/dags/crypto_pipeline_dag.py
[2026-07-19T17:23:15.757+0000] {logging_mixin.py:188} INFO - [2026-07-19T17:23:15.757+0000] {dag.py:3089} INFO - Sync 1 DAGs
[2026-07-19T17:23:15.767+0000] {logging_mixin.py:188} INFO - [2026-07-19T17:23:15.767+0000] {dag.py:3947} INFO - Setting next_dagrun for crypto_daily_pipeline to 2026-07-19 00:00:00+00:00, run_after=2026-07-20 00:00:00+00:00
[2026-07-19T17:23:15.772+0000] {processor.py:183} INFO - Processing /opt/airflow/dags/crypto_pipeline_dag.py took 0.049 seconds
[2026-07-19T17:23:45.926+0000] {processor.py:161} INFO - Started process (PID=211) to work on /opt/airflow/dags/crypto_pipeline_dag.py
[2026-07-19T17:23:45.926+0000] {processor.py:830} INFO - Processing file /opt/airflow/dags/crypto_pipeline_dag.py for tasks to queue
[2026-07-19T17:23:45.928+0000] {logging_mixin.py:188} INFO - [2026-07-19T17:23:45.927+0000] {dagbag.py:545} INFO - Filling up the DagBag from /opt/airflow/dags/crypto_pipeline_dag.py
[2026-07-19T17:23:45.937+0000] {processor.py:840} INFO - DAG(s) 'crypto_daily_pipeline' retrieved from /opt/airflow/dags/crypto_pipeline_dag.py
[2026-07-19T17:23:45.954+0000] {logging_mixin.py:188} INFO - [2026-07-19T17:23:45.954+0000] {dag.py:3089} INFO - Sync 1 DAGs
[2026-07-19T17:23:45.963+0000] {logging_mixin.py:188} INFO - [2026-07-19T17:23:45.963+0000] {dag.py:3947} INFO - Setting next_dagrun for crypto_daily_pipeline to 2026-07-19 00:00:00+00:00, run_after=2026-07-20 00:00:00+00:00
[2026-07-19T17:23:45.969+0000] {processor.py:183} INFO - Processing /opt/airflow/dags/crypto_pipeline_dag.py took 0.048 seconds
[2026-07-19T17:24:16.118+0000] {processor.py:161} INFO - Started process (PID=216) to work on /opt/airflow/dags/crypto_pipeline_dag.py
[2026-07-19T17:24:16.119+0000] {processor.py:830} INFO - Processing file /opt/airflow/dags/crypto_pipeline_dag.py for tasks to queue
[2026-07-19T17:24:16.120+0000] {logging_mixin.py:188} INFO - [2026-07-19T17:24:16.120+0000] {dagbag.py:545} INFO - Filling up the DagBag from /opt/airflow/dags/crypto_pipeline_dag.py
[2026-07-19T17:24:16.125+0000] {processor.py:840} INFO - DAG(s) 'crypto_daily_pipeline' retrieved from /opt/airflow/dags/crypto_pipeline_dag.py
[2026-07-19T17:24:16.136+0000] {logging_mixin.py:188} INFO - [2026-07-19T17:24:16.136+0000] {dag.py:3089} INFO - Sync 1 DAGs
[2026-07-19T17:24:16.143+0000] {logging_mixin.py:188} INFO - [2026-07-19T17:24:16.143+0000] {dag.py:3947} INFO - Setting next_dagrun for crypto_daily_pipeline to 2026-07-19 00:00:00+00:00, run_after=2026-07-20 00:00:00+00:00
[2026-07-19T17:24:16.148+0000] {processor.py:183} INFO - Processing /opt/airflow/dags/crypto_pipeline_dag.py took 0.033 seconds
[2026-07-19T17:24:46.334+0000] {processor.py:161} INFO - Started process (PID=221) to work on /opt/airflow/dags/crypto_pipeline_dag.py
[2026-07-19T17:24:46.335+0000] {processor.py:830} INFO - Processing file /opt/airflow/dags/crypto_pipeline_dag.py for tasks to queue
[2026-07-19T17:24:46.336+0000] {logging_mixin.py:188} INFO - [2026-07-19T17:24:46.336+0000] {dagbag.py:545} INFO - Filling up the DagBag from /opt/airflow/dags/crypto_pipeline_dag.py
[2026-07-19T17:24:46.348+0000] {processor.py:840} INFO - DAG(s) 'crypto_daily_pipeline' retrieved from /opt/airflow/dags/crypto_pipeline_dag.py
[2026-07-19T17:24:46.367+0000] {logging_mixin.py:188} INFO - [2026-07-19T17:24:46.367+0000] {dag.py:3089} INFO - Sync 1 DAGs
[2026-07-19T17:24:46.378+0000] {logging_mixin.py:188} INFO - [2026-07-19T17:24:46.378+0000] {dag.py:3947} INFO - Setting next_dagrun for crypto_daily_pipeline to 2026-07-19 00:00:00+00:00, run_after=2026-07-20 00:00:00+00:00
[2026-07-19T17:24:46.384+0000] {processor.py:183} INFO - Processing /opt/airflow/dags/crypto_pipeline_dag.py took 0.056 seconds
[2026-07-19T17:25:16.516+0000] {processor.py:161} INFO - Started process (PID=226) to work on /opt/airflow/dags/crypto_pipeline_dag.py
[2026-07-19T17:25:16.517+0000] {processor.py:830} INFO - Processing file /opt/airflow/dags/crypto_pipeline_dag.py for tasks to queue
[2026-07-19T17:25:16.519+0000] {logging_mixin.py:188} INFO - [2026-07-19T17:25:16.518+0000] {dagbag.py:545} INFO - Filling up the DagBag from /opt/airflow/dags/crypto_pipeline_dag.py
[2026-07-19T17:25:16.528+0000] {processor.py:840} INFO - DAG(s) 'crypto_daily_pipeline' retrieved from /opt/airflow/dags/crypto_pipeline_dag.py
[2026-07-19T17:25:16.548+0000] {logging_mixin.py:188} INFO - [2026-07-19T17:25:16.547+0000] {dag.py:3089} INFO - Sync 1 DAGs
[2026-07-19T17:25:16.557+0000] {logging_mixin.py:188} INFO - [2026-07-19T17:25:16.557+0000] {dag.py:3947} INFO - Setting next_dagrun for crypto_daily_pipeline to 2026-07-19 00:00:00+00:00, run_after=2026-07-20 00:00:00+00:00
[2026-07-19T17:25:16.566+0000] {processor.py:183} INFO - Processing /opt/airflow/dags/crypto_pipeline_dag.py took 0.056 seconds
[2026-07-19T17:25:46.684+0000] {processor.py:161} INFO - Started process (PID=231) to work on /opt/airflow/dags/crypto_pipeline_dag.py
[2026-07-19T17:25:46.685+0000] {processor.py:830} INFO - Processing file /opt/airflow/dags/crypto_pipeline_dag.py for tasks to queue
[2026-07-19T17:25:46.686+0000] {logging_mixin.py:188} INFO - [2026-07-19T17:25:46.686+0000] {dagbag.py:545} INFO - Filling up the DagBag from /opt/airflow/dags/crypto_pipeline_dag.py
[2026-07-19T17:25:46.696+0000] {processor.py:840} INFO - DAG(s) 'crypto_daily_pipeline' retrieved from /opt/airflow/dags/crypto_pipeline_dag.py
[2026-07-19T17:25:46.716+0000] {logging_mixin.py:188} INFO - [2026-07-19T17:25:46.716+0000] {dag.py:3089} INFO - Sync 1 DAGs
[2026-07-19T17:25:46.728+0000] {logging_mixin.py:188} INFO - [2026-07-19T17:25:46.727+0000] {dag.py:3947} INFO - Setting next_dagrun for crypto_daily_pipeline to 2026-07-19 00:00:00+00:00, run_after=2026-07-20 00:00:00+00:00
[2026-07-19T17:25:46.734+0000] {processor.py:183} INFO - Processing /opt/airflow/dags/crypto_pipeline_dag.py took 0.055 seconds
[2026-07-19T17:26:16.860+0000] {processor.py:161} INFO - Started process (PID=236) to work on /opt/airflow/dags/crypto_pipeline_dag.py
[2026-07-19T17:26:16.862+0000] {processor.py:830} INFO - Processing file /opt/airflow/dags/crypto_pipeline_dag.py for tasks to queue
[2026-07-19T17:26:16.865+0000] {logging_mixin.py:188} INFO - [2026-07-19T17:26:16.864+0000] {dagbag.py:545} INFO - Filling up the DagBag from /opt/airflow/dags/crypto_pipeline_dag.py
[2026-07-19T17:26:16.875+0000] {processor.py:840} INFO - DAG(s) 'crypto_daily_pipeline' retrieved from /opt/airflow/dags/crypto_pipeline_dag.py
[2026-07-19T17:26:16.893+0000] {logging_mixin.py:188} INFO - [2026-07-19T17:26:16.893+0000] {dag.py:3089} INFO - Sync 1 DAGs
[2026-07-19T17:26:16.903+0000] {logging_mixin.py:188} INFO - [2026-07-19T17:26:16.902+0000] {dag.py:3947} INFO - Setting next_dagrun for crypto_daily_pipeline to 2026-07-19 00:00:00+00:00, run_after=2026-07-20 00:00:00+00:00
[2026-07-19T17:26:16.909+0000] {processor.py:183} INFO - Processing /opt/airflow/dags/crypto_pipeline_dag.py took 0.052 seconds
[2026-07-19T17:26:47.038+0000] {processor.py:161} INFO - Started process (PID=241) to work on /opt/airflow/dags/crypto_pipeline_dag.py
[2026-07-19T17:26:47.039+0000] {processor.py:830} INFO - Processing file /opt/airflow/dags/crypto_pipeline_dag.py for tasks to queue
[2026-07-19T17:26:47.041+0000] {logging_mixin.py:188} INFO - [2026-07-19T17:26:47.041+0000] {dagbag.py:545} INFO - Filling up the DagBag from /opt/airflow/dags/crypto_pipeline_dag.py
[2026-07-19T17:26:47.055+0000] {processor.py:840} INFO - DAG(s) 'crypto_daily_pipeline' retrieved from /opt/airflow/dags/crypto_pipeline_dag.py
[2026-07-19T17:26:47.076+0000] {logging_mixin.py:188} INFO - [2026-07-19T17:26:47.075+0000] {dag.py:3089} INFO - Sync 1 DAGs
[2026-07-19T17:26:47.086+0000] {logging_mixin.py:188} INFO - [2026-07-19T17:26:47.086+0000] {dag.py:3947} INFO - Setting next_dagrun for crypto_daily_pipeline to 2026-07-19 00:00:00+00:00, run_after=2026-07-20 00:00:00+00:00
[2026-07-19T17:26:47.095+0000] {processor.py:183} INFO - Processing /opt/airflow/dags/crypto_pipeline_dag.py took 0.063 seconds
[2026-07-19T17:27:17.221+0000] {processor.py:161} INFO - Started process (PID=246) to work on /opt/airflow/dags/crypto_pipeline_dag.py
[2026-07-19T17:27:17.222+0000] {processor.py:830} INFO - Processing file /opt/airflow/dags/crypto_pipeline_dag.py for tasks to queue
[2026-07-19T17:27:17.223+0000] {logging_mixin.py:188} INFO - [2026-07-19T17:27:17.223+0000] {dagbag.py:545} INFO - Filling up the DagBag from /opt/airflow/dags/crypto_pipeline_dag.py
[2026-07-19T17:27:17.233+0000] {processor.py:840} INFO - DAG(s) 'crypto_daily_pipeline' retrieved from /opt/airflow/dags/crypto_pipeline_dag.py
[2026-07-19T17:27:17.250+0000] {logging_mixin.py:188} INFO - [2026-07-19T17:27:17.250+0000] {dag.py:3089} INFO - Sync 1 DAGs
[2026-07-19T17:27:17.259+0000] {logging_mixin.py:188} INFO - [2026-07-19T17:27:17.259+0000] {dag.py:3947} INFO - Setting next_dagrun for crypto_daily_pipeline to 2026-07-19 00:00:00+00:00, run_after=2026-07-20 00:00:00+00:00
[2026-07-19T17:27:17.265+0000] {processor.py:183} INFO - Processing /opt/airflow/dags/crypto_pipeline_dag.py took 0.048 seconds
[2026-07-19T17:27:47.432+0000] {processor.py:161} INFO - Started process (PID=251) to work on /opt/airflow/dags/crypto_pipeline_dag.py
[2026-07-19T17:27:47.433+0000] {processor.py:830} INFO - Processing file /opt/airflow/dags/crypto_pipeline_dag.py for tasks to queue
[2026-07-19T17:27:47.435+0000] {logging_mixin.py:188} INFO - [2026-07-19T17:27:47.434+0000] {dagbag.py:545} INFO - Filling up the DagBag from /opt/airflow/dags/crypto_pipeline_dag.py
[2026-07-19T17:27:47.445+0000] {processor.py:840} INFO - DAG(s) 'crypto_daily_pipeline' retrieved from /opt/airflow/dags/crypto_pipeline_dag.py
[2026-07-19T17:27:47.464+0000] {logging_mixin.py:188} INFO - [2026-07-19T17:27:47.464+0000] {dag.py:3089} INFO - Sync 1 DAGs
[2026-07-19T17:27:47.477+0000] {logging_mixin.py:188} INFO - [2026-07-19T17:27:47.477+0000] {dag.py:3947} INFO - Setting next_dagrun for crypto_daily_pipeline to 2026-07-19 00:00:00+00:00, run_after=2026-07-20 00:00:00+00:00
[2026-07-19T17:27:47.483+0000] {processor.py:183} INFO - Processing /opt/airflow/dags/crypto_pipeline_dag.py took 0.057 seconds
[2026-07-19T17:28:17.620+0000] {processor.py:161} INFO - Started process (PID=256) to work on /opt/airflow/dags/crypto_pipeline_dag.py
[2026-07-19T17:28:17.621+0000] {processor.py:830} INFO - Processing file /opt/airflow/dags/crypto_pipeline_dag.py for tasks to queue
[2026-07-19T17:28:17.623+0000] {logging_mixin.py:188} INFO - [2026-07-19T17:28:17.622+0000] {dagbag.py:545} INFO - Filling up the DagBag from /opt/airflow/dags/crypto_pipeline_dag.py
[2026-07-19T17:28:17.633+0000] {processor.py:840} INFO - DAG(s) 'crypto_daily_pipeline' retrieved from /opt/airflow/dags/crypto_pipeline_dag.py
[2026-07-19T17:28:17.653+0000] {logging_mixin.py:188} INFO - [2026-07-19T17:28:17.653+0000] {dag.py:3089} INFO - Sync 1 DAGs
[2026-07-19T17:28:17.662+0000] {logging_mixin.py:188} INFO - [2026-07-19T17:28:17.662+0000] {dag.py:3947} INFO - Setting next_dagrun for crypto_daily_pipeline to 2026-07-19 00:00:00+00:00, run_after=2026-07-20 00:00:00+00:00
[2026-07-19T17:28:17.668+0000] {processor.py:183} INFO - Processing /opt/airflow/dags/crypto_pipeline_dag.py took 0.053 seconds
[2026-07-19T17:28:47.822+0000] {processor.py:161} INFO - Started process (PID=261) to work on /opt/airflow/dags/crypto_pipeline_dag.py
[2026-07-19T17:28:47.822+0000] {processor.py:830} INFO - Processing file /opt/airflow/dags/crypto_pipeline_dag.py for tasks to queue
[2026-07-19T17:28:47.824+0000] {logging_mixin.py:188} INFO - [2026-07-19T17:28:47.824+0000] {dagbag.py:545} INFO - Filling up the DagBag from /opt/airflow/dags/crypto_pipeline_dag.py
[2026-07-19T17:28:47.837+0000] {processor.py:840} INFO - DAG(s) 'crypto_daily_pipeline' retrieved from /opt/airflow/dags/crypto_pipeline_dag.py
[2026-07-19T17:28:47.858+0000] {logging_mixin.py:188} INFO - [2026-07-19T17:28:47.858+0000] {dag.py:3089} INFO - Sync 1 DAGs
[2026-07-19T17:28:47.868+0000] {logging_mixin.py:188} INFO - [2026-07-19T17:28:47.868+0000] {dag.py:3947} INFO - Setting next_dagrun for crypto_daily_pipeline to 2026-07-19 00:00:00+00:00, run_after=2026-07-20 00:00:00+00:00
[2026-07-19T17:28:47.875+0000] {processor.py:183} INFO - Processing /opt/airflow/dags/crypto_pipeline_dag.py took 0.060 seconds
[2026-07-19T17:29:18.016+0000] {processor.py:161} INFO - Started process (PID=266) to work on /opt/airflow/dags/crypto_pipeline_dag.py
[2026-07-19T17:29:18.017+0000] {processor.py:830} INFO - Processing file /opt/airflow/dags/crypto_pipeline_dag.py for tasks to queue
[2026-07-19T17:29:18.019+0000] {logging_mixin.py:188} INFO - [2026-07-19T17:29:18.018+0000] {dagbag.py:545} INFO - Filling up the DagBag from /opt/airflow/dags/crypto_pipeline_dag.py
[2026-07-19T17:29:18.029+0000] {processor.py:840} INFO - DAG(s) 'crypto_daily_pipeline' retrieved from /opt/airflow/dags/crypto_pipeline_dag.py
[2026-07-19T17:29:18.049+0000] {logging_mixin.py:188} INFO - [2026-07-19T17:29:18.049+0000] {dag.py:3089} INFO - Sync 1 DAGs
[2026-07-19T17:29:18.059+0000] {logging_mixin.py:188} INFO - [2026-07-19T17:29:18.059+0000] {dag.py:3947} INFO - Setting next_dagrun for crypto_daily_pipeline to 2026-07-19 00:00:00+00:00, run_after=2026-07-20 00:00:00+00:00
[2026-07-19T17:29:18.068+0000] {processor.py:183} INFO - Processing /opt/airflow/dags/crypto_pipeline_dag.py took 0.057 seconds
[2026-07-19T17:29:48.194+0000] {processor.py:161} INFO - Started process (PID=271) to work on /opt/airflow/dags/crypto_pipeline_dag.py
[2026-07-19T17:29:48.195+0000] {processor.py:830} INFO - Processing file /opt/airflow/dags/crypto_pipeline_dag.py for tasks to queue
[2026-07-19T17:29:48.197+0000] {logging_mixin.py:188} INFO - [2026-07-19T17:29:48.196+0000] {dagbag.py:545} INFO - Filling up the DagBag from /opt/airflow/dags/crypto_pipeline_dag.py
[2026-07-19T17:29:48.207+0000] {processor.py:840} INFO - DAG(s) 'crypto_daily_pipeline' retrieved from /opt/airflow/dags/crypto_pipeline_dag.py
[2026-07-19T17:29:48.224+0000] {logging_mixin.py:188} INFO - [2026-07-19T17:29:48.224+0000] {dag.py:3089} INFO - Sync 1 DAGs
[2026-07-19T17:29:48.233+0000] {logging_mixin.py:188} INFO - [2026-07-19T17:29:48.233+0000] {dag.py:3947} INFO - Setting next_dagrun for crypto_daily_pipeline to 2026-07-19 00:00:00+00:00, run_after=2026-07-20 00:00:00+00:00
[2026-07-19T17:29:48.239+0000] {processor.py:183} INFO - Processing /opt/airflow/dags/crypto_pipeline_dag.py took 0.050 seconds
[2026-07-19T17:30:18.381+0000] {processor.py:161} INFO - Started process (PID=276) to work on /opt/airflow/dags/crypto_pipeline_dag.py
[2026-07-19T17:30:18.382+0000] {processor.py:830} INFO - Processing file /opt/airflow/dags/crypto_pipeline_dag.py for tasks to queue
[2026-07-19T17:30:18.383+0000] {logging_mixin.py:188} INFO - [2026-07-19T17:30:18.383+0000] {dagbag.py:545} INFO - Filling up the DagBag from /opt/airflow/dags/crypto_pipeline_dag.py
[2026-07-19T17:30:18.394+0000] {processor.py:840} INFO - DAG(s) 'crypto_daily_pipeline' retrieved from /opt/airflow/dags/crypto_pipeline_dag.py
[2026-07-19T17:30:18.413+0000] {logging_mixin.py:188} INFO - [2026-07-19T17:30:18.413+0000] {dag.py:3089} INFO - Sync 1 DAGs
[2026-07-19T17:30:18.421+0000] {logging_mixin.py:188} INFO - [2026-07-19T17:30:18.421+0000] {dag.py:3947} INFO - Setting next_dagrun for crypto_daily_pipeline to 2026-07-19 00:00:00+00:00, run_after=2026-07-20 00:00:00+00:00
[2026-07-19T17:30:18.427+0000] {processor.py:183} INFO - Processing /opt/airflow/dags/crypto_pipeline_dag.py took 0.052 seconds
[2026-07-19T17:30:48.576+0000] {processor.py:161} INFO - Started process (PID=281) to work on /opt/airflow/dags/crypto_pipeline_dag.py
[2026-07-19T17:30:48.576+0000] {processor.py:830} INFO - Processing file /opt/airflow/dags/crypto_pipeline_dag.py for tasks to queue
[2026-07-19T17:30:48.579+0000] {logging_mixin.py:188} INFO - [2026-07-19T17:30:48.578+0000] {dagbag.py:545} INFO - Filling up the DagBag from /opt/airflow/dags/crypto_pipeline_dag.py
[2026-07-19T17:30:48.590+0000] {processor.py:840} INFO - DAG(s) 'crypto_daily_pipeline' retrieved from /opt/airflow/dags/crypto_pipeline_dag.py
[2026-07-19T17:30:48.612+0000] {logging_mixin.py:188} INFO - [2026-07-19T17:30:48.612+0000] {dag.py:3089} INFO - Sync 1 DAGs
[2026-07-19T17:30:48.621+0000] {logging_mixin.py:188} INFO - [2026-07-19T17:30:48.621+0000] {dag.py:3947} INFO - Setting next_dagrun for crypto_daily_pipeline to 2026-07-19 00:00:00+00:00, run_after=2026-07-20 00:00:00+00:00
[2026-07-19T17:30:48.627+0000] {processor.py:183} INFO - Processing /opt/airflow/dags/crypto_pipeline_dag.py took 0.060 seconds
[2026-07-19T17:31:18.749+0000] {processor.py:161} INFO - Started process (PID=286) to work on /opt/airflow/dags/crypto_pipeline_dag.py
[2026-07-19T17:31:18.750+0000] {processor.py:830} INFO - Processing file /opt/airflow/dags/crypto_pipeline_dag.py for tasks to queue
[2026-07-19T17:31:18.753+0000] {logging_mixin.py:188} INFO - [2026-07-19T17:31:18.753+0000] {dagbag.py:545} INFO - Filling up the DagBag from /opt/airflow/dags/crypto_pipeline_dag.py
[2026-07-19T17:31:18.765+0000] {processor.py:840} INFO - DAG(s) 'crypto_daily_pipeline' retrieved from /opt/airflow/dags/crypto_pipeline_dag.py
[2026-07-19T17:31:18.783+0000] {logging_mixin.py:188} INFO - [2026-07-19T17:31:18.782+0000] {dag.py:3089} INFO - Sync 1 DAGs
[2026-07-19T17:31:18.792+0000] {logging_mixin.py:188} INFO - [2026-07-19T17:31:18.792+0000] {dag.py:3947} INFO - Setting next_dagrun for crypto_daily_pipeline to 2026-07-19 00:00:00+00:00, run_after=2026-07-20 00:00:00+00:00
[2026-07-19T17:31:18.798+0000] {processor.py:183} INFO - Processing /opt/airflow/dags/crypto_pipeline_dag.py took 0.056 seconds
[2026-07-19T17:31:48.939+0000] {processor.py:161} INFO - Started process (PID=291) to work on /opt/airflow/dags/crypto_pipeline_dag.py
[2026-07-19T17:31:48.940+0000] {processor.py:830} INFO - Processing file /opt/airflow/dags/crypto_pipeline_dag.py for tasks to queue
[2026-07-19T17:31:48.942+0000] {logging_mixin.py:188} INFO - [2026-07-19T17:31:48.941+0000] {dagbag.py:545} INFO - Filling up the DagBag from /opt/airflow/dags/crypto_pipeline_dag.py
[2026-07-19T17:31:48.951+0000] {processor.py:840} INFO - DAG(s) 'crypto_daily_pipeline' retrieved from /opt/airflow/dags/crypto_pipeline_dag.py
[2026-07-19T17:31:48.969+0000] {logging_mixin.py:188} INFO - [2026-07-19T17:31:48.969+0000] {dag.py:3089} INFO - Sync 1 DAGs
[2026-07-19T17:31:48.979+0000] {logging_mixin.py:188} INFO - [2026-07-19T17:31:48.978+0000] {dag.py:3947} INFO - Setting next_dagrun for crypto_daily_pipeline to 2026-07-19 00:00:00+00:00, run_after=2026-07-20 00:00:00+00:00
[2026-07-19T17:31:48.985+0000] {processor.py:183} INFO - Processing /opt/airflow/dags/crypto_pipeline_dag.py took 0.051 seconds
[2026-07-19T17:32:19.116+0000] {processor.py:161} INFO - Started process (PID=296) to work on /opt/airflow/dags/crypto_pipeline_dag.py
[2026-07-19T17:32:19.117+0000] {processor.py:830} INFO - Processing file /opt/airflow/dags/crypto_pipeline_dag.py for tasks to queue
[2026-07-19T17:32:19.119+0000] {logging_mixin.py:188} INFO - [2026-07-19T17:32:19.119+0000] {dagbag.py:545} INFO - Filling up the DagBag from /opt/airflow/dags/crypto_pipeline_dag.py
[2026-07-19T17:32:19.130+0000] {processor.py:840} INFO - DAG(s) 'crypto_daily_pipeline' retrieved from /opt/airflow/dags/crypto_pipeline_dag.py
[2026-07-19T17:32:19.149+0000] {logging_mixin.py:188} INFO - [2026-07-19T17:32:19.149+0000] {dag.py:3089} INFO - Sync 1 DAGs
[2026-07-19T17:32:19.159+0000] {logging_mixin.py:188} INFO - [2026-07-19T17:32:19.158+0000] {dag.py:3947} INFO - Setting next_dagrun for crypto_daily_pipeline to 2026-07-19 00:00:00+00:00, run_after=2026-07-20 00:00:00+00:00
[2026-07-19T17:32:19.165+0000] {processor.py:183} INFO - Processing /opt/airflow/dags/crypto_pipeline_dag.py took 0.055 seconds
[2026-07-19T17:32:49.272+0000] {processor.py:161} INFO - Started process (PID=301) to work on /opt/airflow/dags/crypto_pipeline_dag.py
[2026-07-19T17:32:49.274+0000] {processor.py:830} INFO - Processing file /opt/airflow/dags/crypto_pipeline_dag.py for tasks to queue
[2026-07-19T17:32:49.276+0000] {logging_mixin.py:188} INFO - [2026-07-19T17:32:49.275+0000] {dagbag.py:545} INFO - Filling up the DagBag from /opt/airflow/dags/crypto_pipeline_dag.py
[2026-07-19T17:32:49.284+0000] {processor.py:840} INFO - DAG(s) 'crypto_daily_pipeline' retrieved from /opt/airflow/dags/crypto_pipeline_dag.py
[2026-07-19T17:32:49.303+0000] {logging_mixin.py:188} INFO - [2026-07-19T17:32:49.303+0000] {dag.py:3089} INFO - Sync 1 DAGs
[2026-07-19T17:32:49.314+0000] {logging_mixin.py:188} INFO - [2026-07-19T17:32:49.313+0000] {dag.py:3947} INFO - Setting next_dagrun for crypto_daily_pipeline to 2026-07-19 00:00:00+00:00, run_after=2026-07-20 00:00:00+00:00
[2026-07-19T17:32:49.320+0000] {processor.py:183} INFO - Processing /opt/airflow/dags/crypto_pipeline_dag.py took 0.052 seconds
[2026-07-19T17:33:19.489+0000] {processor.py:161} INFO - Started process (PID=306) to work on /opt/airflow/dags/crypto_pipeline_dag.py
[2026-07-19T17:33:19.490+0000] {processor.py:830} INFO - Processing file /opt/airflow/dags/crypto_pipeline_dag.py for tasks to queue
[2026-07-19T17:33:19.492+0000] {logging_mixin.py:188} INFO - [2026-07-19T17:33:19.491+0000] {dagbag.py:545} INFO - Filling up the DagBag from /opt/airflow/dags/crypto_pipeline_dag.py
[2026-07-19T17:33:19.501+0000] {processor.py:840} INFO - DAG(s) 'crypto_daily_pipeline' retrieved from /opt/airflow/dags/crypto_pipeline_dag.py
[2026-07-19T17:33:19.519+0000] {logging_mixin.py:188} INFO - [2026-07-19T17:33:19.519+0000] {dag.py:3089} INFO - Sync 1 DAGs
[2026-07-19T17:33:19.530+0000] {logging_mixin.py:188} INFO - [2026-07-19T17:33:19.530+0000] {dag.py:3947} INFO - Setting next_dagrun for crypto_daily_pipeline to 2026-07-19 00:00:00+00:00, run_after=2026-07-20 00:00:00+00:00
[2026-07-19T17:33:19.536+0000] {processor.py:183} INFO - Processing /opt/airflow/dags/crypto_pipeline_dag.py took 0.052 seconds
[2026-07-19T17:33:49.675+0000] {processor.py:161} INFO - Started process (PID=311) to work on /opt/airflow/dags/crypto_pipeline_dag.py
[2026-07-19T17:33:49.675+0000] {processor.py:830} INFO - Processing file /opt/airflow/dags/crypto_pipeline_dag.py for tasks to queue
[2026-07-19T17:33:49.677+0000] {logging_mixin.py:188} INFO - [2026-07-19T17:33:49.677+0000] {dagbag.py:545} INFO - Filling up the DagBag from /opt/airflow/dags/crypto_pipeline_dag.py
[2026-07-19T17:33:49.687+0000] {processor.py:840} INFO - DAG(s) 'crypto_daily_pipeline' retrieved from /opt/airflow/dags/crypto_pipeline_dag.py
[2026-07-19T17:33:49.706+0000] {logging_mixin.py:188} INFO - [2026-07-19T17:33:49.706+0000] {dag.py:3089} INFO - Sync 1 DAGs
[2026-07-19T17:33:49.715+0000] {logging_mixin.py:188} INFO - [2026-07-19T17:33:49.715+0000] {dag.py:3947} INFO - Setting next_dagrun for crypto_daily_pipeline to 2026-07-19 00:00:00+00:00, run_after=2026-07-20 00:00:00+00:00
[2026-07-19T17:33:49.721+0000] {processor.py:183} INFO - Processing /opt/airflow/dags/crypto_pipeline_dag.py took 0.052 seconds
[2026-07-19T17:34:19.867+0000] {processor.py:161} INFO - Started process (PID=316) to work on /opt/airflow/dags/crypto_pipeline_dag.py
[2026-07-19T17:34:19.867+0000] {processor.py:830} INFO - Processing file /opt/airflow/dags/crypto_pipeline_dag.py for tasks to queue
[2026-07-19T17:34:19.868+0000] {logging_mixin.py:188} INFO - [2026-07-19T17:34:19.868+0000] {dagbag.py:545} INFO - Filling up the DagBag from /opt/airflow/dags/crypto_pipeline_dag.py
[2026-07-19T17:34:19.877+0000] {processor.py:840} INFO - DAG(s) 'crypto_daily_pipeline' retrieved from /opt/airflow/dags/crypto_pipeline_dag.py
[2026-07-19T17:34:19.895+0000] {logging_mixin.py:188} INFO - [2026-07-19T17:34:19.894+0000] {dag.py:3089} INFO - Sync 1 DAGs
[2026-07-19T17:34:19.905+0000] {logging_mixin.py:188} INFO - [2026-07-19T17:34:19.905+0000] {dag.py:3947} INFO - Setting next_dagrun for crypto_daily_pipeline to 2026-07-19 00:00:00+00:00, run_after=2026-07-20 00:00:00+00:00
[2026-07-19T17:34:19.911+0000] {processor.py:183} INFO - Processing /opt/airflow/dags/crypto_pipeline_dag.py took 0.050 seconds
[2026-07-19T17:34:50.038+0000] {processor.py:161} INFO - Started process (PID=321) to work on /opt/airflow/dags/crypto_pipeline_dag.py
[2026-07-19T17:34:50.039+0000] {processor.py:830} INFO - Processing file /opt/airflow/dags/crypto_pipeline_dag.py for tasks to queue
[2026-07-19T17:34:50.041+0000] {logging_mixin.py:188} INFO - [2026-07-19T17:34:50.040+0000] {dagbag.py:545} INFO - Filling up the DagBag from /opt/airflow/dags/crypto_pipeline_dag.py
[2026-07-19T17:34:50.051+0000] {processor.py:840} INFO - DAG(s) 'crypto_daily_pipeline' retrieved from /opt/airflow/dags/crypto_pipeline_dag.py
[2026-07-19T17:34:50.069+0000] {logging_mixin.py:188} INFO - [2026-07-19T17:34:50.069+0000] {dag.py:3089} INFO - Sync 1 DAGs
[2026-07-19T17:34:50.080+0000] {logging_mixin.py:188} INFO - [2026-07-19T17:34:50.080+0000] {dag.py:3947} INFO - Setting next_dagrun for crypto_daily_pipeline to 2026-07-19 00:00:00+00:00, run_after=2026-07-20 00:00:00+00:00
[2026-07-19T17:34:50.087+0000] {processor.py:183} INFO - Processing /opt/airflow/dags/crypto_pipeline_dag.py took 0.054 seconds
[2026-07-19T17:35:20.238+0000] {processor.py:161} INFO - Started process (PID=326) to work on /opt/airflow/dags/crypto_pipeline_dag.py
[2026-07-19T17:35:20.238+0000] {processor.py:830} INFO - Processing file /opt/airflow/dags/crypto_pipeline_dag.py for tasks to queue
[2026-07-19T17:35:20.240+0000] {logging_mixin.py:188} INFO - [2026-07-19T17:35:20.240+0000] {dagbag.py:545} INFO - Filling up the DagBag from /opt/airflow/dags/crypto_pipeline_dag.py
[2026-07-19T17:35:20.255+0000] {processor.py:840} INFO - DAG(s) 'crypto_daily_pipeline' retrieved from /opt/airflow/dags/crypto_pipeline_dag.py
[2026-07-19T17:35:20.275+0000] {logging_mixin.py:188} INFO - [2026-07-19T17:35:20.275+0000] {dag.py:3089} INFO - Sync 1 DAGs
[2026-07-19T17:35:20.289+0000] {logging_mixin.py:188} INFO - [2026-07-19T17:35:20.289+0000] {dag.py:3947} INFO - Setting next_dagrun for crypto_daily_pipeline to 2026-07-19 00:00:00+00:00, run_after=2026-07-20 00:00:00+00:00
[2026-07-19T17:35:20.299+0000] {processor.py:183} INFO - Processing /opt/airflow/dags/crypto_pipeline_dag.py took 0.065 seconds
[2026-07-19T17:35:50.440+0000] {processor.py:161} INFO - Started process (PID=331) to work on /opt/airflow/dags/crypto_pipeline_dag.py
[2026-07-19T17:35:50.441+0000] {processor.py:830} INFO - Processing file /opt/airflow/dags/crypto_pipeline_dag.py for tasks to queue
[2026-07-19T17:35:50.451+0000] {logging_mixin.py:188} INFO - [2026-07-19T17:35:50.450+0000] {dagbag.py:545} INFO - Filling up the DagBag from /opt/airflow/dags/crypto_pipeline_dag.py
[2026-07-19T17:35:50.466+0000] {processor.py:840} INFO - DAG(s) 'crypto_daily_pipeline' retrieved from /opt/airflow/dags/crypto_pipeline_dag.py
[2026-07-19T17:35:50.483+0000] {logging_mixin.py:188} INFO - [2026-07-19T17:35:50.483+0000] {dag.py:3089} INFO - Sync 1 DAGs
[2026-07-19T17:35:50.496+0000] {logging_mixin.py:188} INFO - [2026-07-19T17:35:50.496+0000] {dag.py:3947} INFO - Setting next_dagrun for crypto_daily_pipeline to 2026-07-19 00:00:00+00:00, run_after=2026-07-20 00:00:00+00:00
[2026-07-19T17:35:50.503+0000] {processor.py:183} INFO - Processing /opt/airflow/dags/crypto_pipeline_dag.py took 0.070 seconds
[2026-07-19T17:36:20.678+0000] {processor.py:161} INFO - Started process (PID=336) to work on /opt/airflow/dags/crypto_pipeline_dag.py
[2026-07-19T17:36:20.679+0000] {processor.py:830} INFO - Processing file /opt/airflow/dags/crypto_pipeline_dag.py for tasks to queue
[2026-07-19T17:36:20.681+0000] {logging_mixin.py:188} INFO - [2026-07-19T17:36:20.681+0000] {dagbag.py:545} INFO - Filling up the DagBag from /opt/airflow/dags/crypto_pipeline_dag.py
[2026-07-19T17:36:20.697+0000] {processor.py:840} INFO - DAG(s) 'crypto_daily_pipeline' retrieved from /opt/airflow/dags/crypto_pipeline_dag.py
[2026-07-19T17:36:20.722+0000] {logging_mixin.py:188} INFO - [2026-07-19T17:36:20.722+0000] {dag.py:3089} INFO - Sync 1 DAGs
[2026-07-19T17:36:20.732+0000] {logging_mixin.py:188} INFO - [2026-07-19T17:36:20.732+0000] {dag.py:3947} INFO - Setting next_dagrun for crypto_daily_pipeline to 2026-07-19 00:00:00+00:00, run_after=2026-07-20 00:00:00+00:00
[2026-07-19T17:36:20.739+0000] {processor.py:183} INFO - Processing /opt/airflow/dags/crypto_pipeline_dag.py took 0.068 seconds
[2026-07-19T17:36:26.710+0000] {processor.py:161} INFO - Started process (PID=341) to work on /opt/airflow/dags/crypto_pipeline_dag.py
[2026-07-19T17:36:26.711+0000] {processor.py:830} INFO - Processing file /opt/airflow/dags/crypto_pipeline_dag.py for tasks to queue
[2026-07-19T17:36:26.712+0000] {logging_mixin.py:188} INFO - [2026-07-19T17:36:26.712+0000] {dagbag.py:545} INFO - Filling up the DagBag from /opt/airflow/dags/crypto_pipeline_dag.py
[2026-07-19T17:36:26.724+0000] {processor.py:840} INFO - DAG(s) 'crypto_daily_pipeline' retrieved from /opt/airflow/dags/crypto_pipeline_dag.py
[2026-07-19T17:36:26.739+0000] {logging_mixin.py:188} INFO - [2026-07-19T17:36:26.739+0000] {dag.py:3089} INFO - Sync 1 DAGs
[2026-07-19T17:36:26.747+0000] {logging_mixin.py:188} INFO - [2026-07-19T17:36:26.747+0000] {dag.py:3947} INFO - Setting next_dagrun for crypto_daily_pipeline to 2026-07-19 00:00:00+00:00, run_after=2026-07-20 00:00:00+00:00
[2026-07-19T17:36:26.753+0000] {processor.py:183} INFO - Processing /opt/airflow/dags/crypto_pipeline_dag.py took 0.046 seconds
[2026-07-19T17:36:56.886+0000] {processor.py:161} INFO - Started process (PID=346) to work on /opt/airflow/dags/crypto_pipeline_dag.py
[2026-07-19T17:36:56.888+0000] {processor.py:830} INFO - Processing file /opt/airflow/dags/crypto_pipeline_dag.py for tasks to queue
[2026-07-19T17:36:56.889+0000] {logging_mixin.py:188} INFO - [2026-07-19T17:36:56.889+0000] {dagbag.py:545} INFO - Filling up the DagBag from /opt/airflow/dags/crypto_pipeline_dag.py
[2026-07-19T17:36:56.902+0000] {processor.py:840} INFO - DAG(s) 'crypto_daily_pipeline' retrieved from /opt/airflow/dags/crypto_pipeline_dag.py
[2026-07-19T17:36:56.922+0000] {logging_mixin.py:188} INFO - [2026-07-19T17:36:56.922+0000] {dag.py:3089} INFO - Sync 1 DAGs
[2026-07-19T17:36:56.933+0000] {logging_mixin.py:188} INFO - [2026-07-19T17:36:56.933+0000] {dag.py:3947} INFO - Setting next_dagrun for crypto_daily_pipeline to 2026-07-19 00:00:00+00:00, run_after=2026-07-20 00:00:00+00:00
[2026-07-19T17:36:56.940+0000] {processor.py:183} INFO - Processing /opt/airflow/dags/crypto_pipeline_dag.py took 0.058 seconds
[2026-07-19T17:37:27.118+0000] {processor.py:161} INFO - Started process (PID=351) to work on /opt/airflow/dags/crypto_pipeline_dag.py
[2026-07-19T17:37:27.119+0000] {processor.py:830} INFO - Processing file /opt/airflow/dags/crypto_pipeline_dag.py for tasks to queue
[2026-07-19T17:37:27.121+0000] {logging_mixin.py:188} INFO - [2026-07-19T17:37:27.121+0000] {dagbag.py:545} INFO - Filling up the DagBag from /opt/airflow/dags/crypto_pipeline_dag.py
[2026-07-19T17:37:27.129+0000] {processor.py:840} INFO - DAG(s) 'crypto_daily_pipeline' retrieved from /opt/airflow/dags/crypto_pipeline_dag.py
[2026-07-19T17:37:27.147+0000] {logging_mixin.py:188} INFO - [2026-07-19T17:37:27.147+0000] {dag.py:3089} INFO - Sync 1 DAGs
[2026-07-19T17:37:27.158+0000] {logging_mixin.py:188} INFO - [2026-07-19T17:37:27.158+0000] {dag.py:3947} INFO - Setting next_dagrun for crypto_daily_pipeline to 2026-07-19 00:00:00+00:00, run_after=2026-07-20 00:00:00+00:00
[2026-07-19T17:37:27.164+0000] {processor.py:183} INFO - Processing /opt/airflow/dags/crypto_pipeline_dag.py took 0.052 seconds
[2026-07-19T17:37:57.289+0000] {processor.py:161} INFO - Started process (PID=356) to work on /opt/airflow/dags/crypto_pipeline_dag.py
[2026-07-19T17:37:57.290+0000] {processor.py:830} INFO - Processing file /opt/airflow/dags/crypto_pipeline_dag.py for tasks to queue
[2026-07-19T17:37:57.292+0000] {logging_mixin.py:188} INFO - [2026-07-19T17:37:57.291+0000] {dagbag.py:545} INFO - Filling up the DagBag from /opt/airflow/dags/crypto_pipeline_dag.py
[2026-07-19T17:37:57.306+0000] {processor.py:840} INFO - DAG(s) 'crypto_daily_pipeline' retrieved from /opt/airflow/dags/crypto_pipeline_dag.py
[2026-07-19T17:37:57.328+0000] {logging_mixin.py:188} INFO - [2026-07-19T17:37:57.328+0000] {dag.py:3089} INFO - Sync 1 DAGs
[2026-07-19T17:37:57.338+0000] {logging_mixin.py:188} INFO - [2026-07-19T17:37:57.338+0000] {dag.py:3947} INFO - Setting next_dagrun for crypto_daily_pipeline to 2026-07-19 00:00:00+00:00, run_after=2026-07-20 00:00:00+00:00
[2026-07-19T17:37:57.345+0000] {processor.py:183} INFO - Processing /opt/airflow/dags/crypto_pipeline_dag.py took 0.060 seconds
[2026-07-19T17:38:27.484+0000] {processor.py:161} INFO - Started process (PID=361) to work on /opt/airflow/dags/crypto_pipeline_dag.py
[2026-07-19T17:38:27.485+0000] {processor.py:830} INFO - Processing file /opt/airflow/dags/crypto_pipeline_dag.py for tasks to queue
[2026-07-19T17:38:27.487+0000] {logging_mixin.py:188} INFO - [2026-07-19T17:38:27.486+0000] {dagbag.py:545} INFO - Filling up the DagBag from /opt/airflow/dags/crypto_pipeline_dag.py
[2026-07-19T17:38:27.498+0000] {processor.py:840} INFO - DAG(s) 'crypto_daily_pipeline' retrieved from /opt/airflow/dags/crypto_pipeline_dag.py
[2026-07-19T17:38:27.515+0000] {logging_mixin.py:188} INFO - [2026-07-19T17:38:27.515+0000] {dag.py:3089} INFO - Sync 1 DAGs
[2026-07-19T17:38:27.525+0000] {logging_mixin.py:188} INFO - [2026-07-19T17:38:27.525+0000] {dag.py:3947} INFO - Setting next_dagrun for crypto_daily_pipeline to 2026-07-19 00:00:00+00:00, run_after=2026-07-20 00:00:00+00:00
[2026-07-19T17:38:27.531+0000] {processor.py:183} INFO - Processing /opt/airflow/dags/crypto_pipeline_dag.py took 0.051 seconds
[2026-07-19T17:38:57.695+0000] {processor.py:161} INFO - Started process (PID=366) to work on /opt/airflow/dags/crypto_pipeline_dag.py
[2026-07-19T17:38:57.696+0000] {processor.py:830} INFO - Processing file /opt/airflow/dags/crypto_pipeline_dag.py for tasks to queue
[2026-07-19T17:38:57.698+0000] {logging_mixin.py:188} INFO - [2026-07-19T17:38:57.697+0000] {dagbag.py:545} INFO - Filling up the DagBag from /opt/airflow/dags/crypto_pipeline_dag.py
[2026-07-19T17:38:57.706+0000] {processor.py:840} INFO - DAG(s) 'crypto_daily_pipeline' retrieved from /opt/airflow/dags/crypto_pipeline_dag.py
[2026-07-19T17:38:57.724+0000] {logging_mixin.py:188} INFO - [2026-07-19T17:38:57.724+0000] {dag.py:3089} INFO - Sync 1 DAGs
[2026-07-19T17:38:57.734+0000] {logging_mixin.py:188} INFO - [2026-07-19T17:38:57.734+0000] {dag.py:3947} INFO - Setting next_dagrun for crypto_daily_pipeline to 2026-07-19 00:00:00+00:00, run_after=2026-07-20 00:00:00+00:00
[2026-07-19T17:38:57.740+0000] {processor.py:183} INFO - Processing /opt/airflow/dags/crypto_pipeline_dag.py took 0.049 seconds
[2026-07-19T17:39:27.906+0000] {processor.py:161} INFO - Started process (PID=371) to work on /opt/airflow/dags/crypto_pipeline_dag.py
[2026-07-19T17:39:27.906+0000] {processor.py:830} INFO - Processing file /opt/airflow/dags/crypto_pipeline_dag.py for tasks to queue
[2026-07-19T17:39:27.908+0000] {logging_mixin.py:188} INFO - [2026-07-19T17:39:27.907+0000] {dagbag.py:545} INFO - Filling up the DagBag from /opt/airflow/dags/crypto_pipeline_dag.py
[2026-07-19T17:39:27.916+0000] {processor.py:840} INFO - DAG(s) 'crypto_daily_pipeline' retrieved from /opt/airflow/dags/crypto_pipeline_dag.py
[2026-07-19T17:39:27.933+0000] {logging_mixin.py:188} INFO - [2026-07-19T17:39:27.933+0000] {dag.py:3089} INFO - Sync 1 DAGs
[2026-07-19T17:39:27.943+0000] {logging_mixin.py:188} INFO - [2026-07-19T17:39:27.942+0000] {dag.py:3947} INFO - Setting next_dagrun for crypto_daily_pipeline to 2026-07-19 00:00:00+00:00, run_after=2026-07-20 00:00:00+00:00
[2026-07-19T17:39:27.951+0000] {processor.py:183} INFO - Processing /opt/airflow/dags/crypto_pipeline_dag.py took 0.050 seconds
[2026-07-19T17:39:58.093+0000] {processor.py:161} INFO - Started process (PID=376) to work on /opt/airflow/dags/crypto_pipeline_dag.py
[2026-07-19T17:39:58.094+0000] {processor.py:830} INFO - Processing file /opt/airflow/dags/crypto_pipeline_dag.py for tasks to queue
[2026-07-19T17:39:58.095+0000] {logging_mixin.py:188} INFO - [2026-07-19T17:39:58.094+0000] {dagbag.py:545} INFO - Filling up the DagBag from /opt/airflow/dags/crypto_pipeline_dag.py
[2026-07-19T17:39:58.100+0000] {processor.py:840} INFO - DAG(s) 'crypto_daily_pipeline' retrieved from /opt/airflow/dags/crypto_pipeline_dag.py
[2026-07-19T17:39:58.111+0000] {logging_mixin.py:188} INFO - [2026-07-19T17:39:58.111+0000] {dag.py:3089} INFO - Sync 1 DAGs
[2026-07-19T17:39:58.118+0000] {logging_mixin.py:188} INFO - [2026-07-19T17:39:58.118+0000] {dag.py:3947} INFO - Setting next_dagrun for crypto_daily_pipeline to 2026-07-19 00:00:00+00:00, run_after=2026-07-20 00:00:00+00:00
[2026-07-19T17:39:58.124+0000] {processor.py:183} INFO - Processing /opt/airflow/dags/crypto_pipeline_dag.py took 0.033 seconds
[2026-07-19T17:40:28.306+0000] {processor.py:161} INFO - Started process (PID=381) to work on /opt/airflow/dags/crypto_pipeline_dag.py
[2026-07-19T17:40:28.307+0000] {processor.py:830} INFO - Processing file /opt/airflow/dags/crypto_pipeline_dag.py for tasks to queue
[2026-07-19T17:40:28.309+0000] {logging_mixin.py:188} INFO - [2026-07-19T17:40:28.309+0000] {dagbag.py:545} INFO - Filling up the DagBag from /opt/airflow/dags/crypto_pipeline_dag.py
[2026-07-19T17:40:28.320+0000] {processor.py:840} INFO - DAG(s) 'crypto_daily_pipeline' retrieved from /opt/airflow/dags/crypto_pipeline_dag.py
[2026-07-19T17:40:28.340+0000] {logging_mixin.py:188} INFO - [2026-07-19T17:40:28.340+0000] {dag.py:3089} INFO - Sync 1 DAGs
[2026-07-19T17:40:28.351+0000] {logging_mixin.py:188} INFO - [2026-07-19T17:40:28.351+0000] {dag.py:3947} INFO - Setting next_dagrun for crypto_daily_pipeline to 2026-07-19 00:00:00+00:00, run_after=2026-07-20 00:00:00+00:00
[2026-07-19T17:40:28.357+0000] {processor.py:183} INFO - Processing /opt/airflow/dags/crypto_pipeline_dag.py took 0.055 seconds
[2026-07-19T17:40:58.491+0000] {processor.py:161} INFO - Started process (PID=386) to work on /opt/airflow/dags/crypto_pipeline_dag.py
[2026-07-19T17:40:58.492+0000] {processor.py:830} INFO - Processing file /opt/airflow/dags/crypto_pipeline_dag.py for tasks to queue
[2026-07-19T17:40:58.493+0000] {logging_mixin.py:188} INFO - [2026-07-19T17:40:58.493+0000] {dagbag.py:545} INFO - Filling up the DagBag from /opt/airflow/dags/crypto_pipeline_dag.py
[2026-07-19T17:40:58.500+0000] {processor.py:840} INFO - DAG(s) 'crypto_daily_pipeline' retrieved from /opt/airflow/dags/crypto_pipeline_dag.py
[2026-07-19T17:40:58.513+0000] {logging_mixin.py:188} INFO - [2026-07-19T17:40:58.513+0000] {dag.py:3089} INFO - Sync 1 DAGs
[2026-07-19T17:40:58.522+0000] {logging_mixin.py:188} INFO - [2026-07-19T17:40:58.522+0000] {dag.py:3947} INFO - Setting next_dagrun for crypto_daily_pipeline to 2026-07-19 00:00:00+00:00, run_after=2026-07-20 00:00:00+00:00
[2026-07-19T17:40:58.530+0000] {processor.py:183} INFO - Processing /opt/airflow/dags/crypto_pipeline_dag.py took 0.042 seconds
[2026-07-19T17:41:28.678+0000] {processor.py:161} INFO - Started process (PID=391) to work on /opt/airflow/dags/crypto_pipeline_dag.py
[2026-07-19T17:41:28.679+0000] {processor.py:830} INFO - Processing file /opt/airflow/dags/crypto_pipeline_dag.py for tasks to queue
[2026-07-19T17:41:28.681+0000] {logging_mixin.py:188} INFO - [2026-07-19T17:41:28.681+0000] {dagbag.py:545} INFO - Filling up the DagBag from /opt/airflow/dags/crypto_pipeline_dag.py
[2026-07-19T17:41:28.689+0000] {processor.py:840} INFO - DAG(s) 'crypto_daily_pipeline' retrieved from /opt/airflow/dags/crypto_pipeline_dag.py
[2026-07-19T17:41:28.707+0000] {logging_mixin.py:188} INFO - [2026-07-19T17:41:28.706+0000] {dag.py:3089} INFO - Sync 1 DAGs
[2026-07-19T17:41:28.715+0000] {logging_mixin.py:188} INFO - [2026-07-19T17:41:28.715+0000] {dag.py:3947} INFO - Setting next_dagrun for crypto_daily_pipeline to 2026-07-19 00:00:00+00:00, run_after=2026-07-20 00:00:00+00:00
[2026-07-19T17:41:28.721+0000] {processor.py:183} INFO - Processing /opt/airflow/dags/crypto_pipeline_dag.py took 0.048 seconds
[2026-07-19T17:41:58.857+0000] {processor.py:161} INFO - Started process (PID=396) to work on /opt/airflow/dags/crypto_pipeline_dag.py
[2026-07-19T17:41:58.858+0000] {processor.py:830} INFO - Processing file /opt/airflow/dags/crypto_pipeline_dag.py for tasks to queue
[2026-07-19T17:41:58.860+0000] {logging_mixin.py:188} INFO - [2026-07-19T17:41:58.859+0000] {dagbag.py:545} INFO - Filling up the DagBag from /opt/airflow/dags/crypto_pipeline_dag.py
[2026-07-19T17:41:58.869+0000] {processor.py:840} INFO - DAG(s) 'crypto_daily_pipeline' retrieved from /opt/airflow/dags/crypto_pipeline_dag.py
[2026-07-19T17:41:58.887+0000] {logging_mixin.py:188} INFO - [2026-07-19T17:41:58.886+0000] {dag.py:3089} INFO - Sync 1 DAGs
[2026-07-19T17:41:58.897+0000] {logging_mixin.py:188} INFO - [2026-07-19T17:41:58.897+0000] {dag.py:3947} INFO - Setting next_dagrun for crypto_daily_pipeline to 2026-07-19 00:00:00+00:00, run_after=2026-07-20 00:00:00+00:00
[2026-07-19T17:41:58.903+0000] {processor.py:183} INFO - Processing /opt/airflow/dags/crypto_pipeline_dag.py took 0.051 seconds
[2026-07-19T17:42:29.082+0000] {processor.py:161} INFO - Started process (PID=401) to work on /opt/airflow/dags/crypto_pipeline_dag.py
[2026-07-19T17:42:29.083+0000] {processor.py:830} INFO - Processing file /opt/airflow/dags/crypto_pipeline_dag.py for tasks to queue
[2026-07-19T17:42:29.085+0000] {logging_mixin.py:188} INFO - [2026-07-19T17:42:29.084+0000] {dagbag.py:545} INFO - Filling up the DagBag from /opt/airflow/dags/crypto_pipeline_dag.py
[2026-07-19T17:42:29.093+0000] {processor.py:840} INFO - DAG(s) 'crypto_daily_pipeline' retrieved from /opt/airflow/dags/crypto_pipeline_dag.py
[2026-07-19T17:42:29.111+0000] {logging_mixin.py:188} INFO - [2026-07-19T17:42:29.111+0000] {dag.py:3089} INFO - Sync 1 DAGs
[2026-07-19T17:42:29.120+0000] {logging_mixin.py:188} INFO - [2026-07-19T17:42:29.120+0000] {dag.py:3947} INFO - Setting next_dagrun for crypto_daily_pipeline to 2026-07-19 00:00:00+00:00, run_after=2026-07-20 00:00:00+00:00
[2026-07-19T17:42:29.126+0000] {processor.py:183} INFO - Processing /opt/airflow/dags/crypto_pipeline_dag.py took 0.049 seconds
[2026-07-19T17:42:59.276+0000] {processor.py:161} INFO - Started process (PID=406) to work on /opt/airflow/dags/crypto_pipeline_dag.py
[2026-07-19T17:42:59.277+0000] {processor.py:830} INFO - Processing file /opt/airflow/dags/crypto_pipeline_dag.py for tasks to queue
[2026-07-19T17:42:59.279+0000] {logging_mixin.py:188} INFO - [2026-07-19T17:42:59.279+0000] {dagbag.py:545} INFO - Filling up the DagBag from /opt/airflow/dags/crypto_pipeline_dag.py
[2026-07-19T17:42:59.288+0000] {processor.py:840} INFO - DAG(s) 'crypto_daily_pipeline' retrieved from /opt/airflow/dags/crypto_pipeline_dag.py
[2026-07-19T17:42:59.306+0000] {logging_mixin.py:188} INFO - [2026-07-19T17:42:59.306+0000] {dag.py:3089} INFO - Sync 1 DAGs
[2026-07-19T17:42:59.316+0000] {logging_mixin.py:188} INFO - [2026-07-19T17:42:59.316+0000] {dag.py:3947} INFO - Setting next_dagrun for crypto_daily_pipeline to 2026-07-19 00:00:00+00:00, run_after=2026-07-20 00:00:00+00:00
[2026-07-19T17:42:59.322+0000] {processor.py:183} INFO - Processing /opt/airflow/dags/crypto_pipeline_dag.py took 0.050 seconds
[2026-07-19T17:43:29.472+0000] {processor.py:161} INFO - Started process (PID=411) to work on /opt/airflow/dags/crypto_pipeline_dag.py
[2026-07-19T17:43:29.473+0000] {processor.py:830} INFO - Processing file /opt/airflow/dags/crypto_pipeline_dag.py for tasks to queue
[2026-07-19T17:43:29.474+0000] {logging_mixin.py:188} INFO - [2026-07-19T17:43:29.474+0000] {dagbag.py:545} INFO - Filling up the DagBag from /opt/airflow/dags/crypto_pipeline_dag.py
[2026-07-19T17:43:29.483+0000] {processor.py:840} INFO - DAG(s) 'crypto_daily_pipeline' retrieved from /opt/airflow/dags/crypto_pipeline_dag.py
[2026-07-19T17:43:29.500+0000] {logging_mixin.py:188} INFO - [2026-07-19T17:43:29.500+0000] {dag.py:3089} INFO - Sync 1 DAGs
[2026-07-19T17:43:29.510+0000] {logging_mixin.py:188} INFO - [2026-07-19T17:43:29.510+0000] {dag.py:3947} INFO - Setting next_dagrun for crypto_daily_pipeline to 2026-07-19 00:00:00+00:00, run_after=2026-07-20 00:00:00+00:00
[2026-07-19T17:43:29.517+0000] {processor.py:183} INFO - Processing /opt/airflow/dags/crypto_pipeline_dag.py took 0.050 seconds
[2026-07-19T17:43:59.673+0000] {processor.py:161} INFO - Started process (PID=416) to work on /opt/airflow/dags/crypto_pipeline_dag.py
[2026-07-19T17:43:59.674+0000] {processor.py:830} INFO - Processing file /opt/airflow/dags/crypto_pipeline_dag.py for tasks to queue
[2026-07-19T17:43:59.676+0000] {logging_mixin.py:188} INFO - [2026-07-19T17:43:59.676+0000] {dagbag.py:545} INFO - Filling up the DagBag from /opt/airflow/dags/crypto_pipeline_dag.py
[2026-07-19T17:43:59.685+0000] {processor.py:840} INFO - DAG(s) 'crypto_daily_pipeline' retrieved from /opt/airflow/dags/crypto_pipeline_dag.py
[2026-07-19T17:43:59.702+0000] {logging_mixin.py:188} INFO - [2026-07-19T17:43:59.702+0000] {dag.py:3089} INFO - Sync 1 DAGs
[2026-07-19T17:43:59.712+0000] {logging_mixin.py:188} INFO - [2026-07-19T17:43:59.712+0000] {dag.py:3947} INFO - Setting next_dagrun for crypto_daily_pipeline to 2026-07-19 00:00:00+00:00, run_after=2026-07-20 00:00:00+00:00
[2026-07-19T17:43:59.718+0000] {processor.py:183} INFO - Processing /opt/airflow/dags/crypto_pipeline_dag.py took 0.050 seconds
[2026-07-19T17:44:29.882+0000] {processor.py:161} INFO - Started process (PID=421) to work on /opt/airflow/dags/crypto_pipeline_dag.py
[2026-07-19T17:44:29.883+0000] {processor.py:830} INFO - Processing file /opt/airflow/dags/crypto_pipeline_dag.py for tasks to queue
[2026-07-19T17:44:29.884+0000] {logging_mixin.py:188} INFO - [2026-07-19T17:44:29.884+0000] {dagbag.py:545} INFO - Filling up the DagBag from /opt/airflow/dags/crypto_pipeline_dag.py
[2026-07-19T17:44:29.892+0000] {processor.py:840} INFO - DAG(s) 'crypto_daily_pipeline' retrieved from /opt/airflow/dags/crypto_pipeline_dag.py
[2026-07-19T17:44:29.910+0000] {logging_mixin.py:188} INFO - [2026-07-19T17:44:29.910+0000] {dag.py:3089} INFO - Sync 1 DAGs
[2026-07-19T17:44:29.920+0000] {logging_mixin.py:188} INFO - [2026-07-19T17:44:29.920+0000] {dag.py:3947} INFO - Setting next_dagrun for crypto_daily_pipeline to 2026-07-19 00:00:00+00:00, run_after=2026-07-20 00:00:00+00:00
[2026-07-19T17:44:29.931+0000] {processor.py:183} INFO - Processing /opt/airflow/dags/crypto_pipeline_dag.py took 0.054 seconds
[2026-07-19T17:45:00.051+0000] {processor.py:161} INFO - Started process (PID=426) to work on /opt/airflow/dags/crypto_pipeline_dag.py
[2026-07-19T17:45:00.052+0000] {processor.py:830} INFO - Processing file /opt/airflow/dags/crypto_pipeline_dag.py for tasks to queue
[2026-07-19T17:45:00.054+0000] {logging_mixin.py:188} INFO - [2026-07-19T17:45:00.053+0000] {dagbag.py:545} INFO - Filling up the DagBag from /opt/airflow/dags/crypto_pipeline_dag.py
[2026-07-19T17:45:00.062+0000] {processor.py:840} INFO - DAG(s) 'crypto_daily_pipeline' retrieved from /opt/airflow/dags/crypto_pipeline_dag.py
[2026-07-19T17:45:00.081+0000] {logging_mixin.py:188} INFO - [2026-07-19T17:45:00.081+0000] {dag.py:3089} INFO - Sync 1 DAGs
[2026-07-19T17:45:00.091+0000] {logging_mixin.py:188} INFO - [2026-07-19T17:45:00.091+0000] {dag.py:3947} INFO - Setting next_dagrun for crypto_daily_pipeline to 2026-07-19 00:00:00+00:00, run_after=2026-07-20 00:00:00+00:00
[2026-07-19T17:45:00.097+0000] {processor.py:183} INFO - Processing /opt/airflow/dags/crypto_pipeline_dag.py took 0.051 seconds
[2026-07-19T17:45:30.298+0000] {processor.py:161} INFO - Started process (PID=431) to work on /opt/airflow/dags/crypto_pipeline_dag.py
[2026-07-19T17:45:30.299+0000] {processor.py:830} INFO - Processing file /opt/airflow/dags/crypto_pipeline_dag.py for tasks to queue
[2026-07-19T17:45:30.300+0000] {logging_mixin.py:188} INFO - [2026-07-19T17:45:30.300+0000] {dagbag.py:545} INFO - Filling up the DagBag from /opt/airflow/dags/crypto_pipeline_dag.py
[2026-07-19T17:45:30.310+0000] {processor.py:840} INFO - DAG(s) 'crypto_daily_pipeline' retrieved from /opt/airflow/dags/crypto_pipeline_dag.py
[2026-07-19T17:45:30.334+0000] {logging_mixin.py:188} INFO - [2026-07-19T17:45:30.334+0000] {dag.py:3089} INFO - Sync 1 DAGs
[2026-07-19T17:45:30.349+0000] {logging_mixin.py:188} INFO - [2026-07-19T17:45:30.349+0000] {dag.py:3947} INFO - Setting next_dagrun for crypto_daily_pipeline to 2026-07-19 00:00:00+00:00, run_after=2026-07-20 00:00:00+00:00
[2026-07-19T17:45:30.359+0000] {processor.py:183} INFO - Processing /opt/airflow/dags/crypto_pipeline_dag.py took 0.065 seconds
[2026-07-19T17:46:00.490+0000] {processor.py:161} INFO - Started process (PID=436) to work on /opt/airflow/dags/crypto_pipeline_dag.py
[2026-07-19T17:46:00.491+0000] {processor.py:830} INFO - Processing file /opt/airflow/dags/crypto_pipeline_dag.py for tasks to queue
[2026-07-19T17:46:00.492+0000] {logging_mixin.py:188} INFO - [2026-07-19T17:46:00.492+0000] {dagbag.py:545} INFO - Filling up the DagBag from /opt/airflow/dags/crypto_pipeline_dag.py
[2026-07-19T17:46:00.497+0000] {processor.py:840} INFO - DAG(s) 'crypto_daily_pipeline' retrieved from /opt/airflow/dags/crypto_pipeline_dag.py
[2026-07-19T17:46:00.510+0000] {logging_mixin.py:188} INFO - [2026-07-19T17:46:00.510+0000] {dag.py:3089} INFO - Sync 1 DAGs
[2026-07-19T17:46:00.518+0000] {logging_mixin.py:188} INFO - [2026-07-19T17:46:00.518+0000] {dag.py:3947} INFO - Setting next_dagrun for crypto_daily_pipeline to 2026-07-19 00:00:00+00:00, run_after=2026-07-20 00:00:00+00:00
[2026-07-19T17:46:00.526+0000] {processor.py:183} INFO - Processing /opt/airflow/dags/crypto_pipeline_dag.py took 0.039 seconds
[2026-07-19T17:46:30.679+0000] {processor.py:161} INFO - Started process (PID=441) to work on /opt/airflow/dags/crypto_pipeline_dag.py
[2026-07-19T17:46:30.679+0000] {processor.py:830} INFO - Processing file /opt/airflow/dags/crypto_pipeline_dag.py for tasks to queue
[2026-07-19T17:46:30.680+0000] {logging_mixin.py:188} INFO - [2026-07-19T17:46:30.680+0000] {dagbag.py:545} INFO - Filling up the DagBag from /opt/airflow/dags/crypto_pipeline_dag.py
[2026-07-19T17:46:30.685+0000] {processor.py:840} INFO - DAG(s) 'crypto_daily_pipeline' retrieved from /opt/airflow/dags/crypto_pipeline_dag.py
[2026-07-19T17:46:30.697+0000] {logging_mixin.py:188} INFO - [2026-07-19T17:46:30.697+0000] {dag.py:3089} INFO - Sync 1 DAGs
[2026-07-19T17:46:30.705+0000] {logging_mixin.py:188} INFO - [2026-07-19T17:46:30.704+0000] {dag.py:3947} INFO - Setting next_dagrun for crypto_daily_pipeline to 2026-07-19 00:00:00+00:00, run_after=2026-07-20 00:00:00+00:00
[2026-07-19T17:46:30.710+0000] {processor.py:183} INFO - Processing /opt/airflow/dags/crypto_pipeline_dag.py took 0.035 seconds
[2026-07-19T17:47:00.882+0000] {processor.py:161} INFO - Started process (PID=446) to work on /opt/airflow/dags/crypto_pipeline_dag.py
[2026-07-19T17:47:00.883+0000] {processor.py:830} INFO - Processing file /opt/airflow/dags/crypto_pipeline_dag.py for tasks to queue
[2026-07-19T17:47:00.884+0000] {logging_mixin.py:188} INFO - [2026-07-19T17:47:00.884+0000] {dagbag.py:545} INFO - Filling up the DagBag from /opt/airflow/dags/crypto_pipeline_dag.py
[2026-07-19T17:47:00.892+0000] {processor.py:840} INFO - DAG(s) 'crypto_daily_pipeline' retrieved from /opt/airflow/dags/crypto_pipeline_dag.py
[2026-07-19T17:47:00.907+0000] {logging_mixin.py:188} INFO - [2026-07-19T17:47:00.907+0000] {dag.py:3089} INFO - Sync 1 DAGs
[2026-07-19T17:47:00.918+0000] {logging_mixin.py:188} INFO - [2026-07-19T17:47:00.918+0000] {dag.py:3947} INFO - Setting next_dagrun for crypto_daily_pipeline to 2026-07-19 00:00:00+00:00, run_after=2026-07-20 00:00:00+00:00
[2026-07-19T17:47:00.928+0000] {processor.py:183} INFO - Processing /opt/airflow/dags/crypto_pipeline_dag.py took 0.051 seconds
[2026-07-19T17:47:31.052+0000] {processor.py:161} INFO - Started process (PID=451) to work on /opt/airflow/dags/crypto_pipeline_dag.py
[2026-07-19T17:47:31.052+0000] {processor.py:830} INFO - Processing file /opt/airflow/dags/crypto_pipeline_dag.py for tasks to queue
[2026-07-19T17:47:31.053+0000] {logging_mixin.py:188} INFO - [2026-07-19T17:47:31.053+0000] {dagbag.py:545} INFO - Filling up the DagBag from /opt/airflow/dags/crypto_pipeline_dag.py
[2026-07-19T17:47:31.060+0000] {processor.py:840} INFO - DAG(s) 'crypto_daily_pipeline' retrieved from /opt/airflow/dags/crypto_pipeline_dag.py
[2026-07-19T17:47:31.074+0000] {logging_mixin.py:188} INFO - [2026-07-19T17:47:31.074+0000] {dag.py:3089} INFO - Sync 1 DAGs
[2026-07-19T17:47:31.082+0000] {logging_mixin.py:188} INFO - [2026-07-19T17:47:31.082+0000] {dag.py:3947} INFO - Setting next_dagrun for crypto_daily_pipeline to 2026-07-19 00:00:00+00:00, run_after=2026-07-20 00:00:00+00:00
[2026-07-19T17:47:31.092+0000] {processor.py:183} INFO - Processing /opt/airflow/dags/crypto_pipeline_dag.py took 0.044 seconds
[2026-07-19T17:48:01.298+0000] {processor.py:161} INFO - Started process (PID=456) to work on /opt/airflow/dags/crypto_pipeline_dag.py
[2026-07-19T17:48:01.299+0000] {processor.py:830} INFO - Processing file /opt/airflow/dags/crypto_pipeline_dag.py for tasks to queue
[2026-07-19T17:48:01.301+0000] {logging_mixin.py:188} INFO - [2026-07-19T17:48:01.301+0000] {dagbag.py:545} INFO - Filling up the DagBag from /opt/airflow/dags/crypto_pipeline_dag.py
[2026-07-19T17:48:01.313+0000] {processor.py:840} INFO - DAG(s) 'crypto_daily_pipeline' retrieved from /opt/airflow/dags/crypto_pipeline_dag.py
[2026-07-19T17:48:01.337+0000] {logging_mixin.py:188} INFO - [2026-07-19T17:48:01.336+0000] {dag.py:3089} INFO - Sync 1 DAGs
[2026-07-19T17:48:01.347+0000] {logging_mixin.py:188} INFO - [2026-07-19T17:48:01.347+0000] {dag.py:3947} INFO - Setting next_dagrun for crypto_daily_pipeline to 2026-07-19 00:00:00+00:00, run_after=2026-07-20 00:00:00+00:00
[2026-07-19T17:48:01.353+0000] {processor.py:183} INFO - Processing /opt/airflow/dags/crypto_pipeline_dag.py took 0.062 seconds
[2026-07-19T17:48:31.476+0000] {processor.py:161} INFO - Started process (PID=461) to work on /opt/airflow/dags/crypto_pipeline_dag.py
[2026-07-19T17:48:31.477+0000] {processor.py:830} INFO - Processing file /opt/airflow/dags/crypto_pipeline_dag.py for tasks to queue
[2026-07-19T17:48:31.479+0000] {logging_mixin.py:188} INFO - [2026-07-19T17:48:31.479+0000] {dagbag.py:545} INFO - Filling up the DagBag from /opt/airflow/dags/crypto_pipeline_dag.py
[2026-07-19T17:48:31.490+0000] {processor.py:840} INFO - DAG(s) 'crypto_daily_pipeline' retrieved from /opt/airflow/dags/crypto_pipeline_dag.py
[2026-07-19T17:48:31.521+0000] {logging_mixin.py:188} INFO - [2026-07-19T17:48:31.521+0000] {dag.py:3089} INFO - Sync 1 DAGs
[2026-07-19T17:48:31.545+0000] {logging_mixin.py:188} INFO - [2026-07-19T17:48:31.545+0000] {dag.py:3947} INFO - Setting next_dagrun for crypto_daily_pipeline to 2026-07-19 00:00:00+00:00, run_after=2026-07-20 00:00:00+00:00
[2026-07-19T17:48:31.560+0000] {processor.py:183} INFO - Processing /opt/airflow/dags/crypto_pipeline_dag.py took 0.089 seconds
[2026-07-19T17:49:01.651+0000] {processor.py:161} INFO - Started process (PID=466) to work on /opt/airflow/dags/crypto_pipeline_dag.py
[2026-07-19T17:49:01.652+0000] {processor.py:830} INFO - Processing file /opt/airflow/dags/crypto_pipeline_dag.py for tasks to queue
[2026-07-19T17:49:01.652+0000] {logging_mixin.py:188} INFO - [2026-07-19T17:49:01.652+0000] {dagbag.py:545} INFO - Filling up the DagBag from /opt/airflow/dags/crypto_pipeline_dag.py
[2026-07-19T17:49:01.658+0000] {processor.py:840} INFO - DAG(s) 'crypto_daily_pipeline' retrieved from /opt/airflow/dags/crypto_pipeline_dag.py
[2026-07-19T17:49:01.670+0000] {logging_mixin.py:188} INFO - [2026-07-19T17:49:01.670+0000] {dag.py:3089} INFO - Sync 1 DAGs
[2026-07-19T17:49:01.683+0000] {logging_mixin.py:188} INFO - [2026-07-19T17:49:01.682+0000] {dag.py:3947} INFO - Setting next_dagrun for crypto_daily_pipeline to 2026-07-19 00:00:00+00:00, run_after=2026-07-20 00:00:00+00:00
[2026-07-19T17:49:01.691+0000] {processor.py:183} INFO - Processing /opt/airflow/dags/crypto_pipeline_dag.py took 0.042 seconds
[2026-07-19T17:49:31.844+0000] {processor.py:161} INFO - Started process (PID=471) to work on /opt/airflow/dags/crypto_pipeline_dag.py
[2026-07-19T17:49:31.845+0000] {processor.py:830} INFO - Processing file /opt/airflow/dags/crypto_pipeline_dag.py for tasks to queue
[2026-07-19T17:49:31.846+0000] {logging_mixin.py:188} INFO - [2026-07-19T17:49:31.846+0000] {dagbag.py:545} INFO - Filling up the DagBag from /opt/airflow/dags/crypto_pipeline_dag.py
[2026-07-19T17:49:31.854+0000] {processor.py:840} INFO - DAG(s) 'crypto_daily_pipeline' retrieved from /opt/airflow/dags/crypto_pipeline_dag.py
[2026-07-19T17:49:31.872+0000] {logging_mixin.py:188} INFO - [2026-07-19T17:49:31.872+0000] {dag.py:3089} INFO - Sync 1 DAGs
[2026-07-19T17:49:31.884+0000] {logging_mixin.py:188} INFO - [2026-07-19T17:49:31.884+0000] {dag.py:3947} INFO - Setting next_dagrun for crypto_daily_pipeline to 2026-07-19 00:00:00+00:00, run_after=2026-07-20 00:00:00+00:00
[2026-07-19T17:49:31.894+0000] {processor.py:183} INFO - Processing /opt/airflow/dags/crypto_pipeline_dag.py took 0.053 seconds
[2026-07-19T17:50:02.071+0000] {processor.py:161} INFO - Started process (PID=476) to work on /opt/airflow/dags/crypto_pipeline_dag.py
[2026-07-19T17:50:02.072+0000] {processor.py:830} INFO - Processing file /opt/airflow/dags/crypto_pipeline_dag.py for tasks to queue
[2026-07-19T17:50:02.073+0000] {logging_mixin.py:188} INFO - [2026-07-19T17:50:02.073+0000] {dagbag.py:545} INFO - Filling up the DagBag from /opt/airflow/dags/crypto_pipeline_dag.py
[2026-07-19T17:50:02.083+0000] {processor.py:840} INFO - DAG(s) 'crypto_daily_pipeline' retrieved from /opt/airflow/dags/crypto_pipeline_dag.py
[2026-07-19T17:50:02.101+0000] {logging_mixin.py:188} INFO - [2026-07-19T17:50:02.100+0000] {dag.py:3089} INFO - Sync 1 DAGs
[2026-07-19T17:50:02.110+0000] {logging_mixin.py:188} INFO - [2026-07-19T17:50:02.110+0000] {dag.py:3947} INFO - Setting next_dagrun for crypto_daily_pipeline to 2026-07-19 00:00:00+00:00, run_after=2026-07-20 00:00:00+00:00
[2026-07-19T17:50:02.118+0000] {processor.py:183} INFO - Processing /opt/airflow/dags/crypto_pipeline_dag.py took 0.051 seconds
[2026-07-19T17:50:32.290+0000] {processor.py:161} INFO - Started process (PID=481) to work on /opt/airflow/dags/crypto_pipeline_dag.py
[2026-07-19T17:50:32.291+0000] {processor.py:830} INFO - Processing file /opt/airflow/dags/crypto_pipeline_dag.py for tasks to queue
[2026-07-19T17:50:32.293+0000] {logging_mixin.py:188} INFO - [2026-07-19T17:50:32.293+0000] {dagbag.py:545} INFO - Filling up the DagBag from /opt/airflow/dags/crypto_pipeline_dag.py
[2026-07-19T17:50:32.301+0000] {processor.py:840} INFO - DAG(s) 'crypto_daily_pipeline' retrieved from /opt/airflow/dags/crypto_pipeline_dag.py
[2026-07-19T17:50:32.319+0000] {logging_mixin.py:188} INFO - [2026-07-19T17:50:32.319+0000] {dag.py:3089} INFO - Sync 1 DAGs
[2026-07-19T17:50:32.329+0000] {logging_mixin.py:188} INFO - [2026-07-19T17:50:32.329+0000] {dag.py:3947} INFO - Setting next_dagrun for crypto_daily_pipeline to 2026-07-19 00:00:00+00:00, run_after=2026-07-20 00:00:00+00:00
[2026-07-19T17:50:32.336+0000] {processor.py:183} INFO - Processing /opt/airflow/dags/crypto_pipeline_dag.py took 0.051 seconds
[2026-07-19T17:51:02.505+0000] {processor.py:161} INFO - Started process (PID=486) to work on /opt/airflow/dags/crypto_pipeline_dag.py
[2026-07-19T17:51:02.506+0000] {processor.py:830} INFO - Processing file /opt/airflow/dags/crypto_pipeline_dag.py for tasks to queue
[2026-07-19T17:51:02.507+0000] {logging_mixin.py:188} INFO - [2026-07-19T17:51:02.507+0000] {dagbag.py:545} INFO - Filling up the DagBag from /opt/airflow/dags/crypto_pipeline_dag.py
[2026-07-19T17:51:02.512+0000] {processor.py:840} INFO - DAG(s) 'crypto_daily_pipeline' retrieved from /opt/airflow/dags/crypto_pipeline_dag.py
[2026-07-19T17:51:02.527+0000] {logging_mixin.py:188} INFO - [2026-07-19T17:51:02.527+0000] {dag.py:3089} INFO - Sync 1 DAGs
[2026-07-19T17:51:02.534+0000] {logging_mixin.py:188} INFO - [2026-07-19T17:51:02.534+0000] {dag.py:3947} INFO - Setting next_dagrun for crypto_daily_pipeline to 2026-07-19 00:00:00+00:00, run_after=2026-07-20 00:00:00+00:00
[2026-07-19T17:51:02.539+0000] {processor.py:183} INFO - Processing /opt/airflow/dags/crypto_pipeline_dag.py took 0.036 seconds
[2026-07-19T17:51:32.704+0000] {processor.py:161} INFO - Started process (PID=491) to work on /opt/airflow/dags/crypto_pipeline_dag.py
[2026-07-19T17:51:32.705+0000] {processor.py:830} INFO - Processing file /opt/airflow/dags/crypto_pipeline_dag.py for tasks to queue
[2026-07-19T17:51:32.707+0000] {logging_mixin.py:188} INFO - [2026-07-19T17:51:32.706+0000] {dagbag.py:545} INFO - Filling up the DagBag from /opt/airflow/dags/crypto_pipeline_dag.py
[2026-07-19T17:51:32.715+0000] {processor.py:840} INFO - DAG(s) 'crypto_daily_pipeline' retrieved from /opt/airflow/dags/crypto_pipeline_dag.py
[2026-07-19T17:51:32.734+0000] {logging_mixin.py:188} INFO - [2026-07-19T17:51:32.734+0000] {dag.py:3089} INFO - Sync 1 DAGs
[2026-07-19T17:51:32.742+0000] {logging_mixin.py:188} INFO - [2026-07-19T17:51:32.742+0000] {dag.py:3947} INFO - Setting next_dagrun for crypto_daily_pipeline to 2026-07-19 00:00:00+00:00, run_after=2026-07-20 00:00:00+00:00
[2026-07-19T17:51:32.749+0000] {processor.py:183} INFO - Processing /opt/airflow/dags/crypto_pipeline_dag.py took 0.049 seconds
[2026-07-19T17:52:02.912+0000] {processor.py:161} INFO - Started process (PID=496) to work on /opt/airflow/dags/crypto_pipeline_dag.py
[2026-07-19T17:52:02.913+0000] {processor.py:830} INFO - Processing file /opt/airflow/dags/crypto_pipeline_dag.py for tasks to queue
[2026-07-19T17:52:02.915+0000] {logging_mixin.py:188} INFO - [2026-07-19T17:52:02.915+0000] {dagbag.py:545} INFO - Filling up the DagBag from /opt/airflow/dags/crypto_pipeline_dag.py
[2026-07-19T17:52:02.924+0000] {processor.py:840} INFO - DAG(s) 'crypto_daily_pipeline' retrieved from /opt/airflow/dags/crypto_pipeline_dag.py
[2026-07-19T17:52:02.943+0000] {logging_mixin.py:188} INFO - [2026-07-19T17:52:02.943+0000] {dag.py:3089} INFO - Sync 1 DAGs
[2026-07-19T17:52:02.954+0000] {logging_mixin.py:188} INFO - [2026-07-19T17:52:02.954+0000] {dag.py:3947} INFO - Setting next_dagrun for crypto_daily_pipeline to 2026-07-19 00:00:00+00:00, run_after=2026-07-20 00:00:00+00:00
[2026-07-19T17:52:02.962+0000] {processor.py:183} INFO - Processing /opt/airflow/dags/crypto_pipeline_dag.py took 0.054 seconds
[2026-07-19T17:52:33.127+0000] {processor.py:161} INFO - Started process (PID=501) to work on /opt/airflow/dags/crypto_pipeline_dag.py
[2026-07-19T17:52:33.128+0000] {processor.py:830} INFO - Processing file /opt/airflow/dags/crypto_pipeline_dag.py for tasks to queue
[2026-07-19T17:52:33.130+0000] {logging_mixin.py:188} INFO - [2026-07-19T17:52:33.129+0000] {dagbag.py:545} INFO - Filling up the DagBag from /opt/airflow/dags/crypto_pipeline_dag.py
[2026-07-19T17:52:33.138+0000] {processor.py:840} INFO - DAG(s) 'crypto_daily_pipeline' retrieved from /opt/airflow/dags/crypto_pipeline_dag.py
[2026-07-19T17:52:33.156+0000] {logging_mixin.py:188} INFO - [2026-07-19T17:52:33.156+0000] {dag.py:3089} INFO - Sync 1 DAGs
[2026-07-19T17:52:33.165+0000] {logging_mixin.py:188} INFO - [2026-07-19T17:52:33.165+0000] {dag.py:3947} INFO - Setting next_dagrun for crypto_daily_pipeline to 2026-07-19 00:00:00+00:00, run_after=2026-07-20 00:00:00+00:00
[2026-07-19T17:52:33.171+0000] {processor.py:183} INFO - Processing /opt/airflow/dags/crypto_pipeline_dag.py took 0.048 seconds
[2026-07-19T17:53:03.341+0000] {processor.py:161} INFO - Started process (PID=506) to work on /opt/airflow/dags/crypto_pipeline_dag.py
[2026-07-19T17:53:03.341+0000] {processor.py:830} INFO - Processing file /opt/airflow/dags/crypto_pipeline_dag.py for tasks to queue
[2026-07-19T17:53:03.343+0000] {logging_mixin.py:188} INFO - [2026-07-19T17:53:03.342+0000] {dagbag.py:545} INFO - Filling up the DagBag from /opt/airflow/dags/crypto_pipeline_dag.py
[2026-07-19T17:53:03.351+0000] {processor.py:840} INFO - DAG(s) 'crypto_daily_pipeline' retrieved from /opt/airflow/dags/crypto_pipeline_dag.py
[2026-07-19T17:53:03.370+0000] {logging_mixin.py:188} INFO - [2026-07-19T17:53:03.370+0000] {dag.py:3089} INFO - Sync 1 DAGs
[2026-07-19T17:53:03.381+0000] {logging_mixin.py:188} INFO - [2026-07-19T17:53:03.381+0000] {dag.py:3947} INFO - Setting next_dagrun for crypto_daily_pipeline to 2026-07-19 00:00:00+00:00, run_after=2026-07-20 00:00:00+00:00
[2026-07-19T17:53:03.387+0000] {processor.py:183} INFO - Processing /opt/airflow/dags/crypto_pipeline_dag.py took 0.051 seconds
[2026-07-19T17:53:33.569+0000] {processor.py:161} INFO - Started process (PID=511) to work on /opt/airflow/dags/crypto_pipeline_dag.py
[2026-07-19T17:53:33.569+0000] {processor.py:830} INFO - Processing file /opt/airflow/dags/crypto_pipeline_dag.py for tasks to queue
[2026-07-19T17:53:33.571+0000] {logging_mixin.py:188} INFO - [2026-07-19T17:53:33.570+0000] {dagbag.py:545} INFO - Filling up the DagBag from /opt/airflow/dags/crypto_pipeline_dag.py
[2026-07-19T17:53:33.579+0000] {processor.py:840} INFO - DAG(s) 'crypto_daily_pipeline' retrieved from /opt/airflow/dags/crypto_pipeline_dag.py
[2026-07-19T17:53:33.598+0000] {logging_mixin.py:188} INFO - [2026-07-19T17:53:33.598+0000] {dag.py:3089} INFO - Sync 1 DAGs
[2026-07-19T17:53:33.609+0000] {logging_mixin.py:188} INFO - [2026-07-19T17:53:33.609+0000] {dag.py:3947} INFO - Setting next_dagrun for crypto_daily_pipeline to 2026-07-19 00:00:00+00:00, run_after=2026-07-20 00:00:00+00:00
[2026-07-19T17:53:33.616+0000] {processor.py:183} INFO - Processing /opt/airflow/dags/crypto_pipeline_dag.py took 0.051 seconds
[2026-07-19T17:54:03.754+0000] {processor.py:161} INFO - Started process (PID=516) to work on /opt/airflow/dags/crypto_pipeline_dag.py
[2026-07-19T17:54:03.755+0000] {processor.py:830} INFO - Processing file /opt/airflow/dags/crypto_pipeline_dag.py for tasks to queue
[2026-07-19T17:54:03.756+0000] {logging_mixin.py:188} INFO - [2026-07-19T17:54:03.756+0000] {dagbag.py:545} INFO - Filling up the DagBag from /opt/airflow/dags/crypto_pipeline_dag.py
[2026-07-19T17:54:03.762+0000] {processor.py:840} INFO - DAG(s) 'crypto_daily_pipeline' retrieved from /opt/airflow/dags/crypto_pipeline_dag.py
[2026-07-19T17:54:03.774+0000] {logging_mixin.py:188} INFO - [2026-07-19T17:54:03.774+0000] {dag.py:3089} INFO - Sync 1 DAGs
[2026-07-19T17:54:03.783+0000] {logging_mixin.py:188} INFO - [2026-07-19T17:54:03.783+0000] {dag.py:3947} INFO - Setting next_dagrun for crypto_daily_pipeline to 2026-07-19 00:00:00+00:00, run_after=2026-07-20 00:00:00+00:00
[2026-07-19T17:54:03.789+0000] {processor.py:183} INFO - Processing /opt/airflow/dags/crypto_pipeline_dag.py took 0.038 seconds
[2026-07-19T17:54:33.928+0000] {processor.py:161} INFO - Started process (PID=521) to work on /opt/airflow/dags/crypto_pipeline_dag.py
[2026-07-19T17:54:33.929+0000] {processor.py:830} INFO - Processing file /opt/airflow/dags/crypto_pipeline_dag.py for tasks to queue
[2026-07-19T17:54:33.930+0000] {logging_mixin.py:188} INFO - [2026-07-19T17:54:33.930+0000] {dagbag.py:545} INFO - Filling up the DagBag from /opt/airflow/dags/crypto_pipeline_dag.py
[2026-07-19T17:54:33.936+0000] {processor.py:840} INFO - DAG(s) 'crypto_daily_pipeline' retrieved from /opt/airflow/dags/crypto_pipeline_dag.py
[2026-07-19T17:54:33.947+0000] {logging_mixin.py:188} INFO - [2026-07-19T17:54:33.947+0000] {dag.py:3089} INFO - Sync 1 DAGs
[2026-07-19T17:54:33.955+0000] {logging_mixin.py:188} INFO - [2026-07-19T17:54:33.955+0000] {dag.py:3947} INFO - Setting next_dagrun for crypto_daily_pipeline to 2026-07-19 00:00:00+00:00, run_after=2026-07-20 00:00:00+00:00
[2026-07-19T17:54:33.961+0000] {processor.py:183} INFO - Processing /opt/airflow/dags/crypto_pipeline_dag.py took 0.036 seconds
[2026-07-19T17:55:04.117+0000] {processor.py:161} INFO - Started process (PID=526) to work on /opt/airflow/dags/crypto_pipeline_dag.py
[2026-07-19T17:55:04.117+0000] {processor.py:830} INFO - Processing file /opt/airflow/dags/crypto_pipeline_dag.py for tasks to queue
[2026-07-19T17:55:04.118+0000] {logging_mixin.py:188} INFO - [2026-07-19T17:55:04.118+0000] {dagbag.py:545} INFO - Filling up the DagBag from /opt/airflow/dags/crypto_pipeline_dag.py
[2026-07-19T17:55:04.124+0000] {processor.py:840} INFO - DAG(s) 'crypto_daily_pipeline' retrieved from /opt/airflow/dags/crypto_pipeline_dag.py
[2026-07-19T17:55:04.136+0000] {logging_mixin.py:188} INFO - [2026-07-19T17:55:04.136+0000] {dag.py:3089} INFO - Sync 1 DAGs
[2026-07-19T17:55:04.143+0000] {logging_mixin.py:188} INFO - [2026-07-19T17:55:04.143+0000] {dag.py:3947} INFO - Setting next_dagrun for crypto_daily_pipeline to 2026-07-19 00:00:00+00:00, run_after=2026-07-20 00:00:00+00:00
[2026-07-19T17:55:04.150+0000] {processor.py:183} INFO - Processing /opt/airflow/dags/crypto_pipeline_dag.py took 0.036 seconds
[2026-07-19T17:55:34.307+0000] {processor.py:161} INFO - Started process (PID=531) to work on /opt/airflow/dags/crypto_pipeline_dag.py
[2026-07-19T17:55:34.308+0000] {processor.py:830} INFO - Processing file /opt/airflow/dags/crypto_pipeline_dag.py for tasks to queue
[2026-07-19T17:55:34.309+0000] {logging_mixin.py:188} INFO - [2026-07-19T17:55:34.309+0000] {dagbag.py:545} INFO - Filling up the DagBag from /opt/airflow/dags/crypto_pipeline_dag.py
[2026-07-19T17:55:34.314+0000] {processor.py:840} INFO - DAG(s) 'crypto_daily_pipeline' retrieved from /opt/airflow/dags/crypto_pipeline_dag.py
[2026-07-19T17:55:34.326+0000] {logging_mixin.py:188} INFO - [2026-07-19T17:55:34.326+0000] {dag.py:3089} INFO - Sync 1 DAGs
[2026-07-19T17:55:34.333+0000] {logging_mixin.py:188} INFO - [2026-07-19T17:55:34.333+0000] {dag.py:3947} INFO - Setting next_dagrun for crypto_daily_pipeline to 2026-07-19 00:00:00+00:00, run_after=2026-07-20 00:00:00+00:00
[2026-07-19T17:55:34.339+0000] {processor.py:183} INFO - Processing /opt/airflow/dags/crypto_pipeline_dag.py took 0.035 seconds
[2026-07-19T17:56:04.506+0000] {processor.py:161} INFO - Started process (PID=536) to work on /opt/airflow/dags/crypto_pipeline_dag.py
[2026-07-19T17:56:04.507+0000] {processor.py:830} INFO - Processing file /opt/airflow/dags/crypto_pipeline_dag.py for tasks to queue
[2026-07-19T17:56:04.508+0000] {logging_mixin.py:188} INFO - [2026-07-19T17:56:04.508+0000] {dagbag.py:545} INFO - Filling up the DagBag from /opt/airflow/dags/crypto_pipeline_dag.py
[2026-07-19T17:56:04.514+0000] {processor.py:840} INFO - DAG(s) 'crypto_daily_pipeline' retrieved from /opt/airflow/dags/crypto_pipeline_dag.py
[2026-07-19T17:56:04.529+0000] {logging_mixin.py:188} INFO - [2026-07-19T17:56:04.529+0000] {dag.py:3089} INFO - Sync 1 DAGs
[2026-07-19T17:56:04.538+0000] {logging_mixin.py:188} INFO - [2026-07-19T17:56:04.538+0000] {dag.py:3947} INFO - Setting next_dagrun for crypto_daily_pipeline to 2026-07-19 00:00:00+00:00, run_after=2026-07-20 00:00:00+00:00
[2026-07-19T17:56:04.545+0000] {processor.py:183} INFO - Processing /opt/airflow/dags/crypto_pipeline_dag.py took 0.042 seconds
[2026-07-19T17:56:34.681+0000] {processor.py:161} INFO - Started process (PID=541) to work on /opt/airflow/dags/crypto_pipeline_dag.py
[2026-07-19T17:56:34.682+0000] {processor.py:830} INFO - Processing file /opt/airflow/dags/crypto_pipeline_dag.py for tasks to queue
[2026-07-19T17:56:34.684+0000] {logging_mixin.py:188} INFO - [2026-07-19T17:56:34.683+0000] {dagbag.py:545} INFO - Filling up the DagBag from /opt/airflow/dags/crypto_pipeline_dag.py
[2026-07-19T17:56:34.689+0000] {processor.py:840} INFO - DAG(s) 'crypto_daily_pipeline' retrieved from /opt/airflow/dags/crypto_pipeline_dag.py
[2026-07-19T17:56:34.699+0000] {logging_mixin.py:188} INFO - [2026-07-19T17:56:34.699+0000] {dag.py:3089} INFO - Sync 1 DAGs
[2026-07-19T17:56:34.706+0000] {logging_mixin.py:188} INFO - [2026-07-19T17:56:34.706+0000] {dag.py:3947} INFO - Setting next_dagrun for crypto_daily_pipeline to 2026-07-19 00:00:00+00:00, run_after=2026-07-20 00:00:00+00:00
[2026-07-19T17:56:34.711+0000] {processor.py:183} INFO - Processing /opt/airflow/dags/crypto_pipeline_dag.py took 0.033 seconds
[2026-07-19T17:57:04.858+0000] {processor.py:161} INFO - Started process (PID=546) to work on /opt/airflow/dags/crypto_pipeline_dag.py
[2026-07-19T17:57:04.858+0000] {processor.py:830} INFO - Processing file /opt/airflow/dags/crypto_pipeline_dag.py for tasks to queue
[2026-07-19T17:57:04.860+0000] {logging_mixin.py:188} INFO - [2026-07-19T17:57:04.860+0000] {dagbag.py:545} INFO - Filling up the DagBag from /opt/airflow/dags/crypto_pipeline_dag.py
[2026-07-19T17:57:04.865+0000] {processor.py:840} INFO - DAG(s) 'crypto_daily_pipeline' retrieved from /opt/airflow/dags/crypto_pipeline_dag.py
[2026-07-19T17:57:04.877+0000] {logging_mixin.py:188} INFO - [2026-07-19T17:57:04.877+0000] {dag.py:3089} INFO - Sync 1 DAGs
[2026-07-19T17:57:04.884+0000] {logging_mixin.py:188} INFO - [2026-07-19T17:57:04.884+0000] {dag.py:3947} INFO - Setting next_dagrun for crypto_daily_pipeline to 2026-07-19 00:00:00+00:00, run_after=2026-07-20 00:00:00+00:00
[2026-07-19T17:57:04.890+0000] {processor.py:183} INFO - Processing /opt/airflow/dags/crypto_pipeline_dag.py took 0.035 seconds
[2026-07-19T17:57:35.028+0000] {processor.py:161} INFO - Started process (PID=551) to work on /opt/airflow/dags/crypto_pipeline_dag.py
[2026-07-19T17:57:35.029+0000] {processor.py:830} INFO - Processing file /opt/airflow/dags/crypto_pipeline_dag.py for tasks to queue
[2026-07-19T17:57:35.030+0000] {logging_mixin.py:188} INFO - [2026-07-19T17:57:35.030+0000] {dagbag.py:545} INFO - Filling up the DagBag from /opt/airflow/dags/crypto_pipeline_dag.py
[2026-07-19T17:57:35.036+0000] {processor.py:840} INFO - DAG(s) 'crypto_daily_pipeline' retrieved from /opt/airflow/dags/crypto_pipeline_dag.py
[2026-07-19T17:57:35.048+0000] {logging_mixin.py:188} INFO - [2026-07-19T17:57:35.048+0000] {dag.py:3089} INFO - Sync 1 DAGs
[2026-07-19T17:57:35.055+0000] {logging_mixin.py:188} INFO - [2026-07-19T17:57:35.055+0000] {dag.py:3947} INFO - Setting next_dagrun for crypto_daily_pipeline to 2026-07-19 00:00:00+00:00, run_after=2026-07-20 00:00:00+00:00
[2026-07-19T17:57:35.061+0000] {processor.py:183} INFO - Processing /opt/airflow/dags/crypto_pipeline_dag.py took 0.035 seconds
[2026-07-19T17:58:05.173+0000] {processor.py:161} INFO - Started process (PID=556) to work on /opt/airflow/dags/crypto_pipeline_dag.py
[2026-07-19T17:58:05.174+0000] {processor.py:830} INFO - Processing file /opt/airflow/dags/crypto_pipeline_dag.py for tasks to queue
[2026-07-19T17:58:05.175+0000] {logging_mixin.py:188} INFO - [2026-07-19T17:58:05.175+0000] {dagbag.py:545} INFO - Filling up the DagBag from /opt/airflow/dags/crypto_pipeline_dag.py
[2026-07-19T17:58:05.182+0000] {processor.py:840} INFO - DAG(s) 'crypto_daily_pipeline' retrieved from /opt/airflow/dags/crypto_pipeline_dag.py
[2026-07-19T17:58:05.194+0000] {logging_mixin.py:188} INFO - [2026-07-19T17:58:05.194+0000] {dag.py:3089} INFO - Sync 1 DAGs
[2026-07-19T17:58:05.202+0000] {logging_mixin.py:188} INFO - [2026-07-19T17:58:05.202+0000] {dag.py:3947} INFO - Setting next_dagrun for crypto_daily_pipeline to 2026-07-19 00:00:00+00:00, run_after=2026-07-20 00:00:00+00:00
[2026-07-19T17:58:05.208+0000] {processor.py:183} INFO - Processing /opt/airflow/dags/crypto_pipeline_dag.py took 0.038 seconds
[2026-07-19T17:58:35.380+0000] {processor.py:161} INFO - Started process (PID=561) to work on /opt/airflow/dags/crypto_pipeline_dag.py
[2026-07-19T17:58:35.383+0000] {processor.py:830} INFO - Processing file /opt/airflow/dags/crypto_pipeline_dag.py for tasks to queue
[2026-07-19T17:58:35.384+0000] {logging_mixin.py:188} INFO - [2026-07-19T17:58:35.384+0000] {dagbag.py:545} INFO - Filling up the DagBag from /opt/airflow/dags/crypto_pipeline_dag.py
[2026-07-19T17:58:35.389+0000] {processor.py:840} INFO - DAG(s) 'crypto_daily_pipeline' retrieved from /opt/airflow/dags/crypto_pipeline_dag.py
[2026-07-19T17:58:35.400+0000] {logging_mixin.py:188} INFO - [2026-07-19T17:58:35.400+0000] {dag.py:3089} INFO - Sync 1 DAGs
[2026-07-19T17:58:35.407+0000] {logging_mixin.py:188} INFO - [2026-07-19T17:58:35.407+0000] {dag.py:3947} INFO - Setting next_dagrun for crypto_daily_pipeline to 2026-07-19 00:00:00+00:00, run_after=2026-07-20 00:00:00+00:00
[2026-07-19T17:58:35.413+0000] {processor.py:183} INFO - Processing /opt/airflow/dags/crypto_pipeline_dag.py took 0.036 seconds
[2026-07-19T18:19:04.928+0000] {processor.py:161} INFO - Started process (PID=566) to work on /opt/airflow/dags/crypto_pipeline_dag.py
[2026-07-19T18:19:04.929+0000] {processor.py:830} INFO - Processing file /opt/airflow/dags/crypto_pipeline_dag.py for tasks to queue
[2026-07-19T18:19:04.931+0000] {logging_mixin.py:188} INFO - [2026-07-19T18:19:04.931+0000] {dagbag.py:545} INFO - Filling up the DagBag from /opt/airflow/dags/crypto_pipeline_dag.py
[2026-07-19T18:19:04.943+0000] {processor.py:840} INFO - DAG(s) 'crypto_daily_pipeline' retrieved from /opt/airflow/dags/crypto_pipeline_dag.py
[2026-07-19T18:19:04.961+0000] {logging_mixin.py:188} INFO - [2026-07-19T18:19:04.961+0000] {dag.py:3089} INFO - Sync 1 DAGs
[2026-07-19T18:19:04.972+0000] {logging_mixin.py:188} INFO - [2026-07-19T18:19:04.972+0000] {dag.py:3947} INFO - Setting next_dagrun for crypto_daily_pipeline to 2026-07-19 00:00:00+00:00, run_after=2026-07-20 00:00:00+00:00
[2026-07-19T18:19:04.979+0000] {processor.py:183} INFO - Processing /opt/airflow/dags/crypto_pipeline_dag.py took 0.060 seconds
[2026-07-19T18:37:18.066+0000] {processor.py:161} INFO - Started process (PID=571) to work on /opt/airflow/dags/crypto_pipeline_dag.py
[2026-07-19T18:37:18.067+0000] {processor.py:830} INFO - Processing file /opt/airflow/dags/crypto_pipeline_dag.py for tasks to queue
[2026-07-19T18:37:18.068+0000] {logging_mixin.py:188} INFO - [2026-07-19T18:37:18.068+0000] {dagbag.py:545} INFO - Filling up the DagBag from /opt/airflow/dags/crypto_pipeline_dag.py
[2026-07-19T18:37:18.078+0000] {processor.py:840} INFO - DAG(s) 'crypto_daily_pipeline' retrieved from /opt/airflow/dags/crypto_pipeline_dag.py
[2026-07-19T18:37:18.099+0000] {logging_mixin.py:188} INFO - [2026-07-19T18:37:18.099+0000] {dag.py:3089} INFO - Sync 1 DAGs
[2026-07-19T18:37:18.111+0000] {logging_mixin.py:188} INFO - [2026-07-19T18:37:18.110+0000] {dag.py:3947} INFO - Setting next_dagrun for crypto_daily_pipeline to 2026-07-19 00:00:00+00:00, run_after=2026-07-20 00:00:00+00:00
[2026-07-19T18:37:18.117+0000] {processor.py:183} INFO - Processing /opt/airflow/dags/crypto_pipeline_dag.py took 0.056 seconds
[2026-07-19T18:38:24.582+0000] {processor.py:161} INFO - Started process (PID=576) to work on /opt/airflow/dags/crypto_pipeline_dag.py
[2026-07-19T18:38:24.583+0000] {processor.py:830} INFO - Processing file /opt/airflow/dags/crypto_pipeline_dag.py for tasks to queue
[2026-07-19T18:38:24.588+0000] {logging_mixin.py:188} INFO - [2026-07-19T18:38:24.587+0000] {dagbag.py:545} INFO - Filling up the DagBag from /opt/airflow/dags/crypto_pipeline_dag.py
[2026-07-19T18:38:24.606+0000] {processor.py:840} INFO - DAG(s) 'crypto_daily_pipeline' retrieved from /opt/airflow/dags/crypto_pipeline_dag.py
[2026-07-19T18:38:24.637+0000] {logging_mixin.py:188} INFO - [2026-07-19T18:38:24.637+0000] {dag.py:3089} INFO - Sync 1 DAGs
[2026-07-19T18:38:24.658+0000] {logging_mixin.py:188} INFO - [2026-07-19T18:38:24.657+0000] {dag.py:3947} INFO - Setting next_dagrun for crypto_daily_pipeline to 2026-07-19 00:00:00+00:00, run_after=2026-07-20 00:00:00+00:00
[2026-07-19T18:38:24.676+0000] {processor.py:183} INFO - Processing /opt/airflow/dags/crypto_pipeline_dag.py took 0.104 seconds
[2026-07-19T18:38:54.831+0000] {processor.py:161} INFO - Started process (PID=581) to work on /opt/airflow/dags/crypto_pipeline_dag.py
[2026-07-19T18:38:54.832+0000] {processor.py:830} INFO - Processing file /opt/airflow/dags/crypto_pipeline_dag.py for tasks to queue
[2026-07-19T18:38:54.834+0000] {logging_mixin.py:188} INFO - [2026-07-19T18:38:54.834+0000] {dagbag.py:545} INFO - Filling up the DagBag from /opt/airflow/dags/crypto_pipeline_dag.py
[2026-07-19T18:38:54.844+0000] {processor.py:840} INFO - DAG(s) 'crypto_daily_pipeline' retrieved from /opt/airflow/dags/crypto_pipeline_dag.py
[2026-07-19T18:38:54.864+0000] {logging_mixin.py:188} INFO - [2026-07-19T18:38:54.864+0000] {dag.py:3089} INFO - Sync 1 DAGs
[2026-07-19T18:38:54.873+0000] {logging_mixin.py:188} INFO - [2026-07-19T18:38:54.873+0000] {dag.py:3947} INFO - Setting next_dagrun for crypto_daily_pipeline to 2026-07-19 00:00:00+00:00, run_after=2026-07-20 00:00:00+00:00
[2026-07-19T18:38:54.879+0000] {processor.py:183} INFO - Processing /opt/airflow/dags/crypto_pipeline_dag.py took 0.054 seconds
[2026-07-19T18:39:24.998+0000] {processor.py:161} INFO - Started process (PID=586) to work on /opt/airflow/dags/crypto_pipeline_dag.py
[2026-07-19T18:39:24.999+0000] {processor.py:830} INFO - Processing file /opt/airflow/dags/crypto_pipeline_dag.py for tasks to queue
[2026-07-19T18:39:25.000+0000] {logging_mixin.py:188} INFO - [2026-07-19T18:39:25.000+0000] {dagbag.py:545} INFO - Filling up the DagBag from /opt/airflow/dags/crypto_pipeline_dag.py
[2026-07-19T18:39:25.008+0000] {processor.py:840} INFO - DAG(s) 'crypto_daily_pipeline' retrieved from /opt/airflow/dags/crypto_pipeline_dag.py
[2026-07-19T18:39:25.023+0000] {logging_mixin.py:188} INFO - [2026-07-19T18:39:25.023+0000] {dag.py:3089} INFO - Sync 1 DAGs
[2026-07-19T18:39:25.031+0000] {logging_mixin.py:188} INFO - [2026-07-19T18:39:25.031+0000] {dag.py:3947} INFO - Setting next_dagrun for crypto_daily_pipeline to 2026-07-19 00:00:00+00:00, run_after=2026-07-20 00:00:00+00:00
[2026-07-19T18:39:25.037+0000] {processor.py:183} INFO - Processing /opt/airflow/dags/crypto_pipeline_dag.py took 0.043 seconds
[2026-07-19T18:39:55.185+0000] {processor.py:161} INFO - Started process (PID=591) to work on /opt/airflow/dags/crypto_pipeline_dag.py
[2026-07-19T18:39:55.186+0000] {processor.py:830} INFO - Processing file /opt/airflow/dags/crypto_pipeline_dag.py for tasks to queue
[2026-07-19T18:39:55.188+0000] {logging_mixin.py:188} INFO - [2026-07-19T18:39:55.187+0000] {dagbag.py:545} INFO - Filling up the DagBag from /opt/airflow/dags/crypto_pipeline_dag.py
[2026-07-19T18:39:55.197+0000] {processor.py:840} INFO - DAG(s) 'crypto_daily_pipeline' retrieved from /opt/airflow/dags/crypto_pipeline_dag.py
[2026-07-19T18:39:55.216+0000] {logging_mixin.py:188} INFO - [2026-07-19T18:39:55.216+0000] {dag.py:3089} INFO - Sync 1 DAGs
[2026-07-19T18:39:55.227+0000] {logging_mixin.py:188} INFO - [2026-07-19T18:39:55.227+0000] {dag.py:3947} INFO - Setting next_dagrun for crypto_daily_pipeline to 2026-07-19 00:00:00+00:00, run_after=2026-07-20 00:00:00+00:00
[2026-07-19T18:39:55.233+0000] {processor.py:183} INFO - Processing /opt/airflow/dags/crypto_pipeline_dag.py took 0.054 seconds
[2026-07-19T18:40:25.382+0000] {processor.py:161} INFO - Started process (PID=596) to work on /opt/airflow/dags/crypto_pipeline_dag.py
[2026-07-19T18:40:25.383+0000] {processor.py:830} INFO - Processing file /opt/airflow/dags/crypto_pipeline_dag.py for tasks to queue
[2026-07-19T18:40:25.385+0000] {logging_mixin.py:188} INFO - [2026-07-19T18:40:25.384+0000] {dagbag.py:545} INFO - Filling up the DagBag from /opt/airflow/dags/crypto_pipeline_dag.py
[2026-07-19T18:40:25.393+0000] {processor.py:840} INFO - DAG(s) 'crypto_daily_pipeline' retrieved from /opt/airflow/dags/crypto_pipeline_dag.py
[2026-07-19T18:40:25.416+0000] {logging_mixin.py:188} INFO - [2026-07-19T18:40:25.416+0000] {dag.py:3089} INFO - Sync 1 DAGs
[2026-07-19T18:40:25.427+0000] {logging_mixin.py:188} INFO - [2026-07-19T18:40:25.426+0000] {dag.py:3947} INFO - Setting next_dagrun for crypto_daily_pipeline to 2026-07-19 00:00:00+00:00, run_after=2026-07-20 00:00:00+00:00
[2026-07-19T18:40:25.432+0000] {processor.py:183} INFO - Processing /opt/airflow/dags/crypto_pipeline_dag.py took 0.055 seconds
[2026-07-19T18:40:55.591+0000] {processor.py:161} INFO - Started process (PID=601) to work on /opt/airflow/dags/crypto_pipeline_dag.py
[2026-07-19T18:40:55.592+0000] {processor.py:830} INFO - Processing file /opt/airflow/dags/crypto_pipeline_dag.py for tasks to queue
[2026-07-19T18:40:55.594+0000] {logging_mixin.py:188} INFO - [2026-07-19T18:40:55.594+0000] {dagbag.py:545} INFO - Filling up the DagBag from /opt/airflow/dags/crypto_pipeline_dag.py
[2026-07-19T18:40:55.607+0000] {processor.py:840} INFO - DAG(s) 'crypto_daily_pipeline' retrieved from /opt/airflow/dags/crypto_pipeline_dag.py
[2026-07-19T18:40:55.628+0000] {logging_mixin.py:188} INFO - [2026-07-19T18:40:55.628+0000] {dag.py:3089} INFO - Sync 1 DAGs
[2026-07-19T18:40:55.638+0000] {logging_mixin.py:188} INFO - [2026-07-19T18:40:55.637+0000] {dag.py:3947} INFO - Setting next_dagrun for crypto_daily_pipeline to 2026-07-19 00:00:00+00:00, run_after=2026-07-20 00:00:00+00:00
[2026-07-19T18:40:55.644+0000] {processor.py:183} INFO - Processing /opt/airflow/dags/crypto_pipeline_dag.py took 0.059 seconds
[2026-07-19T18:41:25.759+0000] {processor.py:161} INFO - Started process (PID=606) to work on /opt/airflow/dags/crypto_pipeline_dag.py
[2026-07-19T18:41:25.760+0000] {processor.py:830} INFO - Processing file /opt/airflow/dags/crypto_pipeline_dag.py for tasks to queue
[2026-07-19T18:41:25.761+0000] {logging_mixin.py:188} INFO - [2026-07-19T18:41:25.761+0000] {dagbag.py:545} INFO - Filling up the DagBag from /opt/airflow/dags/crypto_pipeline_dag.py
[2026-07-19T18:41:25.772+0000] {processor.py:840} INFO - DAG(s) 'crypto_daily_pipeline' retrieved from /opt/airflow/dags/crypto_pipeline_dag.py
[2026-07-19T18:41:25.789+0000] {logging_mixin.py:188} INFO - [2026-07-19T18:41:25.789+0000] {dag.py:3089} INFO - Sync 1 DAGs
[2026-07-19T18:41:25.799+0000] {logging_mixin.py:188} INFO - [2026-07-19T18:41:25.799+0000] {dag.py:3947} INFO - Setting next_dagrun for crypto_daily_pipeline to 2026-07-19 00:00:00+00:00, run_after=2026-07-20 00:00:00+00:00
[2026-07-19T18:41:25.806+0000] {processor.py:183} INFO - Processing /opt/airflow/dags/crypto_pipeline_dag.py took 0.052 seconds
[2026-07-19T18:41:38.860+0000] {processor.py:161} INFO - Started process (PID=611) to work on /opt/airflow/dags/crypto_pipeline_dag.py
[2026-07-19T18:41:38.860+0000] {processor.py:830} INFO - Processing file /opt/airflow/dags/crypto_pipeline_dag.py for tasks to queue
[2026-07-19T18:41:38.862+0000] {logging_mixin.py:188} INFO - [2026-07-19T18:41:38.862+0000] {dagbag.py:545} INFO - Filling up the DagBag from /opt/airflow/dags/crypto_pipeline_dag.py
[2026-07-19T18:41:38.871+0000] {processor.py:840} INFO - DAG(s) 'crypto_daily_pipeline' retrieved from /opt/airflow/dags/crypto_pipeline_dag.py
[2026-07-19T18:41:38.889+0000] {logging_mixin.py:188} INFO - [2026-07-19T18:41:38.889+0000] {dag.py:3089} INFO - Sync 1 DAGs
[2026-07-19T18:41:38.896+0000] {logging_mixin.py:188} INFO - [2026-07-19T18:41:38.896+0000] {dag.py:3947} INFO - Setting next_dagrun for crypto_daily_pipeline to 2026-07-19 00:00:00+00:00, run_after=2026-07-20 00:00:00+00:00
[2026-07-19T18:41:38.902+0000] {processor.py:183} INFO - Processing /opt/airflow/dags/crypto_pipeline_dag.py took 0.049 seconds
[2026-07-19T18:42:09.036+0000] {processor.py:161} INFO - Started process (PID=616) to work on /opt/airflow/dags/crypto_pipeline_dag.py
[2026-07-19T18:42:09.037+0000] {processor.py:830} INFO - Processing file /opt/airflow/dags/crypto_pipeline_dag.py for tasks to queue
[2026-07-19T18:42:09.039+0000] {logging_mixin.py:188} INFO - [2026-07-19T18:42:09.038+0000] {dagbag.py:545} INFO - Filling up the DagBag from /opt/airflow/dags/crypto_pipeline_dag.py
[2026-07-19T18:42:09.051+0000] {processor.py:840} INFO - DAG(s) 'crypto_daily_pipeline' retrieved from /opt/airflow/dags/crypto_pipeline_dag.py
[2026-07-19T18:42:09.069+0000] {logging_mixin.py:188} INFO - [2026-07-19T18:42:09.069+0000] {dag.py:3089} INFO - Sync 1 DAGs
[2026-07-19T18:42:09.079+0000] {logging_mixin.py:188} INFO - [2026-07-19T18:42:09.079+0000] {dag.py:3947} INFO - Setting next_dagrun for crypto_daily_pipeline to 2026-07-19 00:00:00+00:00, run_after=2026-07-20 00:00:00+00:00
[2026-07-19T18:42:09.085+0000] {processor.py:183} INFO - Processing /opt/airflow/dags/crypto_pipeline_dag.py took 0.054 seconds
[2026-07-19T18:42:39.238+0000] {processor.py:161} INFO - Started process (PID=621) to work on /opt/airflow/dags/crypto_pipeline_dag.py
[2026-07-19T18:42:39.239+0000] {processor.py:830} INFO - Processing file /opt/airflow/dags/crypto_pipeline_dag.py for tasks to queue
[2026-07-19T18:42:39.243+0000] {logging_mixin.py:188} INFO - [2026-07-19T18:42:39.242+0000] {dagbag.py:545} INFO - Filling up the DagBag from /opt/airflow/dags/crypto_pipeline_dag.py
[2026-07-19T18:42:39.257+0000] {processor.py:840} INFO - DAG(s) 'crypto_daily_pipeline' retrieved from /opt/airflow/dags/crypto_pipeline_dag.py
[2026-07-19T18:42:39.286+0000] {logging_mixin.py:188} INFO - [2026-07-19T18:42:39.286+0000] {dag.py:3089} INFO - Sync 1 DAGs
[2026-07-19T18:42:39.301+0000] {logging_mixin.py:188} INFO - [2026-07-19T18:42:39.300+0000] {dag.py:3947} INFO - Setting next_dagrun for crypto_daily_pipeline to 2026-07-19 00:00:00+00:00, run_after=2026-07-20 00:00:00+00:00
[2026-07-19T18:42:39.308+0000] {processor.py:183} INFO - Processing /opt/airflow/dags/crypto_pipeline_dag.py took 0.082 seconds
[2026-07-19T18:43:09.398+0000] {processor.py:161} INFO - Started process (PID=626) to work on /opt/airflow/dags/crypto_pipeline_dag.py
[2026-07-19T18:43:09.398+0000] {processor.py:830} INFO - Processing file /opt/airflow/dags/crypto_pipeline_dag.py for tasks to queue
[2026-07-19T18:43:09.400+0000] {logging_mixin.py:188} INFO - [2026-07-19T18:43:09.400+0000] {dagbag.py:545} INFO - Filling up the DagBag from /opt/airflow/dags/crypto_pipeline_dag.py
[2026-07-19T18:43:09.413+0000] {processor.py:840} INFO - DAG(s) 'crypto_daily_pipeline' retrieved from /opt/airflow/dags/crypto_pipeline_dag.py
[2026-07-19T18:43:09.433+0000] {logging_mixin.py:188} INFO - [2026-07-19T18:43:09.433+0000] {dag.py:3089} INFO - Sync 1 DAGs
[2026-07-19T18:43:09.442+0000] {logging_mixin.py:188} INFO - [2026-07-19T18:43:09.442+0000] {dag.py:3947} INFO - Setting next_dagrun for crypto_daily_pipeline to 2026-07-19 00:00:00+00:00, run_after=2026-07-20 00:00:00+00:00
[2026-07-19T18:43:09.448+0000] {processor.py:183} INFO - Processing /opt/airflow/dags/crypto_pipeline_dag.py took 0.058 seconds
[2026-07-19T18:43:39.624+0000] {processor.py:161} INFO - Started process (PID=631) to work on /opt/airflow/dags/crypto_pipeline_dag.py
[2026-07-19T18:43:39.625+0000] {processor.py:830} INFO - Processing file /opt/airflow/dags/crypto_pipeline_dag.py for tasks to queue
[2026-07-19T18:43:39.627+0000] {logging_mixin.py:188} INFO - [2026-07-19T18:43:39.627+0000] {dagbag.py:545} INFO - Filling up the DagBag from /opt/airflow/dags/crypto_pipeline_dag.py
[2026-07-19T18:43:39.637+0000] {processor.py:840} INFO - DAG(s) 'crypto_daily_pipeline' retrieved from /opt/airflow/dags/crypto_pipeline_dag.py
[2026-07-19T18:43:39.655+0000] {logging_mixin.py:188} INFO - [2026-07-19T18:43:39.655+0000] {dag.py:3089} INFO - Sync 1 DAGs
[2026-07-19T18:43:39.664+0000] {logging_mixin.py:188} INFO - [2026-07-19T18:43:39.664+0000] {dag.py:3947} INFO - Setting next_dagrun for crypto_daily_pipeline to 2026-07-19 00:00:00+00:00, run_after=2026-07-20 00:00:00+00:00
[2026-07-19T18:43:39.670+0000] {processor.py:183} INFO - Processing /opt/airflow/dags/crypto_pipeline_dag.py took 0.051 seconds
[2026-07-19T18:44:09.806+0000] {processor.py:161} INFO - Started process (PID=636) to work on /opt/airflow/dags/crypto_pipeline_dag.py
[2026-07-19T18:44:09.808+0000] {processor.py:830} INFO - Processing file /opt/airflow/dags/crypto_pipeline_dag.py for tasks to queue
[2026-07-19T18:44:09.809+0000] {logging_mixin.py:188} INFO - [2026-07-19T18:44:09.809+0000] {dagbag.py:545} INFO - Filling up the DagBag from /opt/airflow/dags/crypto_pipeline_dag.py
[2026-07-19T18:44:09.819+0000] {processor.py:840} INFO - DAG(s) 'crypto_daily_pipeline' retrieved from /opt/airflow/dags/crypto_pipeline_dag.py
[2026-07-19T18:44:09.838+0000] {logging_mixin.py:188} INFO - [2026-07-19T18:44:09.838+0000] {dag.py:3089} INFO - Sync 1 DAGs
[2026-07-19T18:44:09.849+0000] {logging_mixin.py:188} INFO - [2026-07-19T18:44:09.849+0000] {dag.py:3947} INFO - Setting next_dagrun for crypto_daily_pipeline to 2026-07-19 00:00:00+00:00, run_after=2026-07-20 00:00:00+00:00
[2026-07-19T18:44:09.857+0000] {processor.py:183} INFO - Processing /opt/airflow/dags/crypto_pipeline_dag.py took 0.055 seconds
[2026-07-19T18:44:39.991+0000] {processor.py:161} INFO - Started process (PID=641) to work on /opt/airflow/dags/crypto_pipeline_dag.py
[2026-07-19T18:44:39.992+0000] {processor.py:830} INFO - Processing file /opt/airflow/dags/crypto_pipeline_dag.py for tasks to queue
[2026-07-19T18:44:39.994+0000] {logging_mixin.py:188} INFO - [2026-07-19T18:44:39.994+0000] {dagbag.py:545} INFO - Filling up the DagBag from /opt/airflow/dags/crypto_pipeline_dag.py
[2026-07-19T18:44:40.003+0000] {processor.py:840} INFO - DAG(s) 'crypto_daily_pipeline' retrieved from /opt/airflow/dags/crypto_pipeline_dag.py
[2026-07-19T18:44:40.021+0000] {logging_mixin.py:188} INFO - [2026-07-19T18:44:40.021+0000] {dag.py:3089} INFO - Sync 1 DAGs
[2026-07-19T18:44:40.031+0000] {logging_mixin.py:188} INFO - [2026-07-19T18:44:40.031+0000] {dag.py:3947} INFO - Setting next_dagrun for crypto_daily_pipeline to 2026-07-19 00:00:00+00:00, run_after=2026-07-20 00:00:00+00:00
[2026-07-19T18:44:40.037+0000] {processor.py:183} INFO - Processing /opt/airflow/dags/crypto_pipeline_dag.py took 0.050 seconds
[2026-07-19T18:45:10.165+0000] {processor.py:161} INFO - Started process (PID=646) to work on /opt/airflow/dags/crypto_pipeline_dag.py
[2026-07-19T18:45:10.165+0000] {processor.py:830} INFO - Processing file /opt/airflow/dags/crypto_pipeline_dag.py for tasks to queue
[2026-07-19T18:45:10.167+0000] {logging_mixin.py:188} INFO - [2026-07-19T18:45:10.167+0000] {dagbag.py:545} INFO - Filling up the DagBag from /opt/airflow/dags/crypto_pipeline_dag.py
[2026-07-19T18:45:10.176+0000] {processor.py:840} INFO - DAG(s) 'crypto_daily_pipeline' retrieved from /opt/airflow/dags/crypto_pipeline_dag.py
[2026-07-19T18:45:10.194+0000] {logging_mixin.py:188} INFO - [2026-07-19T18:45:10.194+0000] {dag.py:3089} INFO - Sync 1 DAGs
[2026-07-19T18:45:10.204+0000] {logging_mixin.py:188} INFO - [2026-07-19T18:45:10.203+0000] {dag.py:3947} INFO - Setting next_dagrun for crypto_daily_pipeline to 2026-07-19 00:00:00+00:00, run_after=2026-07-20 00:00:00+00:00
[2026-07-19T18:45:10.210+0000] {processor.py:183} INFO - Processing /opt/airflow/dags/crypto_pipeline_dag.py took 0.049 seconds
[2026-07-19T18:45:40.348+0000] {processor.py:161} INFO - Started process (PID=651) to work on /opt/airflow/dags/crypto_pipeline_dag.py
[2026-07-19T18:45:40.349+0000] {processor.py:830} INFO - Processing file /opt/airflow/dags/crypto_pipeline_dag.py for tasks to queue
[2026-07-19T18:45:40.351+0000] {logging_mixin.py:188} INFO - [2026-07-19T18:45:40.351+0000] {dagbag.py:545} INFO - Filling up the DagBag from /opt/airflow/dags/crypto_pipeline_dag.py
[2026-07-19T18:45:40.361+0000] {processor.py:840} INFO - DAG(s) 'crypto_daily_pipeline' retrieved from /opt/airflow/dags/crypto_pipeline_dag.py
[2026-07-19T18:45:40.379+0000] {logging_mixin.py:188} INFO - [2026-07-19T18:45:40.378+0000] {dag.py:3089} INFO - Sync 1 DAGs
[2026-07-19T18:45:40.388+0000] {logging_mixin.py:188} INFO - [2026-07-19T18:45:40.388+0000] {dag.py:3947} INFO - Setting next_dagrun for crypto_daily_pipeline to 2026-07-19 00:00:00+00:00, run_after=2026-07-20 00:00:00+00:00
[2026-07-19T18:45:40.394+0000] {processor.py:183} INFO - Processing /opt/airflow/dags/crypto_pipeline_dag.py took 0.050 seconds
[2026-07-19T18:46:10.520+0000] {processor.py:161} INFO - Started process (PID=656) to work on /opt/airflow/dags/crypto_pipeline_dag.py
[2026-07-19T18:46:10.521+0000] {processor.py:830} INFO - Processing file /opt/airflow/dags/crypto_pipeline_dag.py for tasks to queue
[2026-07-19T18:46:10.523+0000] {logging_mixin.py:188} INFO - [2026-07-19T18:46:10.523+0000] {dagbag.py:545} INFO - Filling up the DagBag from /opt/airflow/dags/crypto_pipeline_dag.py
[2026-07-19T18:46:10.533+0000] {processor.py:840} INFO - DAG(s) 'crypto_daily_pipeline' retrieved from /opt/airflow/dags/crypto_pipeline_dag.py
[2026-07-19T18:46:10.552+0000] {logging_mixin.py:188} INFO - [2026-07-19T18:46:10.551+0000] {dag.py:3089} INFO - Sync 1 DAGs
[2026-07-19T18:46:10.561+0000] {logging_mixin.py:188} INFO - [2026-07-19T18:46:10.561+0000] {dag.py:3947} INFO - Setting next_dagrun for crypto_daily_pipeline to 2026-07-19 00:00:00+00:00, run_after=2026-07-20 00:00:00+00:00
[2026-07-19T18:46:10.567+0000] {processor.py:183} INFO - Processing /opt/airflow/dags/crypto_pipeline_dag.py took 0.051 seconds
[2026-07-19T18:46:40.708+0000] {processor.py:161} INFO - Started process (PID=661) to work on /opt/airflow/dags/crypto_pipeline_dag.py
[2026-07-19T18:46:40.708+0000] {processor.py:830} INFO - Processing file /opt/airflow/dags/crypto_pipeline_dag.py for tasks to queue
[2026-07-19T18:46:40.710+0000] {logging_mixin.py:188} INFO - [2026-07-19T18:46:40.710+0000] {dagbag.py:545} INFO - Filling up the DagBag from /opt/airflow/dags/crypto_pipeline_dag.py
[2026-07-19T18:46:40.719+0000] {processor.py:840} INFO - DAG(s) 'crypto_daily_pipeline' retrieved from /opt/airflow/dags/crypto_pipeline_dag.py
[2026-07-19T18:46:40.738+0000] {logging_mixin.py:188} INFO - [2026-07-19T18:46:40.737+0000] {dag.py:3089} INFO - Sync 1 DAGs
[2026-07-19T18:46:40.747+0000] {logging_mixin.py:188} INFO - [2026-07-19T18:46:40.747+0000] {dag.py:3947} INFO - Setting next_dagrun for crypto_daily_pipeline to 2026-07-19 00:00:00+00:00, run_after=2026-07-20 00:00:00+00:00
[2026-07-19T18:46:40.753+0000] {processor.py:183} INFO - Processing /opt/airflow/dags/crypto_pipeline_dag.py took 0.049 seconds
[2026-07-19T18:47:10.889+0000] {processor.py:161} INFO - Started process (PID=666) to work on /opt/airflow/dags/crypto_pipeline_dag.py
[2026-07-19T18:47:10.890+0000] {processor.py:830} INFO - Processing file /opt/airflow/dags/crypto_pipeline_dag.py for tasks to queue
[2026-07-19T18:47:10.891+0000] {logging_mixin.py:188} INFO - [2026-07-19T18:47:10.891+0000] {dagbag.py:545} INFO - Filling up the DagBag from /opt/airflow/dags/crypto_pipeline_dag.py
[2026-07-19T18:47:10.901+0000] {processor.py:840} INFO - DAG(s) 'crypto_daily_pipeline' retrieved from /opt/airflow/dags/crypto_pipeline_dag.py
[2026-07-19T18:47:10.919+0000] {logging_mixin.py:188} INFO - [2026-07-19T18:47:10.919+0000] {dag.py:3089} INFO - Sync 1 DAGs
[2026-07-19T18:47:10.928+0000] {logging_mixin.py:188} INFO - [2026-07-19T18:47:10.928+0000] {dag.py:3947} INFO - Setting next_dagrun for crypto_daily_pipeline to 2026-07-19 00:00:00+00:00, run_after=2026-07-20 00:00:00+00:00
[2026-07-19T18:47:10.934+0000] {processor.py:183} INFO - Processing /opt/airflow/dags/crypto_pipeline_dag.py took 0.050 seconds
[2026-07-19T18:47:41.087+0000] {processor.py:161} INFO - Started process (PID=671) to work on /opt/airflow/dags/crypto_pipeline_dag.py
[2026-07-19T18:47:41.087+0000] {processor.py:830} INFO - Processing file /opt/airflow/dags/crypto_pipeline_dag.py for tasks to queue
[2026-07-19T18:47:41.089+0000] {logging_mixin.py:188} INFO - [2026-07-19T18:47:41.089+0000] {dagbag.py:545} INFO - Filling up the DagBag from /opt/airflow/dags/crypto_pipeline_dag.py
[2026-07-19T18:47:41.099+0000] {processor.py:840} INFO - DAG(s) 'crypto_daily_pipeline' retrieved from /opt/airflow/dags/crypto_pipeline_dag.py
[2026-07-19T18:47:41.117+0000] {logging_mixin.py:188} INFO - [2026-07-19T18:47:41.117+0000] {dag.py:3089} INFO - Sync 1 DAGs
[2026-07-19T18:47:41.127+0000] {logging_mixin.py:188} INFO - [2026-07-19T18:47:41.127+0000] {dag.py:3947} INFO - Setting next_dagrun for crypto_daily_pipeline to 2026-07-19 00:00:00+00:00, run_after=2026-07-20 00:00:00+00:00
[2026-07-19T18:47:41.134+0000] {processor.py:183} INFO - Processing /opt/airflow/dags/crypto_pipeline_dag.py took 0.050 seconds
[2026-07-19T18:48:11.275+0000] {processor.py:161} INFO - Started process (PID=676) to work on /opt/airflow/dags/crypto_pipeline_dag.py
[2026-07-19T18:48:11.276+0000] {processor.py:830} INFO - Processing file /opt/airflow/dags/crypto_pipeline_dag.py for tasks to queue
[2026-07-19T18:48:11.277+0000] {logging_mixin.py:188} INFO - [2026-07-19T18:48:11.277+0000] {dagbag.py:545} INFO - Filling up the DagBag from /opt/airflow/dags/crypto_pipeline_dag.py
[2026-07-19T18:48:11.287+0000] {processor.py:840} INFO - DAG(s) 'crypto_daily_pipeline' retrieved from /opt/airflow/dags/crypto_pipeline_dag.py
[2026-07-19T18:48:11.306+0000] {logging_mixin.py:188} INFO - [2026-07-19T18:48:11.306+0000] {dag.py:3089} INFO - Sync 1 DAGs
[2026-07-19T18:48:11.316+0000] {logging_mixin.py:188} INFO - [2026-07-19T18:48:11.316+0000] {dag.py:3947} INFO - Setting next_dagrun for crypto_daily_pipeline to 2026-07-19 00:00:00+00:00, run_after=2026-07-20 00:00:00+00:00
[2026-07-19T18:48:11.322+0000] {processor.py:183} INFO - Processing /opt/airflow/dags/crypto_pipeline_dag.py took 0.051 seconds
[2026-07-19T18:48:41.470+0000] {processor.py:161} INFO - Started process (PID=681) to work on /opt/airflow/dags/crypto_pipeline_dag.py
[2026-07-19T18:48:41.471+0000] {processor.py:830} INFO - Processing file /opt/airflow/dags/crypto_pipeline_dag.py for tasks to queue
[2026-07-19T18:48:41.473+0000] {logging_mixin.py:188} INFO - [2026-07-19T18:48:41.472+0000] {dagbag.py:545} INFO - Filling up the DagBag from /opt/airflow/dags/crypto_pipeline_dag.py
[2026-07-19T18:48:41.483+0000] {processor.py:840} INFO - DAG(s) 'crypto_daily_pipeline' retrieved from /opt/airflow/dags/crypto_pipeline_dag.py
[2026-07-19T18:48:41.502+0000] {logging_mixin.py:188} INFO - [2026-07-19T18:48:41.502+0000] {dag.py:3089} INFO - Sync 1 DAGs
[2026-07-19T18:48:41.513+0000] {logging_mixin.py:188} INFO - [2026-07-19T18:48:41.513+0000] {dag.py:3947} INFO - Setting next_dagrun for crypto_daily_pipeline to 2026-07-19 00:00:00+00:00, run_after=2026-07-20 00:00:00+00:00
[2026-07-19T18:48:41.519+0000] {processor.py:183} INFO - Processing /opt/airflow/dags/crypto_pipeline_dag.py took 0.054 seconds
[2026-07-19T18:49:11.659+0000] {processor.py:161} INFO - Started process (PID=686) to work on /opt/airflow/dags/crypto_pipeline_dag.py
[2026-07-19T18:49:11.660+0000] {processor.py:830} INFO - Processing file /opt/airflow/dags/crypto_pipeline_dag.py for tasks to queue
[2026-07-19T18:49:11.663+0000] {logging_mixin.py:188} INFO - [2026-07-19T18:49:11.662+0000] {dagbag.py:545} INFO - Filling up the DagBag from /opt/airflow/dags/crypto_pipeline_dag.py
[2026-07-19T18:49:11.672+0000] {processor.py:840} INFO - DAG(s) 'crypto_daily_pipeline' retrieved from /opt/airflow/dags/crypto_pipeline_dag.py
[2026-07-19T18:49:11.691+0000] {logging_mixin.py:188} INFO - [2026-07-19T18:49:11.691+0000] {dag.py:3089} INFO - Sync 1 DAGs
[2026-07-19T18:49:11.701+0000] {logging_mixin.py:188} INFO - [2026-07-19T18:49:11.701+0000] {dag.py:3947} INFO - Setting next_dagrun for crypto_daily_pipeline to 2026-07-19 00:00:00+00:00, run_after=2026-07-20 00:00:00+00:00
[2026-07-19T18:49:11.708+0000] {processor.py:183} INFO - Processing /opt/airflow/dags/crypto_pipeline_dag.py took 0.053 seconds
[2026-07-19T18:49:41.871+0000] {processor.py:161} INFO - Started process (PID=691) to work on /opt/airflow/dags/crypto_pipeline_dag.py
[2026-07-19T18:49:41.871+0000] {processor.py:830} INFO - Processing file /opt/airflow/dags/crypto_pipeline_dag.py for tasks to queue
[2026-07-19T18:49:41.874+0000] {logging_mixin.py:188} INFO - [2026-07-19T18:49:41.873+0000] {dagbag.py:545} INFO - Filling up the DagBag from /opt/airflow/dags/crypto_pipeline_dag.py
[2026-07-19T18:49:41.885+0000] {processor.py:840} INFO - DAG(s) 'crypto_daily_pipeline' retrieved from /opt/airflow/dags/crypto_pipeline_dag.py
[2026-07-19T18:49:41.902+0000] {logging_mixin.py:188} INFO - [2026-07-19T18:49:41.902+0000] {dag.py:3089} INFO - Sync 1 DAGs
[2026-07-19T18:49:41.911+0000] {logging_mixin.py:188} INFO - [2026-07-19T18:49:41.911+0000] {dag.py:3947} INFO - Setting next_dagrun for crypto_daily_pipeline to 2026-07-19 00:00:00+00:00, run_after=2026-07-20 00:00:00+00:00
[2026-07-19T18:49:41.917+0000] {processor.py:183} INFO - Processing /opt/airflow/dags/crypto_pipeline_dag.py took 0.052 seconds
[2026-07-19T18:50:12.047+0000] {processor.py:161} INFO - Started process (PID=696) to work on /opt/airflow/dags/crypto_pipeline_dag.py
[2026-07-19T18:50:12.048+0000] {processor.py:830} INFO - Processing file /opt/airflow/dags/crypto_pipeline_dag.py for tasks to queue
[2026-07-19T18:50:12.050+0000] {logging_mixin.py:188} INFO - [2026-07-19T18:50:12.049+0000] {dagbag.py:545} INFO - Filling up the DagBag from /opt/airflow/dags/crypto_pipeline_dag.py
[2026-07-19T18:50:12.060+0000] {processor.py:840} INFO - DAG(s) 'crypto_daily_pipeline' retrieved from /opt/airflow/dags/crypto_pipeline_dag.py
[2026-07-19T18:50:12.078+0000] {logging_mixin.py:188} INFO - [2026-07-19T18:50:12.078+0000] {dag.py:3089} INFO - Sync 1 DAGs
[2026-07-19T18:50:12.088+0000] {logging_mixin.py:188} INFO - [2026-07-19T18:50:12.088+0000] {dag.py:3947} INFO - Setting next_dagrun for crypto_daily_pipeline to 2026-07-19 00:00:00+00:00, run_after=2026-07-20 00:00:00+00:00
[2026-07-19T18:50:12.094+0000] {processor.py:183} INFO - Processing /opt/airflow/dags/crypto_pipeline_dag.py took 0.051 seconds
[2026-07-19T18:50:42.240+0000] {processor.py:161} INFO - Started process (PID=701) to work on /opt/airflow/dags/crypto_pipeline_dag.py
[2026-07-19T18:50:42.241+0000] {processor.py:830} INFO - Processing file /opt/airflow/dags/crypto_pipeline_dag.py for tasks to queue
[2026-07-19T18:50:42.243+0000] {logging_mixin.py:188} INFO - [2026-07-19T18:50:42.243+0000] {dagbag.py:545} INFO - Filling up the DagBag from /opt/airflow/dags/crypto_pipeline_dag.py
[2026-07-19T18:50:42.252+0000] {processor.py:840} INFO - DAG(s) 'crypto_daily_pipeline' retrieved from /opt/airflow/dags/crypto_pipeline_dag.py
[2026-07-19T18:50:42.270+0000] {logging_mixin.py:188} INFO - [2026-07-19T18:50:42.270+0000] {dag.py:3089} INFO - Sync 1 DAGs
[2026-07-19T18:50:42.280+0000] {logging_mixin.py:188} INFO - [2026-07-19T18:50:42.280+0000] {dag.py:3947} INFO - Setting next_dagrun for crypto_daily_pipeline to 2026-07-19 00:00:00+00:00, run_after=2026-07-20 00:00:00+00:00
[2026-07-19T18:50:42.287+0000] {processor.py:183} INFO - Processing /opt/airflow/dags/crypto_pipeline_dag.py took 0.050 seconds
[2026-07-19T18:51:12.431+0000] {processor.py:161} INFO - Started process (PID=706) to work on /opt/airflow/dags/crypto_pipeline_dag.py
[2026-07-19T18:51:12.432+0000] {processor.py:830} INFO - Processing file /opt/airflow/dags/crypto_pipeline_dag.py for tasks to queue
[2026-07-19T18:51:12.434+0000] {logging_mixin.py:188} INFO - [2026-07-19T18:51:12.434+0000] {dagbag.py:545} INFO - Filling up the DagBag from /opt/airflow/dags/crypto_pipeline_dag.py
[2026-07-19T18:51:12.443+0000] {processor.py:840} INFO - DAG(s) 'crypto_daily_pipeline' retrieved from /opt/airflow/dags/crypto_pipeline_dag.py
[2026-07-19T18:51:12.461+0000] {logging_mixin.py:188} INFO - [2026-07-19T18:51:12.461+0000] {dag.py:3089} INFO - Sync 1 DAGs
[2026-07-19T18:51:12.471+0000] {logging_mixin.py:188} INFO - [2026-07-19T18:51:12.470+0000] {dag.py:3947} INFO - Setting next_dagrun for crypto_daily_pipeline to 2026-07-19 00:00:00+00:00, run_after=2026-07-20 00:00:00+00:00
[2026-07-19T18:51:12.477+0000] {processor.py:183} INFO - Processing /opt/airflow/dags/crypto_pipeline_dag.py took 0.050 seconds
[2026-07-19T18:51:42.619+0000] {processor.py:161} INFO - Started process (PID=711) to work on /opt/airflow/dags/crypto_pipeline_dag.py
[2026-07-19T18:51:42.620+0000] {processor.py:830} INFO - Processing file /opt/airflow/dags/crypto_pipeline_dag.py for tasks to queue
[2026-07-19T18:51:42.622+0000] {logging_mixin.py:188} INFO - [2026-07-19T18:51:42.622+0000] {dagbag.py:545} INFO - Filling up the DagBag from /opt/airflow/dags/crypto_pipeline_dag.py
[2026-07-19T18:51:42.630+0000] {processor.py:840} INFO - DAG(s) 'crypto_daily_pipeline' retrieved from /opt/airflow/dags/crypto_pipeline_dag.py
[2026-07-19T18:51:42.646+0000] {logging_mixin.py:188} INFO - [2026-07-19T18:51:42.646+0000] {dag.py:3089} INFO - Sync 1 DAGs
[2026-07-19T18:51:42.656+0000] {logging_mixin.py:188} INFO - [2026-07-19T18:51:42.656+0000] {dag.py:3947} INFO - Setting next_dagrun for crypto_daily_pipeline to 2026-07-19 00:00:00+00:00, run_after=2026-07-20 00:00:00+00:00
[2026-07-19T18:51:42.662+0000] {processor.py:183} INFO - Processing /opt/airflow/dags/crypto_pipeline_dag.py took 0.049 seconds
[2026-07-19T18:52:12.798+0000] {processor.py:161} INFO - Started process (PID=716) to work on /opt/airflow/dags/crypto_pipeline_dag.py
[2026-07-19T18:52:12.798+0000] {processor.py:830} INFO - Processing file /opt/airflow/dags/crypto_pipeline_dag.py for tasks to queue
[2026-07-19T18:52:12.799+0000] {logging_mixin.py:188} INFO - [2026-07-19T18:52:12.799+0000] {dagbag.py:545} INFO - Filling up the DagBag from /opt/airflow/dags/crypto_pipeline_dag.py
[2026-07-19T18:52:12.804+0000] {processor.py:840} INFO - DAG(s) 'crypto_daily_pipeline' retrieved from /opt/airflow/dags/crypto_pipeline_dag.py
[2026-07-19T18:52:12.816+0000] {logging_mixin.py:188} INFO - [2026-07-19T18:52:12.816+0000] {dag.py:3089} INFO - Sync 1 DAGs
[2026-07-19T18:52:12.823+0000] {logging_mixin.py:188} INFO - [2026-07-19T18:52:12.823+0000] {dag.py:3947} INFO - Setting next_dagrun for crypto_daily_pipeline to 2026-07-19 00:00:00+00:00, run_after=2026-07-20 00:00:00+00:00
[2026-07-19T18:52:12.828+0000] {processor.py:183} INFO - Processing /opt/airflow/dags/crypto_pipeline_dag.py took 0.033 seconds
[2026-07-19T18:52:43.003+0000] {processor.py:161} INFO - Started process (PID=721) to work on /opt/airflow/dags/crypto_pipeline_dag.py
[2026-07-19T18:52:43.004+0000] {processor.py:830} INFO - Processing file /opt/airflow/dags/crypto_pipeline_dag.py for tasks to queue
[2026-07-19T18:52:43.005+0000] {logging_mixin.py:188} INFO - [2026-07-19T18:52:43.005+0000] {dagbag.py:545} INFO - Filling up the DagBag from /opt/airflow/dags/crypto_pipeline_dag.py
[2026-07-19T18:52:43.015+0000] {processor.py:840} INFO - DAG(s) 'crypto_daily_pipeline' retrieved from /opt/airflow/dags/crypto_pipeline_dag.py
[2026-07-19T18:52:43.033+0000] {logging_mixin.py:188} INFO - [2026-07-19T18:52:43.033+0000] {dag.py:3089} INFO - Sync 1 DAGs
[2026-07-19T18:52:43.043+0000] {logging_mixin.py:188} INFO - [2026-07-19T18:52:43.043+0000] {dag.py:3947} INFO - Setting next_dagrun for crypto_daily_pipeline to 2026-07-19 00:00:00+00:00, run_after=2026-07-20 00:00:00+00:00
[2026-07-19T18:52:43.050+0000] {processor.py:183} INFO - Processing /opt/airflow/dags/crypto_pipeline_dag.py took 0.051 seconds
[2026-07-19T18:53:13.182+0000] {processor.py:161} INFO - Started process (PID=726) to work on /opt/airflow/dags/crypto_pipeline_dag.py
[2026-07-19T18:53:13.183+0000] {processor.py:830} INFO - Processing file /opt/airflow/dags/crypto_pipeline_dag.py for tasks to queue
[2026-07-19T18:53:13.185+0000] {logging_mixin.py:188} INFO - [2026-07-19T18:53:13.185+0000] {dagbag.py:545} INFO - Filling up the DagBag from /opt/airflow/dags/crypto_pipeline_dag.py
[2026-07-19T18:53:13.194+0000] {processor.py:840} INFO - DAG(s) 'crypto_daily_pipeline' retrieved from /opt/airflow/dags/crypto_pipeline_dag.py
[2026-07-19T18:53:13.213+0000] {logging_mixin.py:188} INFO - [2026-07-19T18:53:13.212+0000] {dag.py:3089} INFO - Sync 1 DAGs
[2026-07-19T18:53:13.223+0000] {logging_mixin.py:188} INFO - [2026-07-19T18:53:13.223+0000] {dag.py:3947} INFO - Setting next_dagrun for crypto_daily_pipeline to 2026-07-19 00:00:00+00:00, run_after=2026-07-20 00:00:00+00:00
[2026-07-19T18:53:13.229+0000] {processor.py:183} INFO - Processing /opt/airflow/dags/crypto_pipeline_dag.py took 0.050 seconds
[2026-07-19T18:53:43.385+0000] {processor.py:161} INFO - Started process (PID=731) to work on /opt/airflow/dags/crypto_pipeline_dag.py
[2026-07-19T18:53:43.386+0000] {processor.py:830} INFO - Processing file /opt/airflow/dags/crypto_pipeline_dag.py for tasks to queue
[2026-07-19T18:53:43.387+0000] {logging_mixin.py:188} INFO - [2026-07-19T18:53:43.387+0000] {dagbag.py:545} INFO - Filling up the DagBag from /opt/airflow/dags/crypto_pipeline_dag.py
[2026-07-19T18:53:43.396+0000] {processor.py:840} INFO - DAG(s) 'crypto_daily_pipeline' retrieved from /opt/airflow/dags/crypto_pipeline_dag.py
[2026-07-19T18:53:43.414+0000] {logging_mixin.py:188} INFO - [2026-07-19T18:53:43.414+0000] {dag.py:3089} INFO - Sync 1 DAGs
[2026-07-19T18:53:43.425+0000] {logging_mixin.py:188} INFO - [2026-07-19T18:53:43.424+0000] {dag.py:3947} INFO - Setting next_dagrun for crypto_daily_pipeline to 2026-07-19 00:00:00+00:00, run_after=2026-07-20 00:00:00+00:00
[2026-07-19T18:53:43.430+0000] {processor.py:183} INFO - Processing /opt/airflow/dags/crypto_pipeline_dag.py took 0.050 seconds
[2026-07-19T18:54:13.571+0000] {processor.py:161} INFO - Started process (PID=736) to work on /opt/airflow/dags/crypto_pipeline_dag.py
[2026-07-19T18:54:13.572+0000] {processor.py:830} INFO - Processing file /opt/airflow/dags/crypto_pipeline_dag.py for tasks to queue
[2026-07-19T18:54:13.574+0000] {logging_mixin.py:188} INFO - [2026-07-19T18:54:13.573+0000] {dagbag.py:545} INFO - Filling up the DagBag from /opt/airflow/dags/crypto_pipeline_dag.py
[2026-07-19T18:54:13.582+0000] {processor.py:840} INFO - DAG(s) 'crypto_daily_pipeline' retrieved from /opt/airflow/dags/crypto_pipeline_dag.py
[2026-07-19T18:54:13.601+0000] {logging_mixin.py:188} INFO - [2026-07-19T18:54:13.601+0000] {dag.py:3089} INFO - Sync 1 DAGs
[2026-07-19T18:54:13.612+0000] {logging_mixin.py:188} INFO - [2026-07-19T18:54:13.612+0000] {dag.py:3947} INFO - Setting next_dagrun for crypto_daily_pipeline to 2026-07-19 00:00:00+00:00, run_after=2026-07-20 00:00:00+00:00
[2026-07-19T18:54:13.618+0000] {processor.py:183} INFO - Processing /opt/airflow/dags/crypto_pipeline_dag.py took 0.051 seconds
[2026-07-19T18:54:43.763+0000] {processor.py:161} INFO - Started process (PID=741) to work on /opt/airflow/dags/crypto_pipeline_dag.py
[2026-07-19T18:54:43.764+0000] {processor.py:830} INFO - Processing file /opt/airflow/dags/crypto_pipeline_dag.py for tasks to queue
[2026-07-19T18:54:43.764+0000] {logging_mixin.py:188} INFO - [2026-07-19T18:54:43.764+0000] {dagbag.py:545} INFO - Filling up the DagBag from /opt/airflow/dags/crypto_pipeline_dag.py
[2026-07-19T18:54:43.770+0000] {processor.py:840} INFO - DAG(s) 'crypto_daily_pipeline' retrieved from /opt/airflow/dags/crypto_pipeline_dag.py
[2026-07-19T18:54:43.785+0000] {logging_mixin.py:188} INFO - [2026-07-19T18:54:43.785+0000] {dag.py:3089} INFO - Sync 1 DAGs
[2026-07-19T18:54:43.795+0000] {logging_mixin.py:188} INFO - [2026-07-19T18:54:43.794+0000] {dag.py:3947} INFO - Setting next_dagrun for crypto_daily_pipeline to 2026-07-19 00:00:00+00:00, run_after=2026-07-20 00:00:00+00:00
[2026-07-19T18:54:43.801+0000] {processor.py:183} INFO - Processing /opt/airflow/dags/crypto_pipeline_dag.py took 0.041 seconds
[2026-07-19T18:55:13.952+0000] {processor.py:161} INFO - Started process (PID=746) to work on /opt/airflow/dags/crypto_pipeline_dag.py
[2026-07-19T18:55:13.952+0000] {processor.py:830} INFO - Processing file /opt/airflow/dags/crypto_pipeline_dag.py for tasks to queue
[2026-07-19T18:55:13.953+0000] {logging_mixin.py:188} INFO - [2026-07-19T18:55:13.953+0000] {dagbag.py:545} INFO - Filling up the DagBag from /opt/airflow/dags/crypto_pipeline_dag.py
[2026-07-19T18:55:13.958+0000] {processor.py:840} INFO - DAG(s) 'crypto_daily_pipeline' retrieved from /opt/airflow/dags/crypto_pipeline_dag.py
[2026-07-19T18:55:13.970+0000] {logging_mixin.py:188} INFO - [2026-07-19T18:55:13.970+0000] {dag.py:3089} INFO - Sync 1 DAGs
[2026-07-19T18:55:13.979+0000] {logging_mixin.py:188} INFO - [2026-07-19T18:55:13.979+0000] {dag.py:3947} INFO - Setting next_dagrun for crypto_daily_pipeline to 2026-07-19 00:00:00+00:00, run_after=2026-07-20 00:00:00+00:00
[2026-07-19T18:55:13.985+0000] {processor.py:183} INFO - Processing /opt/airflow/dags/crypto_pipeline_dag.py took 0.038 seconds
[2026-07-19T18:55:44.122+0000] {processor.py:161} INFO - Started process (PID=751) to work on /opt/airflow/dags/crypto_pipeline_dag.py
[2026-07-19T18:55:44.123+0000] {processor.py:830} INFO - Processing file /opt/airflow/dags/crypto_pipeline_dag.py for tasks to queue
[2026-07-19T18:55:44.123+0000] {logging_mixin.py:188} INFO - [2026-07-19T18:55:44.123+0000] {dagbag.py:545} INFO - Filling up the DagBag from /opt/airflow/dags/crypto_pipeline_dag.py
[2026-07-19T18:55:44.129+0000] {processor.py:840} INFO - DAG(s) 'crypto_daily_pipeline' retrieved from /opt/airflow/dags/crypto_pipeline_dag.py
[2026-07-19T18:55:44.141+0000] {logging_mixin.py:188} INFO - [2026-07-19T18:55:44.140+0000] {dag.py:3089} INFO - Sync 1 DAGs
[2026-07-19T18:55:44.148+0000] {logging_mixin.py:188} INFO - [2026-07-19T18:55:44.148+0000] {dag.py:3947} INFO - Setting next_dagrun for crypto_daily_pipeline to 2026-07-19 00:00:00+00:00, run_after=2026-07-20 00:00:00+00:00
[2026-07-19T18:55:44.154+0000] {processor.py:183} INFO - Processing /opt/airflow/dags/crypto_pipeline_dag.py took 0.036 seconds
[2026-07-19T18:56:14.312+0000] {processor.py:161} INFO - Started process (PID=756) to work on /opt/airflow/dags/crypto_pipeline_dag.py
[2026-07-19T18:56:14.313+0000] {processor.py:830} INFO - Processing file /opt/airflow/dags/crypto_pipeline_dag.py for tasks to queue
[2026-07-19T18:56:14.314+0000] {logging_mixin.py:188} INFO - [2026-07-19T18:56:14.314+0000] {dagbag.py:545} INFO - Filling up the DagBag from /opt/airflow/dags/crypto_pipeline_dag.py
[2026-07-19T18:56:14.319+0000] {processor.py:840} INFO - DAG(s) 'crypto_daily_pipeline' retrieved from /opt/airflow/dags/crypto_pipeline_dag.py
[2026-07-19T18:56:14.331+0000] {logging_mixin.py:188} INFO - [2026-07-19T18:56:14.331+0000] {dag.py:3089} INFO - Sync 1 DAGs
[2026-07-19T18:56:14.339+0000] {logging_mixin.py:188} INFO - [2026-07-19T18:56:14.338+0000] {dag.py:3947} INFO - Setting next_dagrun for crypto_daily_pipeline to 2026-07-19 00:00:00+00:00, run_after=2026-07-20 00:00:00+00:00
[2026-07-19T18:56:14.345+0000] {processor.py:183} INFO - Processing /opt/airflow/dags/crypto_pipeline_dag.py took 0.036 seconds
[2026-07-19T18:56:44.473+0000] {processor.py:161} INFO - Started process (PID=761) to work on /opt/airflow/dags/crypto_pipeline_dag.py
[2026-07-19T18:56:44.473+0000] {processor.py:830} INFO - Processing file /opt/airflow/dags/crypto_pipeline_dag.py for tasks to queue
[2026-07-19T18:56:44.474+0000] {logging_mixin.py:188} INFO - [2026-07-19T18:56:44.474+0000] {dagbag.py:545} INFO - Filling up the DagBag from /opt/airflow/dags/crypto_pipeline_dag.py
[2026-07-19T18:56:44.480+0000] {processor.py:840} INFO - DAG(s) 'crypto_daily_pipeline' retrieved from /opt/airflow/dags/crypto_pipeline_dag.py
[2026-07-19T18:56:44.492+0000] {logging_mixin.py:188} INFO - [2026-07-19T18:56:44.491+0000] {dag.py:3089} INFO - Sync 1 DAGs
[2026-07-19T18:56:44.499+0000] {logging_mixin.py:188} INFO - [2026-07-19T18:56:44.499+0000] {dag.py:3947} INFO - Setting next_dagrun for crypto_daily_pipeline to 2026-07-19 00:00:00+00:00, run_after=2026-07-20 00:00:00+00:00
[2026-07-19T18:56:44.509+0000] {processor.py:183} INFO - Processing /opt/airflow/dags/crypto_pipeline_dag.py took 0.039 seconds
[2026-07-19T18:57:14.634+0000] {processor.py:161} INFO - Started process (PID=766) to work on /opt/airflow/dags/crypto_pipeline_dag.py
[2026-07-19T18:57:14.635+0000] {processor.py:830} INFO - Processing file /opt/airflow/dags/crypto_pipeline_dag.py for tasks to queue
[2026-07-19T18:57:14.636+0000] {logging_mixin.py:188} INFO - [2026-07-19T18:57:14.635+0000] {dagbag.py:545} INFO - Filling up the DagBag from /opt/airflow/dags/crypto_pipeline_dag.py
[2026-07-19T18:57:14.643+0000] {processor.py:840} INFO - DAG(s) 'crypto_daily_pipeline' retrieved from /opt/airflow/dags/crypto_pipeline_dag.py
[2026-07-19T18:57:14.656+0000] {logging_mixin.py:188} INFO - [2026-07-19T18:57:14.656+0000] {dag.py:3089} INFO - Sync 1 DAGs
[2026-07-19T18:57:14.664+0000] {logging_mixin.py:188} INFO - [2026-07-19T18:57:14.664+0000] {dag.py:3947} INFO - Setting next_dagrun for crypto_daily_pipeline to 2026-07-19 00:00:00+00:00, run_after=2026-07-20 00:00:00+00:00
[2026-07-19T18:57:14.673+0000] {processor.py:183} INFO - Processing /opt/airflow/dags/crypto_pipeline_dag.py took 0.043 seconds
[2026-07-19T18:57:44.840+0000] {processor.py:161} INFO - Started process (PID=771) to work on /opt/airflow/dags/crypto_pipeline_dag.py
[2026-07-19T18:57:44.841+0000] {processor.py:830} INFO - Processing file /opt/airflow/dags/crypto_pipeline_dag.py for tasks to queue
[2026-07-19T18:57:44.842+0000] {logging_mixin.py:188} INFO - [2026-07-19T18:57:44.842+0000] {dagbag.py:545} INFO - Filling up the DagBag from /opt/airflow/dags/crypto_pipeline_dag.py
[2026-07-19T18:57:44.848+0000] {processor.py:840} INFO - DAG(s) 'crypto_daily_pipeline' retrieved from /opt/airflow/dags/crypto_pipeline_dag.py
[2026-07-19T18:57:44.860+0000] {logging_mixin.py:188} INFO - [2026-07-19T18:57:44.859+0000] {dag.py:3089} INFO - Sync 1 DAGs
[2026-07-19T18:57:44.867+0000] {logging_mixin.py:188} INFO - [2026-07-19T18:57:44.867+0000] {dag.py:3947} INFO - Setting next_dagrun for crypto_daily_pipeline to 2026-07-19 00:00:00+00:00, run_after=2026-07-20 00:00:00+00:00
[2026-07-19T18:57:44.875+0000] {processor.py:183} INFO - Processing /opt/airflow/dags/crypto_pipeline_dag.py took 0.038 seconds
[2026-07-19T18:58:15.023+0000] {processor.py:161} INFO - Started process (PID=776) to work on /opt/airflow/dags/crypto_pipeline_dag.py
[2026-07-19T18:58:15.024+0000] {processor.py:830} INFO - Processing file /opt/airflow/dags/crypto_pipeline_dag.py for tasks to queue
[2026-07-19T18:58:15.025+0000] {logging_mixin.py:188} INFO - [2026-07-19T18:58:15.024+0000] {dagbag.py:545} INFO - Filling up the DagBag from /opt/airflow/dags/crypto_pipeline_dag.py
[2026-07-19T18:58:15.030+0000] {processor.py:840} INFO - DAG(s) 'crypto_daily_pipeline' retrieved from /opt/airflow/dags/crypto_pipeline_dag.py
[2026-07-19T18:58:15.042+0000] {logging_mixin.py:188} INFO - [2026-07-19T18:58:15.042+0000] {dag.py:3089} INFO - Sync 1 DAGs
[2026-07-19T18:58:15.050+0000] {logging_mixin.py:188} INFO - [2026-07-19T18:58:15.050+0000] {dag.py:3947} INFO - Setting next_dagrun for crypto_daily_pipeline to 2026-07-19 00:00:00+00:00, run_after=2026-07-20 00:00:00+00:00
[2026-07-19T18:58:15.056+0000] {processor.py:183} INFO - Processing /opt/airflow/dags/crypto_pipeline_dag.py took 0.036 seconds
[2026-07-19T18:58:45.192+0000] {processor.py:161} INFO - Started process (PID=781) to work on /opt/airflow/dags/crypto_pipeline_dag.py
[2026-07-19T18:58:45.192+0000] {processor.py:830} INFO - Processing file /opt/airflow/dags/crypto_pipeline_dag.py for tasks to queue
[2026-07-19T18:58:45.193+0000] {logging_mixin.py:188} INFO - [2026-07-19T18:58:45.193+0000] {dagbag.py:545} INFO - Filling up the DagBag from /opt/airflow/dags/crypto_pipeline_dag.py
[2026-07-19T18:58:45.199+0000] {processor.py:840} INFO - DAG(s) 'crypto_daily_pipeline' retrieved from /opt/airflow/dags/crypto_pipeline_dag.py
[2026-07-19T18:58:45.210+0000] {logging_mixin.py:188} INFO - [2026-07-19T18:58:45.210+0000] {dag.py:3089} INFO - Sync 1 DAGs
[2026-07-19T18:58:45.217+0000] {logging_mixin.py:188} INFO - [2026-07-19T18:58:45.217+0000] {dag.py:3947} INFO - Setting next_dagrun for crypto_daily_pipeline to 2026-07-19 00:00:00+00:00, run_after=2026-07-20 00:00:00+00:00
[2026-07-19T18:58:45.223+0000] {processor.py:183} INFO - Processing /opt/airflow/dags/crypto_pipeline_dag.py took 0.034 seconds
[2026-07-19T18:59:15.353+0000] {processor.py:161} INFO - Started process (PID=786) to work on /opt/airflow/dags/crypto_pipeline_dag.py
[2026-07-19T18:59:15.353+0000] {processor.py:830} INFO - Processing file /opt/airflow/dags/crypto_pipeline_dag.py for tasks to queue
[2026-07-19T18:59:15.354+0000] {logging_mixin.py:188} INFO - [2026-07-19T18:59:15.354+0000] {dagbag.py:545} INFO - Filling up the DagBag from /opt/airflow/dags/crypto_pipeline_dag.py
[2026-07-19T18:59:15.360+0000] {processor.py:840} INFO - DAG(s) 'crypto_daily_pipeline' retrieved from /opt/airflow/dags/crypto_pipeline_dag.py
[2026-07-19T18:59:15.371+0000] {logging_mixin.py:188} INFO - [2026-07-19T18:59:15.371+0000] {dag.py:3089} INFO - Sync 1 DAGs
[2026-07-19T18:59:15.378+0000] {logging_mixin.py:188} INFO - [2026-07-19T18:59:15.378+0000] {dag.py:3947} INFO - Setting next_dagrun for crypto_daily_pipeline to 2026-07-19 00:00:00+00:00, run_after=2026-07-20 00:00:00+00:00
[2026-07-19T18:59:15.384+0000] {processor.py:183} INFO - Processing /opt/airflow/dags/crypto_pipeline_dag.py took 0.034 seconds
[2026-07-19T18:59:45.528+0000] {processor.py:161} INFO - Started process (PID=791) to work on /opt/airflow/dags/crypto_pipeline_dag.py
[2026-07-19T18:59:45.529+0000] {processor.py:830} INFO - Processing file /opt/airflow/dags/crypto_pipeline_dag.py for tasks to queue
[2026-07-19T18:59:45.529+0000] {logging_mixin.py:188} INFO - [2026-07-19T18:59:45.529+0000] {dagbag.py:545} INFO - Filling up the DagBag from /opt/airflow/dags/crypto_pipeline_dag.py
[2026-07-19T18:59:45.535+0000] {processor.py:840} INFO - DAG(s) 'crypto_daily_pipeline' retrieved from /opt/airflow/dags/crypto_pipeline_dag.py
[2026-07-19T18:59:45.547+0000] {logging_mixin.py:188} INFO - [2026-07-19T18:59:45.546+0000] {dag.py:3089} INFO - Sync 1 DAGs
[2026-07-19T18:59:45.555+0000] {logging_mixin.py:188} INFO - [2026-07-19T18:59:45.554+0000] {dag.py:3947} INFO - Setting next_dagrun for crypto_daily_pipeline to 2026-07-19 00:00:00+00:00, run_after=2026-07-20 00:00:00+00:00
[2026-07-19T18:59:45.561+0000] {processor.py:183} INFO - Processing /opt/airflow/dags/crypto_pipeline_dag.py took 0.036 seconds
[2026-07-19T19:00:15.699+0000] {processor.py:161} INFO - Started process (PID=796) to work on /opt/airflow/dags/crypto_pipeline_dag.py
[2026-07-19T19:00:15.700+0000] {processor.py:830} INFO - Processing file /opt/airflow/dags/crypto_pipeline_dag.py for tasks to queue
[2026-07-19T19:00:15.701+0000] {logging_mixin.py:188} INFO - [2026-07-19T19:00:15.700+0000] {dagbag.py:545} INFO - Filling up the DagBag from /opt/airflow/dags/crypto_pipeline_dag.py
[2026-07-19T19:00:15.706+0000] {processor.py:840} INFO - DAG(s) 'crypto_daily_pipeline' retrieved from /opt/airflow/dags/crypto_pipeline_dag.py
[2026-07-19T19:00:15.717+0000] {logging_mixin.py:188} INFO - [2026-07-19T19:00:15.717+0000] {dag.py:3089} INFO - Sync 1 DAGs
[2026-07-19T19:00:15.725+0000] {logging_mixin.py:188} INFO - [2026-07-19T19:00:15.725+0000] {dag.py:3947} INFO - Setting next_dagrun for crypto_daily_pipeline to 2026-07-19 00:00:00+00:00, run_after=2026-07-20 00:00:00+00:00
[2026-07-19T19:00:15.731+0000] {processor.py:183} INFO - Processing /opt/airflow/dags/crypto_pipeline_dag.py took 0.035 seconds
[2026-07-19T19:00:45.849+0000] {processor.py:161} INFO - Started process (PID=801) to work on /opt/airflow/dags/crypto_pipeline_dag.py
[2026-07-19T19:00:45.849+0000] {processor.py:830} INFO - Processing file /opt/airflow/dags/crypto_pipeline_dag.py for tasks to queue
[2026-07-19T19:00:45.850+0000] {logging_mixin.py:188} INFO - [2026-07-19T19:00:45.850+0000] {dagbag.py:545} INFO - Filling up the DagBag from /opt/airflow/dags/crypto_pipeline_dag.py
[2026-07-19T19:00:45.856+0000] {processor.py:840} INFO - DAG(s) 'crypto_daily_pipeline' retrieved from /opt/airflow/dags/crypto_pipeline_dag.py
[2026-07-19T19:00:45.866+0000] {logging_mixin.py:188} INFO - [2026-07-19T19:00:45.866+0000] {dag.py:3089} INFO - Sync 1 DAGs
[2026-07-19T19:00:45.873+0000] {logging_mixin.py:188} INFO - [2026-07-19T19:00:45.873+0000] {dag.py:3947} INFO - Setting next_dagrun for crypto_daily_pipeline to 2026-07-19 00:00:00+00:00, run_after=2026-07-20 00:00:00+00:00
[2026-07-19T19:00:45.879+0000] {processor.py:183} INFO - Processing /opt/airflow/dags/crypto_pipeline_dag.py took 0.033 seconds
[2026-07-19T19:01:16.034+0000] {processor.py:161} INFO - Started process (PID=806) to work on /opt/airflow/dags/crypto_pipeline_dag.py
[2026-07-19T19:01:16.035+0000] {processor.py:830} INFO - Processing file /opt/airflow/dags/crypto_pipeline_dag.py for tasks to queue
[2026-07-19T19:01:16.035+0000] {logging_mixin.py:188} INFO - [2026-07-19T19:01:16.035+0000] {dagbag.py:545} INFO - Filling up the DagBag from /opt/airflow/dags/crypto_pipeline_dag.py
[2026-07-19T19:01:16.041+0000] {processor.py:840} INFO - DAG(s) 'crypto_daily_pipeline' retrieved from /opt/airflow/dags/crypto_pipeline_dag.py
[2026-07-19T19:01:16.052+0000] {logging_mixin.py:188} INFO - [2026-07-19T19:01:16.052+0000] {dag.py:3089} INFO - Sync 1 DAGs
[2026-07-19T19:01:16.059+0000] {logging_mixin.py:188} INFO - [2026-07-19T19:01:16.059+0000] {dag.py:3947} INFO - Setting next_dagrun for crypto_daily_pipeline to 2026-07-19 00:00:00+00:00, run_after=2026-07-20 00:00:00+00:00
[2026-07-19T19:01:16.065+0000] {processor.py:183} INFO - Processing /opt/airflow/dags/crypto_pipeline_dag.py took 0.034 seconds
[2026-07-19T19:01:46.182+0000] {processor.py:161} INFO - Started process (PID=811) to work on /opt/airflow/dags/crypto_pipeline_dag.py
[2026-07-19T19:01:46.185+0000] {processor.py:830} INFO - Processing file /opt/airflow/dags/crypto_pipeline_dag.py for tasks to queue
[2026-07-19T19:01:46.186+0000] {logging_mixin.py:188} INFO - [2026-07-19T19:01:46.186+0000] {dagbag.py:545} INFO - Filling up the DagBag from /opt/airflow/dags/crypto_pipeline_dag.py
[2026-07-19T19:01:46.191+0000] {processor.py:840} INFO - DAG(s) 'crypto_daily_pipeline' retrieved from /opt/airflow/dags/crypto_pipeline_dag.py
[2026-07-19T19:01:46.202+0000] {logging_mixin.py:188} INFO - [2026-07-19T19:01:46.202+0000] {dag.py:3089} INFO - Sync 1 DAGs
[2026-07-19T19:01:46.209+0000] {logging_mixin.py:188} INFO - [2026-07-19T19:01:46.209+0000] {dag.py:3947} INFO - Setting next_dagrun for crypto_daily_pipeline to 2026-07-19 00:00:00+00:00, run_after=2026-07-20 00:00:00+00:00
[2026-07-19T19:01:46.215+0000] {processor.py:183} INFO - Processing /opt/airflow/dags/crypto_pipeline_dag.py took 0.036 seconds
[2026-07-19T19:02:16.355+0000] {processor.py:161} INFO - Started process (PID=816) to work on /opt/airflow/dags/crypto_pipeline_dag.py
[2026-07-19T19:02:16.355+0000] {processor.py:830} INFO - Processing file /opt/airflow/dags/crypto_pipeline_dag.py for tasks to queue
[2026-07-19T19:02:16.356+0000] {logging_mixin.py:188} INFO - [2026-07-19T19:02:16.356+0000] {dagbag.py:545} INFO - Filling up the DagBag from /opt/airflow/dags/crypto_pipeline_dag.py
[2026-07-19T19:02:16.363+0000] {processor.py:840} INFO - DAG(s) 'crypto_daily_pipeline' retrieved from /opt/airflow/dags/crypto_pipeline_dag.py
[2026-07-19T19:02:16.377+0000] {logging_mixin.py:188} INFO - [2026-07-19T19:02:16.377+0000] {dag.py:3089} INFO - Sync 1 DAGs
[2026-07-19T19:02:16.386+0000] {logging_mixin.py:188} INFO - [2026-07-19T19:02:16.386+0000] {dag.py:3947} INFO - Setting next_dagrun for crypto_daily_pipeline to 2026-07-19 00:00:00+00:00, run_after=2026-07-20 00:00:00+00:00
[2026-07-19T19:02:16.392+0000] {processor.py:183} INFO - Processing /opt/airflow/dags/crypto_pipeline_dag.py took 0.040 seconds
[2026-07-19T19:02:46.533+0000] {processor.py:161} INFO - Started process (PID=821) to work on /opt/airflow/dags/crypto_pipeline_dag.py
[2026-07-19T19:02:46.533+0000] {processor.py:830} INFO - Processing file /opt/airflow/dags/crypto_pipeline_dag.py for tasks to queue
[2026-07-19T19:02:46.534+0000] {logging_mixin.py:188} INFO - [2026-07-19T19:02:46.534+0000] {dagbag.py:545} INFO - Filling up the DagBag from /opt/airflow/dags/crypto_pipeline_dag.py
[2026-07-19T19:02:46.539+0000] {processor.py:840} INFO - DAG(s) 'crypto_daily_pipeline' retrieved from /opt/airflow/dags/crypto_pipeline_dag.py
[2026-07-19T19:02:46.550+0000] {logging_mixin.py:188} INFO - [2026-07-19T19:02:46.550+0000] {dag.py:3089} INFO - Sync 1 DAGs
[2026-07-19T19:02:46.557+0000] {logging_mixin.py:188} INFO - [2026-07-19T19:02:46.557+0000] {dag.py:3947} INFO - Setting next_dagrun for crypto_daily_pipeline to 2026-07-19 00:00:00+00:00, run_after=2026-07-20 00:00:00+00:00
[2026-07-19T19:02:46.566+0000] {processor.py:183} INFO - Processing /opt/airflow/dags/crypto_pipeline_dag.py took 0.037 seconds
[2026-07-19T19:03:16.700+0000] {processor.py:161} INFO - Started process (PID=826) to work on /opt/airflow/dags/crypto_pipeline_dag.py
[2026-07-19T19:03:16.700+0000] {processor.py:830} INFO - Processing file /opt/airflow/dags/crypto_pipeline_dag.py for tasks to queue
[2026-07-19T19:03:16.701+0000] {logging_mixin.py:188} INFO - [2026-07-19T19:03:16.701+0000] {dagbag.py:545} INFO - Filling up the DagBag from /opt/airflow/dags/crypto_pipeline_dag.py
[2026-07-19T19:03:16.708+0000] {processor.py:840} INFO - DAG(s) 'crypto_daily_pipeline' retrieved from /opt/airflow/dags/crypto_pipeline_dag.py
[2026-07-19T19:03:16.719+0000] {logging_mixin.py:188} INFO - [2026-07-19T19:03:16.719+0000] {dag.py:3089} INFO - Sync 1 DAGs
[2026-07-19T19:03:16.727+0000] {logging_mixin.py:188} INFO - [2026-07-19T19:03:16.727+0000] {dag.py:3947} INFO - Setting next_dagrun for crypto_daily_pipeline to 2026-07-19 00:00:00+00:00, run_after=2026-07-20 00:00:00+00:00
[2026-07-19T19:03:16.733+0000] {processor.py:183} INFO - Processing /opt/airflow/dags/crypto_pipeline_dag.py took 0.036 seconds
[2026-07-19T19:03:46.857+0000] {processor.py:161} INFO - Started process (PID=831) to work on /opt/airflow/dags/crypto_pipeline_dag.py
[2026-07-19T19:03:46.857+0000] {processor.py:830} INFO - Processing file /opt/airflow/dags/crypto_pipeline_dag.py for tasks to queue
[2026-07-19T19:03:46.859+0000] {logging_mixin.py:188} INFO - [2026-07-19T19:03:46.858+0000] {dagbag.py:545} INFO - Filling up the DagBag from /opt/airflow/dags/crypto_pipeline_dag.py
[2026-07-19T19:03:46.864+0000] {processor.py:840} INFO - DAG(s) 'crypto_daily_pipeline' retrieved from /opt/airflow/dags/crypto_pipeline_dag.py
[2026-07-19T19:03:46.875+0000] {logging_mixin.py:188} INFO - [2026-07-19T19:03:46.875+0000] {dag.py:3089} INFO - Sync 1 DAGs
[2026-07-19T19:03:46.883+0000] {logging_mixin.py:188} INFO - [2026-07-19T19:03:46.882+0000] {dag.py:3947} INFO - Setting next_dagrun for crypto_daily_pipeline to 2026-07-19 00:00:00+00:00, run_after=2026-07-20 00:00:00+00:00
[2026-07-19T19:03:46.888+0000] {processor.py:183} INFO - Processing /opt/airflow/dags/crypto_pipeline_dag.py took 0.035 seconds
[2026-07-19T19:04:17.019+0000] {processor.py:161} INFO - Started process (PID=836) to work on /opt/airflow/dags/crypto_pipeline_dag.py
[2026-07-19T19:04:17.019+0000] {processor.py:830} INFO - Processing file /opt/airflow/dags/crypto_pipeline_dag.py for tasks to queue
[2026-07-19T19:04:17.021+0000] {logging_mixin.py:188} INFO - [2026-07-19T19:04:17.021+0000] {dagbag.py:545} INFO - Filling up the DagBag from /opt/airflow/dags/crypto_pipeline_dag.py
[2026-07-19T19:04:17.026+0000] {processor.py:840} INFO - DAG(s) 'crypto_daily_pipeline' retrieved from /opt/airflow/dags/crypto_pipeline_dag.py
[2026-07-19T19:04:17.037+0000] {logging_mixin.py:188} INFO - [2026-07-19T19:04:17.037+0000] {dag.py:3089} INFO - Sync 1 DAGs
[2026-07-19T19:04:17.045+0000] {logging_mixin.py:188} INFO - [2026-07-19T19:04:17.045+0000] {dag.py:3947} INFO - Setting next_dagrun for crypto_daily_pipeline to 2026-07-19 00:00:00+00:00, run_after=2026-07-20 00:00:00+00:00
[2026-07-19T19:04:17.051+0000] {processor.py:183} INFO - Processing /opt/airflow/dags/crypto_pipeline_dag.py took 0.035 seconds
[2026-07-19T19:04:47.168+0000] {processor.py:161} INFO - Started process (PID=841) to work on /opt/airflow/dags/crypto_pipeline_dag.py
[2026-07-19T19:04:47.168+0000] {processor.py:830} INFO - Processing file /opt/airflow/dags/crypto_pipeline_dag.py for tasks to queue
[2026-07-19T19:04:47.170+0000] {logging_mixin.py:188} INFO - [2026-07-19T19:04:47.169+0000] {dagbag.py:545} INFO - Filling up the DagBag from /opt/airflow/dags/crypto_pipeline_dag.py
[2026-07-19T19:04:47.176+0000] {processor.py:840} INFO - DAG(s) 'crypto_daily_pipeline' retrieved from /opt/airflow/dags/crypto_pipeline_dag.py
[2026-07-19T19:04:47.186+0000] {logging_mixin.py:188} INFO - [2026-07-19T19:04:47.186+0000] {dag.py:3089} INFO - Sync 1 DAGs
[2026-07-19T19:04:47.194+0000] {logging_mixin.py:188} INFO - [2026-07-19T19:04:47.193+0000] {dag.py:3947} INFO - Setting next_dagrun for crypto_daily_pipeline to 2026-07-19 00:00:00+00:00, run_after=2026-07-20 00:00:00+00:00
[2026-07-19T19:04:47.199+0000] {processor.py:183} INFO - Processing /opt/airflow/dags/crypto_pipeline_dag.py took 0.035 seconds
[2026-07-19T19:05:17.343+0000] {processor.py:161} INFO - Started process (PID=846) to work on /opt/airflow/dags/crypto_pipeline_dag.py
[2026-07-19T19:05:17.344+0000] {processor.py:830} INFO - Processing file /opt/airflow/dags/crypto_pipeline_dag.py for tasks to queue
[2026-07-19T19:05:17.344+0000] {logging_mixin.py:188} INFO - [2026-07-19T19:05:17.344+0000] {dagbag.py:545} INFO - Filling up the DagBag from /opt/airflow/dags/crypto_pipeline_dag.py
[2026-07-19T19:05:17.350+0000] {processor.py:840} INFO - DAG(s) 'crypto_daily_pipeline' retrieved from /opt/airflow/dags/crypto_pipeline_dag.py
[2026-07-19T19:05:17.362+0000] {logging_mixin.py:188} INFO - [2026-07-19T19:05:17.362+0000] {dag.py:3089} INFO - Sync 1 DAGs
[2026-07-19T19:05:17.369+0000] {logging_mixin.py:188} INFO - [2026-07-19T19:05:17.369+0000] {dag.py:3947} INFO - Setting next_dagrun for crypto_daily_pipeline to 2026-07-19 00:00:00+00:00, run_after=2026-07-20 00:00:00+00:00
[2026-07-19T19:05:17.375+0000] {processor.py:183} INFO - Processing /opt/airflow/dags/crypto_pipeline_dag.py took 0.035 seconds
[2026-07-19T19:05:47.515+0000] {processor.py:161} INFO - Started process (PID=851) to work on /opt/airflow/dags/crypto_pipeline_dag.py
[2026-07-19T19:05:47.516+0000] {processor.py:830} INFO - Processing file /opt/airflow/dags/crypto_pipeline_dag.py for tasks to queue
[2026-07-19T19:05:47.517+0000] {logging_mixin.py:188} INFO - [2026-07-19T19:05:47.516+0000] {dagbag.py:545} INFO - Filling up the DagBag from /opt/airflow/dags/crypto_pipeline_dag.py
[2026-07-19T19:05:47.522+0000] {processor.py:840} INFO - DAG(s) 'crypto_daily_pipeline' retrieved from /opt/airflow/dags/crypto_pipeline_dag.py
[2026-07-19T19:05:47.533+0000] {logging_mixin.py:188} INFO - [2026-07-19T19:05:47.533+0000] {dag.py:3089} INFO - Sync 1 DAGs
[2026-07-19T19:05:47.540+0000] {logging_mixin.py:188} INFO - [2026-07-19T19:05:47.540+0000] {dag.py:3947} INFO - Setting next_dagrun for crypto_daily_pipeline to 2026-07-19 00:00:00+00:00, run_after=2026-07-20 00:00:00+00:00
[2026-07-19T19:05:47.546+0000] {processor.py:183} INFO - Processing /opt/airflow/dags/crypto_pipeline_dag.py took 0.034 seconds
[2026-07-19T19:06:17.686+0000] {processor.py:161} INFO - Started process (PID=856) to work on /opt/airflow/dags/crypto_pipeline_dag.py
[2026-07-19T19:06:17.686+0000] {processor.py:830} INFO - Processing file /opt/airflow/dags/crypto_pipeline_dag.py for tasks to queue
[2026-07-19T19:06:17.687+0000] {logging_mixin.py:188} INFO - [2026-07-19T19:06:17.687+0000] {dagbag.py:545} INFO - Filling up the DagBag from /opt/airflow/dags/crypto_pipeline_dag.py
[2026-07-19T19:06:17.693+0000] {processor.py:840} INFO - DAG(s) 'crypto_daily_pipeline' retrieved from /opt/airflow/dags/crypto_pipeline_dag.py
[2026-07-19T19:06:17.704+0000] {logging_mixin.py:188} INFO - [2026-07-19T19:06:17.704+0000] {dag.py:3089} INFO - Sync 1 DAGs
[2026-07-19T19:06:17.712+0000] {logging_mixin.py:188} INFO - [2026-07-19T19:06:17.712+0000] {dag.py:3947} INFO - Setting next_dagrun for crypto_daily_pipeline to 2026-07-19 00:00:00+00:00, run_after=2026-07-20 00:00:00+00:00
[2026-07-19T19:06:17.718+0000] {processor.py:183} INFO - Processing /opt/airflow/dags/crypto_pipeline_dag.py took 0.036 seconds
[2026-07-19T19:06:47.857+0000] {processor.py:161} INFO - Started process (PID=861) to work on /opt/airflow/dags/crypto_pipeline_dag.py
[2026-07-19T19:06:47.858+0000] {processor.py:830} INFO - Processing file /opt/airflow/dags/crypto_pipeline_dag.py for tasks to queue
[2026-07-19T19:06:47.860+0000] {logging_mixin.py:188} INFO - [2026-07-19T19:06:47.860+0000] {dagbag.py:545} INFO - Filling up the DagBag from /opt/airflow/dags/crypto_pipeline_dag.py
[2026-07-19T19:06:47.865+0000] {processor.py:840} INFO - DAG(s) 'crypto_daily_pipeline' retrieved from /opt/airflow/dags/crypto_pipeline_dag.py
[2026-07-19T19:06:47.875+0000] {logging_mixin.py:188} INFO - [2026-07-19T19:06:47.875+0000] {dag.py:3089} INFO - Sync 1 DAGs
[2026-07-19T19:06:47.882+0000] {logging_mixin.py:188} INFO - [2026-07-19T19:06:47.882+0000] {dag.py:3947} INFO - Setting next_dagrun for crypto_daily_pipeline to 2026-07-19 00:00:00+00:00, run_after=2026-07-20 00:00:00+00:00
[2026-07-19T19:06:47.888+0000] {processor.py:183} INFO - Processing /opt/airflow/dags/crypto_pipeline_dag.py took 0.034 seconds
[2026-07-19T19:07:18.049+0000] {processor.py:161} INFO - Started process (PID=866) to work on /opt/airflow/dags/crypto_pipeline_dag.py
[2026-07-19T19:07:18.049+0000] {processor.py:830} INFO - Processing file /opt/airflow/dags/crypto_pipeline_dag.py for tasks to queue
[2026-07-19T19:07:18.050+0000] {logging_mixin.py:188} INFO - [2026-07-19T19:07:18.050+0000] {dagbag.py:545} INFO - Filling up the DagBag from /opt/airflow/dags/crypto_pipeline_dag.py
[2026-07-19T19:07:18.056+0000] {processor.py:840} INFO - DAG(s) 'crypto_daily_pipeline' retrieved from /opt/airflow/dags/crypto_pipeline_dag.py
[2026-07-19T19:07:18.067+0000] {logging_mixin.py:188} INFO - [2026-07-19T19:07:18.067+0000] {dag.py:3089} INFO - Sync 1 DAGs
[2026-07-19T19:07:18.074+0000] {logging_mixin.py:188} INFO - [2026-07-19T19:07:18.074+0000] {dag.py:3947} INFO - Setting next_dagrun for crypto_daily_pipeline to 2026-07-19 00:00:00+00:00, run_after=2026-07-20 00:00:00+00:00
[2026-07-19T19:07:18.080+0000] {processor.py:183} INFO - Processing /opt/airflow/dags/crypto_pipeline_dag.py took 0.034 seconds
[2026-07-19T19:07:48.227+0000] {processor.py:161} INFO - Started process (PID=871) to work on /opt/airflow/dags/crypto_pipeline_dag.py
[2026-07-19T19:07:48.228+0000] {processor.py:830} INFO - Processing file /opt/airflow/dags/crypto_pipeline_dag.py for tasks to queue
[2026-07-19T19:07:48.229+0000] {logging_mixin.py:188} INFO - [2026-07-19T19:07:48.228+0000] {dagbag.py:545} INFO - Filling up the DagBag from /opt/airflow/dags/crypto_pipeline_dag.py
[2026-07-19T19:07:48.234+0000] {processor.py:840} INFO - DAG(s) 'crypto_daily_pipeline' retrieved from /opt/airflow/dags/crypto_pipeline_dag.py
[2026-07-19T19:07:48.245+0000] {logging_mixin.py:188} INFO - [2026-07-19T19:07:48.245+0000] {dag.py:3089} INFO - Sync 1 DAGs
[2026-07-19T19:07:48.252+0000] {logging_mixin.py:188} INFO - [2026-07-19T19:07:48.252+0000] {dag.py:3947} INFO - Setting next_dagrun for crypto_daily_pipeline to 2026-07-19 00:00:00+00:00, run_after=2026-07-20 00:00:00+00:00
[2026-07-19T19:07:48.260+0000] {processor.py:183} INFO - Processing /opt/airflow/dags/crypto_pipeline_dag.py took 0.036 seconds
[2026-07-19T19:08:18.420+0000] {processor.py:161} INFO - Started process (PID=876) to work on /opt/airflow/dags/crypto_pipeline_dag.py
[2026-07-19T19:08:18.421+0000] {processor.py:830} INFO - Processing file /opt/airflow/dags/crypto_pipeline_dag.py for tasks to queue
[2026-07-19T19:08:18.422+0000] {logging_mixin.py:188} INFO - [2026-07-19T19:08:18.421+0000] {dagbag.py:545} INFO - Filling up the DagBag from /opt/airflow/dags/crypto_pipeline_dag.py
[2026-07-19T19:08:18.427+0000] {processor.py:840} INFO - DAG(s) 'crypto_daily_pipeline' retrieved from /opt/airflow/dags/crypto_pipeline_dag.py
[2026-07-19T19:08:18.438+0000] {logging_mixin.py:188} INFO - [2026-07-19T19:08:18.438+0000] {dag.py:3089} INFO - Sync 1 DAGs
[2026-07-19T19:08:18.446+0000] {logging_mixin.py:188} INFO - [2026-07-19T19:08:18.446+0000] {dag.py:3947} INFO - Setting next_dagrun for crypto_daily_pipeline to 2026-07-19 00:00:00+00:00, run_after=2026-07-20 00:00:00+00:00
[2026-07-19T19:08:18.451+0000] {processor.py:183} INFO - Processing /opt/airflow/dags/crypto_pipeline_dag.py took 0.035 seconds
[2026-07-19T19:08:48.583+0000] {processor.py:161} INFO - Started process (PID=881) to work on /opt/airflow/dags/crypto_pipeline_dag.py
[2026-07-19T19:08:48.584+0000] {processor.py:830} INFO - Processing file /opt/airflow/dags/crypto_pipeline_dag.py for tasks to queue
[2026-07-19T19:08:48.585+0000] {logging_mixin.py:188} INFO - [2026-07-19T19:08:48.584+0000] {dagbag.py:545} INFO - Filling up the DagBag from /opt/airflow/dags/crypto_pipeline_dag.py
[2026-07-19T19:08:48.590+0000] {processor.py:840} INFO - DAG(s) 'crypto_daily_pipeline' retrieved from /opt/airflow/dags/crypto_pipeline_dag.py
[2026-07-19T19:08:48.601+0000] {logging_mixin.py:188} INFO - [2026-07-19T19:08:48.601+0000] {dag.py:3089} INFO - Sync 1 DAGs
[2026-07-19T19:08:48.608+0000] {logging_mixin.py:188} INFO - [2026-07-19T19:08:48.608+0000] {dag.py:3947} INFO - Setting next_dagrun for crypto_daily_pipeline to 2026-07-19 00:00:00+00:00, run_after=2026-07-20 00:00:00+00:00
[2026-07-19T19:08:48.614+0000] {processor.py:183} INFO - Processing /opt/airflow/dags/crypto_pipeline_dag.py took 0.035 seconds
[2026-07-19T19:09:18.776+0000] {processor.py:161} INFO - Started process (PID=886) to work on /opt/airflow/dags/crypto_pipeline_dag.py
[2026-07-19T19:09:18.777+0000] {processor.py:830} INFO - Processing file /opt/airflow/dags/crypto_pipeline_dag.py for tasks to queue
[2026-07-19T19:09:18.777+0000] {logging_mixin.py:188} INFO - [2026-07-19T19:09:18.777+0000] {dagbag.py:545} INFO - Filling up the DagBag from /opt/airflow/dags/crypto_pipeline_dag.py
[2026-07-19T19:09:18.783+0000] {processor.py:840} INFO - DAG(s) 'crypto_daily_pipeline' retrieved from /opt/airflow/dags/crypto_pipeline_dag.py
[2026-07-19T19:09:18.794+0000] {logging_mixin.py:188} INFO - [2026-07-19T19:09:18.794+0000] {dag.py:3089} INFO - Sync 1 DAGs
[2026-07-19T19:09:18.801+0000] {logging_mixin.py:188} INFO - [2026-07-19T19:09:18.801+0000] {dag.py:3947} INFO - Setting next_dagrun for crypto_daily_pipeline to 2026-07-19 00:00:00+00:00, run_after=2026-07-20 00:00:00+00:00
[2026-07-19T19:09:18.807+0000] {processor.py:183} INFO - Processing /opt/airflow/dags/crypto_pipeline_dag.py took 0.034 seconds
[2026-07-19T19:09:48.952+0000] {processor.py:161} INFO - Started process (PID=891) to work on /opt/airflow/dags/crypto_pipeline_dag.py
[2026-07-19T19:09:48.952+0000] {processor.py:830} INFO - Processing file /opt/airflow/dags/crypto_pipeline_dag.py for tasks to queue
[2026-07-19T19:09:48.953+0000] {logging_mixin.py:188} INFO - [2026-07-19T19:09:48.953+0000] {dagbag.py:545} INFO - Filling up the DagBag from /opt/airflow/dags/crypto_pipeline_dag.py
[2026-07-19T19:09:48.959+0000] {processor.py:840} INFO - DAG(s) 'crypto_daily_pipeline' retrieved from /opt/airflow/dags/crypto_pipeline_dag.py
[2026-07-19T19:09:48.969+0000] {logging_mixin.py:188} INFO - [2026-07-19T19:09:48.969+0000] {dag.py:3089} INFO - Sync 1 DAGs
[2026-07-19T19:09:48.977+0000] {logging_mixin.py:188} INFO - [2026-07-19T19:09:48.977+0000] {dag.py:3947} INFO - Setting next_dagrun for crypto_daily_pipeline to 2026-07-19 00:00:00+00:00, run_after=2026-07-20 00:00:00+00:00
[2026-07-19T19:09:48.983+0000] {processor.py:183} INFO - Processing /opt/airflow/dags/crypto_pipeline_dag.py took 0.034 seconds
[2026-07-19T19:10:19.157+0000] {processor.py:161} INFO - Started process (PID=896) to work on /opt/airflow/dags/crypto_pipeline_dag.py
[2026-07-19T19:10:19.158+0000] {processor.py:830} INFO - Processing file /opt/airflow/dags/crypto_pipeline_dag.py for tasks to queue
[2026-07-19T19:10:19.159+0000] {logging_mixin.py:188} INFO - [2026-07-19T19:10:19.159+0000] {dagbag.py:545} INFO - Filling up the DagBag from /opt/airflow/dags/crypto_pipeline_dag.py
[2026-07-19T19:10:19.169+0000] {processor.py:840} INFO - DAG(s) 'crypto_daily_pipeline' retrieved from /opt/airflow/dags/crypto_pipeline_dag.py
[2026-07-19T19:10:19.187+0000] {logging_mixin.py:188} INFO - [2026-07-19T19:10:19.187+0000] {dag.py:3089} INFO - Sync 1 DAGs
[2026-07-19T19:10:19.197+0000] {logging_mixin.py:188} INFO - [2026-07-19T19:10:19.197+0000] {dag.py:3947} INFO - Setting next_dagrun for crypto_daily_pipeline to 2026-07-19 00:00:00+00:00, run_after=2026-07-20 00:00:00+00:00
[2026-07-19T19:10:19.203+0000] {processor.py:183} INFO - Processing /opt/airflow/dags/crypto_pipeline_dag.py took 0.050 seconds
[2026-07-19T19:30:30.665+0000] {processor.py:161} INFO - Started process (PID=901) to work on /opt/airflow/dags/crypto_pipeline_dag.py
[2026-07-19T19:30:30.665+0000] {processor.py:830} INFO - Processing file /opt/airflow/dags/crypto_pipeline_dag.py for tasks to queue
[2026-07-19T19:30:30.666+0000] {logging_mixin.py:188} INFO - [2026-07-19T19:30:30.666+0000] {dagbag.py:545} INFO - Filling up the DagBag from /opt/airflow/dags/crypto_pipeline_dag.py
[2026-07-19T19:30:30.673+0000] {processor.py:840} INFO - DAG(s) 'crypto_daily_pipeline' retrieved from /opt/airflow/dags/crypto_pipeline_dag.py
[2026-07-19T19:30:30.686+0000] {logging_mixin.py:188} INFO - [2026-07-19T19:30:30.686+0000] {dag.py:3089} INFO - Sync 1 DAGs
[2026-07-19T19:30:30.693+0000] {logging_mixin.py:188} INFO - [2026-07-19T19:30:30.693+0000] {dag.py:3947} INFO - Setting next_dagrun for crypto_daily_pipeline to 2026-07-19 00:00:00+00:00, run_after=2026-07-20 00:00:00+00:00
[2026-07-19T19:30:30.698+0000] {processor.py:183} INFO - Processing /opt/airflow/dags/crypto_pipeline_dag.py took 0.037 seconds
[2026-07-19T19:37:47.616+0000] {processor.py:161} INFO - Started process (PID=906) to work on /opt/airflow/dags/crypto_pipeline_dag.py
[2026-07-19T19:37:47.617+0000] {processor.py:830} INFO - Processing file /opt/airflow/dags/crypto_pipeline_dag.py for tasks to queue
[2026-07-19T19:37:47.619+0000] {logging_mixin.py:188} INFO - [2026-07-19T19:37:47.619+0000] {dagbag.py:545} INFO - Filling up the DagBag from /opt/airflow/dags/crypto_pipeline_dag.py
[2026-07-19T19:37:47.628+0000] {processor.py:840} INFO - DAG(s) 'crypto_daily_pipeline' retrieved from /opt/airflow/dags/crypto_pipeline_dag.py
[2026-07-19T19:37:47.645+0000] {logging_mixin.py:188} INFO - [2026-07-19T19:37:47.645+0000] {dag.py:3089} INFO - Sync 1 DAGs
[2026-07-19T19:37:47.653+0000] {logging_mixin.py:188} INFO - [2026-07-19T19:37:47.653+0000] {dag.py:3947} INFO - Setting next_dagrun for crypto_daily_pipeline to 2026-07-19 00:00:00+00:00, run_after=2026-07-20 00:00:00+00:00
[2026-07-19T19:37:47.659+0000] {processor.py:183} INFO - Processing /opt/airflow/dags/crypto_pipeline_dag.py took 0.048 seconds
[2026-07-19T19:38:17.805+0000] {processor.py:161} INFO - Started process (PID=911) to work on /opt/airflow/dags/crypto_pipeline_dag.py
[2026-07-19T19:38:17.806+0000] {processor.py:830} INFO - Processing file /opt/airflow/dags/crypto_pipeline_dag.py for tasks to queue
[2026-07-19T19:38:17.808+0000] {logging_mixin.py:188} INFO - [2026-07-19T19:38:17.808+0000] {dagbag.py:545} INFO - Filling up the DagBag from /opt/airflow/dags/crypto_pipeline_dag.py
[2026-07-19T19:38:17.817+0000] {processor.py:840} INFO - DAG(s) 'crypto_daily_pipeline' retrieved from /opt/airflow/dags/crypto_pipeline_dag.py
[2026-07-19T19:38:17.836+0000] {logging_mixin.py:188} INFO - [2026-07-19T19:38:17.836+0000] {dag.py:3089} INFO - Sync 1 DAGs
[2026-07-19T19:38:17.845+0000] {logging_mixin.py:188} INFO - [2026-07-19T19:38:17.845+0000] {dag.py:3947} INFO - Setting next_dagrun for crypto_daily_pipeline to 2026-07-19 00:00:00+00:00, run_after=2026-07-20 00:00:00+00:00
[2026-07-19T19:38:17.851+0000] {processor.py:183} INFO - Processing /opt/airflow/dags/crypto_pipeline_dag.py took 0.051 seconds
[2026-07-19T19:38:47.998+0000] {processor.py:161} INFO - Started process (PID=916) to work on /opt/airflow/dags/crypto_pipeline_dag.py
[2026-07-19T19:38:48.000+0000] {processor.py:830} INFO - Processing file /opt/airflow/dags/crypto_pipeline_dag.py for tasks to queue
[2026-07-19T19:38:48.001+0000] {logging_mixin.py:188} INFO - [2026-07-19T19:38:48.001+0000] {dagbag.py:545} INFO - Filling up the DagBag from /opt/airflow/dags/crypto_pipeline_dag.py
[2026-07-19T19:38:48.011+0000] {processor.py:840} INFO - DAG(s) 'crypto_daily_pipeline' retrieved from /opt/airflow/dags/crypto_pipeline_dag.py
[2026-07-19T19:38:48.029+0000] {logging_mixin.py:188} INFO - [2026-07-19T19:38:48.029+0000] {dag.py:3089} INFO - Sync 1 DAGs
[2026-07-19T19:38:48.039+0000] {logging_mixin.py:188} INFO - [2026-07-19T19:38:48.039+0000] {dag.py:3947} INFO - Setting next_dagrun for crypto_daily_pipeline to 2026-07-19 00:00:00+00:00, run_after=2026-07-20 00:00:00+00:00
[2026-07-19T19:38:48.045+0000] {processor.py:183} INFO - Processing /opt/airflow/dags/crypto_pipeline_dag.py took 0.051 seconds
[2026-07-19T19:39:18.191+0000] {processor.py:161} INFO - Started process (PID=921) to work on /opt/airflow/dags/crypto_pipeline_dag.py
[2026-07-19T19:39:18.192+0000] {processor.py:830} INFO - Processing file /opt/airflow/dags/crypto_pipeline_dag.py for tasks to queue
[2026-07-19T19:39:18.193+0000] {logging_mixin.py:188} INFO - [2026-07-19T19:39:18.193+0000] {dagbag.py:545} INFO - Filling up the DagBag from /opt/airflow/dags/crypto_pipeline_dag.py
[2026-07-19T19:39:18.203+0000] {processor.py:840} INFO - DAG(s) 'crypto_daily_pipeline' retrieved from /opt/airflow/dags/crypto_pipeline_dag.py
[2026-07-19T19:39:18.221+0000] {logging_mixin.py:188} INFO - [2026-07-19T19:39:18.221+0000] {dag.py:3089} INFO - Sync 1 DAGs
[2026-07-19T19:39:18.231+0000] {logging_mixin.py:188} INFO - [2026-07-19T19:39:18.231+0000] {dag.py:3947} INFO - Setting next_dagrun for crypto_daily_pipeline to 2026-07-19 00:00:00+00:00, run_after=2026-07-20 00:00:00+00:00
[2026-07-19T19:39:18.238+0000] {processor.py:183} INFO - Processing /opt/airflow/dags/crypto_pipeline_dag.py took 0.051 seconds
[2026-07-19T19:39:48.364+0000] {processor.py:161} INFO - Started process (PID=926) to work on /opt/airflow/dags/crypto_pipeline_dag.py
[2026-07-19T19:39:48.365+0000] {processor.py:830} INFO - Processing file /opt/airflow/dags/crypto_pipeline_dag.py for tasks to queue
[2026-07-19T19:39:48.366+0000] {logging_mixin.py:188} INFO - [2026-07-19T19:39:48.366+0000] {dagbag.py:545} INFO - Filling up the DagBag from /opt/airflow/dags/crypto_pipeline_dag.py
[2026-07-19T19:39:48.375+0000] {processor.py:840} INFO - DAG(s) 'crypto_daily_pipeline' retrieved from /opt/airflow/dags/crypto_pipeline_dag.py
[2026-07-19T19:39:48.394+0000] {logging_mixin.py:188} INFO - [2026-07-19T19:39:48.393+0000] {dag.py:3089} INFO - Sync 1 DAGs
[2026-07-19T19:39:48.403+0000] {logging_mixin.py:188} INFO - [2026-07-19T19:39:48.403+0000] {dag.py:3947} INFO - Setting next_dagrun for crypto_daily_pipeline to 2026-07-19 00:00:00+00:00, run_after=2026-07-20 00:00:00+00:00
[2026-07-19T19:39:48.413+0000] {processor.py:183} INFO - Processing /opt/airflow/dags/crypto_pipeline_dag.py took 0.054 seconds
[2026-07-19T19:40:18.542+0000] {processor.py:161} INFO - Started process (PID=931) to work on /opt/airflow/dags/crypto_pipeline_dag.py
[2026-07-19T19:40:18.543+0000] {processor.py:830} INFO - Processing file /opt/airflow/dags/crypto_pipeline_dag.py for tasks to queue
[2026-07-19T19:40:18.544+0000] {logging_mixin.py:188} INFO - [2026-07-19T19:40:18.544+0000] {dagbag.py:545} INFO - Filling up the DagBag from /opt/airflow/dags/crypto_pipeline_dag.py
[2026-07-19T19:40:18.554+0000] {processor.py:840} INFO - DAG(s) 'crypto_daily_pipeline' retrieved from /opt/airflow/dags/crypto_pipeline_dag.py
[2026-07-19T19:40:18.571+0000] {logging_mixin.py:188} INFO - [2026-07-19T19:40:18.571+0000] {dag.py:3089} INFO - Sync 1 DAGs
[2026-07-19T19:40:18.583+0000] {logging_mixin.py:188} INFO - [2026-07-19T19:40:18.583+0000] {dag.py:3947} INFO - Setting next_dagrun for crypto_daily_pipeline to 2026-07-19 00:00:00+00:00, run_after=2026-07-20 00:00:00+00:00
[2026-07-19T19:40:18.589+0000] {processor.py:183} INFO - Processing /opt/airflow/dags/crypto_pipeline_dag.py took 0.053 seconds
[2026-07-19T19:40:48.736+0000] {processor.py:161} INFO - Started process (PID=936) to work on /opt/airflow/dags/crypto_pipeline_dag.py
[2026-07-19T19:40:48.737+0000] {processor.py:830} INFO - Processing file /opt/airflow/dags/crypto_pipeline_dag.py for tasks to queue
[2026-07-19T19:40:48.739+0000] {logging_mixin.py:188} INFO - [2026-07-19T19:40:48.738+0000] {dagbag.py:545} INFO - Filling up the DagBag from /opt/airflow/dags/crypto_pipeline_dag.py
[2026-07-19T19:40:48.748+0000] {processor.py:840} INFO - DAG(s) 'crypto_daily_pipeline' retrieved from /opt/airflow/dags/crypto_pipeline_dag.py
[2026-07-19T19:40:48.766+0000] {logging_mixin.py:188} INFO - [2026-07-19T19:40:48.766+0000] {dag.py:3089} INFO - Sync 1 DAGs
[2026-07-19T19:40:48.777+0000] {logging_mixin.py:188} INFO - [2026-07-19T19:40:48.777+0000] {dag.py:3947} INFO - Setting next_dagrun for crypto_daily_pipeline to 2026-07-19 00:00:00+00:00, run_after=2026-07-20 00:00:00+00:00
[2026-07-19T19:40:48.786+0000] {processor.py:183} INFO - Processing /opt/airflow/dags/crypto_pipeline_dag.py took 0.055 seconds
[2026-07-19T19:41:18.938+0000] {processor.py:161} INFO - Started process (PID=941) to work on /opt/airflow/dags/crypto_pipeline_dag.py
[2026-07-19T19:41:18.939+0000] {processor.py:830} INFO - Processing file /opt/airflow/dags/crypto_pipeline_dag.py for tasks to queue
[2026-07-19T19:41:18.941+0000] {logging_mixin.py:188} INFO - [2026-07-19T19:41:18.941+0000] {dagbag.py:545} INFO - Filling up the DagBag from /opt/airflow/dags/crypto_pipeline_dag.py
[2026-07-19T19:41:18.951+0000] {processor.py:840} INFO - DAG(s) 'crypto_daily_pipeline' retrieved from /opt/airflow/dags/crypto_pipeline_dag.py
[2026-07-19T19:41:18.969+0000] {logging_mixin.py:188} INFO - [2026-07-19T19:41:18.969+0000] {dag.py:3089} INFO - Sync 1 DAGs
[2026-07-19T19:41:18.979+0000] {logging_mixin.py:188} INFO - [2026-07-19T19:41:18.979+0000] {dag.py:3947} INFO - Setting next_dagrun for crypto_daily_pipeline to 2026-07-19 00:00:00+00:00, run_after=2026-07-20 00:00:00+00:00
[2026-07-19T19:41:18.985+0000] {processor.py:183} INFO - Processing /opt/airflow/dags/crypto_pipeline_dag.py took 0.052 seconds
[2026-07-19T19:41:49.125+0000] {processor.py:161} INFO - Started process (PID=946) to work on /opt/airflow/dags/crypto_pipeline_dag.py
[2026-07-19T19:41:49.126+0000] {processor.py:830} INFO - Processing file /opt/airflow/dags/crypto_pipeline_dag.py for tasks to queue
[2026-07-19T19:41:49.128+0000] {logging_mixin.py:188} INFO - [2026-07-19T19:41:49.127+0000] {dagbag.py:545} INFO - Filling up the DagBag from /opt/airflow/dags/crypto_pipeline_dag.py
[2026-07-19T19:41:49.137+0000] {processor.py:840} INFO - DAG(s) 'crypto_daily_pipeline' retrieved from /opt/airflow/dags/crypto_pipeline_dag.py
[2026-07-19T19:41:49.155+0000] {logging_mixin.py:188} INFO - [2026-07-19T19:41:49.155+0000] {dag.py:3089} INFO - Sync 1 DAGs
[2026-07-19T19:41:49.166+0000] {logging_mixin.py:188} INFO - [2026-07-19T19:41:49.166+0000] {dag.py:3947} INFO - Setting next_dagrun for crypto_daily_pipeline to 2026-07-19 00:00:00+00:00, run_after=2026-07-20 00:00:00+00:00
[2026-07-19T19:41:49.174+0000] {processor.py:183} INFO - Processing /opt/airflow/dags/crypto_pipeline_dag.py took 0.054 seconds
[2026-07-19T19:42:19.316+0000] {processor.py:161} INFO - Started process (PID=951) to work on /opt/airflow/dags/crypto_pipeline_dag.py
[2026-07-19T19:42:19.317+0000] {processor.py:830} INFO - Processing file /opt/airflow/dags/crypto_pipeline_dag.py for tasks to queue
[2026-07-19T19:42:19.319+0000] {logging_mixin.py:188} INFO - [2026-07-19T19:42:19.318+0000] {dagbag.py:545} INFO - Filling up the DagBag from /opt/airflow/dags/crypto_pipeline_dag.py
[2026-07-19T19:42:19.329+0000] {processor.py:840} INFO - DAG(s) 'crypto_daily_pipeline' retrieved from /opt/airflow/dags/crypto_pipeline_dag.py
[2026-07-19T19:42:19.348+0000] {logging_mixin.py:188} INFO - [2026-07-19T19:42:19.348+0000] {dag.py:3089} INFO - Sync 1 DAGs
[2026-07-19T19:42:19.358+0000] {logging_mixin.py:188} INFO - [2026-07-19T19:42:19.358+0000] {dag.py:3947} INFO - Setting next_dagrun for crypto_daily_pipeline to 2026-07-19 00:00:00+00:00, run_after=2026-07-20 00:00:00+00:00
[2026-07-19T19:42:19.364+0000] {processor.py:183} INFO - Processing /opt/airflow/dags/crypto_pipeline_dag.py took 0.054 seconds
[2026-07-19T19:42:49.612+0000] {processor.py:161} INFO - Started process (PID=956) to work on /opt/airflow/dags/crypto_pipeline_dag.py
[2026-07-19T19:42:49.612+0000] {processor.py:830} INFO - Processing file /opt/airflow/dags/crypto_pipeline_dag.py for tasks to queue
[2026-07-19T19:42:49.613+0000] {logging_mixin.py:188} INFO - [2026-07-19T19:42:49.613+0000] {dagbag.py:545} INFO - Filling up the DagBag from /opt/airflow/dags/crypto_pipeline_dag.py
[2026-07-19T19:42:49.621+0000] {processor.py:840} INFO - DAG(s) 'crypto_daily_pipeline' retrieved from /opt/airflow/dags/crypto_pipeline_dag.py
[2026-07-19T19:42:49.637+0000] {logging_mixin.py:188} INFO - [2026-07-19T19:42:49.637+0000] {dag.py:3089} INFO - Sync 1 DAGs
[2026-07-19T19:42:49.647+0000] {logging_mixin.py:188} INFO - [2026-07-19T19:42:49.647+0000] {dag.py:3947} INFO - Setting next_dagrun for crypto_daily_pipeline to 2026-07-19 00:00:00+00:00, run_after=2026-07-20 00:00:00+00:00
[2026-07-19T19:42:49.654+0000] {processor.py:183} INFO - Processing /opt/airflow/dags/crypto_pipeline_dag.py took 0.046 seconds
[2026-07-19T19:43:19.791+0000] {processor.py:161} INFO - Started process (PID=961) to work on /opt/airflow/dags/crypto_pipeline_dag.py
[2026-07-19T19:43:19.792+0000] {processor.py:830} INFO - Processing file /opt/airflow/dags/crypto_pipeline_dag.py for tasks to queue
[2026-07-19T19:43:19.794+0000] {logging_mixin.py:188} INFO - [2026-07-19T19:43:19.794+0000] {dagbag.py:545} INFO - Filling up the DagBag from /opt/airflow/dags/crypto_pipeline_dag.py
[2026-07-19T19:43:19.804+0000] {processor.py:840} INFO - DAG(s) 'crypto_daily_pipeline' retrieved from /opt/airflow/dags/crypto_pipeline_dag.py
[2026-07-19T19:43:19.822+0000] {logging_mixin.py:188} INFO - [2026-07-19T19:43:19.821+0000] {dag.py:3089} INFO - Sync 1 DAGs
[2026-07-19T19:43:19.832+0000] {logging_mixin.py:188} INFO - [2026-07-19T19:43:19.832+0000] {dag.py:3947} INFO - Setting next_dagrun for crypto_daily_pipeline to 2026-07-19 00:00:00+00:00, run_after=2026-07-20 00:00:00+00:00
[2026-07-19T19:43:19.839+0000] {processor.py:183} INFO - Processing /opt/airflow/dags/crypto_pipeline_dag.py took 0.053 seconds
[2026-07-19T19:43:49.963+0000] {processor.py:161} INFO - Started process (PID=966) to work on /opt/airflow/dags/crypto_pipeline_dag.py
[2026-07-19T19:43:49.964+0000] {processor.py:830} INFO - Processing file /opt/airflow/dags/crypto_pipeline_dag.py for tasks to queue
[2026-07-19T19:43:49.965+0000] {logging_mixin.py:188} INFO - [2026-07-19T19:43:49.965+0000] {dagbag.py:545} INFO - Filling up the DagBag from /opt/airflow/dags/crypto_pipeline_dag.py
[2026-07-19T19:43:49.974+0000] {processor.py:840} INFO - DAG(s) 'crypto_daily_pipeline' retrieved from /opt/airflow/dags/crypto_pipeline_dag.py
[2026-07-19T19:43:49.994+0000] {logging_mixin.py:188} INFO - [2026-07-19T19:43:49.994+0000] {dag.py:3089} INFO - Sync 1 DAGs
[2026-07-19T19:43:50.004+0000] {logging_mixin.py:188} INFO - [2026-07-19T19:43:50.004+0000] {dag.py:3947} INFO - Setting next_dagrun for crypto_daily_pipeline to 2026-07-19 00:00:00+00:00, run_after=2026-07-20 00:00:00+00:00
[2026-07-19T19:43:50.012+0000] {processor.py:183} INFO - Processing /opt/airflow/dags/crypto_pipeline_dag.py took 0.053 seconds
[2026-07-19T19:44:20.157+0000] {processor.py:161} INFO - Started process (PID=971) to work on /opt/airflow/dags/crypto_pipeline_dag.py
[2026-07-19T19:44:20.158+0000] {processor.py:830} INFO - Processing file /opt/airflow/dags/crypto_pipeline_dag.py for tasks to queue
[2026-07-19T19:44:20.159+0000] {logging_mixin.py:188} INFO - [2026-07-19T19:44:20.159+0000] {dagbag.py:545} INFO - Filling up the DagBag from /opt/airflow/dags/crypto_pipeline_dag.py
[2026-07-19T19:44:20.169+0000] {processor.py:840} INFO - DAG(s) 'crypto_daily_pipeline' retrieved from /opt/airflow/dags/crypto_pipeline_dag.py
[2026-07-19T19:44:20.187+0000] {logging_mixin.py:188} INFO - [2026-07-19T19:44:20.186+0000] {dag.py:3089} INFO - Sync 1 DAGs
[2026-07-19T19:44:20.196+0000] {logging_mixin.py:188} INFO - [2026-07-19T19:44:20.196+0000] {dag.py:3947} INFO - Setting next_dagrun for crypto_daily_pipeline to 2026-07-19 00:00:00+00:00, run_after=2026-07-20 00:00:00+00:00
[2026-07-19T19:44:20.204+0000] {processor.py:183} INFO - Processing /opt/airflow/dags/crypto_pipeline_dag.py took 0.052 seconds
[2026-07-19T19:44:50.338+0000] {processor.py:161} INFO - Started process (PID=976) to work on /opt/airflow/dags/crypto_pipeline_dag.py
[2026-07-19T19:44:50.338+0000] {processor.py:830} INFO - Processing file /opt/airflow/dags/crypto_pipeline_dag.py for tasks to queue
[2026-07-19T19:44:50.340+0000] {logging_mixin.py:188} INFO - [2026-07-19T19:44:50.339+0000] {dagbag.py:545} INFO - Filling up the DagBag from /opt/airflow/dags/crypto_pipeline_dag.py
[2026-07-19T19:44:50.351+0000] {processor.py:840} INFO - DAG(s) 'crypto_daily_pipeline' retrieved from /opt/airflow/dags/crypto_pipeline_dag.py
[2026-07-19T19:44:50.372+0000] {logging_mixin.py:188} INFO - [2026-07-19T19:44:50.371+0000] {dag.py:3089} INFO - Sync 1 DAGs
[2026-07-19T19:44:50.381+0000] {logging_mixin.py:188} INFO - [2026-07-19T19:44:50.381+0000] {dag.py:3947} INFO - Setting next_dagrun for crypto_daily_pipeline to 2026-07-19 00:00:00+00:00, run_after=2026-07-20 00:00:00+00:00
[2026-07-19T19:44:50.389+0000] {processor.py:183} INFO - Processing /opt/airflow/dags/crypto_pipeline_dag.py took 0.057 seconds
[2026-07-19T19:45:20.520+0000] {processor.py:161} INFO - Started process (PID=981) to work on /opt/airflow/dags/crypto_pipeline_dag.py
[2026-07-19T19:45:20.521+0000] {processor.py:830} INFO - Processing file /opt/airflow/dags/crypto_pipeline_dag.py for tasks to queue
[2026-07-19T19:45:20.522+0000] {logging_mixin.py:188} INFO - [2026-07-19T19:45:20.522+0000] {dagbag.py:545} INFO - Filling up the DagBag from /opt/airflow/dags/crypto_pipeline_dag.py
[2026-07-19T19:45:20.532+0000] {processor.py:840} INFO - DAG(s) 'crypto_daily_pipeline' retrieved from /opt/airflow/dags/crypto_pipeline_dag.py
[2026-07-19T19:45:20.551+0000] {logging_mixin.py:188} INFO - [2026-07-19T19:45:20.550+0000] {dag.py:3089} INFO - Sync 1 DAGs
[2026-07-19T19:45:20.561+0000] {logging_mixin.py:188} INFO - [2026-07-19T19:45:20.561+0000] {dag.py:3947} INFO - Setting next_dagrun for crypto_daily_pipeline to 2026-07-19 00:00:00+00:00, run_after=2026-07-20 00:00:00+00:00
[2026-07-19T19:45:20.567+0000] {processor.py:183} INFO - Processing /opt/airflow/dags/crypto_pipeline_dag.py took 0.052 seconds
[2026-07-19T19:45:50.699+0000] {processor.py:161} INFO - Started process (PID=986) to work on /opt/airflow/dags/crypto_pipeline_dag.py
[2026-07-19T19:45:50.700+0000] {processor.py:830} INFO - Processing file /opt/airflow/dags/crypto_pipeline_dag.py for tasks to queue
[2026-07-19T19:45:50.701+0000] {logging_mixin.py:188} INFO - [2026-07-19T19:45:50.701+0000] {dagbag.py:545} INFO - Filling up the DagBag from /opt/airflow/dags/crypto_pipeline_dag.py
[2026-07-19T19:45:50.709+0000] {processor.py:840} INFO - DAG(s) 'crypto_daily_pipeline' retrieved from /opt/airflow/dags/crypto_pipeline_dag.py
[2026-07-19T19:45:50.722+0000] {logging_mixin.py:188} INFO - [2026-07-19T19:45:50.721+0000] {dag.py:3089} INFO - Sync 1 DAGs
[2026-07-19T19:45:50.730+0000] {logging_mixin.py:188} INFO - [2026-07-19T19:45:50.730+0000] {dag.py:3947} INFO - Setting next_dagrun for crypto_daily_pipeline to 2026-07-19 00:00:00+00:00, run_after=2026-07-20 00:00:00+00:00
[2026-07-19T19:45:50.736+0000] {processor.py:183} INFO - Processing /opt/airflow/dags/crypto_pipeline_dag.py took 0.041 seconds
[2026-07-19T19:46:20.896+0000] {processor.py:161} INFO - Started process (PID=991) to work on /opt/airflow/dags/crypto_pipeline_dag.py
[2026-07-19T19:46:20.897+0000] {processor.py:830} INFO - Processing file /opt/airflow/dags/crypto_pipeline_dag.py for tasks to queue
[2026-07-19T19:46:20.897+0000] {logging_mixin.py:188} INFO - [2026-07-19T19:46:20.897+0000] {dagbag.py:545} INFO - Filling up the DagBag from /opt/airflow/dags/crypto_pipeline_dag.py
[2026-07-19T19:46:20.902+0000] {processor.py:840} INFO - DAG(s) 'crypto_daily_pipeline' retrieved from /opt/airflow/dags/crypto_pipeline_dag.py
[2026-07-19T19:46:20.914+0000] {logging_mixin.py:188} INFO - [2026-07-19T19:46:20.914+0000] {dag.py:3089} INFO - Sync 1 DAGs
[2026-07-19T19:46:20.922+0000] {logging_mixin.py:188} INFO - [2026-07-19T19:46:20.922+0000] {dag.py:3947} INFO - Setting next_dagrun for crypto_daily_pipeline to 2026-07-19 00:00:00+00:00, run_after=2026-07-20 00:00:00+00:00
[2026-07-19T19:46:20.927+0000] {processor.py:183} INFO - Processing /opt/airflow/dags/crypto_pipeline_dag.py took 0.034 seconds
[2026-07-19T19:46:51.098+0000] {processor.py:161} INFO - Started process (PID=996) to work on /opt/airflow/dags/crypto_pipeline_dag.py
[2026-07-19T19:46:51.098+0000] {processor.py:830} INFO - Processing file /opt/airflow/dags/crypto_pipeline_dag.py for tasks to queue
[2026-07-19T19:46:51.100+0000] {logging_mixin.py:188} INFO - [2026-07-19T19:46:51.099+0000] {dagbag.py:545} INFO - Filling up the DagBag from /opt/airflow/dags/crypto_pipeline_dag.py
[2026-07-19T19:46:51.105+0000] {processor.py:840} INFO - DAG(s) 'crypto_daily_pipeline' retrieved from /opt/airflow/dags/crypto_pipeline_dag.py
[2026-07-19T19:46:51.118+0000] {logging_mixin.py:188} INFO - [2026-07-19T19:46:51.118+0000] {dag.py:3089} INFO - Sync 1 DAGs
[2026-07-19T19:46:51.126+0000] {logging_mixin.py:188} INFO - [2026-07-19T19:46:51.126+0000] {dag.py:3947} INFO - Setting next_dagrun for crypto_daily_pipeline to 2026-07-19 00:00:00+00:00, run_after=2026-07-20 00:00:00+00:00
[2026-07-19T19:46:51.131+0000] {processor.py:183} INFO - Processing /opt/airflow/dags/crypto_pipeline_dag.py took 0.037 seconds
[2026-07-19T19:47:21.281+0000] {processor.py:161} INFO - Started process (PID=1001) to work on /opt/airflow/dags/crypto_pipeline_dag.py
[2026-07-19T19:47:21.282+0000] {processor.py:830} INFO - Processing file /opt/airflow/dags/crypto_pipeline_dag.py for tasks to queue
[2026-07-19T19:47:21.284+0000] {logging_mixin.py:188} INFO - [2026-07-19T19:47:21.283+0000] {dagbag.py:545} INFO - Filling up the DagBag from /opt/airflow/dags/crypto_pipeline_dag.py
[2026-07-19T19:47:21.293+0000] {processor.py:840} INFO - DAG(s) 'crypto_daily_pipeline' retrieved from /opt/airflow/dags/crypto_pipeline_dag.py
[2026-07-19T19:47:21.312+0000] {logging_mixin.py:188} INFO - [2026-07-19T19:47:21.311+0000] {dag.py:3089} INFO - Sync 1 DAGs
[2026-07-19T19:47:21.322+0000] {logging_mixin.py:188} INFO - [2026-07-19T19:47:21.322+0000] {dag.py:3947} INFO - Setting next_dagrun for crypto_daily_pipeline to 2026-07-19 00:00:00+00:00, run_after=2026-07-20 00:00:00+00:00
[2026-07-19T19:47:21.329+0000] {processor.py:183} INFO - Processing /opt/airflow/dags/crypto_pipeline_dag.py took 0.052 seconds
[2026-07-19T19:47:51.474+0000] {processor.py:161} INFO - Started process (PID=1006) to work on /opt/airflow/dags/crypto_pipeline_dag.py
[2026-07-19T19:47:51.475+0000] {processor.py:830} INFO - Processing file /opt/airflow/dags/crypto_pipeline_dag.py for tasks to queue
[2026-07-19T19:47:51.476+0000] {logging_mixin.py:188} INFO - [2026-07-19T19:47:51.476+0000] {dagbag.py:545} INFO - Filling up the DagBag from /opt/airflow/dags/crypto_pipeline_dag.py
[2026-07-19T19:47:51.485+0000] {processor.py:840} INFO - DAG(s) 'crypto_daily_pipeline' retrieved from /opt/airflow/dags/crypto_pipeline_dag.py
[2026-07-19T19:47:51.503+0000] {logging_mixin.py:188} INFO - [2026-07-19T19:47:51.502+0000] {dag.py:3089} INFO - Sync 1 DAGs
[2026-07-19T19:47:51.513+0000] {logging_mixin.py:188} INFO - [2026-07-19T19:47:51.513+0000] {dag.py:3947} INFO - Setting next_dagrun for crypto_daily_pipeline to 2026-07-19 00:00:00+00:00, run_after=2026-07-20 00:00:00+00:00
[2026-07-19T19:47:51.519+0000] {processor.py:183} INFO - Processing /opt/airflow/dags/crypto_pipeline_dag.py took 0.050 seconds
[2026-07-19T19:48:21.652+0000] {processor.py:161} INFO - Started process (PID=1011) to work on /opt/airflow/dags/crypto_pipeline_dag.py
[2026-07-19T19:48:21.652+0000] {processor.py:830} INFO - Processing file /opt/airflow/dags/crypto_pipeline_dag.py for tasks to queue
[2026-07-19T19:48:21.654+0000] {logging_mixin.py:188} INFO - [2026-07-19T19:48:21.653+0000] {dagbag.py:545} INFO - Filling up the DagBag from /opt/airflow/dags/crypto_pipeline_dag.py
[2026-07-19T19:48:21.662+0000] {processor.py:840} INFO - DAG(s) 'crypto_daily_pipeline' retrieved from /opt/airflow/dags/crypto_pipeline_dag.py
[2026-07-19T19:48:21.680+0000] {logging_mixin.py:188} INFO - [2026-07-19T19:48:21.680+0000] {dag.py:3089} INFO - Sync 1 DAGs
[2026-07-19T19:48:21.691+0000] {logging_mixin.py:188} INFO - [2026-07-19T19:48:21.690+0000] {dag.py:3947} INFO - Setting next_dagrun for crypto_daily_pipeline to 2026-07-19 00:00:00+00:00, run_after=2026-07-20 00:00:00+00:00
[2026-07-19T19:48:21.698+0000] {processor.py:183} INFO - Processing /opt/airflow/dags/crypto_pipeline_dag.py took 0.050 seconds
[2026-07-19T19:48:51.819+0000] {processor.py:161} INFO - Started process (PID=1016) to work on /opt/airflow/dags/crypto_pipeline_dag.py
[2026-07-19T19:48:51.820+0000] {processor.py:830} INFO - Processing file /opt/airflow/dags/crypto_pipeline_dag.py for tasks to queue
[2026-07-19T19:48:51.822+0000] {logging_mixin.py:188} INFO - [2026-07-19T19:48:51.822+0000] {dagbag.py:545} INFO - Filling up the DagBag from /opt/airflow/dags/crypto_pipeline_dag.py
[2026-07-19T19:48:51.831+0000] {processor.py:840} INFO - DAG(s) 'crypto_daily_pipeline' retrieved from /opt/airflow/dags/crypto_pipeline_dag.py
[2026-07-19T19:48:51.850+0000] {logging_mixin.py:188} INFO - [2026-07-19T19:48:51.849+0000] {dag.py:3089} INFO - Sync 1 DAGs
[2026-07-19T19:48:51.858+0000] {logging_mixin.py:188} INFO - [2026-07-19T19:48:51.858+0000] {dag.py:3947} INFO - Setting next_dagrun for crypto_daily_pipeline to 2026-07-19 00:00:00+00:00, run_after=2026-07-20 00:00:00+00:00
[2026-07-19T19:48:51.863+0000] {processor.py:183} INFO - Processing /opt/airflow/dags/crypto_pipeline_dag.py took 0.050 seconds
[2026-07-19T19:49:22.006+0000] {processor.py:161} INFO - Started process (PID=1021) to work on /opt/airflow/dags/crypto_pipeline_dag.py
[2026-07-19T19:49:22.007+0000] {processor.py:830} INFO - Processing file /opt/airflow/dags/crypto_pipeline_dag.py for tasks to queue
[2026-07-19T19:49:22.008+0000] {logging_mixin.py:188} INFO - [2026-07-19T19:49:22.008+0000] {dagbag.py:545} INFO - Filling up the DagBag from /opt/airflow/dags/crypto_pipeline_dag.py
[2026-07-19T19:49:22.018+0000] {processor.py:840} INFO - DAG(s) 'crypto_daily_pipeline' retrieved from /opt/airflow/dags/crypto_pipeline_dag.py
[2026-07-19T19:49:22.037+0000] {logging_mixin.py:188} INFO - [2026-07-19T19:49:22.037+0000] {dag.py:3089} INFO - Sync 1 DAGs
[2026-07-19T19:49:22.046+0000] {logging_mixin.py:188} INFO - [2026-07-19T19:49:22.046+0000] {dag.py:3947} INFO - Setting next_dagrun for crypto_daily_pipeline to 2026-07-19 00:00:00+00:00, run_after=2026-07-20 00:00:00+00:00
[2026-07-19T19:49:22.053+0000] {processor.py:183} INFO - Processing /opt/airflow/dags/crypto_pipeline_dag.py took 0.052 seconds
[2026-07-19T19:49:52.175+0000] {processor.py:161} INFO - Started process (PID=1026) to work on /opt/airflow/dags/crypto_pipeline_dag.py
[2026-07-19T19:49:52.175+0000] {processor.py:830} INFO - Processing file /opt/airflow/dags/crypto_pipeline_dag.py for tasks to queue
[2026-07-19T19:49:52.176+0000] {logging_mixin.py:188} INFO - [2026-07-19T19:49:52.176+0000] {dagbag.py:545} INFO - Filling up the DagBag from /opt/airflow/dags/crypto_pipeline_dag.py
[2026-07-19T19:49:52.187+0000] {processor.py:840} INFO - DAG(s) 'crypto_daily_pipeline' retrieved from /opt/airflow/dags/crypto_pipeline_dag.py
[2026-07-19T19:49:52.205+0000] {logging_mixin.py:188} INFO - [2026-07-19T19:49:52.205+0000] {dag.py:3089} INFO - Sync 1 DAGs
[2026-07-19T19:49:52.216+0000] {logging_mixin.py:188} INFO - [2026-07-19T19:49:52.216+0000] {dag.py:3947} INFO - Setting next_dagrun for crypto_daily_pipeline to 2026-07-19 00:00:00+00:00, run_after=2026-07-20 00:00:00+00:00
[2026-07-19T19:49:52.222+0000] {processor.py:183} INFO - Processing /opt/airflow/dags/crypto_pipeline_dag.py took 0.051 seconds
[2026-07-19T19:50:22.363+0000] {processor.py:161} INFO - Started process (PID=1031) to work on /opt/airflow/dags/crypto_pipeline_dag.py
[2026-07-19T19:50:22.364+0000] {processor.py:830} INFO - Processing file /opt/airflow/dags/crypto_pipeline_dag.py for tasks to queue
[2026-07-19T19:50:22.365+0000] {logging_mixin.py:188} INFO - [2026-07-19T19:50:22.365+0000] {dagbag.py:545} INFO - Filling up the DagBag from /opt/airflow/dags/crypto_pipeline_dag.py
[2026-07-19T19:50:22.376+0000] {processor.py:840} INFO - DAG(s) 'crypto_daily_pipeline' retrieved from /opt/airflow/dags/crypto_pipeline_dag.py
[2026-07-19T19:50:22.395+0000] {logging_mixin.py:188} INFO - [2026-07-19T19:50:22.395+0000] {dag.py:3089} INFO - Sync 1 DAGs
[2026-07-19T19:50:22.404+0000] {logging_mixin.py:188} INFO - [2026-07-19T19:50:22.404+0000] {dag.py:3947} INFO - Setting next_dagrun for crypto_daily_pipeline to 2026-07-19 00:00:00+00:00, run_after=2026-07-20 00:00:00+00:00
[2026-07-19T19:50:22.411+0000] {processor.py:183} INFO - Processing /opt/airflow/dags/crypto_pipeline_dag.py took 0.054 seconds
[2026-07-19T19:50:52.540+0000] {processor.py:161} INFO - Started process (PID=1036) to work on /opt/airflow/dags/crypto_pipeline_dag.py
[2026-07-19T19:50:52.541+0000] {processor.py:830} INFO - Processing file /opt/airflow/dags/crypto_pipeline_dag.py for tasks to queue
[2026-07-19T19:50:52.542+0000] {logging_mixin.py:188} INFO - [2026-07-19T19:50:52.542+0000] {dagbag.py:545} INFO - Filling up the DagBag from /opt/airflow/dags/crypto_pipeline_dag.py
[2026-07-19T19:50:52.551+0000] {processor.py:840} INFO - DAG(s) 'crypto_daily_pipeline' retrieved from /opt/airflow/dags/crypto_pipeline_dag.py
[2026-07-19T19:50:52.569+0000] {logging_mixin.py:188} INFO - [2026-07-19T19:50:52.569+0000] {dag.py:3089} INFO - Sync 1 DAGs
[2026-07-19T19:50:52.579+0000] {logging_mixin.py:188} INFO - [2026-07-19T19:50:52.579+0000] {dag.py:3947} INFO - Setting next_dagrun for crypto_daily_pipeline to 2026-07-19 00:00:00+00:00, run_after=2026-07-20 00:00:00+00:00
[2026-07-19T19:50:52.586+0000] {processor.py:183} INFO - Processing /opt/airflow/dags/crypto_pipeline_dag.py took 0.049 seconds
[2026-07-19T19:51:22.727+0000] {processor.py:161} INFO - Started process (PID=1041) to work on /opt/airflow/dags/crypto_pipeline_dag.py
[2026-07-19T19:51:22.727+0000] {processor.py:830} INFO - Processing file /opt/airflow/dags/crypto_pipeline_dag.py for tasks to queue
[2026-07-19T19:51:22.729+0000] {logging_mixin.py:188} INFO - [2026-07-19T19:51:22.729+0000] {dagbag.py:545} INFO - Filling up the DagBag from /opt/airflow/dags/crypto_pipeline_dag.py
[2026-07-19T19:51:22.738+0000] {processor.py:840} INFO - DAG(s) 'crypto_daily_pipeline' retrieved from /opt/airflow/dags/crypto_pipeline_dag.py
[2026-07-19T19:51:22.756+0000] {logging_mixin.py:188} INFO - [2026-07-19T19:51:22.756+0000] {dag.py:3089} INFO - Sync 1 DAGs
[2026-07-19T19:51:22.766+0000] {logging_mixin.py:188} INFO - [2026-07-19T19:51:22.765+0000] {dag.py:3947} INFO - Setting next_dagrun for crypto_daily_pipeline to 2026-07-19 00:00:00+00:00, run_after=2026-07-20 00:00:00+00:00
[2026-07-19T19:51:22.772+0000] {processor.py:183} INFO - Processing /opt/airflow/dags/crypto_pipeline_dag.py took 0.050 seconds
[2026-07-19T19:51:52.912+0000] {processor.py:161} INFO - Started process (PID=1046) to work on /opt/airflow/dags/crypto_pipeline_dag.py
[2026-07-19T19:51:52.913+0000] {processor.py:830} INFO - Processing file /opt/airflow/dags/crypto_pipeline_dag.py for tasks to queue
[2026-07-19T19:51:52.914+0000] {logging_mixin.py:188} INFO - [2026-07-19T19:51:52.914+0000] {dagbag.py:545} INFO - Filling up the DagBag from /opt/airflow/dags/crypto_pipeline_dag.py
[2026-07-19T19:51:52.923+0000] {processor.py:840} INFO - DAG(s) 'crypto_daily_pipeline' retrieved from /opt/airflow/dags/crypto_pipeline_dag.py
[2026-07-19T19:51:52.941+0000] {logging_mixin.py:188} INFO - [2026-07-19T19:51:52.941+0000] {dag.py:3089} INFO - Sync 1 DAGs
[2026-07-19T19:51:52.951+0000] {logging_mixin.py:188} INFO - [2026-07-19T19:51:52.950+0000] {dag.py:3947} INFO - Setting next_dagrun for crypto_daily_pipeline to 2026-07-19 00:00:00+00:00, run_after=2026-07-20 00:00:00+00:00
[2026-07-19T19:51:52.957+0000] {processor.py:183} INFO - Processing /opt/airflow/dags/crypto_pipeline_dag.py took 0.050 seconds
[2026-07-19T19:52:23.090+0000] {processor.py:161} INFO - Started process (PID=1051) to work on /opt/airflow/dags/crypto_pipeline_dag.py
[2026-07-19T19:52:23.091+0000] {processor.py:830} INFO - Processing file /opt/airflow/dags/crypto_pipeline_dag.py for tasks to queue
[2026-07-19T19:52:23.093+0000] {logging_mixin.py:188} INFO - [2026-07-19T19:52:23.093+0000] {dagbag.py:545} INFO - Filling up the DagBag from /opt/airflow/dags/crypto_pipeline_dag.py
[2026-07-19T19:52:23.102+0000] {processor.py:840} INFO - DAG(s) 'crypto_daily_pipeline' retrieved from /opt/airflow/dags/crypto_pipeline_dag.py
[2026-07-19T19:52:23.120+0000] {logging_mixin.py:188} INFO - [2026-07-19T19:52:23.120+0000] {dag.py:3089} INFO - Sync 1 DAGs
[2026-07-19T19:52:23.129+0000] {logging_mixin.py:188} INFO - [2026-07-19T19:52:23.129+0000] {dag.py:3947} INFO - Setting next_dagrun for crypto_daily_pipeline to 2026-07-19 00:00:00+00:00, run_after=2026-07-20 00:00:00+00:00
[2026-07-19T19:52:23.135+0000] {processor.py:183} INFO - Processing /opt/airflow/dags/crypto_pipeline_dag.py took 0.049 seconds
[2026-07-19T19:52:53.299+0000] {processor.py:161} INFO - Started process (PID=1056) to work on /opt/airflow/dags/crypto_pipeline_dag.py
[2026-07-19T19:52:53.300+0000] {processor.py:830} INFO - Processing file /opt/airflow/dags/crypto_pipeline_dag.py for tasks to queue
[2026-07-19T19:52:53.302+0000] {logging_mixin.py:188} INFO - [2026-07-19T19:52:53.302+0000] {dagbag.py:545} INFO - Filling up the DagBag from /opt/airflow/dags/crypto_pipeline_dag.py
[2026-07-19T19:52:53.311+0000] {processor.py:840} INFO - DAG(s) 'crypto_daily_pipeline' retrieved from /opt/airflow/dags/crypto_pipeline_dag.py
[2026-07-19T19:52:53.329+0000] {logging_mixin.py:188} INFO - [2026-07-19T19:52:53.329+0000] {dag.py:3089} INFO - Sync 1 DAGs
[2026-07-19T19:52:53.338+0000] {logging_mixin.py:188} INFO - [2026-07-19T19:52:53.338+0000] {dag.py:3947} INFO - Setting next_dagrun for crypto_daily_pipeline to 2026-07-19 00:00:00+00:00, run_after=2026-07-20 00:00:00+00:00
[2026-07-19T19:52:53.345+0000] {processor.py:183} INFO - Processing /opt/airflow/dags/crypto_pipeline_dag.py took 0.049 seconds
[2026-07-19T19:53:23.492+0000] {processor.py:161} INFO - Started process (PID=1061) to work on /opt/airflow/dags/crypto_pipeline_dag.py
[2026-07-19T19:53:23.493+0000] {processor.py:830} INFO - Processing file /opt/airflow/dags/crypto_pipeline_dag.py for tasks to queue
[2026-07-19T19:53:23.494+0000] {logging_mixin.py:188} INFO - [2026-07-19T19:53:23.494+0000] {dagbag.py:545} INFO - Filling up the DagBag from /opt/airflow/dags/crypto_pipeline_dag.py
[2026-07-19T19:53:23.504+0000] {processor.py:840} INFO - DAG(s) 'crypto_daily_pipeline' retrieved from /opt/airflow/dags/crypto_pipeline_dag.py
[2026-07-19T19:53:23.521+0000] {logging_mixin.py:188} INFO - [2026-07-19T19:53:23.521+0000] {dag.py:3089} INFO - Sync 1 DAGs
[2026-07-19T19:53:23.531+0000] {logging_mixin.py:188} INFO - [2026-07-19T19:53:23.531+0000] {dag.py:3947} INFO - Setting next_dagrun for crypto_daily_pipeline to 2026-07-19 00:00:00+00:00, run_after=2026-07-20 00:00:00+00:00
[2026-07-19T19:53:23.539+0000] {processor.py:183} INFO - Processing /opt/airflow/dags/crypto_pipeline_dag.py took 0.050 seconds
[2026-07-19T19:53:53.692+0000] {processor.py:161} INFO - Started process (PID=1066) to work on /opt/airflow/dags/crypto_pipeline_dag.py
[2026-07-19T19:53:53.694+0000] {processor.py:830} INFO - Processing file /opt/airflow/dags/crypto_pipeline_dag.py for tasks to queue
[2026-07-19T19:53:53.695+0000] {logging_mixin.py:188} INFO - [2026-07-19T19:53:53.695+0000] {dagbag.py:545} INFO - Filling up the DagBag from /opt/airflow/dags/crypto_pipeline_dag.py
[2026-07-19T19:53:53.705+0000] {processor.py:840} INFO - DAG(s) 'crypto_daily_pipeline' retrieved from /opt/airflow/dags/crypto_pipeline_dag.py
[2026-07-19T19:53:53.722+0000] {logging_mixin.py:188} INFO - [2026-07-19T19:53:53.722+0000] {dag.py:3089} INFO - Sync 1 DAGs
[2026-07-19T19:53:53.732+0000] {logging_mixin.py:188} INFO - [2026-07-19T19:53:53.732+0000] {dag.py:3947} INFO - Setting next_dagrun for crypto_daily_pipeline to 2026-07-19 00:00:00+00:00, run_after=2026-07-20 00:00:00+00:00
[2026-07-19T19:53:53.739+0000] {processor.py:183} INFO - Processing /opt/airflow/dags/crypto_pipeline_dag.py took 0.053 seconds
[2026-07-19T19:54:23.882+0000] {processor.py:161} INFO - Started process (PID=1071) to work on /opt/airflow/dags/crypto_pipeline_dag.py
[2026-07-19T19:54:23.883+0000] {processor.py:830} INFO - Processing file /opt/airflow/dags/crypto_pipeline_dag.py for tasks to queue
[2026-07-19T19:54:23.885+0000] {logging_mixin.py:188} INFO - [2026-07-19T19:54:23.885+0000] {dagbag.py:545} INFO - Filling up the DagBag from /opt/airflow/dags/crypto_pipeline_dag.py
[2026-07-19T19:54:23.894+0000] {processor.py:840} INFO - DAG(s) 'crypto_daily_pipeline' retrieved from /opt/airflow/dags/crypto_pipeline_dag.py
[2026-07-19T19:54:23.912+0000] {logging_mixin.py:188} INFO - [2026-07-19T19:54:23.912+0000] {dag.py:3089} INFO - Sync 1 DAGs
[2026-07-19T19:54:23.922+0000] {logging_mixin.py:188} INFO - [2026-07-19T19:54:23.922+0000] {dag.py:3947} INFO - Setting next_dagrun for crypto_daily_pipeline to 2026-07-19 00:00:00+00:00, run_after=2026-07-20 00:00:00+00:00
[2026-07-19T19:54:23.928+0000] {processor.py:183} INFO - Processing /opt/airflow/dags/crypto_pipeline_dag.py took 0.050 seconds
[2026-07-19T19:54:54.064+0000] {processor.py:161} INFO - Started process (PID=1076) to work on /opt/airflow/dags/crypto_pipeline_dag.py
[2026-07-19T19:54:54.065+0000] {processor.py:830} INFO - Processing file /opt/airflow/dags/crypto_pipeline_dag.py for tasks to queue
[2026-07-19T19:54:54.066+0000] {logging_mixin.py:188} INFO - [2026-07-19T19:54:54.066+0000] {dagbag.py:545} INFO - Filling up the DagBag from /opt/airflow/dags/crypto_pipeline_dag.py
[2026-07-19T19:54:54.075+0000] {processor.py:840} INFO - DAG(s) 'crypto_daily_pipeline' retrieved from /opt/airflow/dags/crypto_pipeline_dag.py
[2026-07-19T19:54:54.094+0000] {logging_mixin.py:188} INFO - [2026-07-19T19:54:54.094+0000] {dag.py:3089} INFO - Sync 1 DAGs
[2026-07-19T19:54:54.104+0000] {logging_mixin.py:188} INFO - [2026-07-19T19:54:54.104+0000] {dag.py:3947} INFO - Setting next_dagrun for crypto_daily_pipeline to 2026-07-19 00:00:00+00:00, run_after=2026-07-20 00:00:00+00:00
[2026-07-19T19:54:54.110+0000] {processor.py:183} INFO - Processing /opt/airflow/dags/crypto_pipeline_dag.py took 0.050 seconds
[2026-07-19T19:55:24.241+0000] {processor.py:161} INFO - Started process (PID=1081) to work on /opt/airflow/dags/crypto_pipeline_dag.py
[2026-07-19T19:55:24.242+0000] {processor.py:830} INFO - Processing file /opt/airflow/dags/crypto_pipeline_dag.py for tasks to queue
[2026-07-19T19:55:24.243+0000] {logging_mixin.py:188} INFO - [2026-07-19T19:55:24.243+0000] {dagbag.py:545} INFO - Filling up the DagBag from /opt/airflow/dags/crypto_pipeline_dag.py
[2026-07-19T19:55:24.251+0000] {processor.py:840} INFO - DAG(s) 'crypto_daily_pipeline' retrieved from /opt/airflow/dags/crypto_pipeline_dag.py
[2026-07-19T19:55:24.268+0000] {logging_mixin.py:188} INFO - [2026-07-19T19:55:24.268+0000] {dag.py:3089} INFO - Sync 1 DAGs
[2026-07-19T19:55:24.279+0000] {logging_mixin.py:188} INFO - [2026-07-19T19:55:24.279+0000] {dag.py:3947} INFO - Setting next_dagrun for crypto_daily_pipeline to 2026-07-19 00:00:00+00:00, run_after=2026-07-20 00:00:00+00:00
[2026-07-19T19:55:24.285+0000] {processor.py:183} INFO - Processing /opt/airflow/dags/crypto_pipeline_dag.py took 0.049 seconds
[2026-07-19T19:55:54.406+0000] {processor.py:161} INFO - Started process (PID=1086) to work on /opt/airflow/dags/crypto_pipeline_dag.py
[2026-07-19T19:55:54.406+0000] {processor.py:830} INFO - Processing file /opt/airflow/dags/crypto_pipeline_dag.py for tasks to queue
[2026-07-19T19:55:54.407+0000] {logging_mixin.py:188} INFO - [2026-07-19T19:55:54.407+0000] {dagbag.py:545} INFO - Filling up the DagBag from /opt/airflow/dags/crypto_pipeline_dag.py
[2026-07-19T19:55:54.412+0000] {processor.py:840} INFO - DAG(s) 'crypto_daily_pipeline' retrieved from /opt/airflow/dags/crypto_pipeline_dag.py
[2026-07-19T19:55:54.423+0000] {logging_mixin.py:188} INFO - [2026-07-19T19:55:54.423+0000] {dag.py:3089} INFO - Sync 1 DAGs
[2026-07-19T19:55:54.431+0000] {logging_mixin.py:188} INFO - [2026-07-19T19:55:54.431+0000] {dag.py:3947} INFO - Setting next_dagrun for crypto_daily_pipeline to 2026-07-19 00:00:00+00:00, run_after=2026-07-20 00:00:00+00:00
[2026-07-19T19:55:54.436+0000] {processor.py:183} INFO - Processing /opt/airflow/dags/crypto_pipeline_dag.py took 0.033 seconds
[2026-07-19T19:56:24.595+0000] {processor.py:161} INFO - Started process (PID=1091) to work on /opt/airflow/dags/crypto_pipeline_dag.py
[2026-07-19T19:56:24.596+0000] {processor.py:830} INFO - Processing file /opt/airflow/dags/crypto_pipeline_dag.py for tasks to queue
[2026-07-19T19:56:24.598+0000] {logging_mixin.py:188} INFO - [2026-07-19T19:56:24.597+0000] {dagbag.py:545} INFO - Filling up the DagBag from /opt/airflow/dags/crypto_pipeline_dag.py
[2026-07-19T19:56:24.607+0000] {processor.py:840} INFO - DAG(s) 'crypto_daily_pipeline' retrieved from /opt/airflow/dags/crypto_pipeline_dag.py
[2026-07-19T19:56:24.625+0000] {logging_mixin.py:188} INFO - [2026-07-19T19:56:24.625+0000] {dag.py:3089} INFO - Sync 1 DAGs
[2026-07-19T19:56:24.634+0000] {logging_mixin.py:188} INFO - [2026-07-19T19:56:24.634+0000] {dag.py:3947} INFO - Setting next_dagrun for crypto_daily_pipeline to 2026-07-19 00:00:00+00:00, run_after=2026-07-20 00:00:00+00:00
[2026-07-19T19:56:24.641+0000] {processor.py:183} INFO - Processing /opt/airflow/dags/crypto_pipeline_dag.py took 0.049 seconds
[2026-07-19T19:56:54.765+0000] {processor.py:161} INFO - Started process (PID=1096) to work on /opt/airflow/dags/crypto_pipeline_dag.py
[2026-07-19T19:56:54.765+0000] {processor.py:830} INFO - Processing file /opt/airflow/dags/crypto_pipeline_dag.py for tasks to queue
[2026-07-19T19:56:54.766+0000] {logging_mixin.py:188} INFO - [2026-07-19T19:56:54.766+0000] {dagbag.py:545} INFO - Filling up the DagBag from /opt/airflow/dags/crypto_pipeline_dag.py
[2026-07-19T19:56:54.770+0000] {processor.py:840} INFO - DAG(s) 'crypto_daily_pipeline' retrieved from /opt/airflow/dags/crypto_pipeline_dag.py
[2026-07-19T19:56:54.780+0000] {logging_mixin.py:188} INFO - [2026-07-19T19:56:54.780+0000] {dag.py:3089} INFO - Sync 1 DAGs
[2026-07-19T19:56:54.788+0000] {logging_mixin.py:188} INFO - [2026-07-19T19:56:54.788+0000] {dag.py:3947} INFO - Setting next_dagrun for crypto_daily_pipeline to 2026-07-19 00:00:00+00:00, run_after=2026-07-20 00:00:00+00:00
[2026-07-19T19:56:54.793+0000] {processor.py:183} INFO - Processing /opt/airflow/dags/crypto_pipeline_dag.py took 0.030 seconds
[2026-07-19T19:57:24.949+0000] {processor.py:161} INFO - Started process (PID=1101) to work on /opt/airflow/dags/crypto_pipeline_dag.py
[2026-07-19T19:57:24.950+0000] {processor.py:830} INFO - Processing file /opt/airflow/dags/crypto_pipeline_dag.py for tasks to queue
[2026-07-19T19:57:24.952+0000] {logging_mixin.py:188} INFO - [2026-07-19T19:57:24.951+0000] {dagbag.py:545} INFO - Filling up the DagBag from /opt/airflow/dags/crypto_pipeline_dag.py
[2026-07-19T19:57:24.961+0000] {processor.py:840} INFO - DAG(s) 'crypto_daily_pipeline' retrieved from /opt/airflow/dags/crypto_pipeline_dag.py
[2026-07-19T19:57:24.979+0000] {logging_mixin.py:188} INFO - [2026-07-19T19:57:24.979+0000] {dag.py:3089} INFO - Sync 1 DAGs
[2026-07-19T19:57:24.989+0000] {logging_mixin.py:188} INFO - [2026-07-19T19:57:24.989+0000] {dag.py:3947} INFO - Setting next_dagrun for crypto_daily_pipeline to 2026-07-19 00:00:00+00:00, run_after=2026-07-20 00:00:00+00:00
[2026-07-19T19:57:24.995+0000] {processor.py:183} INFO - Processing /opt/airflow/dags/crypto_pipeline_dag.py took 0.050 seconds
[2026-07-19T19:57:55.123+0000] {processor.py:161} INFO - Started process (PID=1106) to work on /opt/airflow/dags/crypto_pipeline_dag.py
[2026-07-19T19:57:55.124+0000] {processor.py:830} INFO - Processing file /opt/airflow/dags/crypto_pipeline_dag.py for tasks to queue
[2026-07-19T19:57:55.126+0000] {logging_mixin.py:188} INFO - [2026-07-19T19:57:55.125+0000] {dagbag.py:545} INFO - Filling up the DagBag from /opt/airflow/dags/crypto_pipeline_dag.py
[2026-07-19T19:57:55.135+0000] {processor.py:840} INFO - DAG(s) 'crypto_daily_pipeline' retrieved from /opt/airflow/dags/crypto_pipeline_dag.py
[2026-07-19T19:57:55.153+0000] {logging_mixin.py:188} INFO - [2026-07-19T19:57:55.153+0000] {dag.py:3089} INFO - Sync 1 DAGs
[2026-07-19T19:57:55.163+0000] {logging_mixin.py:188} INFO - [2026-07-19T19:57:55.163+0000] {dag.py:3947} INFO - Setting next_dagrun for crypto_daily_pipeline to 2026-07-19 00:00:00+00:00, run_after=2026-07-20 00:00:00+00:00
[2026-07-19T19:57:55.169+0000] {processor.py:183} INFO - Processing /opt/airflow/dags/crypto_pipeline_dag.py took 0.049 seconds
[2026-07-19T19:58:25.296+0000] {processor.py:161} INFO - Started process (PID=1111) to work on /opt/airflow/dags/crypto_pipeline_dag.py
[2026-07-19T19:58:25.297+0000] {processor.py:830} INFO - Processing file /opt/airflow/dags/crypto_pipeline_dag.py for tasks to queue
[2026-07-19T19:58:25.298+0000] {logging_mixin.py:188} INFO - [2026-07-19T19:58:25.298+0000] {dagbag.py:545} INFO - Filling up the DagBag from /opt/airflow/dags/crypto_pipeline_dag.py
[2026-07-19T19:58:25.309+0000] {processor.py:840} INFO - DAG(s) 'crypto_daily_pipeline' retrieved from /opt/airflow/dags/crypto_pipeline_dag.py
[2026-07-19T19:58:25.328+0000] {logging_mixin.py:188} INFO - [2026-07-19T19:58:25.328+0000] {dag.py:3089} INFO - Sync 1 DAGs
[2026-07-19T19:58:25.338+0000] {logging_mixin.py:188} INFO - [2026-07-19T19:58:25.338+0000] {dag.py:3947} INFO - Setting next_dagrun for crypto_daily_pipeline to 2026-07-19 00:00:00+00:00, run_after=2026-07-20 00:00:00+00:00
[2026-07-19T19:58:25.344+0000] {processor.py:183} INFO - Processing /opt/airflow/dags/crypto_pipeline_dag.py took 0.054 seconds
[2026-07-19T19:58:55.491+0000] {processor.py:161} INFO - Started process (PID=1116) to work on /opt/airflow/dags/crypto_pipeline_dag.py
[2026-07-19T19:58:55.492+0000] {processor.py:830} INFO - Processing file /opt/airflow/dags/crypto_pipeline_dag.py for tasks to queue
[2026-07-19T19:58:55.493+0000] {logging_mixin.py:188} INFO - [2026-07-19T19:58:55.493+0000] {dagbag.py:545} INFO - Filling up the DagBag from /opt/airflow/dags/crypto_pipeline_dag.py
[2026-07-19T19:58:55.501+0000] {processor.py:840} INFO - DAG(s) 'crypto_daily_pipeline' retrieved from /opt/airflow/dags/crypto_pipeline_dag.py
[2026-07-19T19:58:55.520+0000] {logging_mixin.py:188} INFO - [2026-07-19T19:58:55.520+0000] {dag.py:3089} INFO - Sync 1 DAGs
[2026-07-19T19:58:55.530+0000] {logging_mixin.py:188} INFO - [2026-07-19T19:58:55.530+0000] {dag.py:3947} INFO - Setting next_dagrun for crypto_daily_pipeline to 2026-07-19 00:00:00+00:00, run_after=2026-07-20 00:00:00+00:00
[2026-07-19T19:58:55.537+0000] {processor.py:183} INFO - Processing /opt/airflow/dags/crypto_pipeline_dag.py took 0.049 seconds
[2026-07-19T19:59:25.691+0000] {processor.py:161} INFO - Started process (PID=1121) to work on /opt/airflow/dags/crypto_pipeline_dag.py
[2026-07-19T19:59:25.692+0000] {processor.py:830} INFO - Processing file /opt/airflow/dags/crypto_pipeline_dag.py for tasks to queue
[2026-07-19T19:59:25.693+0000] {logging_mixin.py:188} INFO - [2026-07-19T19:59:25.693+0000] {dagbag.py:545} INFO - Filling up the DagBag from /opt/airflow/dags/crypto_pipeline_dag.py
[2026-07-19T19:59:25.703+0000] {processor.py:840} INFO - DAG(s) 'crypto_daily_pipeline' retrieved from /opt/airflow/dags/crypto_pipeline_dag.py
[2026-07-19T19:59:25.721+0000] {logging_mixin.py:188} INFO - [2026-07-19T19:59:25.721+0000] {dag.py:3089} INFO - Sync 1 DAGs
[2026-07-19T19:59:25.731+0000] {logging_mixin.py:188} INFO - [2026-07-19T19:59:25.731+0000] {dag.py:3947} INFO - Setting next_dagrun for crypto_daily_pipeline to 2026-07-19 00:00:00+00:00, run_after=2026-07-20 00:00:00+00:00
[2026-07-19T19:59:25.740+0000] {processor.py:183} INFO - Processing /opt/airflow/dags/crypto_pipeline_dag.py took 0.052 seconds
[2026-07-19T19:59:55.880+0000] {processor.py:161} INFO - Started process (PID=1126) to work on /opt/airflow/dags/crypto_pipeline_dag.py
[2026-07-19T19:59:55.881+0000] {processor.py:830} INFO - Processing file /opt/airflow/dags/crypto_pipeline_dag.py for tasks to queue
[2026-07-19T19:59:55.883+0000] {logging_mixin.py:188} INFO - [2026-07-19T19:59:55.882+0000] {dagbag.py:545} INFO - Filling up the DagBag from /opt/airflow/dags/crypto_pipeline_dag.py
[2026-07-19T19:59:55.892+0000] {processor.py:840} INFO - DAG(s) 'crypto_daily_pipeline' retrieved from /opt/airflow/dags/crypto_pipeline_dag.py
[2026-07-19T19:59:55.909+0000] {logging_mixin.py:188} INFO - [2026-07-19T19:59:55.909+0000] {dag.py:3089} INFO - Sync 1 DAGs
[2026-07-19T19:59:55.917+0000] {logging_mixin.py:188} INFO - [2026-07-19T19:59:55.917+0000] {dag.py:3947} INFO - Setting next_dagrun for crypto_daily_pipeline to 2026-07-19 00:00:00+00:00, run_after=2026-07-20 00:00:00+00:00
[2026-07-19T19:59:55.923+0000] {processor.py:183} INFO - Processing /opt/airflow/dags/crypto_pipeline_dag.py took 0.047 seconds
[2026-07-19T20:00:26.061+0000] {processor.py:161} INFO - Started process (PID=1131) to work on /opt/airflow/dags/crypto_pipeline_dag.py
[2026-07-19T20:00:26.062+0000] {processor.py:830} INFO - Processing file /opt/airflow/dags/crypto_pipeline_dag.py for tasks to queue
[2026-07-19T20:00:26.063+0000] {logging_mixin.py:188} INFO - [2026-07-19T20:00:26.063+0000] {dagbag.py:545} INFO - Filling up the DagBag from /opt/airflow/dags/crypto_pipeline_dag.py
[2026-07-19T20:00:26.071+0000] {processor.py:840} INFO - DAG(s) 'crypto_daily_pipeline' retrieved from /opt/airflow/dags/crypto_pipeline_dag.py
[2026-07-19T20:00:26.089+0000] {logging_mixin.py:188} INFO - [2026-07-19T20:00:26.088+0000] {dag.py:3089} INFO - Sync 1 DAGs
[2026-07-19T20:00:26.097+0000] {logging_mixin.py:188} INFO - [2026-07-19T20:00:26.097+0000] {dag.py:3947} INFO - Setting next_dagrun for crypto_daily_pipeline to 2026-07-19 00:00:00+00:00, run_after=2026-07-20 00:00:00+00:00
[2026-07-19T20:00:26.103+0000] {processor.py:183} INFO - Processing /opt/airflow/dags/crypto_pipeline_dag.py took 0.047 seconds
[2026-07-19T20:00:56.245+0000] {processor.py:161} INFO - Started process (PID=1136) to work on /opt/airflow/dags/crypto_pipeline_dag.py
[2026-07-19T20:00:56.246+0000] {processor.py:830} INFO - Processing file /opt/airflow/dags/crypto_pipeline_dag.py for tasks to queue
[2026-07-19T20:00:56.248+0000] {logging_mixin.py:188} INFO - [2026-07-19T20:00:56.247+0000] {dagbag.py:545} INFO - Filling up the DagBag from /opt/airflow/dags/crypto_pipeline_dag.py
[2026-07-19T20:00:56.257+0000] {processor.py:840} INFO - DAG(s) 'crypto_daily_pipeline' retrieved from /opt/airflow/dags/crypto_pipeline_dag.py
[2026-07-19T20:00:56.276+0000] {logging_mixin.py:188} INFO - [2026-07-19T20:00:56.276+0000] {dag.py:3089} INFO - Sync 1 DAGs
[2026-07-19T20:00:56.287+0000] {logging_mixin.py:188} INFO - [2026-07-19T20:00:56.287+0000] {dag.py:3947} INFO - Setting next_dagrun for crypto_daily_pipeline to 2026-07-19 00:00:00+00:00, run_after=2026-07-20 00:00:00+00:00
[2026-07-19T20:00:56.293+0000] {processor.py:183} INFO - Processing /opt/airflow/dags/crypto_pipeline_dag.py took 0.052 seconds
[2026-07-19T20:01:26.435+0000] {processor.py:161} INFO - Started process (PID=1141) to work on /opt/airflow/dags/crypto_pipeline_dag.py
[2026-07-19T20:01:26.435+0000] {processor.py:830} INFO - Processing file /opt/airflow/dags/crypto_pipeline_dag.py for tasks to queue
[2026-07-19T20:01:26.437+0000] {logging_mixin.py:188} INFO - [2026-07-19T20:01:26.436+0000] {dagbag.py:545} INFO - Filling up the DagBag from /opt/airflow/dags/crypto_pipeline_dag.py
[2026-07-19T20:01:26.445+0000] {processor.py:840} INFO - DAG(s) 'crypto_daily_pipeline' retrieved from /opt/airflow/dags/crypto_pipeline_dag.py
[2026-07-19T20:01:26.463+0000] {logging_mixin.py:188} INFO - [2026-07-19T20:01:26.463+0000] {dag.py:3089} INFO - Sync 1 DAGs
[2026-07-19T20:01:26.473+0000] {logging_mixin.py:188} INFO - [2026-07-19T20:01:26.473+0000] {dag.py:3947} INFO - Setting next_dagrun for crypto_daily_pipeline to 2026-07-19 00:00:00+00:00, run_after=2026-07-20 00:00:00+00:00
[2026-07-19T20:01:26.480+0000] {processor.py:183} INFO - Processing /opt/airflow/dags/crypto_pipeline_dag.py took 0.048 seconds
[2026-07-19T20:01:56.615+0000] {processor.py:161} INFO - Started process (PID=1146) to work on /opt/airflow/dags/crypto_pipeline_dag.py
[2026-07-19T20:01:56.615+0000] {processor.py:830} INFO - Processing file /opt/airflow/dags/crypto_pipeline_dag.py for tasks to queue
[2026-07-19T20:01:56.617+0000] {logging_mixin.py:188} INFO - [2026-07-19T20:01:56.616+0000] {dagbag.py:545} INFO - Filling up the DagBag from /opt/airflow/dags/crypto_pipeline_dag.py
[2026-07-19T20:01:56.624+0000] {processor.py:840} INFO - DAG(s) 'crypto_daily_pipeline' retrieved from /opt/airflow/dags/crypto_pipeline_dag.py
[2026-07-19T20:01:56.641+0000] {logging_mixin.py:188} INFO - [2026-07-19T20:01:56.641+0000] {dag.py:3089} INFO - Sync 1 DAGs
[2026-07-19T20:01:56.650+0000] {logging_mixin.py:188} INFO - [2026-07-19T20:01:56.650+0000] {dag.py:3947} INFO - Setting next_dagrun for crypto_daily_pipeline to 2026-07-19 00:00:00+00:00, run_after=2026-07-20 00:00:00+00:00
[2026-07-19T20:01:56.656+0000] {processor.py:183} INFO - Processing /opt/airflow/dags/crypto_pipeline_dag.py took 0.045 seconds
[2026-07-19T20:02:26.816+0000] {processor.py:161} INFO - Started process (PID=1151) to work on /opt/airflow/dags/crypto_pipeline_dag.py
[2026-07-19T20:02:26.817+0000] {processor.py:830} INFO - Processing file /opt/airflow/dags/crypto_pipeline_dag.py for tasks to queue
[2026-07-19T20:02:26.818+0000] {logging_mixin.py:188} INFO - [2026-07-19T20:02:26.818+0000] {dagbag.py:545} INFO - Filling up the DagBag from /opt/airflow/dags/crypto_pipeline_dag.py
[2026-07-19T20:02:26.827+0000] {processor.py:840} INFO - DAG(s) 'crypto_daily_pipeline' retrieved from /opt/airflow/dags/crypto_pipeline_dag.py
[2026-07-19T20:02:26.846+0000] {logging_mixin.py:188} INFO - [2026-07-19T20:02:26.846+0000] {dag.py:3089} INFO - Sync 1 DAGs
[2026-07-19T20:02:26.856+0000] {logging_mixin.py:188} INFO - [2026-07-19T20:02:26.855+0000] {dag.py:3947} INFO - Setting next_dagrun for crypto_daily_pipeline to 2026-07-19 00:00:00+00:00, run_after=2026-07-20 00:00:00+00:00
[2026-07-19T20:02:26.862+0000] {processor.py:183} INFO - Processing /opt/airflow/dags/crypto_pipeline_dag.py took 0.049 seconds
[2026-07-19T20:02:57.006+0000] {processor.py:161} INFO - Started process (PID=1156) to work on /opt/airflow/dags/crypto_pipeline_dag.py
[2026-07-19T20:02:57.007+0000] {processor.py:830} INFO - Processing file /opt/airflow/dags/crypto_pipeline_dag.py for tasks to queue
[2026-07-19T20:02:57.009+0000] {logging_mixin.py:188} INFO - [2026-07-19T20:02:57.008+0000] {dagbag.py:545} INFO - Filling up the DagBag from /opt/airflow/dags/crypto_pipeline_dag.py
[2026-07-19T20:02:57.018+0000] {processor.py:840} INFO - DAG(s) 'crypto_daily_pipeline' retrieved from /opt/airflow/dags/crypto_pipeline_dag.py
[2026-07-19T20:02:57.036+0000] {logging_mixin.py:188} INFO - [2026-07-19T20:02:57.035+0000] {dag.py:3089} INFO - Sync 1 DAGs
[2026-07-19T20:02:57.046+0000] {logging_mixin.py:188} INFO - [2026-07-19T20:02:57.046+0000] {dag.py:3947} INFO - Setting next_dagrun for crypto_daily_pipeline to 2026-07-19 00:00:00+00:00, run_after=2026-07-20 00:00:00+00:00
[2026-07-19T20:02:57.052+0000] {processor.py:183} INFO - Processing /opt/airflow/dags/crypto_pipeline_dag.py took 0.050 seconds
[2026-07-19T20:03:27.194+0000] {processor.py:161} INFO - Started process (PID=1161) to work on /opt/airflow/dags/crypto_pipeline_dag.py
[2026-07-19T20:03:27.195+0000] {processor.py:830} INFO - Processing file /opt/airflow/dags/crypto_pipeline_dag.py for tasks to queue
[2026-07-19T20:03:27.196+0000] {logging_mixin.py:188} INFO - [2026-07-19T20:03:27.196+0000] {dagbag.py:545} INFO - Filling up the DagBag from /opt/airflow/dags/crypto_pipeline_dag.py
[2026-07-19T20:03:27.205+0000] {processor.py:840} INFO - DAG(s) 'crypto_daily_pipeline' retrieved from /opt/airflow/dags/crypto_pipeline_dag.py
[2026-07-19T20:03:27.224+0000] {logging_mixin.py:188} INFO - [2026-07-19T20:03:27.224+0000] {dag.py:3089} INFO - Sync 1 DAGs
[2026-07-19T20:03:27.233+0000] {logging_mixin.py:188} INFO - [2026-07-19T20:03:27.233+0000] {dag.py:3947} INFO - Setting next_dagrun for crypto_daily_pipeline to 2026-07-19 00:00:00+00:00, run_after=2026-07-20 00:00:00+00:00
[2026-07-19T20:03:27.240+0000] {processor.py:183} INFO - Processing /opt/airflow/dags/crypto_pipeline_dag.py took 0.050 seconds
[2026-07-19T20:03:57.376+0000] {processor.py:161} INFO - Started process (PID=1166) to work on /opt/airflow/dags/crypto_pipeline_dag.py
[2026-07-19T20:03:57.377+0000] {processor.py:830} INFO - Processing file /opt/airflow/dags/crypto_pipeline_dag.py for tasks to queue
[2026-07-19T20:03:57.378+0000] {logging_mixin.py:188} INFO - [2026-07-19T20:03:57.378+0000] {dagbag.py:545} INFO - Filling up the DagBag from /opt/airflow/dags/crypto_pipeline_dag.py
[2026-07-19T20:03:57.388+0000] {processor.py:840} INFO - DAG(s) 'crypto_daily_pipeline' retrieved from /opt/airflow/dags/crypto_pipeline_dag.py
[2026-07-19T20:03:57.407+0000] {logging_mixin.py:188} INFO - [2026-07-19T20:03:57.407+0000] {dag.py:3089} INFO - Sync 1 DAGs
[2026-07-19T20:03:57.418+0000] {logging_mixin.py:188} INFO - [2026-07-19T20:03:57.418+0000] {dag.py:3947} INFO - Setting next_dagrun for crypto_daily_pipeline to 2026-07-19 00:00:00+00:00, run_after=2026-07-20 00:00:00+00:00
[2026-07-19T20:03:57.424+0000] {processor.py:183} INFO - Processing /opt/airflow/dags/crypto_pipeline_dag.py took 0.052 seconds
[2026-07-19T20:04:27.552+0000] {processor.py:161} INFO - Started process (PID=1171) to work on /opt/airflow/dags/crypto_pipeline_dag.py
[2026-07-19T20:04:27.553+0000] {processor.py:830} INFO - Processing file /opt/airflow/dags/crypto_pipeline_dag.py for tasks to queue
[2026-07-19T20:04:27.554+0000] {logging_mixin.py:188} INFO - [2026-07-19T20:04:27.554+0000] {dagbag.py:545} INFO - Filling up the DagBag from /opt/airflow/dags/crypto_pipeline_dag.py
[2026-07-19T20:04:27.561+0000] {processor.py:840} INFO - DAG(s) 'crypto_daily_pipeline' retrieved from /opt/airflow/dags/crypto_pipeline_dag.py
[2026-07-19T20:04:27.577+0000] {logging_mixin.py:188} INFO - [2026-07-19T20:04:27.577+0000] {dag.py:3089} INFO - Sync 1 DAGs
[2026-07-19T20:04:27.587+0000] {logging_mixin.py:188} INFO - [2026-07-19T20:04:27.587+0000] {dag.py:3947} INFO - Setting next_dagrun for crypto_daily_pipeline to 2026-07-19 00:00:00+00:00, run_after=2026-07-20 00:00:00+00:00
[2026-07-19T20:04:27.596+0000] {processor.py:183} INFO - Processing /opt/airflow/dags/crypto_pipeline_dag.py took 0.048 seconds
[2026-07-19T20:04:57.734+0000] {processor.py:161} INFO - Started process (PID=1176) to work on /opt/airflow/dags/crypto_pipeline_dag.py
[2026-07-19T20:04:57.734+0000] {processor.py:830} INFO - Processing file /opt/airflow/dags/crypto_pipeline_dag.py for tasks to queue
[2026-07-19T20:04:57.735+0000] {logging_mixin.py:188} INFO - [2026-07-19T20:04:57.735+0000] {dagbag.py:545} INFO - Filling up the DagBag from /opt/airflow/dags/crypto_pipeline_dag.py
[2026-07-19T20:04:57.741+0000] {processor.py:840} INFO - DAG(s) 'crypto_daily_pipeline' retrieved from /opt/airflow/dags/crypto_pipeline_dag.py
[2026-07-19T20:04:57.753+0000] {logging_mixin.py:188} INFO - [2026-07-19T20:04:57.753+0000] {dag.py:3089} INFO - Sync 1 DAGs
[2026-07-19T20:04:57.761+0000] {logging_mixin.py:188} INFO - [2026-07-19T20:04:57.761+0000] {dag.py:3947} INFO - Setting next_dagrun for crypto_daily_pipeline to 2026-07-19 00:00:00+00:00, run_after=2026-07-20 00:00:00+00:00
[2026-07-19T20:04:57.768+0000] {processor.py:183} INFO - Processing /opt/airflow/dags/crypto_pipeline_dag.py took 0.037 seconds
[2026-07-19T20:05:27.929+0000] {processor.py:161} INFO - Started process (PID=1181) to work on /opt/airflow/dags/crypto_pipeline_dag.py
[2026-07-19T20:05:27.930+0000] {processor.py:830} INFO - Processing file /opt/airflow/dags/crypto_pipeline_dag.py for tasks to queue
[2026-07-19T20:05:27.930+0000] {logging_mixin.py:188} INFO - [2026-07-19T20:05:27.930+0000] {dagbag.py:545} INFO - Filling up the DagBag from /opt/airflow/dags/crypto_pipeline_dag.py
[2026-07-19T20:05:27.936+0000] {processor.py:840} INFO - DAG(s) 'crypto_daily_pipeline' retrieved from /opt/airflow/dags/crypto_pipeline_dag.py
[2026-07-19T20:05:27.948+0000] {logging_mixin.py:188} INFO - [2026-07-19T20:05:27.948+0000] {dag.py:3089} INFO - Sync 1 DAGs
[2026-07-19T20:05:27.956+0000] {logging_mixin.py:188} INFO - [2026-07-19T20:05:27.956+0000] {dag.py:3947} INFO - Setting next_dagrun for crypto_daily_pipeline to 2026-07-19 00:00:00+00:00, run_after=2026-07-20 00:00:00+00:00
[2026-07-19T20:05:27.966+0000] {processor.py:183} INFO - Processing /opt/airflow/dags/crypto_pipeline_dag.py took 0.039 seconds
[2026-07-19T20:05:58.107+0000] {processor.py:161} INFO - Started process (PID=1186) to work on /opt/airflow/dags/crypto_pipeline_dag.py
[2026-07-19T20:05:58.108+0000] {processor.py:830} INFO - Processing file /opt/airflow/dags/crypto_pipeline_dag.py for tasks to queue
[2026-07-19T20:05:58.109+0000] {logging_mixin.py:188} INFO - [2026-07-19T20:05:58.108+0000] {dagbag.py:545} INFO - Filling up the DagBag from /opt/airflow/dags/crypto_pipeline_dag.py
[2026-07-19T20:05:58.114+0000] {processor.py:840} INFO - DAG(s) 'crypto_daily_pipeline' retrieved from /opt/airflow/dags/crypto_pipeline_dag.py
[2026-07-19T20:05:58.126+0000] {logging_mixin.py:188} INFO - [2026-07-19T20:05:58.126+0000] {dag.py:3089} INFO - Sync 1 DAGs
[2026-07-19T20:05:58.134+0000] {logging_mixin.py:188} INFO - [2026-07-19T20:05:58.134+0000] {dag.py:3947} INFO - Setting next_dagrun for crypto_daily_pipeline to 2026-07-19 00:00:00+00:00, run_after=2026-07-20 00:00:00+00:00
[2026-07-19T20:05:58.140+0000] {processor.py:183} INFO - Processing /opt/airflow/dags/crypto_pipeline_dag.py took 0.035 seconds
[2026-07-19T20:06:28.282+0000] {processor.py:161} INFO - Started process (PID=1191) to work on /opt/airflow/dags/crypto_pipeline_dag.py
[2026-07-19T20:06:28.282+0000] {processor.py:830} INFO - Processing file /opt/airflow/dags/crypto_pipeline_dag.py for tasks to queue
[2026-07-19T20:06:28.283+0000] {logging_mixin.py:188} INFO - [2026-07-19T20:06:28.283+0000] {dagbag.py:545} INFO - Filling up the DagBag from /opt/airflow/dags/crypto_pipeline_dag.py
[2026-07-19T20:06:28.288+0000] {processor.py:840} INFO - DAG(s) 'crypto_daily_pipeline' retrieved from /opt/airflow/dags/crypto_pipeline_dag.py
[2026-07-19T20:06:28.299+0000] {logging_mixin.py:188} INFO - [2026-07-19T20:06:28.299+0000] {dag.py:3089} INFO - Sync 1 DAGs
[2026-07-19T20:06:28.307+0000] {logging_mixin.py:188} INFO - [2026-07-19T20:06:28.307+0000] {dag.py:3947} INFO - Setting next_dagrun for crypto_daily_pipeline to 2026-07-19 00:00:00+00:00, run_after=2026-07-20 00:00:00+00:00
[2026-07-19T20:06:28.313+0000] {processor.py:183} INFO - Processing /opt/airflow/dags/crypto_pipeline_dag.py took 0.034 seconds
[2026-07-19T20:06:58.459+0000] {processor.py:161} INFO - Started process (PID=1196) to work on /opt/airflow/dags/crypto_pipeline_dag.py
[2026-07-19T20:06:58.459+0000] {processor.py:830} INFO - Processing file /opt/airflow/dags/crypto_pipeline_dag.py for tasks to queue
[2026-07-19T20:06:58.460+0000] {logging_mixin.py:188} INFO - [2026-07-19T20:06:58.460+0000] {dagbag.py:545} INFO - Filling up the DagBag from /opt/airflow/dags/crypto_pipeline_dag.py
[2026-07-19T20:06:58.464+0000] {processor.py:840} INFO - DAG(s) 'crypto_daily_pipeline' retrieved from /opt/airflow/dags/crypto_pipeline_dag.py
[2026-07-19T20:06:58.475+0000] {logging_mixin.py:188} INFO - [2026-07-19T20:06:58.475+0000] {dag.py:3089} INFO - Sync 1 DAGs
[2026-07-19T20:06:58.483+0000] {logging_mixin.py:188} INFO - [2026-07-19T20:06:58.483+0000] {dag.py:3947} INFO - Setting next_dagrun for crypto_daily_pipeline to 2026-07-19 00:00:00+00:00, run_after=2026-07-20 00:00:00+00:00
[2026-07-19T20:06:58.489+0000] {processor.py:183} INFO - Processing /opt/airflow/dags/crypto_pipeline_dag.py took 0.033 seconds
[2026-07-19T20:07:28.635+0000] {processor.py:161} INFO - Started process (PID=1201) to work on /opt/airflow/dags/crypto_pipeline_dag.py
[2026-07-19T20:07:28.635+0000] {processor.py:830} INFO - Processing file /opt/airflow/dags/crypto_pipeline_dag.py for tasks to queue
[2026-07-19T20:07:28.636+0000] {logging_mixin.py:188} INFO - [2026-07-19T20:07:28.636+0000] {dagbag.py:545} INFO - Filling up the DagBag from /opt/airflow/dags/crypto_pipeline_dag.py
[2026-07-19T20:07:28.642+0000] {processor.py:840} INFO - DAG(s) 'crypto_daily_pipeline' retrieved from /opt/airflow/dags/crypto_pipeline_dag.py
[2026-07-19T20:07:28.653+0000] {logging_mixin.py:188} INFO - [2026-07-19T20:07:28.653+0000] {dag.py:3089} INFO - Sync 1 DAGs
[2026-07-19T20:07:28.660+0000] {logging_mixin.py:188} INFO - [2026-07-19T20:07:28.660+0000] {dag.py:3947} INFO - Setting next_dagrun for crypto_daily_pipeline to 2026-07-19 00:00:00+00:00, run_after=2026-07-20 00:00:00+00:00
[2026-07-19T20:07:28.666+0000] {processor.py:183} INFO - Processing /opt/airflow/dags/crypto_pipeline_dag.py took 0.034 seconds
[2026-07-19T20:07:58.840+0000] {processor.py:161} INFO - Started process (PID=1206) to work on /opt/airflow/dags/crypto_pipeline_dag.py
[2026-07-19T20:07:58.841+0000] {processor.py:830} INFO - Processing file /opt/airflow/dags/crypto_pipeline_dag.py for tasks to queue
[2026-07-19T20:07:58.842+0000] {logging_mixin.py:188} INFO - [2026-07-19T20:07:58.841+0000] {dagbag.py:545} INFO - Filling up the DagBag from /opt/airflow/dags/crypto_pipeline_dag.py
[2026-07-19T20:07:58.846+0000] {processor.py:840} INFO - DAG(s) 'crypto_daily_pipeline' retrieved from /opt/airflow/dags/crypto_pipeline_dag.py
[2026-07-19T20:07:58.858+0000] {logging_mixin.py:188} INFO - [2026-07-19T20:07:58.858+0000] {dag.py:3089} INFO - Sync 1 DAGs
[2026-07-19T20:07:58.865+0000] {logging_mixin.py:188} INFO - [2026-07-19T20:07:58.865+0000] {dag.py:3947} INFO - Setting next_dagrun for crypto_daily_pipeline to 2026-07-19 00:00:00+00:00, run_after=2026-07-20 00:00:00+00:00
[2026-07-19T20:07:58.871+0000] {processor.py:183} INFO - Processing /opt/airflow/dags/crypto_pipeline_dag.py took 0.033 seconds
[2026-07-19T20:08:29.021+0000] {processor.py:161} INFO - Started process (PID=1211) to work on /opt/airflow/dags/crypto_pipeline_dag.py
[2026-07-19T20:08:29.021+0000] {processor.py:830} INFO - Processing file /opt/airflow/dags/crypto_pipeline_dag.py for tasks to queue
[2026-07-19T20:08:29.022+0000] {logging_mixin.py:188} INFO - [2026-07-19T20:08:29.022+0000] {dagbag.py:545} INFO - Filling up the DagBag from /opt/airflow/dags/crypto_pipeline_dag.py
[2026-07-19T20:08:29.028+0000] {processor.py:840} INFO - DAG(s) 'crypto_daily_pipeline' retrieved from /opt/airflow/dags/crypto_pipeline_dag.py
[2026-07-19T20:08:29.039+0000] {logging_mixin.py:188} INFO - [2026-07-19T20:08:29.039+0000] {dag.py:3089} INFO - Sync 1 DAGs
[2026-07-19T20:08:29.046+0000] {logging_mixin.py:188} INFO - [2026-07-19T20:08:29.046+0000] {dag.py:3947} INFO - Setting next_dagrun for crypto_daily_pipeline to 2026-07-19 00:00:00+00:00, run_after=2026-07-20 00:00:00+00:00
[2026-07-19T20:08:29.051+0000] {processor.py:183} INFO - Processing /opt/airflow/dags/crypto_pipeline_dag.py took 0.033 seconds
[2026-07-19T20:08:59.194+0000] {processor.py:161} INFO - Started process (PID=1216) to work on /opt/airflow/dags/crypto_pipeline_dag.py
[2026-07-19T20:08:59.195+0000] {processor.py:830} INFO - Processing file /opt/airflow/dags/crypto_pipeline_dag.py for tasks to queue
[2026-07-19T20:08:59.196+0000] {logging_mixin.py:188} INFO - [2026-07-19T20:08:59.195+0000] {dagbag.py:545} INFO - Filling up the DagBag from /opt/airflow/dags/crypto_pipeline_dag.py
[2026-07-19T20:08:59.201+0000] {processor.py:840} INFO - DAG(s) 'crypto_daily_pipeline' retrieved from /opt/airflow/dags/crypto_pipeline_dag.py
[2026-07-19T20:08:59.212+0000] {logging_mixin.py:188} INFO - [2026-07-19T20:08:59.211+0000] {dag.py:3089} INFO - Sync 1 DAGs
[2026-07-19T20:08:59.219+0000] {logging_mixin.py:188} INFO - [2026-07-19T20:08:59.219+0000] {dag.py:3947} INFO - Setting next_dagrun for crypto_daily_pipeline to 2026-07-19 00:00:00+00:00, run_after=2026-07-20 00:00:00+00:00
[2026-07-19T20:08:59.225+0000] {processor.py:183} INFO - Processing /opt/airflow/dags/crypto_pipeline_dag.py took 0.034 seconds
[2026-07-19T20:09:29.362+0000] {processor.py:161} INFO - Started process (PID=1221) to work on /opt/airflow/dags/crypto_pipeline_dag.py
[2026-07-19T20:09:29.363+0000] {processor.py:830} INFO - Processing file /opt/airflow/dags/crypto_pipeline_dag.py for tasks to queue
[2026-07-19T20:09:29.364+0000] {logging_mixin.py:188} INFO - [2026-07-19T20:09:29.364+0000] {dagbag.py:545} INFO - Filling up the DagBag from /opt/airflow/dags/crypto_pipeline_dag.py
[2026-07-19T20:09:29.369+0000] {processor.py:840} INFO - DAG(s) 'crypto_daily_pipeline' retrieved from /opt/airflow/dags/crypto_pipeline_dag.py
[2026-07-19T20:09:29.380+0000] {logging_mixin.py:188} INFO - [2026-07-19T20:09:29.380+0000] {dag.py:3089} INFO - Sync 1 DAGs
[2026-07-19T20:09:29.387+0000] {logging_mixin.py:188} INFO - [2026-07-19T20:09:29.387+0000] {dag.py:3947} INFO - Setting next_dagrun for crypto_daily_pipeline to 2026-07-19 00:00:00+00:00, run_after=2026-07-20 00:00:00+00:00
[2026-07-19T20:09:29.392+0000] {processor.py:183} INFO - Processing /opt/airflow/dags/crypto_pipeline_dag.py took 0.033 seconds
[2026-07-19T20:09:59.544+0000] {processor.py:161} INFO - Started process (PID=1226) to work on /opt/airflow/dags/crypto_pipeline_dag.py
[2026-07-19T20:09:59.545+0000] {processor.py:830} INFO - Processing file /opt/airflow/dags/crypto_pipeline_dag.py for tasks to queue
[2026-07-19T20:09:59.547+0000] {logging_mixin.py:188} INFO - [2026-07-19T20:09:59.546+0000] {dagbag.py:545} INFO - Filling up the DagBag from /opt/airflow/dags/crypto_pipeline_dag.py
[2026-07-19T20:09:59.556+0000] {processor.py:840} INFO - DAG(s) 'crypto_daily_pipeline' retrieved from /opt/airflow/dags/crypto_pipeline_dag.py
[2026-07-19T20:09:59.574+0000] {logging_mixin.py:188} INFO - [2026-07-19T20:09:59.574+0000] {dag.py:3089} INFO - Sync 1 DAGs
[2026-07-19T20:09:59.583+0000] {logging_mixin.py:188} INFO - [2026-07-19T20:09:59.583+0000] {dag.py:3947} INFO - Setting next_dagrun for crypto_daily_pipeline to 2026-07-19 00:00:00+00:00, run_after=2026-07-20 00:00:00+00:00
[2026-07-19T20:09:59.589+0000] {processor.py:183} INFO - Processing /opt/airflow/dags/crypto_pipeline_dag.py took 0.050 seconds
[2026-07-19T20:10:29.742+0000] {processor.py:161} INFO - Started process (PID=1231) to work on /opt/airflow/dags/crypto_pipeline_dag.py
[2026-07-19T20:10:29.743+0000] {processor.py:830} INFO - Processing file /opt/airflow/dags/crypto_pipeline_dag.py for tasks to queue
[2026-07-19T20:10:29.744+0000] {logging_mixin.py:188} INFO - [2026-07-19T20:10:29.744+0000] {dagbag.py:545} INFO - Filling up the DagBag from /opt/airflow/dags/crypto_pipeline_dag.py
[2026-07-19T20:10:29.754+0000] {processor.py:840} INFO - DAG(s) 'crypto_daily_pipeline' retrieved from /opt/airflow/dags/crypto_pipeline_dag.py
[2026-07-19T20:10:29.773+0000] {logging_mixin.py:188} INFO - [2026-07-19T20:10:29.773+0000] {dag.py:3089} INFO - Sync 1 DAGs
[2026-07-19T20:10:29.782+0000] {logging_mixin.py:188} INFO - [2026-07-19T20:10:29.782+0000] {dag.py:3947} INFO - Setting next_dagrun for crypto_daily_pipeline to 2026-07-19 00:00:00+00:00, run_after=2026-07-20 00:00:00+00:00
[2026-07-19T20:10:29.789+0000] {processor.py:183} INFO - Processing /opt/airflow/dags/crypto_pipeline_dag.py took 0.052 seconds
[2026-07-19T20:10:59.924+0000] {processor.py:161} INFO - Started process (PID=1236) to work on /opt/airflow/dags/crypto_pipeline_dag.py
[2026-07-19T20:10:59.926+0000] {processor.py:830} INFO - Processing file /opt/airflow/dags/crypto_pipeline_dag.py for tasks to queue
[2026-07-19T20:10:59.928+0000] {logging_mixin.py:188} INFO - [2026-07-19T20:10:59.927+0000] {dagbag.py:545} INFO - Filling up the DagBag from /opt/airflow/dags/crypto_pipeline_dag.py
[2026-07-19T20:10:59.939+0000] {processor.py:840} INFO - DAG(s) 'crypto_daily_pipeline' retrieved from /opt/airflow/dags/crypto_pipeline_dag.py
[2026-07-19T20:10:59.958+0000] {logging_mixin.py:188} INFO - [2026-07-19T20:10:59.958+0000] {dag.py:3089} INFO - Sync 1 DAGs
[2026-07-19T20:10:59.967+0000] {logging_mixin.py:188} INFO - [2026-07-19T20:10:59.967+0000] {dag.py:3947} INFO - Setting next_dagrun for crypto_daily_pipeline to 2026-07-19 00:00:00+00:00, run_after=2026-07-20 00:00:00+00:00
[2026-07-19T20:10:59.973+0000] {processor.py:183} INFO - Processing /opt/airflow/dags/crypto_pipeline_dag.py took 0.055 seconds
[2026-07-19T20:11:30.115+0000] {processor.py:161} INFO - Started process (PID=1241) to work on /opt/airflow/dags/crypto_pipeline_dag.py
[2026-07-19T20:11:30.116+0000] {processor.py:830} INFO - Processing file /opt/airflow/dags/crypto_pipeline_dag.py for tasks to queue
[2026-07-19T20:11:30.117+0000] {logging_mixin.py:188} INFO - [2026-07-19T20:11:30.117+0000] {dagbag.py:545} INFO - Filling up the DagBag from /opt/airflow/dags/crypto_pipeline_dag.py
[2026-07-19T20:11:30.129+0000] {processor.py:840} INFO - DAG(s) 'crypto_daily_pipeline' retrieved from /opt/airflow/dags/crypto_pipeline_dag.py
[2026-07-19T20:11:30.147+0000] {logging_mixin.py:188} INFO - [2026-07-19T20:11:30.146+0000] {dag.py:3089} INFO - Sync 1 DAGs
[2026-07-19T20:11:30.156+0000] {logging_mixin.py:188} INFO - [2026-07-19T20:11:30.156+0000] {dag.py:3947} INFO - Setting next_dagrun for crypto_daily_pipeline to 2026-07-19 00:00:00+00:00, run_after=2026-07-20 00:00:00+00:00
[2026-07-19T20:11:30.163+0000] {processor.py:183} INFO - Processing /opt/airflow/dags/crypto_pipeline_dag.py took 0.054 seconds
[2026-07-19T20:12:00.305+0000] {processor.py:161} INFO - Started process (PID=1246) to work on /opt/airflow/dags/crypto_pipeline_dag.py
[2026-07-19T20:12:00.306+0000] {processor.py:830} INFO - Processing file /opt/airflow/dags/crypto_pipeline_dag.py for tasks to queue
[2026-07-19T20:12:00.308+0000] {logging_mixin.py:188} INFO - [2026-07-19T20:12:00.307+0000] {dagbag.py:545} INFO - Filling up the DagBag from /opt/airflow/dags/crypto_pipeline_dag.py
[2026-07-19T20:12:00.320+0000] {processor.py:840} INFO - DAG(s) 'crypto_daily_pipeline' retrieved from /opt/airflow/dags/crypto_pipeline_dag.py
[2026-07-19T20:12:00.340+0000] {logging_mixin.py:188} INFO - [2026-07-19T20:12:00.340+0000] {dag.py:3089} INFO - Sync 1 DAGs
[2026-07-19T20:12:00.350+0000] {logging_mixin.py:188} INFO - [2026-07-19T20:12:00.349+0000] {dag.py:3947} INFO - Setting next_dagrun for crypto_daily_pipeline to 2026-07-19 00:00:00+00:00, run_after=2026-07-20 00:00:00+00:00
[2026-07-19T20:12:00.356+0000] {processor.py:183} INFO - Processing /opt/airflow/dags/crypto_pipeline_dag.py took 0.056 seconds
[2026-07-19T20:12:30.493+0000] {processor.py:161} INFO - Started process (PID=1251) to work on /opt/airflow/dags/crypto_pipeline_dag.py
[2026-07-19T20:12:30.494+0000] {processor.py:830} INFO - Processing file /opt/airflow/dags/crypto_pipeline_dag.py for tasks to queue
[2026-07-19T20:12:30.495+0000] {logging_mixin.py:188} INFO - [2026-07-19T20:12:30.495+0000] {dagbag.py:545} INFO - Filling up the DagBag from /opt/airflow/dags/crypto_pipeline_dag.py
[2026-07-19T20:12:30.504+0000] {processor.py:840} INFO - DAG(s) 'crypto_daily_pipeline' retrieved from /opt/airflow/dags/crypto_pipeline_dag.py
[2026-07-19T20:12:30.522+0000] {logging_mixin.py:188} INFO - [2026-07-19T20:12:30.522+0000] {dag.py:3089} INFO - Sync 1 DAGs
[2026-07-19T20:12:30.538+0000] {logging_mixin.py:188} INFO - [2026-07-19T20:12:30.537+0000] {dag.py:3947} INFO - Setting next_dagrun for crypto_daily_pipeline to 2026-07-19 00:00:00+00:00, run_after=2026-07-20 00:00:00+00:00
[2026-07-19T20:12:30.551+0000] {processor.py:183} INFO - Processing /opt/airflow/dags/crypto_pipeline_dag.py took 0.063 seconds
[2026-07-19T20:13:00.727+0000] {processor.py:161} INFO - Started process (PID=1256) to work on /opt/airflow/dags/crypto_pipeline_dag.py
[2026-07-19T20:13:00.728+0000] {processor.py:830} INFO - Processing file /opt/airflow/dags/crypto_pipeline_dag.py for tasks to queue
[2026-07-19T20:13:00.730+0000] {logging_mixin.py:188} INFO - [2026-07-19T20:13:00.730+0000] {dagbag.py:545} INFO - Filling up the DagBag from /opt/airflow/dags/crypto_pipeline_dag.py
[2026-07-19T20:13:00.742+0000] {processor.py:840} INFO - DAG(s) 'crypto_daily_pipeline' retrieved from /opt/airflow/dags/crypto_pipeline_dag.py
[2026-07-19T20:13:00.762+0000] {logging_mixin.py:188} INFO - [2026-07-19T20:13:00.762+0000] {dag.py:3089} INFO - Sync 1 DAGs
[2026-07-19T20:13:00.771+0000] {logging_mixin.py:188} INFO - [2026-07-19T20:13:00.771+0000] {dag.py:3947} INFO - Setting next_dagrun for crypto_daily_pipeline to 2026-07-19 00:00:00+00:00, run_after=2026-07-20 00:00:00+00:00
[2026-07-19T20:13:00.777+0000] {processor.py:183} INFO - Processing /opt/airflow/dags/crypto_pipeline_dag.py took 0.056 seconds
[2026-07-19T20:13:30.920+0000] {processor.py:161} INFO - Started process (PID=1261) to work on /opt/airflow/dags/crypto_pipeline_dag.py
[2026-07-19T20:13:30.921+0000] {processor.py:830} INFO - Processing file /opt/airflow/dags/crypto_pipeline_dag.py for tasks to queue
[2026-07-19T20:13:30.923+0000] {logging_mixin.py:188} INFO - [2026-07-19T20:13:30.922+0000] {dagbag.py:545} INFO - Filling up the DagBag from /opt/airflow/dags/crypto_pipeline_dag.py
[2026-07-19T20:13:30.932+0000] {processor.py:840} INFO - DAG(s) 'crypto_daily_pipeline' retrieved from /opt/airflow/dags/crypto_pipeline_dag.py
[2026-07-19T20:13:30.951+0000] {logging_mixin.py:188} INFO - [2026-07-19T20:13:30.950+0000] {dag.py:3089} INFO - Sync 1 DAGs
[2026-07-19T20:13:30.960+0000] {logging_mixin.py:188} INFO - [2026-07-19T20:13:30.960+0000] {dag.py:3947} INFO - Setting next_dagrun for crypto_daily_pipeline to 2026-07-19 00:00:00+00:00, run_after=2026-07-20 00:00:00+00:00
[2026-07-19T20:13:30.967+0000] {processor.py:183} INFO - Processing /opt/airflow/dags/crypto_pipeline_dag.py took 0.052 seconds
[2026-07-19T20:14:01.136+0000] {processor.py:161} INFO - Started process (PID=1266) to work on /opt/airflow/dags/crypto_pipeline_dag.py
[2026-07-19T20:14:01.137+0000] {processor.py:830} INFO - Processing file /opt/airflow/dags/crypto_pipeline_dag.py for tasks to queue
[2026-07-19T20:14:01.138+0000] {logging_mixin.py:188} INFO - [2026-07-19T20:14:01.138+0000] {dagbag.py:545} INFO - Filling up the DagBag from /opt/airflow/dags/crypto_pipeline_dag.py
[2026-07-19T20:14:01.147+0000] {processor.py:840} INFO - DAG(s) 'crypto_daily_pipeline' retrieved from /opt/airflow/dags/crypto_pipeline_dag.py
[2026-07-19T20:14:01.165+0000] {logging_mixin.py:188} INFO - [2026-07-19T20:14:01.165+0000] {dag.py:3089} INFO - Sync 1 DAGs
[2026-07-19T20:14:01.173+0000] {logging_mixin.py:188} INFO - [2026-07-19T20:14:01.173+0000] {dag.py:3947} INFO - Setting next_dagrun for crypto_daily_pipeline to 2026-07-19 00:00:00+00:00, run_after=2026-07-20 00:00:00+00:00
[2026-07-19T20:14:01.183+0000] {processor.py:183} INFO - Processing /opt/airflow/dags/crypto_pipeline_dag.py took 0.052 seconds
[2026-07-19T20:14:31.312+0000] {processor.py:161} INFO - Started process (PID=1271) to work on /opt/airflow/dags/crypto_pipeline_dag.py
[2026-07-19T20:14:31.312+0000] {processor.py:830} INFO - Processing file /opt/airflow/dags/crypto_pipeline_dag.py for tasks to queue
[2026-07-19T20:14:31.314+0000] {logging_mixin.py:188} INFO - [2026-07-19T20:14:31.313+0000] {dagbag.py:545} INFO - Filling up the DagBag from /opt/airflow/dags/crypto_pipeline_dag.py
[2026-07-19T20:14:31.331+0000] {processor.py:840} INFO - DAG(s) 'crypto_daily_pipeline' retrieved from /opt/airflow/dags/crypto_pipeline_dag.py
[2026-07-19T20:14:31.378+0000] {logging_mixin.py:188} INFO - [2026-07-19T20:14:31.378+0000] {dag.py:3089} INFO - Sync 1 DAGs
[2026-07-19T20:14:31.384+0000] {logging_mixin.py:188} INFO - [2026-07-19T20:14:31.384+0000] {dag.py:3947} INFO - Setting next_dagrun for crypto_daily_pipeline to 2026-07-19 00:00:00+00:00, run_after=2026-07-20 00:00:00+00:00
[2026-07-19T20:14:31.390+0000] {processor.py:183} INFO - Processing /opt/airflow/dags/crypto_pipeline_dag.py took 0.082 seconds
[2026-07-19T20:15:01.492+0000] {processor.py:161} INFO - Started process (PID=1276) to work on /opt/airflow/dags/crypto_pipeline_dag.py
[2026-07-19T20:15:01.493+0000] {processor.py:830} INFO - Processing file /opt/airflow/dags/crypto_pipeline_dag.py for tasks to queue
[2026-07-19T20:15:01.495+0000] {logging_mixin.py:188} INFO - [2026-07-19T20:15:01.494+0000] {dagbag.py:545} INFO - Filling up the DagBag from /opt/airflow/dags/crypto_pipeline_dag.py
[2026-07-19T20:15:01.504+0000] {processor.py:840} INFO - DAG(s) 'crypto_daily_pipeline' retrieved from /opt/airflow/dags/crypto_pipeline_dag.py
[2026-07-19T20:15:01.523+0000] {logging_mixin.py:188} INFO - [2026-07-19T20:15:01.523+0000] {dag.py:3089} INFO - Sync 1 DAGs
[2026-07-19T20:15:01.534+0000] {logging_mixin.py:188} INFO - [2026-07-19T20:15:01.534+0000] {dag.py:3947} INFO - Setting next_dagrun for crypto_daily_pipeline to 2026-07-19 00:00:00+00:00, run_after=2026-07-20 00:00:00+00:00
[2026-07-19T20:15:01.540+0000] {processor.py:183} INFO - Processing /opt/airflow/dags/crypto_pipeline_dag.py took 0.053 seconds
[2026-07-19T20:15:31.688+0000] {processor.py:161} INFO - Started process (PID=1281) to work on /opt/airflow/dags/crypto_pipeline_dag.py
[2026-07-19T20:15:31.689+0000] {processor.py:830} INFO - Processing file /opt/airflow/dags/crypto_pipeline_dag.py for tasks to queue
[2026-07-19T20:15:31.691+0000] {logging_mixin.py:188} INFO - [2026-07-19T20:15:31.690+0000] {dagbag.py:545} INFO - Filling up the DagBag from /opt/airflow/dags/crypto_pipeline_dag.py
[2026-07-19T20:15:31.700+0000] {processor.py:840} INFO - DAG(s) 'crypto_daily_pipeline' retrieved from /opt/airflow/dags/crypto_pipeline_dag.py
[2026-07-19T20:15:31.718+0000] {logging_mixin.py:188} INFO - [2026-07-19T20:15:31.718+0000] {dag.py:3089} INFO - Sync 1 DAGs
[2026-07-19T20:15:31.728+0000] {logging_mixin.py:188} INFO - [2026-07-19T20:15:31.728+0000] {dag.py:3947} INFO - Setting next_dagrun for crypto_daily_pipeline to 2026-07-19 00:00:00+00:00, run_after=2026-07-20 00:00:00+00:00
[2026-07-19T20:15:31.734+0000] {processor.py:183} INFO - Processing /opt/airflow/dags/crypto_pipeline_dag.py took 0.051 seconds
[2026-07-19T20:16:01.891+0000] {processor.py:161} INFO - Started process (PID=1286) to work on /opt/airflow/dags/crypto_pipeline_dag.py
[2026-07-19T20:16:01.892+0000] {processor.py:830} INFO - Processing file /opt/airflow/dags/crypto_pipeline_dag.py for tasks to queue
[2026-07-19T20:16:01.894+0000] {logging_mixin.py:188} INFO - [2026-07-19T20:16:01.894+0000] {dagbag.py:545} INFO - Filling up the DagBag from /opt/airflow/dags/crypto_pipeline_dag.py
[2026-07-19T20:16:01.907+0000] {processor.py:840} INFO - DAG(s) 'crypto_daily_pipeline' retrieved from /opt/airflow/dags/crypto_pipeline_dag.py
[2026-07-19T20:16:01.927+0000] {logging_mixin.py:188} INFO - [2026-07-19T20:16:01.926+0000] {dag.py:3089} INFO - Sync 1 DAGs
[2026-07-19T20:16:01.936+0000] {logging_mixin.py:188} INFO - [2026-07-19T20:16:01.936+0000] {dag.py:3947} INFO - Setting next_dagrun for crypto_daily_pipeline to 2026-07-19 00:00:00+00:00, run_after=2026-07-20 00:00:00+00:00
[2026-07-19T20:16:01.942+0000] {processor.py:183} INFO - Processing /opt/airflow/dags/crypto_pipeline_dag.py took 0.057 seconds
[2026-07-19T20:16:32.082+0000] {processor.py:161} INFO - Started process (PID=1291) to work on /opt/airflow/dags/crypto_pipeline_dag.py
[2026-07-19T20:16:32.083+0000] {processor.py:830} INFO - Processing file /opt/airflow/dags/crypto_pipeline_dag.py for tasks to queue
[2026-07-19T20:16:32.085+0000] {logging_mixin.py:188} INFO - [2026-07-19T20:16:32.084+0000] {dagbag.py:545} INFO - Filling up the DagBag from /opt/airflow/dags/crypto_pipeline_dag.py
[2026-07-19T20:16:32.096+0000] {processor.py:840} INFO - DAG(s) 'crypto_daily_pipeline' retrieved from /opt/airflow/dags/crypto_pipeline_dag.py
[2026-07-19T20:16:32.117+0000] {logging_mixin.py:188} INFO - [2026-07-19T20:16:32.117+0000] {dag.py:3089} INFO - Sync 1 DAGs
[2026-07-19T20:16:32.127+0000] {logging_mixin.py:188} INFO - [2026-07-19T20:16:32.127+0000] {dag.py:3947} INFO - Setting next_dagrun for crypto_daily_pipeline to 2026-07-19 00:00:00+00:00, run_after=2026-07-20 00:00:00+00:00
[2026-07-19T20:16:32.134+0000] {processor.py:183} INFO - Processing /opt/airflow/dags/crypto_pipeline_dag.py took 0.057 seconds
[2026-07-19T20:17:02.290+0000] {processor.py:161} INFO - Started process (PID=1296) to work on /opt/airflow/dags/crypto_pipeline_dag.py
[2026-07-19T20:17:02.291+0000] {processor.py:830} INFO - Processing file /opt/airflow/dags/crypto_pipeline_dag.py for tasks to queue
[2026-07-19T20:17:02.292+0000] {logging_mixin.py:188} INFO - [2026-07-19T20:17:02.292+0000] {dagbag.py:545} INFO - Filling up the DagBag from /opt/airflow/dags/crypto_pipeline_dag.py
[2026-07-19T20:17:02.305+0000] {processor.py:840} INFO - DAG(s) 'crypto_daily_pipeline' retrieved from /opt/airflow/dags/crypto_pipeline_dag.py
[2026-07-19T20:17:02.329+0000] {logging_mixin.py:188} INFO - [2026-07-19T20:17:02.329+0000] {dag.py:3089} INFO - Sync 1 DAGs
[2026-07-19T20:17:02.343+0000] {logging_mixin.py:188} INFO - [2026-07-19T20:17:02.343+0000] {dag.py:3947} INFO - Setting next_dagrun for crypto_daily_pipeline to 2026-07-19 00:00:00+00:00, run_after=2026-07-20 00:00:00+00:00
[2026-07-19T20:17:02.351+0000] {processor.py:183} INFO - Processing /opt/airflow/dags/crypto_pipeline_dag.py took 0.066 seconds
[2026-07-19T20:17:32.480+0000] {processor.py:161} INFO - Started process (PID=1301) to work on /opt/airflow/dags/crypto_pipeline_dag.py
[2026-07-19T20:17:32.481+0000] {processor.py:830} INFO - Processing file /opt/airflow/dags/crypto_pipeline_dag.py for tasks to queue
[2026-07-19T20:17:32.483+0000] {logging_mixin.py:188} INFO - [2026-07-19T20:17:32.483+0000] {dagbag.py:545} INFO - Filling up the DagBag from /opt/airflow/dags/crypto_pipeline_dag.py
[2026-07-19T20:17:32.493+0000] {processor.py:840} INFO - DAG(s) 'crypto_daily_pipeline' retrieved from /opt/airflow/dags/crypto_pipeline_dag.py
[2026-07-19T20:17:32.515+0000] {logging_mixin.py:188} INFO - [2026-07-19T20:17:32.515+0000] {dag.py:3089} INFO - Sync 1 DAGs
[2026-07-19T20:17:32.526+0000] {logging_mixin.py:188} INFO - [2026-07-19T20:17:32.526+0000] {dag.py:3947} INFO - Setting next_dagrun for crypto_daily_pipeline to 2026-07-19 00:00:00+00:00, run_after=2026-07-20 00:00:00+00:00
[2026-07-19T20:17:32.533+0000] {processor.py:183} INFO - Processing /opt/airflow/dags/crypto_pipeline_dag.py took 0.057 seconds
[2026-07-19T20:18:02.651+0000] {processor.py:161} INFO - Started process (PID=1306) to work on /opt/airflow/dags/crypto_pipeline_dag.py
[2026-07-19T20:18:02.652+0000] {processor.py:830} INFO - Processing file /opt/airflow/dags/crypto_pipeline_dag.py for tasks to queue
[2026-07-19T20:18:02.653+0000] {logging_mixin.py:188} INFO - [2026-07-19T20:18:02.653+0000] {dagbag.py:545} INFO - Filling up the DagBag from /opt/airflow/dags/crypto_pipeline_dag.py
[2026-07-19T20:18:02.660+0000] {processor.py:840} INFO - DAG(s) 'crypto_daily_pipeline' retrieved from /opt/airflow/dags/crypto_pipeline_dag.py
[2026-07-19T20:18:02.677+0000] {logging_mixin.py:188} INFO - [2026-07-19T20:18:02.677+0000] {dag.py:3089} INFO - Sync 1 DAGs
[2026-07-19T20:18:02.692+0000] {logging_mixin.py:188} INFO - [2026-07-19T20:18:02.692+0000] {dag.py:3947} INFO - Setting next_dagrun for crypto_daily_pipeline to 2026-07-19 00:00:00+00:00, run_after=2026-07-20 00:00:00+00:00
[2026-07-19T20:18:02.706+0000] {processor.py:183} INFO - Processing /opt/airflow/dags/crypto_pipeline_dag.py took 0.059 seconds
[2026-07-19T20:18:38.964+0000] {processor.py:161} INFO - Started process (PID=166) to work on /opt/airflow/dags/crypto_pipeline_dag.py
[2026-07-19T20:18:38.970+0000] {processor.py:830} INFO - Processing file /opt/airflow/dags/crypto_pipeline_dag.py for tasks to queue
[2026-07-19T20:18:38.977+0000] {logging_mixin.py:188} INFO - [2026-07-19T20:18:38.977+0000] {dagbag.py:545} INFO - Filling up the DagBag from /opt/airflow/dags/crypto_pipeline_dag.py
[2026-07-19T20:18:39.002+0000] {processor.py:840} INFO - DAG(s) 'crypto_daily_pipeline' retrieved from /opt/airflow/dags/crypto_pipeline_dag.py
[2026-07-19T20:18:39.058+0000] {logging_mixin.py:188} INFO - [2026-07-19T20:18:39.058+0000] {dag.py:3089} INFO - Sync 1 DAGs
[2026-07-19T20:18:39.065+0000] {logging_mixin.py:188} INFO - [2026-07-19T20:18:39.065+0000] {dag.py:3947} INFO - Setting next_dagrun for crypto_daily_pipeline to 2026-07-19 00:00:00+00:00, run_after=2026-07-20 00:00:00+00:00
[2026-07-19T20:18:39.072+0000] {processor.py:183} INFO - Processing /opt/airflow/dags/crypto_pipeline_dag.py took 0.118 seconds
[2026-07-19T20:19:09.139+0000] {processor.py:161} INFO - Started process (PID=171) to work on /opt/airflow/dags/crypto_pipeline_dag.py
[2026-07-19T20:19:09.139+0000] {processor.py:830} INFO - Processing file /opt/airflow/dags/crypto_pipeline_dag.py for tasks to queue
[2026-07-19T20:19:09.142+0000] {logging_mixin.py:188} INFO - [2026-07-19T20:19:09.141+0000] {dagbag.py:545} INFO - Filling up the DagBag from /opt/airflow/dags/crypto_pipeline_dag.py
[2026-07-19T20:19:09.151+0000] {processor.py:840} INFO - DAG(s) 'crypto_daily_pipeline' retrieved from /opt/airflow/dags/crypto_pipeline_dag.py
[2026-07-19T20:19:09.168+0000] {logging_mixin.py:188} INFO - [2026-07-19T20:19:09.168+0000] {dag.py:3089} INFO - Sync 1 DAGs
[2026-07-19T20:19:09.179+0000] {logging_mixin.py:188} INFO - [2026-07-19T20:19:09.179+0000] {dag.py:3947} INFO - Setting next_dagrun for crypto_daily_pipeline to 2026-07-19 00:00:00+00:00, run_after=2026-07-20 00:00:00+00:00
[2026-07-19T20:19:09.186+0000] {processor.py:183} INFO - Processing /opt/airflow/dags/crypto_pipeline_dag.py took 0.053 seconds
[2026-07-19T20:19:39.335+0000] {processor.py:161} INFO - Started process (PID=176) to work on /opt/airflow/dags/crypto_pipeline_dag.py
[2026-07-19T20:19:39.336+0000] {processor.py:830} INFO - Processing file /opt/airflow/dags/crypto_pipeline_dag.py for tasks to queue
[2026-07-19T20:19:39.338+0000] {logging_mixin.py:188} INFO - [2026-07-19T20:19:39.337+0000] {dagbag.py:545} INFO - Filling up the DagBag from /opt/airflow/dags/crypto_pipeline_dag.py
[2026-07-19T20:19:39.347+0000] {processor.py:840} INFO - DAG(s) 'crypto_daily_pipeline' retrieved from /opt/airflow/dags/crypto_pipeline_dag.py
[2026-07-19T20:19:39.371+0000] {logging_mixin.py:188} INFO - [2026-07-19T20:19:39.371+0000] {dag.py:3089} INFO - Sync 1 DAGs
[2026-07-19T20:19:39.382+0000] {logging_mixin.py:188} INFO - [2026-07-19T20:19:39.382+0000] {dag.py:3947} INFO - Setting next_dagrun for crypto_daily_pipeline to 2026-07-19 00:00:00+00:00, run_after=2026-07-20 00:00:00+00:00
[2026-07-19T20:19:39.389+0000] {processor.py:183} INFO - Processing /opt/airflow/dags/crypto_pipeline_dag.py took 0.059 seconds
[2026-07-19T20:20:09.496+0000] {processor.py:161} INFO - Started process (PID=181) to work on /opt/airflow/dags/crypto_pipeline_dag.py
[2026-07-19T20:20:09.496+0000] {processor.py:830} INFO - Processing file /opt/airflow/dags/crypto_pipeline_dag.py for tasks to queue
[2026-07-19T20:20:09.498+0000] {logging_mixin.py:188} INFO - [2026-07-19T20:20:09.497+0000] {dagbag.py:545} INFO - Filling up the DagBag from /opt/airflow/dags/crypto_pipeline_dag.py
[2026-07-19T20:20:09.507+0000] {processor.py:840} INFO - DAG(s) 'crypto_daily_pipeline' retrieved from /opt/airflow/dags/crypto_pipeline_dag.py
[2026-07-19T20:20:09.524+0000] {logging_mixin.py:188} INFO - [2026-07-19T20:20:09.524+0000] {dag.py:3089} INFO - Sync 1 DAGs
[2026-07-19T20:20:09.535+0000] {logging_mixin.py:188} INFO - [2026-07-19T20:20:09.535+0000] {dag.py:3947} INFO - Setting next_dagrun for crypto_daily_pipeline to 2026-07-19 00:00:00+00:00, run_after=2026-07-20 00:00:00+00:00
[2026-07-19T20:20:09.541+0000] {processor.py:183} INFO - Processing /opt/airflow/dags/crypto_pipeline_dag.py took 0.051 seconds
[2026-07-19T20:20:39.662+0000] {processor.py:161} INFO - Started process (PID=186) to work on /opt/airflow/dags/crypto_pipeline_dag.py
[2026-07-19T20:20:39.663+0000] {processor.py:830} INFO - Processing file /opt/airflow/dags/crypto_pipeline_dag.py for tasks to queue
[2026-07-19T20:20:39.666+0000] {logging_mixin.py:188} INFO - [2026-07-19T20:20:39.665+0000] {dagbag.py:545} INFO - Filling up the DagBag from /opt/airflow/dags/crypto_pipeline_dag.py
[2026-07-19T20:20:39.680+0000] {processor.py:840} INFO - DAG(s) 'crypto_daily_pipeline' retrieved from /opt/airflow/dags/crypto_pipeline_dag.py
[2026-07-19T20:20:39.702+0000] {logging_mixin.py:188} INFO - [2026-07-19T20:20:39.702+0000] {dag.py:3089} INFO - Sync 1 DAGs
[2026-07-19T20:20:39.714+0000] {logging_mixin.py:188} INFO - [2026-07-19T20:20:39.713+0000] {dag.py:3947} INFO - Setting next_dagrun for crypto_daily_pipeline to 2026-07-19 00:00:00+00:00, run_after=2026-07-20 00:00:00+00:00
[2026-07-19T20:20:39.721+0000] {processor.py:183} INFO - Processing /opt/airflow/dags/crypto_pipeline_dag.py took 0.064 seconds
[2026-07-19T20:21:09.836+0000] {processor.py:161} INFO - Started process (PID=191) to work on /opt/airflow/dags/crypto_pipeline_dag.py
[2026-07-19T20:21:09.837+0000] {processor.py:830} INFO - Processing file /opt/airflow/dags/crypto_pipeline_dag.py for tasks to queue
[2026-07-19T20:21:09.838+0000] {logging_mixin.py:188} INFO - [2026-07-19T20:21:09.838+0000] {dagbag.py:545} INFO - Filling up the DagBag from /opt/airflow/dags/crypto_pipeline_dag.py
[2026-07-19T20:21:09.850+0000] {processor.py:840} INFO - DAG(s) 'crypto_daily_pipeline' retrieved from /opt/airflow/dags/crypto_pipeline_dag.py
[2026-07-19T20:21:09.868+0000] {logging_mixin.py:188} INFO - [2026-07-19T20:21:09.868+0000] {dag.py:3089} INFO - Sync 1 DAGs
[2026-07-19T20:21:09.876+0000] {logging_mixin.py:188} INFO - [2026-07-19T20:21:09.876+0000] {dag.py:3947} INFO - Setting next_dagrun for crypto_daily_pipeline to 2026-07-19 00:00:00+00:00, run_after=2026-07-20 00:00:00+00:00
[2026-07-19T20:21:09.882+0000] {processor.py:183} INFO - Processing /opt/airflow/dags/crypto_pipeline_dag.py took 0.052 seconds
[2026-07-19T20:21:40.041+0000] {processor.py:161} INFO - Started process (PID=196) to work on /opt/airflow/dags/crypto_pipeline_dag.py
[2026-07-19T20:21:40.042+0000] {processor.py:830} INFO - Processing file /opt/airflow/dags/crypto_pipeline_dag.py for tasks to queue
[2026-07-19T20:21:40.043+0000] {logging_mixin.py:188} INFO - [2026-07-19T20:21:40.043+0000] {dagbag.py:545} INFO - Filling up the DagBag from /opt/airflow/dags/crypto_pipeline_dag.py
[2026-07-19T20:21:40.052+0000] {processor.py:840} INFO - DAG(s) 'crypto_daily_pipeline' retrieved from /opt/airflow/dags/crypto_pipeline_dag.py
[2026-07-19T20:21:40.072+0000] {logging_mixin.py:188} INFO - [2026-07-19T20:21:40.071+0000] {dag.py:3089} INFO - Sync 1 DAGs
[2026-07-19T20:21:40.080+0000] {logging_mixin.py:188} INFO - [2026-07-19T20:21:40.080+0000] {dag.py:3947} INFO - Setting next_dagrun for crypto_daily_pipeline to 2026-07-19 00:00:00+00:00, run_after=2026-07-20 00:00:00+00:00
[2026-07-19T20:21:40.087+0000] {processor.py:183} INFO - Processing /opt/airflow/dags/crypto_pipeline_dag.py took 0.051 seconds
