[2026-07-14T00:10:33.289+0000] {processor.py:161} INFO - Started process (PID=3015) to work on /opt/airflow/dags/crypto_pipeline_dag.py
[2026-07-14T00:10:33.290+0000] {processor.py:830} INFO - Processing file /opt/airflow/dags/crypto_pipeline_dag.py for tasks to queue
[2026-07-14T00:10:33.291+0000] {logging_mixin.py:188} INFO - [2026-07-14T00:10:33.291+0000] {dagbag.py:545} INFO - Filling up the DagBag from /opt/airflow/dags/crypto_pipeline_dag.py
[2026-07-14T00:10:33.299+0000] {processor.py:840} INFO - DAG(s) 'crypto_daily_pipeline' retrieved from /opt/airflow/dags/crypto_pipeline_dag.py
[2026-07-14T00:10:33.315+0000] {logging_mixin.py:188} INFO - [2026-07-14T00:10:33.315+0000] {dag.py:3089} INFO - Sync 1 DAGs
[2026-07-14T00:10:33.328+0000] {logging_mixin.py:188} INFO - [2026-07-14T00:10:33.328+0000] {dag.py:3947} INFO - Setting next_dagrun for crypto_daily_pipeline to 2026-07-13 00:00:00+00:00, run_after=2026-07-14 00:00:00+00:00
[2026-07-14T00:10:33.336+0000] {processor.py:183} INFO - Processing /opt/airflow/dags/crypto_pipeline_dag.py took 0.052 seconds
[2026-07-14T01:42:58.631+0000] {processor.py:161} INFO - Started process (PID=3052) to work on /opt/airflow/dags/crypto_pipeline_dag.py
[2026-07-14T01:42:58.631+0000] {processor.py:830} INFO - Processing file /opt/airflow/dags/crypto_pipeline_dag.py for tasks to queue
[2026-07-14T01:42:58.632+0000] {logging_mixin.py:188} INFO - [2026-07-14T01:42:58.632+0000] {dagbag.py:545} INFO - Filling up the DagBag from /opt/airflow/dags/crypto_pipeline_dag.py
[2026-07-14T01:42:58.637+0000] {processor.py:840} INFO - DAG(s) 'crypto_daily_pipeline' retrieved from /opt/airflow/dags/crypto_pipeline_dag.py
[2026-07-14T01:42:58.650+0000] {logging_mixin.py:188} INFO - [2026-07-14T01:42:58.650+0000] {dag.py:3089} INFO - Sync 1 DAGs
[2026-07-14T01:42:58.658+0000] {logging_mixin.py:188} INFO - [2026-07-14T01:42:58.658+0000] {dag.py:3947} INFO - Setting next_dagrun for crypto_daily_pipeline to 2026-07-14 00:00:00+00:00, run_after=2026-07-15 00:00:00+00:00
[2026-07-14T01:42:58.663+0000] {processor.py:183} INFO - Processing /opt/airflow/dags/crypto_pipeline_dag.py took 0.035 seconds
[2026-07-14T02:55:25.925+0000] {processor.py:161} INFO - Started process (PID=3057) to work on /opt/airflow/dags/crypto_pipeline_dag.py
[2026-07-14T02:55:25.925+0000] {processor.py:830} INFO - Processing file /opt/airflow/dags/crypto_pipeline_dag.py for tasks to queue
[2026-07-14T02:55:25.927+0000] {logging_mixin.py:188} INFO - [2026-07-14T02:55:25.927+0000] {dagbag.py:545} INFO - Filling up the DagBag from /opt/airflow/dags/crypto_pipeline_dag.py
[2026-07-14T02:55:25.934+0000] {processor.py:840} INFO - DAG(s) 'crypto_daily_pipeline' retrieved from /opt/airflow/dags/crypto_pipeline_dag.py
[2026-07-14T02:55:25.950+0000] {logging_mixin.py:188} INFO - [2026-07-14T02:55:25.950+0000] {dag.py:3089} INFO - Sync 1 DAGs
[2026-07-14T02:55:25.958+0000] {logging_mixin.py:188} INFO - [2026-07-14T02:55:25.958+0000] {dag.py:3947} INFO - Setting next_dagrun for crypto_daily_pipeline to 2026-07-14 00:00:00+00:00, run_after=2026-07-15 00:00:00+00:00
[2026-07-14T02:55:25.963+0000] {processor.py:183} INFO - Processing /opt/airflow/dags/crypto_pipeline_dag.py took 0.042 seconds
[2026-07-14T02:55:56.162+0000] {processor.py:161} INFO - Started process (PID=3062) to work on /opt/airflow/dags/crypto_pipeline_dag.py
[2026-07-14T02:55:56.162+0000] {processor.py:830} INFO - Processing file /opt/airflow/dags/crypto_pipeline_dag.py for tasks to queue
[2026-07-14T02:55:56.164+0000] {logging_mixin.py:188} INFO - [2026-07-14T02:55:56.164+0000] {dagbag.py:545} INFO - Filling up the DagBag from /opt/airflow/dags/crypto_pipeline_dag.py
[2026-07-14T02:55:56.173+0000] {processor.py:840} INFO - DAG(s) 'crypto_daily_pipeline' retrieved from /opt/airflow/dags/crypto_pipeline_dag.py
[2026-07-14T02:55:56.192+0000] {logging_mixin.py:188} INFO - [2026-07-14T02:55:56.192+0000] {dag.py:3089} INFO - Sync 1 DAGs
[2026-07-14T02:55:56.202+0000] {logging_mixin.py:188} INFO - [2026-07-14T02:55:56.202+0000] {dag.py:3947} INFO - Setting next_dagrun for crypto_daily_pipeline to 2026-07-14 00:00:00+00:00, run_after=2026-07-15 00:00:00+00:00
[2026-07-14T02:55:56.210+0000] {processor.py:183} INFO - Processing /opt/airflow/dags/crypto_pipeline_dag.py took 0.054 seconds
[2026-07-14T03:16:32.841+0000] {processor.py:161} INFO - Started process (PID=3067) to work on /opt/airflow/dags/crypto_pipeline_dag.py
[2026-07-14T03:16:32.841+0000] {processor.py:830} INFO - Processing file /opt/airflow/dags/crypto_pipeline_dag.py for tasks to queue
[2026-07-14T03:16:32.843+0000] {logging_mixin.py:188} INFO - [2026-07-14T03:16:32.843+0000] {dagbag.py:545} INFO - Filling up the DagBag from /opt/airflow/dags/crypto_pipeline_dag.py
[2026-07-14T03:16:32.851+0000] {processor.py:840} INFO - DAG(s) 'crypto_daily_pipeline' retrieved from /opt/airflow/dags/crypto_pipeline_dag.py
[2026-07-14T03:16:32.869+0000] {logging_mixin.py:188} INFO - [2026-07-14T03:16:32.869+0000] {dag.py:3089} INFO - Sync 1 DAGs
[2026-07-14T03:16:32.878+0000] {logging_mixin.py:188} INFO - [2026-07-14T03:16:32.878+0000] {dag.py:3947} INFO - Setting next_dagrun for crypto_daily_pipeline to 2026-07-14 00:00:00+00:00, run_after=2026-07-15 00:00:00+00:00
[2026-07-14T03:16:32.883+0000] {processor.py:183} INFO - Processing /opt/airflow/dags/crypto_pipeline_dag.py took 0.047 seconds
[2026-07-14T03:32:58.469+0000] {processor.py:161} INFO - Started process (PID=3072) to work on /opt/airflow/dags/crypto_pipeline_dag.py
[2026-07-14T03:32:58.469+0000] {processor.py:830} INFO - Processing file /opt/airflow/dags/crypto_pipeline_dag.py for tasks to queue
[2026-07-14T03:32:58.470+0000] {logging_mixin.py:188} INFO - [2026-07-14T03:32:58.470+0000] {dagbag.py:545} INFO - Filling up the DagBag from /opt/airflow/dags/crypto_pipeline_dag.py
[2026-07-14T03:32:58.477+0000] {processor.py:840} INFO - DAG(s) 'crypto_daily_pipeline' retrieved from /opt/airflow/dags/crypto_pipeline_dag.py
[2026-07-14T03:32:58.492+0000] {logging_mixin.py:188} INFO - [2026-07-14T03:32:58.492+0000] {dag.py:3089} INFO - Sync 1 DAGs
[2026-07-14T03:32:58.499+0000] {logging_mixin.py:188} INFO - [2026-07-14T03:32:58.499+0000] {dag.py:3947} INFO - Setting next_dagrun for crypto_daily_pipeline to 2026-07-14 00:00:00+00:00, run_after=2026-07-15 00:00:00+00:00
[2026-07-14T03:32:58.505+0000] {processor.py:183} INFO - Processing /opt/airflow/dags/crypto_pipeline_dag.py took 0.040 seconds
[2026-07-14T03:43:29.936+0000] {processor.py:161} INFO - Started process (PID=3077) to work on /opt/airflow/dags/crypto_pipeline_dag.py
[2026-07-14T03:43:29.937+0000] {processor.py:830} INFO - Processing file /opt/airflow/dags/crypto_pipeline_dag.py for tasks to queue
[2026-07-14T03:43:29.938+0000] {logging_mixin.py:188} INFO - [2026-07-14T03:43:29.938+0000] {dagbag.py:545} INFO - Filling up the DagBag from /opt/airflow/dags/crypto_pipeline_dag.py
[2026-07-14T03:43:29.946+0000] {processor.py:840} INFO - DAG(s) 'crypto_daily_pipeline' retrieved from /opt/airflow/dags/crypto_pipeline_dag.py
[2026-07-14T03:43:29.962+0000] {logging_mixin.py:188} INFO - [2026-07-14T03:43:29.962+0000] {dag.py:3089} INFO - Sync 1 DAGs
[2026-07-14T03:43:29.970+0000] {logging_mixin.py:188} INFO - [2026-07-14T03:43:29.970+0000] {dag.py:3947} INFO - Setting next_dagrun for crypto_daily_pipeline to 2026-07-14 00:00:00+00:00, run_after=2026-07-15 00:00:00+00:00
[2026-07-14T03:43:29.976+0000] {processor.py:183} INFO - Processing /opt/airflow/dags/crypto_pipeline_dag.py took 0.045 seconds
[2026-07-14T03:54:01.768+0000] {processor.py:161} INFO - Started process (PID=3082) to work on /opt/airflow/dags/crypto_pipeline_dag.py
[2026-07-14T03:54:01.769+0000] {processor.py:830} INFO - Processing file /opt/airflow/dags/crypto_pipeline_dag.py for tasks to queue
[2026-07-14T03:54:01.771+0000] {logging_mixin.py:188} INFO - [2026-07-14T03:54:01.770+0000] {dagbag.py:545} INFO - Filling up the DagBag from /opt/airflow/dags/crypto_pipeline_dag.py
[2026-07-14T03:54:01.778+0000] {processor.py:840} INFO - DAG(s) 'crypto_daily_pipeline' retrieved from /opt/airflow/dags/crypto_pipeline_dag.py
[2026-07-14T03:54:01.795+0000] {logging_mixin.py:188} INFO - [2026-07-14T03:54:01.795+0000] {dag.py:3089} INFO - Sync 1 DAGs
[2026-07-14T03:54:01.805+0000] {logging_mixin.py:188} INFO - [2026-07-14T03:54:01.805+0000] {dag.py:3947} INFO - Setting next_dagrun for crypto_daily_pipeline to 2026-07-14 00:00:00+00:00, run_after=2026-07-15 00:00:00+00:00
[2026-07-14T03:54:01.810+0000] {processor.py:183} INFO - Processing /opt/airflow/dags/crypto_pipeline_dag.py took 0.046 seconds
[2026-07-14T04:14:42.997+0000] {processor.py:161} INFO - Started process (PID=3087) to work on /opt/airflow/dags/crypto_pipeline_dag.py
[2026-07-14T04:14:42.997+0000] {processor.py:830} INFO - Processing file /opt/airflow/dags/crypto_pipeline_dag.py for tasks to queue
[2026-07-14T04:14:42.999+0000] {logging_mixin.py:188} INFO - [2026-07-14T04:14:42.998+0000] {dagbag.py:545} INFO - Filling up the DagBag from /opt/airflow/dags/crypto_pipeline_dag.py
[2026-07-14T04:14:43.007+0000] {processor.py:840} INFO - DAG(s) 'crypto_daily_pipeline' retrieved from /opt/airflow/dags/crypto_pipeline_dag.py
[2026-07-14T04:14:43.023+0000] {logging_mixin.py:188} INFO - [2026-07-14T04:14:43.023+0000] {dag.py:3089} INFO - Sync 1 DAGs
[2026-07-14T04:14:43.033+0000] {logging_mixin.py:188} INFO - [2026-07-14T04:14:43.033+0000] {dag.py:3947} INFO - Setting next_dagrun for crypto_daily_pipeline to 2026-07-14 00:00:00+00:00, run_after=2026-07-15 00:00:00+00:00
[2026-07-14T04:14:43.038+0000] {processor.py:183} INFO - Processing /opt/airflow/dags/crypto_pipeline_dag.py took 0.046 seconds
[2026-07-14T04:18:15.712+0000] {processor.py:161} INFO - Started process (PID=3092) to work on /opt/airflow/dags/crypto_pipeline_dag.py
[2026-07-14T04:18:15.713+0000] {processor.py:830} INFO - Processing file /opt/airflow/dags/crypto_pipeline_dag.py for tasks to queue
[2026-07-14T04:18:15.715+0000] {logging_mixin.py:188} INFO - [2026-07-14T04:18:15.715+0000] {dagbag.py:545} INFO - Filling up the DagBag from /opt/airflow/dags/crypto_pipeline_dag.py
[2026-07-14T04:18:15.726+0000] {processor.py:840} INFO - DAG(s) 'crypto_daily_pipeline' retrieved from /opt/airflow/dags/crypto_pipeline_dag.py
[2026-07-14T04:18:15.744+0000] {logging_mixin.py:188} INFO - [2026-07-14T04:18:15.744+0000] {dag.py:3089} INFO - Sync 1 DAGs
[2026-07-14T04:18:15.755+0000] {logging_mixin.py:188} INFO - [2026-07-14T04:18:15.755+0000] {dag.py:3947} INFO - Setting next_dagrun for crypto_daily_pipeline to 2026-07-14 00:00:00+00:00, run_after=2026-07-15 00:00:00+00:00
[2026-07-14T04:18:15.761+0000] {processor.py:183} INFO - Processing /opt/airflow/dags/crypto_pipeline_dag.py took 0.055 seconds
[2026-07-14T04:18:45.922+0000] {processor.py:161} INFO - Started process (PID=3097) to work on /opt/airflow/dags/crypto_pipeline_dag.py
[2026-07-14T04:18:45.923+0000] {processor.py:830} INFO - Processing file /opt/airflow/dags/crypto_pipeline_dag.py for tasks to queue
[2026-07-14T04:18:45.925+0000] {logging_mixin.py:188} INFO - [2026-07-14T04:18:45.924+0000] {dagbag.py:545} INFO - Filling up the DagBag from /opt/airflow/dags/crypto_pipeline_dag.py
[2026-07-14T04:18:45.935+0000] {processor.py:840} INFO - DAG(s) 'crypto_daily_pipeline' retrieved from /opt/airflow/dags/crypto_pipeline_dag.py
[2026-07-14T04:18:45.956+0000] {logging_mixin.py:188} INFO - [2026-07-14T04:18:45.955+0000] {dag.py:3089} INFO - Sync 1 DAGs
[2026-07-14T04:18:45.967+0000] {logging_mixin.py:188} INFO - [2026-07-14T04:18:45.967+0000] {dag.py:3947} INFO - Setting next_dagrun for crypto_daily_pipeline to 2026-07-14 00:00:00+00:00, run_after=2026-07-15 00:00:00+00:00
[2026-07-14T04:18:45.973+0000] {processor.py:183} INFO - Processing /opt/airflow/dags/crypto_pipeline_dag.py took 0.057 seconds
[2026-07-14T04:19:16.137+0000] {processor.py:161} INFO - Started process (PID=3102) to work on /opt/airflow/dags/crypto_pipeline_dag.py
[2026-07-14T04:19:16.138+0000] {processor.py:830} INFO - Processing file /opt/airflow/dags/crypto_pipeline_dag.py for tasks to queue
[2026-07-14T04:19:16.142+0000] {logging_mixin.py:188} INFO - [2026-07-14T04:19:16.142+0000] {dagbag.py:545} INFO - Filling up the DagBag from /opt/airflow/dags/crypto_pipeline_dag.py
[2026-07-14T04:19:16.151+0000] {processor.py:840} INFO - DAG(s) 'crypto_daily_pipeline' retrieved from /opt/airflow/dags/crypto_pipeline_dag.py
[2026-07-14T04:19:16.169+0000] {logging_mixin.py:188} INFO - [2026-07-14T04:19:16.169+0000] {dag.py:3089} INFO - Sync 1 DAGs
[2026-07-14T04:19:16.178+0000] {logging_mixin.py:188} INFO - [2026-07-14T04:19:16.177+0000] {dag.py:3947} INFO - Setting next_dagrun for crypto_daily_pipeline to 2026-07-14 00:00:00+00:00, run_after=2026-07-15 00:00:00+00:00
[2026-07-14T04:19:16.183+0000] {processor.py:183} INFO - Processing /opt/airflow/dags/crypto_pipeline_dag.py took 0.057 seconds
[2026-07-14T04:19:46.349+0000] {processor.py:161} INFO - Started process (PID=3107) to work on /opt/airflow/dags/crypto_pipeline_dag.py
[2026-07-14T04:19:46.350+0000] {processor.py:830} INFO - Processing file /opt/airflow/dags/crypto_pipeline_dag.py for tasks to queue
[2026-07-14T04:19:46.353+0000] {logging_mixin.py:188} INFO - [2026-07-14T04:19:46.352+0000] {dagbag.py:545} INFO - Filling up the DagBag from /opt/airflow/dags/crypto_pipeline_dag.py
[2026-07-14T04:19:46.366+0000] {processor.py:840} INFO - DAG(s) 'crypto_daily_pipeline' retrieved from /opt/airflow/dags/crypto_pipeline_dag.py
[2026-07-14T04:19:46.385+0000] {logging_mixin.py:188} INFO - [2026-07-14T04:19:46.385+0000] {dag.py:3089} INFO - Sync 1 DAGs
[2026-07-14T04:19:46.396+0000] {logging_mixin.py:188} INFO - [2026-07-14T04:19:46.396+0000] {dag.py:3947} INFO - Setting next_dagrun for crypto_daily_pipeline to 2026-07-14 00:00:00+00:00, run_after=2026-07-15 00:00:00+00:00
[2026-07-14T04:19:46.402+0000] {processor.py:183} INFO - Processing /opt/airflow/dags/crypto_pipeline_dag.py took 0.057 seconds
[2026-07-14T04:20:16.568+0000] {processor.py:161} INFO - Started process (PID=3112) to work on /opt/airflow/dags/crypto_pipeline_dag.py
[2026-07-14T04:20:16.569+0000] {processor.py:830} INFO - Processing file /opt/airflow/dags/crypto_pipeline_dag.py for tasks to queue
[2026-07-14T04:20:16.571+0000] {logging_mixin.py:188} INFO - [2026-07-14T04:20:16.570+0000] {dagbag.py:545} INFO - Filling up the DagBag from /opt/airflow/dags/crypto_pipeline_dag.py
[2026-07-14T04:20:16.580+0000] {processor.py:840} INFO - DAG(s) 'crypto_daily_pipeline' retrieved from /opt/airflow/dags/crypto_pipeline_dag.py
[2026-07-14T04:20:16.603+0000] {logging_mixin.py:188} INFO - [2026-07-14T04:20:16.603+0000] {dag.py:3089} INFO - Sync 1 DAGs
[2026-07-14T04:20:16.613+0000] {logging_mixin.py:188} INFO - [2026-07-14T04:20:16.613+0000] {dag.py:3947} INFO - Setting next_dagrun for crypto_daily_pipeline to 2026-07-14 00:00:00+00:00, run_after=2026-07-15 00:00:00+00:00
[2026-07-14T04:20:16.618+0000] {processor.py:183} INFO - Processing /opt/airflow/dags/crypto_pipeline_dag.py took 0.055 seconds
[2026-07-14T04:20:46.819+0000] {processor.py:161} INFO - Started process (PID=3117) to work on /opt/airflow/dags/crypto_pipeline_dag.py
[2026-07-14T04:20:46.820+0000] {processor.py:830} INFO - Processing file /opt/airflow/dags/crypto_pipeline_dag.py for tasks to queue
[2026-07-14T04:20:46.821+0000] {logging_mixin.py:188} INFO - [2026-07-14T04:20:46.821+0000] {dagbag.py:545} INFO - Filling up the DagBag from /opt/airflow/dags/crypto_pipeline_dag.py
[2026-07-14T04:20:46.841+0000] {processor.py:840} INFO - DAG(s) 'crypto_daily_pipeline' retrieved from /opt/airflow/dags/crypto_pipeline_dag.py
[2026-07-14T04:20:46.857+0000] {logging_mixin.py:188} INFO - [2026-07-14T04:20:46.857+0000] {dag.py:3089} INFO - Sync 1 DAGs
[2026-07-14T04:20:46.865+0000] {logging_mixin.py:188} INFO - [2026-07-14T04:20:46.865+0000] {dag.py:3947} INFO - Setting next_dagrun for crypto_daily_pipeline to 2026-07-14 00:00:00+00:00, run_after=2026-07-15 00:00:00+00:00
[2026-07-14T04:20:46.870+0000] {processor.py:183} INFO - Processing /opt/airflow/dags/crypto_pipeline_dag.py took 0.057 seconds
[2026-07-14T04:21:17.013+0000] {processor.py:161} INFO - Started process (PID=3122) to work on /opt/airflow/dags/crypto_pipeline_dag.py
[2026-07-14T04:21:17.014+0000] {processor.py:830} INFO - Processing file /opt/airflow/dags/crypto_pipeline_dag.py for tasks to queue
[2026-07-14T04:21:17.015+0000] {logging_mixin.py:188} INFO - [2026-07-14T04:21:17.015+0000] {dagbag.py:545} INFO - Filling up the DagBag from /opt/airflow/dags/crypto_pipeline_dag.py
[2026-07-14T04:21:17.027+0000] {processor.py:840} INFO - DAG(s) 'crypto_daily_pipeline' retrieved from /opt/airflow/dags/crypto_pipeline_dag.py
[2026-07-14T04:21:17.044+0000] {logging_mixin.py:188} INFO - [2026-07-14T04:21:17.044+0000] {dag.py:3089} INFO - Sync 1 DAGs
[2026-07-14T04:21:17.055+0000] {logging_mixin.py:188} INFO - [2026-07-14T04:21:17.055+0000] {dag.py:3947} INFO - Setting next_dagrun for crypto_daily_pipeline to 2026-07-14 00:00:00+00:00, run_after=2026-07-15 00:00:00+00:00
[2026-07-14T04:21:17.068+0000] {processor.py:183} INFO - Processing /opt/airflow/dags/crypto_pipeline_dag.py took 0.060 seconds
[2026-07-14T04:21:47.235+0000] {processor.py:161} INFO - Started process (PID=3127) to work on /opt/airflow/dags/crypto_pipeline_dag.py
[2026-07-14T04:21:47.236+0000] {processor.py:830} INFO - Processing file /opt/airflow/dags/crypto_pipeline_dag.py for tasks to queue
[2026-07-14T04:21:47.237+0000] {logging_mixin.py:188} INFO - [2026-07-14T04:21:47.237+0000] {dagbag.py:545} INFO - Filling up the DagBag from /opt/airflow/dags/crypto_pipeline_dag.py
[2026-07-14T04:21:47.247+0000] {processor.py:840} INFO - DAG(s) 'crypto_daily_pipeline' retrieved from /opt/airflow/dags/crypto_pipeline_dag.py
[2026-07-14T04:21:47.276+0000] {logging_mixin.py:188} INFO - [2026-07-14T04:21:47.276+0000] {dag.py:3089} INFO - Sync 1 DAGs
[2026-07-14T04:21:47.288+0000] {logging_mixin.py:188} INFO - [2026-07-14T04:21:47.287+0000] {dag.py:3947} INFO - Setting next_dagrun for crypto_daily_pipeline to 2026-07-14 00:00:00+00:00, run_after=2026-07-15 00:00:00+00:00
[2026-07-14T04:21:47.294+0000] {processor.py:183} INFO - Processing /opt/airflow/dags/crypto_pipeline_dag.py took 0.064 seconds
[2026-07-14T04:22:17.455+0000] {processor.py:161} INFO - Started process (PID=3132) to work on /opt/airflow/dags/crypto_pipeline_dag.py
[2026-07-14T04:22:17.456+0000] {processor.py:830} INFO - Processing file /opt/airflow/dags/crypto_pipeline_dag.py for tasks to queue
[2026-07-14T04:22:17.458+0000] {logging_mixin.py:188} INFO - [2026-07-14T04:22:17.457+0000] {dagbag.py:545} INFO - Filling up the DagBag from /opt/airflow/dags/crypto_pipeline_dag.py
[2026-07-14T04:22:17.467+0000] {processor.py:840} INFO - DAG(s) 'crypto_daily_pipeline' retrieved from /opt/airflow/dags/crypto_pipeline_dag.py
[2026-07-14T04:22:17.485+0000] {logging_mixin.py:188} INFO - [2026-07-14T04:22:17.485+0000] {dag.py:3089} INFO - Sync 1 DAGs
[2026-07-14T04:22:17.495+0000] {logging_mixin.py:188} INFO - [2026-07-14T04:22:17.495+0000] {dag.py:3947} INFO - Setting next_dagrun for crypto_daily_pipeline to 2026-07-14 00:00:00+00:00, run_after=2026-07-15 00:00:00+00:00
[2026-07-14T04:22:17.502+0000] {processor.py:183} INFO - Processing /opt/airflow/dags/crypto_pipeline_dag.py took 0.052 seconds
[2026-07-14T04:22:47.696+0000] {processor.py:161} INFO - Started process (PID=3137) to work on /opt/airflow/dags/crypto_pipeline_dag.py
[2026-07-14T04:22:47.697+0000] {processor.py:830} INFO - Processing file /opt/airflow/dags/crypto_pipeline_dag.py for tasks to queue
[2026-07-14T04:22:47.698+0000] {logging_mixin.py:188} INFO - [2026-07-14T04:22:47.698+0000] {dagbag.py:545} INFO - Filling up the DagBag from /opt/airflow/dags/crypto_pipeline_dag.py
[2026-07-14T04:22:47.708+0000] {processor.py:840} INFO - DAG(s) 'crypto_daily_pipeline' retrieved from /opt/airflow/dags/crypto_pipeline_dag.py
[2026-07-14T04:22:47.729+0000] {logging_mixin.py:188} INFO - [2026-07-14T04:22:47.729+0000] {dag.py:3089} INFO - Sync 1 DAGs
[2026-07-14T04:22:47.739+0000] {logging_mixin.py:188} INFO - [2026-07-14T04:22:47.739+0000] {dag.py:3947} INFO - Setting next_dagrun for crypto_daily_pipeline to 2026-07-14 00:00:00+00:00, run_after=2026-07-15 00:00:00+00:00
[2026-07-14T04:22:47.745+0000] {processor.py:183} INFO - Processing /opt/airflow/dags/crypto_pipeline_dag.py took 0.053 seconds
[2026-07-14T04:23:17.915+0000] {processor.py:161} INFO - Started process (PID=3142) to work on /opt/airflow/dags/crypto_pipeline_dag.py
[2026-07-14T04:23:17.918+0000] {processor.py:830} INFO - Processing file /opt/airflow/dags/crypto_pipeline_dag.py for tasks to queue
[2026-07-14T04:23:17.920+0000] {logging_mixin.py:188} INFO - [2026-07-14T04:23:17.920+0000] {dagbag.py:545} INFO - Filling up the DagBag from /opt/airflow/dags/crypto_pipeline_dag.py
[2026-07-14T04:23:17.930+0000] {processor.py:840} INFO - DAG(s) 'crypto_daily_pipeline' retrieved from /opt/airflow/dags/crypto_pipeline_dag.py
[2026-07-14T04:23:17.948+0000] {logging_mixin.py:188} INFO - [2026-07-14T04:23:17.948+0000] {dag.py:3089} INFO - Sync 1 DAGs
[2026-07-14T04:23:17.959+0000] {logging_mixin.py:188} INFO - [2026-07-14T04:23:17.959+0000] {dag.py:3947} INFO - Setting next_dagrun for crypto_daily_pipeline to 2026-07-14 00:00:00+00:00, run_after=2026-07-15 00:00:00+00:00
[2026-07-14T04:23:17.965+0000] {processor.py:183} INFO - Processing /opt/airflow/dags/crypto_pipeline_dag.py took 0.055 seconds
[2026-07-14T04:23:48.143+0000] {processor.py:161} INFO - Started process (PID=3147) to work on /opt/airflow/dags/crypto_pipeline_dag.py
[2026-07-14T04:23:48.144+0000] {processor.py:830} INFO - Processing file /opt/airflow/dags/crypto_pipeline_dag.py for tasks to queue
[2026-07-14T04:23:48.145+0000] {logging_mixin.py:188} INFO - [2026-07-14T04:23:48.145+0000] {dagbag.py:545} INFO - Filling up the DagBag from /opt/airflow/dags/crypto_pipeline_dag.py
[2026-07-14T04:23:48.154+0000] {processor.py:840} INFO - DAG(s) 'crypto_daily_pipeline' retrieved from /opt/airflow/dags/crypto_pipeline_dag.py
[2026-07-14T04:23:48.175+0000] {logging_mixin.py:188} INFO - [2026-07-14T04:23:48.174+0000] {dag.py:3089} INFO - Sync 1 DAGs
[2026-07-14T04:23:48.185+0000] {logging_mixin.py:188} INFO - [2026-07-14T04:23:48.185+0000] {dag.py:3947} INFO - Setting next_dagrun for crypto_daily_pipeline to 2026-07-14 00:00:00+00:00, run_after=2026-07-15 00:00:00+00:00
[2026-07-14T04:23:48.191+0000] {processor.py:183} INFO - Processing /opt/airflow/dags/crypto_pipeline_dag.py took 0.060 seconds
[2026-07-14T04:24:18.332+0000] {processor.py:161} INFO - Started process (PID=3152) to work on /opt/airflow/dags/crypto_pipeline_dag.py
[2026-07-14T04:24:18.333+0000] {processor.py:830} INFO - Processing file /opt/airflow/dags/crypto_pipeline_dag.py for tasks to queue
[2026-07-14T04:24:18.334+0000] {logging_mixin.py:188} INFO - [2026-07-14T04:24:18.333+0000] {dagbag.py:545} INFO - Filling up the DagBag from /opt/airflow/dags/crypto_pipeline_dag.py
[2026-07-14T04:24:18.340+0000] {processor.py:840} INFO - DAG(s) 'crypto_daily_pipeline' retrieved from /opt/airflow/dags/crypto_pipeline_dag.py
[2026-07-14T04:24:18.355+0000] {logging_mixin.py:188} INFO - [2026-07-14T04:24:18.355+0000] {dag.py:3089} INFO - Sync 1 DAGs
[2026-07-14T04:24:18.362+0000] {logging_mixin.py:188} INFO - [2026-07-14T04:24:18.362+0000] {dag.py:3947} INFO - Setting next_dagrun for crypto_daily_pipeline to 2026-07-14 00:00:00+00:00, run_after=2026-07-15 00:00:00+00:00
[2026-07-14T04:24:18.368+0000] {processor.py:183} INFO - Processing /opt/airflow/dags/crypto_pipeline_dag.py took 0.039 seconds
[2026-07-14T04:24:48.612+0000] {processor.py:161} INFO - Started process (PID=3157) to work on /opt/airflow/dags/crypto_pipeline_dag.py
[2026-07-14T04:24:48.613+0000] {processor.py:830} INFO - Processing file /opt/airflow/dags/crypto_pipeline_dag.py for tasks to queue
[2026-07-14T04:24:48.614+0000] {logging_mixin.py:188} INFO - [2026-07-14T04:24:48.614+0000] {dagbag.py:545} INFO - Filling up the DagBag from /opt/airflow/dags/crypto_pipeline_dag.py
[2026-07-14T04:24:48.624+0000] {processor.py:840} INFO - DAG(s) 'crypto_daily_pipeline' retrieved from /opt/airflow/dags/crypto_pipeline_dag.py
[2026-07-14T04:24:48.643+0000] {logging_mixin.py:188} INFO - [2026-07-14T04:24:48.643+0000] {dag.py:3089} INFO - Sync 1 DAGs
[2026-07-14T04:24:48.653+0000] {logging_mixin.py:188} INFO - [2026-07-14T04:24:48.653+0000] {dag.py:3947} INFO - Setting next_dagrun for crypto_daily_pipeline to 2026-07-14 00:00:00+00:00, run_after=2026-07-15 00:00:00+00:00
[2026-07-14T04:24:48.660+0000] {processor.py:183} INFO - Processing /opt/airflow/dags/crypto_pipeline_dag.py took 0.054 seconds
[2026-07-14T04:25:18.827+0000] {processor.py:161} INFO - Started process (PID=3162) to work on /opt/airflow/dags/crypto_pipeline_dag.py
[2026-07-14T04:25:18.827+0000] {processor.py:830} INFO - Processing file /opt/airflow/dags/crypto_pipeline_dag.py for tasks to queue
[2026-07-14T04:25:18.829+0000] {logging_mixin.py:188} INFO - [2026-07-14T04:25:18.829+0000] {dagbag.py:545} INFO - Filling up the DagBag from /opt/airflow/dags/crypto_pipeline_dag.py
[2026-07-14T04:25:18.838+0000] {processor.py:840} INFO - DAG(s) 'crypto_daily_pipeline' retrieved from /opt/airflow/dags/crypto_pipeline_dag.py
[2026-07-14T04:25:18.854+0000] {logging_mixin.py:188} INFO - [2026-07-14T04:25:18.854+0000] {dag.py:3089} INFO - Sync 1 DAGs
[2026-07-14T04:25:18.863+0000] {logging_mixin.py:188} INFO - [2026-07-14T04:25:18.863+0000] {dag.py:3947} INFO - Setting next_dagrun for crypto_daily_pipeline to 2026-07-14 00:00:00+00:00, run_after=2026-07-15 00:00:00+00:00
[2026-07-14T04:25:18.870+0000] {processor.py:183} INFO - Processing /opt/airflow/dags/crypto_pipeline_dag.py took 0.048 seconds
[2026-07-14T04:25:49.016+0000] {processor.py:161} INFO - Started process (PID=3167) to work on /opt/airflow/dags/crypto_pipeline_dag.py
[2026-07-14T04:25:49.018+0000] {processor.py:830} INFO - Processing file /opt/airflow/dags/crypto_pipeline_dag.py for tasks to queue
[2026-07-14T04:25:49.021+0000] {logging_mixin.py:188} INFO - [2026-07-14T04:25:49.020+0000] {dagbag.py:545} INFO - Filling up the DagBag from /opt/airflow/dags/crypto_pipeline_dag.py
[2026-07-14T04:25:49.030+0000] {processor.py:840} INFO - DAG(s) 'crypto_daily_pipeline' retrieved from /opt/airflow/dags/crypto_pipeline_dag.py
[2026-07-14T04:25:49.047+0000] {logging_mixin.py:188} INFO - [2026-07-14T04:25:49.047+0000] {dag.py:3089} INFO - Sync 1 DAGs
[2026-07-14T04:25:49.057+0000] {logging_mixin.py:188} INFO - [2026-07-14T04:25:49.057+0000] {dag.py:3947} INFO - Setting next_dagrun for crypto_daily_pipeline to 2026-07-14 00:00:00+00:00, run_after=2026-07-15 00:00:00+00:00
[2026-07-14T04:25:49.065+0000] {processor.py:183} INFO - Processing /opt/airflow/dags/crypto_pipeline_dag.py took 0.054 seconds
[2026-07-14T04:26:19.231+0000] {processor.py:161} INFO - Started process (PID=3172) to work on /opt/airflow/dags/crypto_pipeline_dag.py
[2026-07-14T04:26:19.232+0000] {processor.py:830} INFO - Processing file /opt/airflow/dags/crypto_pipeline_dag.py for tasks to queue
[2026-07-14T04:26:19.234+0000] {logging_mixin.py:188} INFO - [2026-07-14T04:26:19.233+0000] {dagbag.py:545} INFO - Filling up the DagBag from /opt/airflow/dags/crypto_pipeline_dag.py
[2026-07-14T04:26:19.243+0000] {processor.py:840} INFO - DAG(s) 'crypto_daily_pipeline' retrieved from /opt/airflow/dags/crypto_pipeline_dag.py
[2026-07-14T04:26:19.259+0000] {logging_mixin.py:188} INFO - [2026-07-14T04:26:19.259+0000] {dag.py:3089} INFO - Sync 1 DAGs
[2026-07-14T04:26:19.269+0000] {logging_mixin.py:188} INFO - [2026-07-14T04:26:19.268+0000] {dag.py:3947} INFO - Setting next_dagrun for crypto_daily_pipeline to 2026-07-14 00:00:00+00:00, run_after=2026-07-15 00:00:00+00:00
[2026-07-14T04:26:19.274+0000] {processor.py:183} INFO - Processing /opt/airflow/dags/crypto_pipeline_dag.py took 0.048 seconds
[2026-07-14T04:26:49.445+0000] {processor.py:161} INFO - Started process (PID=3177) to work on /opt/airflow/dags/crypto_pipeline_dag.py
[2026-07-14T04:26:49.446+0000] {processor.py:830} INFO - Processing file /opt/airflow/dags/crypto_pipeline_dag.py for tasks to queue
[2026-07-14T04:26:49.449+0000] {logging_mixin.py:188} INFO - [2026-07-14T04:26:49.449+0000] {dagbag.py:545} INFO - Filling up the DagBag from /opt/airflow/dags/crypto_pipeline_dag.py
[2026-07-14T04:26:49.458+0000] {processor.py:840} INFO - DAG(s) 'crypto_daily_pipeline' retrieved from /opt/airflow/dags/crypto_pipeline_dag.py
[2026-07-14T04:26:49.476+0000] {logging_mixin.py:188} INFO - [2026-07-14T04:26:49.476+0000] {dag.py:3089} INFO - Sync 1 DAGs
[2026-07-14T04:26:49.486+0000] {logging_mixin.py:188} INFO - [2026-07-14T04:26:49.486+0000] {dag.py:3947} INFO - Setting next_dagrun for crypto_daily_pipeline to 2026-07-14 00:00:00+00:00, run_after=2026-07-15 00:00:00+00:00
[2026-07-14T04:26:49.492+0000] {processor.py:183} INFO - Processing /opt/airflow/dags/crypto_pipeline_dag.py took 0.052 seconds
[2026-07-14T04:27:19.662+0000] {processor.py:161} INFO - Started process (PID=3182) to work on /opt/airflow/dags/crypto_pipeline_dag.py
[2026-07-14T04:27:19.662+0000] {processor.py:830} INFO - Processing file /opt/airflow/dags/crypto_pipeline_dag.py for tasks to queue
[2026-07-14T04:27:19.664+0000] {logging_mixin.py:188} INFO - [2026-07-14T04:27:19.664+0000] {dagbag.py:545} INFO - Filling up the DagBag from /opt/airflow/dags/crypto_pipeline_dag.py
[2026-07-14T04:27:19.673+0000] {processor.py:840} INFO - DAG(s) 'crypto_daily_pipeline' retrieved from /opt/airflow/dags/crypto_pipeline_dag.py
[2026-07-14T04:27:19.690+0000] {logging_mixin.py:188} INFO - [2026-07-14T04:27:19.690+0000] {dag.py:3089} INFO - Sync 1 DAGs
[2026-07-14T04:27:19.699+0000] {logging_mixin.py:188} INFO - [2026-07-14T04:27:19.699+0000] {dag.py:3947} INFO - Setting next_dagrun for crypto_daily_pipeline to 2026-07-14 00:00:00+00:00, run_after=2026-07-15 00:00:00+00:00
[2026-07-14T04:27:19.705+0000] {processor.py:183} INFO - Processing /opt/airflow/dags/crypto_pipeline_dag.py took 0.048 seconds
[2026-07-14T04:27:49.887+0000] {processor.py:161} INFO - Started process (PID=3187) to work on /opt/airflow/dags/crypto_pipeline_dag.py
[2026-07-14T04:27:49.888+0000] {processor.py:830} INFO - Processing file /opt/airflow/dags/crypto_pipeline_dag.py for tasks to queue
[2026-07-14T04:27:49.890+0000] {logging_mixin.py:188} INFO - [2026-07-14T04:27:49.890+0000] {dagbag.py:545} INFO - Filling up the DagBag from /opt/airflow/dags/crypto_pipeline_dag.py
[2026-07-14T04:27:49.902+0000] {processor.py:840} INFO - DAG(s) 'crypto_daily_pipeline' retrieved from /opt/airflow/dags/crypto_pipeline_dag.py
[2026-07-14T04:27:49.927+0000] {logging_mixin.py:188} INFO - [2026-07-14T04:27:49.927+0000] {dag.py:3089} INFO - Sync 1 DAGs
[2026-07-14T04:27:49.938+0000] {logging_mixin.py:188} INFO - [2026-07-14T04:27:49.938+0000] {dag.py:3947} INFO - Setting next_dagrun for crypto_daily_pipeline to 2026-07-14 00:00:00+00:00, run_after=2026-07-15 00:00:00+00:00
[2026-07-14T04:27:49.945+0000] {processor.py:183} INFO - Processing /opt/airflow/dags/crypto_pipeline_dag.py took 0.064 seconds
[2026-07-14T04:28:20.084+0000] {processor.py:161} INFO - Started process (PID=3192) to work on /opt/airflow/dags/crypto_pipeline_dag.py
[2026-07-14T04:28:20.084+0000] {processor.py:830} INFO - Processing file /opt/airflow/dags/crypto_pipeline_dag.py for tasks to queue
[2026-07-14T04:28:20.087+0000] {logging_mixin.py:188} INFO - [2026-07-14T04:28:20.087+0000] {dagbag.py:545} INFO - Filling up the DagBag from /opt/airflow/dags/crypto_pipeline_dag.py
[2026-07-14T04:28:20.097+0000] {processor.py:840} INFO - DAG(s) 'crypto_daily_pipeline' retrieved from /opt/airflow/dags/crypto_pipeline_dag.py
[2026-07-14T04:28:20.116+0000] {logging_mixin.py:188} INFO - [2026-07-14T04:28:20.116+0000] {dag.py:3089} INFO - Sync 1 DAGs
[2026-07-14T04:28:20.128+0000] {logging_mixin.py:188} INFO - [2026-07-14T04:28:20.127+0000] {dag.py:3947} INFO - Setting next_dagrun for crypto_daily_pipeline to 2026-07-14 00:00:00+00:00, run_after=2026-07-15 00:00:00+00:00
[2026-07-14T04:28:20.133+0000] {processor.py:183} INFO - Processing /opt/airflow/dags/crypto_pipeline_dag.py took 0.055 seconds
[2026-07-14T04:28:50.281+0000] {processor.py:161} INFO - Started process (PID=3197) to work on /opt/airflow/dags/crypto_pipeline_dag.py
[2026-07-14T04:28:50.284+0000] {processor.py:830} INFO - Processing file /opt/airflow/dags/crypto_pipeline_dag.py for tasks to queue
[2026-07-14T04:28:50.287+0000] {logging_mixin.py:188} INFO - [2026-07-14T04:28:50.286+0000] {dagbag.py:545} INFO - Filling up the DagBag from /opt/airflow/dags/crypto_pipeline_dag.py
[2026-07-14T04:28:50.295+0000] {processor.py:840} INFO - DAG(s) 'crypto_daily_pipeline' retrieved from /opt/airflow/dags/crypto_pipeline_dag.py
[2026-07-14T04:28:50.313+0000] {logging_mixin.py:188} INFO - [2026-07-14T04:28:50.313+0000] {dag.py:3089} INFO - Sync 1 DAGs
[2026-07-14T04:28:50.323+0000] {logging_mixin.py:188} INFO - [2026-07-14T04:28:50.323+0000] {dag.py:3947} INFO - Setting next_dagrun for crypto_daily_pipeline to 2026-07-14 00:00:00+00:00, run_after=2026-07-15 00:00:00+00:00
[2026-07-14T04:28:50.328+0000] {processor.py:183} INFO - Processing /opt/airflow/dags/crypto_pipeline_dag.py took 0.052 seconds
[2026-07-14T04:29:20.491+0000] {processor.py:161} INFO - Started process (PID=3202) to work on /opt/airflow/dags/crypto_pipeline_dag.py
[2026-07-14T04:29:20.492+0000] {processor.py:830} INFO - Processing file /opt/airflow/dags/crypto_pipeline_dag.py for tasks to queue
[2026-07-14T04:29:20.493+0000] {logging_mixin.py:188} INFO - [2026-07-14T04:29:20.493+0000] {dagbag.py:545} INFO - Filling up the DagBag from /opt/airflow/dags/crypto_pipeline_dag.py
[2026-07-14T04:29:20.502+0000] {processor.py:840} INFO - DAG(s) 'crypto_daily_pipeline' retrieved from /opt/airflow/dags/crypto_pipeline_dag.py
[2026-07-14T04:29:20.521+0000] {logging_mixin.py:188} INFO - [2026-07-14T04:29:20.521+0000] {dag.py:3089} INFO - Sync 1 DAGs
[2026-07-14T04:29:20.529+0000] {logging_mixin.py:188} INFO - [2026-07-14T04:29:20.529+0000] {dag.py:3947} INFO - Setting next_dagrun for crypto_daily_pipeline to 2026-07-14 00:00:00+00:00, run_after=2026-07-15 00:00:00+00:00
[2026-07-14T04:29:20.535+0000] {processor.py:183} INFO - Processing /opt/airflow/dags/crypto_pipeline_dag.py took 0.049 seconds
[2026-07-14T04:29:50.720+0000] {processor.py:161} INFO - Started process (PID=3207) to work on /opt/airflow/dags/crypto_pipeline_dag.py
[2026-07-14T04:29:50.721+0000] {processor.py:830} INFO - Processing file /opt/airflow/dags/crypto_pipeline_dag.py for tasks to queue
[2026-07-14T04:29:50.722+0000] {logging_mixin.py:188} INFO - [2026-07-14T04:29:50.722+0000] {dagbag.py:545} INFO - Filling up the DagBag from /opt/airflow/dags/crypto_pipeline_dag.py
[2026-07-14T04:29:50.730+0000] {processor.py:840} INFO - DAG(s) 'crypto_daily_pipeline' retrieved from /opt/airflow/dags/crypto_pipeline_dag.py
[2026-07-14T04:29:50.747+0000] {logging_mixin.py:188} INFO - [2026-07-14T04:29:50.747+0000] {dag.py:3089} INFO - Sync 1 DAGs
[2026-07-14T04:29:50.757+0000] {logging_mixin.py:188} INFO - [2026-07-14T04:29:50.756+0000] {dag.py:3947} INFO - Setting next_dagrun for crypto_daily_pipeline to 2026-07-14 00:00:00+00:00, run_after=2026-07-15 00:00:00+00:00
[2026-07-14T04:29:50.762+0000] {processor.py:183} INFO - Processing /opt/airflow/dags/crypto_pipeline_dag.py took 0.047 seconds
[2026-07-14T04:30:20.921+0000] {processor.py:161} INFO - Started process (PID=3212) to work on /opt/airflow/dags/crypto_pipeline_dag.py
[2026-07-14T04:30:20.922+0000] {processor.py:830} INFO - Processing file /opt/airflow/dags/crypto_pipeline_dag.py for tasks to queue
[2026-07-14T04:30:20.923+0000] {logging_mixin.py:188} INFO - [2026-07-14T04:30:20.923+0000] {dagbag.py:545} INFO - Filling up the DagBag from /opt/airflow/dags/crypto_pipeline_dag.py
[2026-07-14T04:30:20.934+0000] {processor.py:840} INFO - DAG(s) 'crypto_daily_pipeline' retrieved from /opt/airflow/dags/crypto_pipeline_dag.py
[2026-07-14T04:30:20.951+0000] {logging_mixin.py:188} INFO - [2026-07-14T04:30:20.951+0000] {dag.py:3089} INFO - Sync 1 DAGs
[2026-07-14T04:30:20.962+0000] {logging_mixin.py:188} INFO - [2026-07-14T04:30:20.962+0000] {dag.py:3947} INFO - Setting next_dagrun for crypto_daily_pipeline to 2026-07-14 00:00:00+00:00, run_after=2026-07-15 00:00:00+00:00
[2026-07-14T04:30:20.970+0000] {processor.py:183} INFO - Processing /opt/airflow/dags/crypto_pipeline_dag.py took 0.054 seconds
[2026-07-14T04:30:51.126+0000] {processor.py:161} INFO - Started process (PID=3217) to work on /opt/airflow/dags/crypto_pipeline_dag.py
[2026-07-14T04:30:51.127+0000] {processor.py:830} INFO - Processing file /opt/airflow/dags/crypto_pipeline_dag.py for tasks to queue
[2026-07-14T04:30:51.129+0000] {logging_mixin.py:188} INFO - [2026-07-14T04:30:51.128+0000] {dagbag.py:545} INFO - Filling up the DagBag from /opt/airflow/dags/crypto_pipeline_dag.py
[2026-07-14T04:30:51.138+0000] {processor.py:840} INFO - DAG(s) 'crypto_daily_pipeline' retrieved from /opt/airflow/dags/crypto_pipeline_dag.py
[2026-07-14T04:30:51.155+0000] {logging_mixin.py:188} INFO - [2026-07-14T04:30:51.154+0000] {dag.py:3089} INFO - Sync 1 DAGs
[2026-07-14T04:30:51.164+0000] {logging_mixin.py:188} INFO - [2026-07-14T04:30:51.164+0000] {dag.py:3947} INFO - Setting next_dagrun for crypto_daily_pipeline to 2026-07-14 00:00:00+00:00, run_after=2026-07-15 00:00:00+00:00
[2026-07-14T04:30:51.171+0000] {processor.py:183} INFO - Processing /opt/airflow/dags/crypto_pipeline_dag.py took 0.050 seconds
[2026-07-14T04:31:21.336+0000] {processor.py:161} INFO - Started process (PID=3222) to work on /opt/airflow/dags/crypto_pipeline_dag.py
[2026-07-14T04:31:21.337+0000] {processor.py:830} INFO - Processing file /opt/airflow/dags/crypto_pipeline_dag.py for tasks to queue
[2026-07-14T04:31:21.338+0000] {logging_mixin.py:188} INFO - [2026-07-14T04:31:21.338+0000] {dagbag.py:545} INFO - Filling up the DagBag from /opt/airflow/dags/crypto_pipeline_dag.py
[2026-07-14T04:31:21.347+0000] {processor.py:840} INFO - DAG(s) 'crypto_daily_pipeline' retrieved from /opt/airflow/dags/crypto_pipeline_dag.py
[2026-07-14T04:31:21.364+0000] {logging_mixin.py:188} INFO - [2026-07-14T04:31:21.364+0000] {dag.py:3089} INFO - Sync 1 DAGs
[2026-07-14T04:31:21.374+0000] {logging_mixin.py:188} INFO - [2026-07-14T04:31:21.374+0000] {dag.py:3947} INFO - Setting next_dagrun for crypto_daily_pipeline to 2026-07-14 00:00:00+00:00, run_after=2026-07-15 00:00:00+00:00
[2026-07-14T04:31:21.380+0000] {processor.py:183} INFO - Processing /opt/airflow/dags/crypto_pipeline_dag.py took 0.049 seconds
[2026-07-14T04:31:51.550+0000] {processor.py:161} INFO - Started process (PID=3227) to work on /opt/airflow/dags/crypto_pipeline_dag.py
[2026-07-14T04:31:51.551+0000] {processor.py:830} INFO - Processing file /opt/airflow/dags/crypto_pipeline_dag.py for tasks to queue
[2026-07-14T04:31:51.552+0000] {logging_mixin.py:188} INFO - [2026-07-14T04:31:51.552+0000] {dagbag.py:545} INFO - Filling up the DagBag from /opt/airflow/dags/crypto_pipeline_dag.py
[2026-07-14T04:31:51.562+0000] {processor.py:840} INFO - DAG(s) 'crypto_daily_pipeline' retrieved from /opt/airflow/dags/crypto_pipeline_dag.py
[2026-07-14T04:31:51.581+0000] {logging_mixin.py:188} INFO - [2026-07-14T04:31:51.581+0000] {dag.py:3089} INFO - Sync 1 DAGs
[2026-07-14T04:31:51.591+0000] {logging_mixin.py:188} INFO - [2026-07-14T04:31:51.591+0000] {dag.py:3947} INFO - Setting next_dagrun for crypto_daily_pipeline to 2026-07-14 00:00:00+00:00, run_after=2026-07-15 00:00:00+00:00
[2026-07-14T04:31:51.597+0000] {processor.py:183} INFO - Processing /opt/airflow/dags/crypto_pipeline_dag.py took 0.053 seconds
[2026-07-14T04:32:21.752+0000] {processor.py:161} INFO - Started process (PID=3232) to work on /opt/airflow/dags/crypto_pipeline_dag.py
[2026-07-14T04:32:21.754+0000] {processor.py:830} INFO - Processing file /opt/airflow/dags/crypto_pipeline_dag.py for tasks to queue
[2026-07-14T04:32:21.756+0000] {logging_mixin.py:188} INFO - [2026-07-14T04:32:21.755+0000] {dagbag.py:545} INFO - Filling up the DagBag from /opt/airflow/dags/crypto_pipeline_dag.py
[2026-07-14T04:32:21.764+0000] {processor.py:840} INFO - DAG(s) 'crypto_daily_pipeline' retrieved from /opt/airflow/dags/crypto_pipeline_dag.py
[2026-07-14T04:32:21.782+0000] {logging_mixin.py:188} INFO - [2026-07-14T04:32:21.782+0000] {dag.py:3089} INFO - Sync 1 DAGs
[2026-07-14T04:32:21.792+0000] {logging_mixin.py:188} INFO - [2026-07-14T04:32:21.792+0000] {dag.py:3947} INFO - Setting next_dagrun for crypto_daily_pipeline to 2026-07-14 00:00:00+00:00, run_after=2026-07-15 00:00:00+00:00
[2026-07-14T04:32:21.797+0000] {processor.py:183} INFO - Processing /opt/airflow/dags/crypto_pipeline_dag.py took 0.050 seconds
[2026-07-14T04:32:51.971+0000] {processor.py:161} INFO - Started process (PID=3237) to work on /opt/airflow/dags/crypto_pipeline_dag.py
[2026-07-14T04:32:51.971+0000] {processor.py:830} INFO - Processing file /opt/airflow/dags/crypto_pipeline_dag.py for tasks to queue
[2026-07-14T04:32:51.976+0000] {logging_mixin.py:188} INFO - [2026-07-14T04:32:51.973+0000] {dagbag.py:545} INFO - Filling up the DagBag from /opt/airflow/dags/crypto_pipeline_dag.py
[2026-07-14T04:32:51.985+0000] {processor.py:840} INFO - DAG(s) 'crypto_daily_pipeline' retrieved from /opt/airflow/dags/crypto_pipeline_dag.py
[2026-07-14T04:32:52.003+0000] {logging_mixin.py:188} INFO - [2026-07-14T04:32:52.003+0000] {dag.py:3089} INFO - Sync 1 DAGs
[2026-07-14T04:32:52.012+0000] {logging_mixin.py:188} INFO - [2026-07-14T04:32:52.012+0000] {dag.py:3947} INFO - Setting next_dagrun for crypto_daily_pipeline to 2026-07-14 00:00:00+00:00, run_after=2026-07-15 00:00:00+00:00
[2026-07-14T04:32:52.019+0000] {processor.py:183} INFO - Processing /opt/airflow/dags/crypto_pipeline_dag.py took 0.053 seconds
[2026-07-14T04:33:22.179+0000] {processor.py:161} INFO - Started process (PID=3242) to work on /opt/airflow/dags/crypto_pipeline_dag.py
[2026-07-14T04:33:22.180+0000] {processor.py:830} INFO - Processing file /opt/airflow/dags/crypto_pipeline_dag.py for tasks to queue
[2026-07-14T04:33:22.181+0000] {logging_mixin.py:188} INFO - [2026-07-14T04:33:22.181+0000] {dagbag.py:545} INFO - Filling up the DagBag from /opt/airflow/dags/crypto_pipeline_dag.py
[2026-07-14T04:33:22.190+0000] {processor.py:840} INFO - DAG(s) 'crypto_daily_pipeline' retrieved from /opt/airflow/dags/crypto_pipeline_dag.py
[2026-07-14T04:33:22.208+0000] {logging_mixin.py:188} INFO - [2026-07-14T04:33:22.208+0000] {dag.py:3089} INFO - Sync 1 DAGs
[2026-07-14T04:33:22.216+0000] {logging_mixin.py:188} INFO - [2026-07-14T04:33:22.216+0000] {dag.py:3947} INFO - Setting next_dagrun for crypto_daily_pipeline to 2026-07-14 00:00:00+00:00, run_after=2026-07-15 00:00:00+00:00
[2026-07-14T04:33:22.224+0000] {processor.py:183} INFO - Processing /opt/airflow/dags/crypto_pipeline_dag.py took 0.051 seconds
[2026-07-14T04:33:52.357+0000] {processor.py:161} INFO - Started process (PID=3247) to work on /opt/airflow/dags/crypto_pipeline_dag.py
[2026-07-14T04:33:52.357+0000] {processor.py:830} INFO - Processing file /opt/airflow/dags/crypto_pipeline_dag.py for tasks to queue
[2026-07-14T04:33:52.358+0000] {logging_mixin.py:188} INFO - [2026-07-14T04:33:52.358+0000] {dagbag.py:545} INFO - Filling up the DagBag from /opt/airflow/dags/crypto_pipeline_dag.py
[2026-07-14T04:33:52.364+0000] {processor.py:840} INFO - DAG(s) 'crypto_daily_pipeline' retrieved from /opt/airflow/dags/crypto_pipeline_dag.py
[2026-07-14T04:33:52.376+0000] {logging_mixin.py:188} INFO - [2026-07-14T04:33:52.376+0000] {dag.py:3089} INFO - Sync 1 DAGs
[2026-07-14T04:33:52.383+0000] {logging_mixin.py:188} INFO - [2026-07-14T04:33:52.383+0000] {dag.py:3947} INFO - Setting next_dagrun for crypto_daily_pipeline to 2026-07-14 00:00:00+00:00, run_after=2026-07-15 00:00:00+00:00
[2026-07-14T04:33:52.389+0000] {processor.py:183} INFO - Processing /opt/airflow/dags/crypto_pipeline_dag.py took 0.035 seconds
[2026-07-14T04:34:22.588+0000] {processor.py:161} INFO - Started process (PID=3252) to work on /opt/airflow/dags/crypto_pipeline_dag.py
[2026-07-14T04:34:22.589+0000] {processor.py:830} INFO - Processing file /opt/airflow/dags/crypto_pipeline_dag.py for tasks to queue
[2026-07-14T04:34:22.590+0000] {logging_mixin.py:188} INFO - [2026-07-14T04:34:22.590+0000] {dagbag.py:545} INFO - Filling up the DagBag from /opt/airflow/dags/crypto_pipeline_dag.py
[2026-07-14T04:34:22.599+0000] {processor.py:840} INFO - DAG(s) 'crypto_daily_pipeline' retrieved from /opt/airflow/dags/crypto_pipeline_dag.py
[2026-07-14T04:34:22.617+0000] {logging_mixin.py:188} INFO - [2026-07-14T04:34:22.617+0000] {dag.py:3089} INFO - Sync 1 DAGs
[2026-07-14T04:34:22.628+0000] {logging_mixin.py:188} INFO - [2026-07-14T04:34:22.628+0000] {dag.py:3947} INFO - Setting next_dagrun for crypto_daily_pipeline to 2026-07-14 00:00:00+00:00, run_after=2026-07-15 00:00:00+00:00
[2026-07-14T04:34:22.634+0000] {processor.py:183} INFO - Processing /opt/airflow/dags/crypto_pipeline_dag.py took 0.051 seconds
[2026-07-14T04:34:52.807+0000] {processor.py:161} INFO - Started process (PID=3257) to work on /opt/airflow/dags/crypto_pipeline_dag.py
[2026-07-14T04:34:52.808+0000] {processor.py:830} INFO - Processing file /opt/airflow/dags/crypto_pipeline_dag.py for tasks to queue
[2026-07-14T04:34:52.809+0000] {logging_mixin.py:188} INFO - [2026-07-14T04:34:52.809+0000] {dagbag.py:545} INFO - Filling up the DagBag from /opt/airflow/dags/crypto_pipeline_dag.py
[2026-07-14T04:34:52.819+0000] {processor.py:840} INFO - DAG(s) 'crypto_daily_pipeline' retrieved from /opt/airflow/dags/crypto_pipeline_dag.py
[2026-07-14T04:34:52.835+0000] {logging_mixin.py:188} INFO - [2026-07-14T04:34:52.835+0000] {dag.py:3089} INFO - Sync 1 DAGs
[2026-07-14T04:34:52.843+0000] {logging_mixin.py:188} INFO - [2026-07-14T04:34:52.843+0000] {dag.py:3947} INFO - Setting next_dagrun for crypto_daily_pipeline to 2026-07-14 00:00:00+00:00, run_after=2026-07-15 00:00:00+00:00
[2026-07-14T04:34:52.849+0000] {processor.py:183} INFO - Processing /opt/airflow/dags/crypto_pipeline_dag.py took 0.047 seconds
[2026-07-14T04:35:23.020+0000] {processor.py:161} INFO - Started process (PID=3262) to work on /opt/airflow/dags/crypto_pipeline_dag.py
[2026-07-14T04:35:23.021+0000] {processor.py:830} INFO - Processing file /opt/airflow/dags/crypto_pipeline_dag.py for tasks to queue
[2026-07-14T04:35:23.023+0000] {logging_mixin.py:188} INFO - [2026-07-14T04:35:23.022+0000] {dagbag.py:545} INFO - Filling up the DagBag from /opt/airflow/dags/crypto_pipeline_dag.py
[2026-07-14T04:35:23.031+0000] {processor.py:840} INFO - DAG(s) 'crypto_daily_pipeline' retrieved from /opt/airflow/dags/crypto_pipeline_dag.py
[2026-07-14T04:35:23.044+0000] {logging_mixin.py:188} INFO - [2026-07-14T04:35:23.044+0000] {dag.py:3089} INFO - Sync 1 DAGs
[2026-07-14T04:35:23.052+0000] {logging_mixin.py:188} INFO - [2026-07-14T04:35:23.052+0000] {dag.py:3947} INFO - Setting next_dagrun for crypto_daily_pipeline to 2026-07-14 00:00:00+00:00, run_after=2026-07-15 00:00:00+00:00
[2026-07-14T04:35:23.057+0000] {processor.py:183} INFO - Processing /opt/airflow/dags/crypto_pipeline_dag.py took 0.045 seconds
[2026-07-14T04:35:53.213+0000] {processor.py:161} INFO - Started process (PID=3267) to work on /opt/airflow/dags/crypto_pipeline_dag.py
[2026-07-14T04:35:53.214+0000] {processor.py:830} INFO - Processing file /opt/airflow/dags/crypto_pipeline_dag.py for tasks to queue
[2026-07-14T04:35:53.216+0000] {logging_mixin.py:188} INFO - [2026-07-14T04:35:53.215+0000] {dagbag.py:545} INFO - Filling up the DagBag from /opt/airflow/dags/crypto_pipeline_dag.py
[2026-07-14T04:35:53.225+0000] {processor.py:840} INFO - DAG(s) 'crypto_daily_pipeline' retrieved from /opt/airflow/dags/crypto_pipeline_dag.py
[2026-07-14T04:35:53.241+0000] {logging_mixin.py:188} INFO - [2026-07-14T04:35:53.241+0000] {dag.py:3089} INFO - Sync 1 DAGs
[2026-07-14T04:35:53.250+0000] {logging_mixin.py:188} INFO - [2026-07-14T04:35:53.250+0000] {dag.py:3947} INFO - Setting next_dagrun for crypto_daily_pipeline to 2026-07-14 00:00:00+00:00, run_after=2026-07-15 00:00:00+00:00
[2026-07-14T04:35:53.255+0000] {processor.py:183} INFO - Processing /opt/airflow/dags/crypto_pipeline_dag.py took 0.047 seconds
[2026-07-14T04:36:23.396+0000] {processor.py:161} INFO - Started process (PID=3272) to work on /opt/airflow/dags/crypto_pipeline_dag.py
[2026-07-14T04:36:23.397+0000] {processor.py:830} INFO - Processing file /opt/airflow/dags/crypto_pipeline_dag.py for tasks to queue
[2026-07-14T04:36:23.398+0000] {logging_mixin.py:188} INFO - [2026-07-14T04:36:23.398+0000] {dagbag.py:545} INFO - Filling up the DagBag from /opt/airflow/dags/crypto_pipeline_dag.py
[2026-07-14T04:36:23.407+0000] {processor.py:840} INFO - DAG(s) 'crypto_daily_pipeline' retrieved from /opt/airflow/dags/crypto_pipeline_dag.py
[2026-07-14T04:36:23.425+0000] {logging_mixin.py:188} INFO - [2026-07-14T04:36:23.424+0000] {dag.py:3089} INFO - Sync 1 DAGs
[2026-07-14T04:36:23.435+0000] {logging_mixin.py:188} INFO - [2026-07-14T04:36:23.434+0000] {dag.py:3947} INFO - Setting next_dagrun for crypto_daily_pipeline to 2026-07-14 00:00:00+00:00, run_after=2026-07-15 00:00:00+00:00
[2026-07-14T04:36:23.441+0000] {processor.py:183} INFO - Processing /opt/airflow/dags/crypto_pipeline_dag.py took 0.050 seconds
[2026-07-14T04:36:53.589+0000] {processor.py:161} INFO - Started process (PID=3277) to work on /opt/airflow/dags/crypto_pipeline_dag.py
[2026-07-14T04:36:53.589+0000] {processor.py:830} INFO - Processing file /opt/airflow/dags/crypto_pipeline_dag.py for tasks to queue
[2026-07-14T04:36:53.591+0000] {logging_mixin.py:188} INFO - [2026-07-14T04:36:53.591+0000] {dagbag.py:545} INFO - Filling up the DagBag from /opt/airflow/dags/crypto_pipeline_dag.py
[2026-07-14T04:36:53.600+0000] {processor.py:840} INFO - DAG(s) 'crypto_daily_pipeline' retrieved from /opt/airflow/dags/crypto_pipeline_dag.py
[2026-07-14T04:36:53.618+0000] {logging_mixin.py:188} INFO - [2026-07-14T04:36:53.618+0000] {dag.py:3089} INFO - Sync 1 DAGs
[2026-07-14T04:36:53.627+0000] {logging_mixin.py:188} INFO - [2026-07-14T04:36:53.627+0000] {dag.py:3947} INFO - Setting next_dagrun for crypto_daily_pipeline to 2026-07-14 00:00:00+00:00, run_after=2026-07-15 00:00:00+00:00
[2026-07-14T04:36:53.635+0000] {processor.py:183} INFO - Processing /opt/airflow/dags/crypto_pipeline_dag.py took 0.051 seconds
[2026-07-14T04:37:23.780+0000] {processor.py:161} INFO - Started process (PID=3282) to work on /opt/airflow/dags/crypto_pipeline_dag.py
[2026-07-14T04:37:23.781+0000] {processor.py:830} INFO - Processing file /opt/airflow/dags/crypto_pipeline_dag.py for tasks to queue
[2026-07-14T04:37:23.782+0000] {logging_mixin.py:188} INFO - [2026-07-14T04:37:23.782+0000] {dagbag.py:545} INFO - Filling up the DagBag from /opt/airflow/dags/crypto_pipeline_dag.py
[2026-07-14T04:37:23.790+0000] {processor.py:840} INFO - DAG(s) 'crypto_daily_pipeline' retrieved from /opt/airflow/dags/crypto_pipeline_dag.py
[2026-07-14T04:37:23.807+0000] {logging_mixin.py:188} INFO - [2026-07-14T04:37:23.807+0000] {dag.py:3089} INFO - Sync 1 DAGs
[2026-07-14T04:37:23.817+0000] {logging_mixin.py:188} INFO - [2026-07-14T04:37:23.817+0000] {dag.py:3947} INFO - Setting next_dagrun for crypto_daily_pipeline to 2026-07-14 00:00:00+00:00, run_after=2026-07-15 00:00:00+00:00
[2026-07-14T04:37:23.823+0000] {processor.py:183} INFO - Processing /opt/airflow/dags/crypto_pipeline_dag.py took 0.047 seconds
[2026-07-14T04:37:53.986+0000] {processor.py:161} INFO - Started process (PID=3287) to work on /opt/airflow/dags/crypto_pipeline_dag.py
[2026-07-14T04:37:53.986+0000] {processor.py:830} INFO - Processing file /opt/airflow/dags/crypto_pipeline_dag.py for tasks to queue
[2026-07-14T04:37:53.988+0000] {logging_mixin.py:188} INFO - [2026-07-14T04:37:53.988+0000] {dagbag.py:545} INFO - Filling up the DagBag from /opt/airflow/dags/crypto_pipeline_dag.py
[2026-07-14T04:37:53.997+0000] {processor.py:840} INFO - DAG(s) 'crypto_daily_pipeline' retrieved from /opt/airflow/dags/crypto_pipeline_dag.py
[2026-07-14T04:37:54.015+0000] {logging_mixin.py:188} INFO - [2026-07-14T04:37:54.015+0000] {dag.py:3089} INFO - Sync 1 DAGs
[2026-07-14T04:37:54.024+0000] {logging_mixin.py:188} INFO - [2026-07-14T04:37:54.024+0000] {dag.py:3947} INFO - Setting next_dagrun for crypto_daily_pipeline to 2026-07-14 00:00:00+00:00, run_after=2026-07-15 00:00:00+00:00
[2026-07-14T04:37:54.030+0000] {processor.py:183} INFO - Processing /opt/airflow/dags/crypto_pipeline_dag.py took 0.050 seconds
[2026-07-14T04:38:24.197+0000] {processor.py:161} INFO - Started process (PID=3292) to work on /opt/airflow/dags/crypto_pipeline_dag.py
[2026-07-14T04:38:24.197+0000] {processor.py:830} INFO - Processing file /opt/airflow/dags/crypto_pipeline_dag.py for tasks to queue
[2026-07-14T04:38:24.198+0000] {logging_mixin.py:188} INFO - [2026-07-14T04:38:24.198+0000] {dagbag.py:545} INFO - Filling up the DagBag from /opt/airflow/dags/crypto_pipeline_dag.py
[2026-07-14T04:38:24.203+0000] {processor.py:840} INFO - DAG(s) 'crypto_daily_pipeline' retrieved from /opt/airflow/dags/crypto_pipeline_dag.py
[2026-07-14T04:38:24.220+0000] {logging_mixin.py:188} INFO - [2026-07-14T04:38:24.220+0000] {dag.py:3089} INFO - Sync 1 DAGs
[2026-07-14T04:38:24.227+0000] {logging_mixin.py:188} INFO - [2026-07-14T04:38:24.227+0000] {dag.py:3947} INFO - Setting next_dagrun for crypto_daily_pipeline to 2026-07-14 00:00:00+00:00, run_after=2026-07-15 00:00:00+00:00
[2026-07-14T04:38:24.233+0000] {processor.py:183} INFO - Processing /opt/airflow/dags/crypto_pipeline_dag.py took 0.040 seconds
[2026-07-14T04:38:54.377+0000] {processor.py:161} INFO - Started process (PID=3297) to work on /opt/airflow/dags/crypto_pipeline_dag.py
[2026-07-14T04:38:54.378+0000] {processor.py:830} INFO - Processing file /opt/airflow/dags/crypto_pipeline_dag.py for tasks to queue
[2026-07-14T04:38:54.380+0000] {logging_mixin.py:188} INFO - [2026-07-14T04:38:54.379+0000] {dagbag.py:545} INFO - Filling up the DagBag from /opt/airflow/dags/crypto_pipeline_dag.py
[2026-07-14T04:38:54.388+0000] {processor.py:840} INFO - DAG(s) 'crypto_daily_pipeline' retrieved from /opt/airflow/dags/crypto_pipeline_dag.py
[2026-07-14T04:38:54.400+0000] {logging_mixin.py:188} INFO - [2026-07-14T04:38:54.400+0000] {dag.py:3089} INFO - Sync 1 DAGs
[2026-07-14T04:38:54.407+0000] {logging_mixin.py:188} INFO - [2026-07-14T04:38:54.407+0000] {dag.py:3947} INFO - Setting next_dagrun for crypto_daily_pipeline to 2026-07-14 00:00:00+00:00, run_after=2026-07-15 00:00:00+00:00
[2026-07-14T04:38:54.413+0000] {processor.py:183} INFO - Processing /opt/airflow/dags/crypto_pipeline_dag.py took 0.039 seconds
[2026-07-14T04:39:24.537+0000] {processor.py:161} INFO - Started process (PID=3302) to work on /opt/airflow/dags/crypto_pipeline_dag.py
[2026-07-14T04:39:24.538+0000] {processor.py:830} INFO - Processing file /opt/airflow/dags/crypto_pipeline_dag.py for tasks to queue
[2026-07-14T04:39:24.539+0000] {logging_mixin.py:188} INFO - [2026-07-14T04:39:24.539+0000] {dagbag.py:545} INFO - Filling up the DagBag from /opt/airflow/dags/crypto_pipeline_dag.py
[2026-07-14T04:39:24.544+0000] {processor.py:840} INFO - DAG(s) 'crypto_daily_pipeline' retrieved from /opt/airflow/dags/crypto_pipeline_dag.py
[2026-07-14T04:39:24.556+0000] {logging_mixin.py:188} INFO - [2026-07-14T04:39:24.556+0000] {dag.py:3089} INFO - Sync 1 DAGs
[2026-07-14T04:39:24.564+0000] {logging_mixin.py:188} INFO - [2026-07-14T04:39:24.564+0000] {dag.py:3947} INFO - Setting next_dagrun for crypto_daily_pipeline to 2026-07-14 00:00:00+00:00, run_after=2026-07-15 00:00:00+00:00
[2026-07-14T04:39:24.570+0000] {processor.py:183} INFO - Processing /opt/airflow/dags/crypto_pipeline_dag.py took 0.035 seconds
[2026-07-14T04:39:54.750+0000] {processor.py:161} INFO - Started process (PID=3307) to work on /opt/airflow/dags/crypto_pipeline_dag.py
[2026-07-14T04:39:54.751+0000] {processor.py:830} INFO - Processing file /opt/airflow/dags/crypto_pipeline_dag.py for tasks to queue
[2026-07-14T04:39:54.751+0000] {logging_mixin.py:188} INFO - [2026-07-14T04:39:54.751+0000] {dagbag.py:545} INFO - Filling up the DagBag from /opt/airflow/dags/crypto_pipeline_dag.py
[2026-07-14T04:39:54.757+0000] {processor.py:840} INFO - DAG(s) 'crypto_daily_pipeline' retrieved from /opt/airflow/dags/crypto_pipeline_dag.py
[2026-07-14T04:39:54.768+0000] {logging_mixin.py:188} INFO - [2026-07-14T04:39:54.768+0000] {dag.py:3089} INFO - Sync 1 DAGs
[2026-07-14T04:39:54.775+0000] {logging_mixin.py:188} INFO - [2026-07-14T04:39:54.775+0000] {dag.py:3947} INFO - Setting next_dagrun for crypto_daily_pipeline to 2026-07-14 00:00:00+00:00, run_after=2026-07-15 00:00:00+00:00
[2026-07-14T04:39:54.782+0000] {processor.py:183} INFO - Processing /opt/airflow/dags/crypto_pipeline_dag.py took 0.034 seconds
[2026-07-14T04:40:24.936+0000] {processor.py:161} INFO - Started process (PID=3312) to work on /opt/airflow/dags/crypto_pipeline_dag.py
[2026-07-14T04:40:24.937+0000] {processor.py:830} INFO - Processing file /opt/airflow/dags/crypto_pipeline_dag.py for tasks to queue
[2026-07-14T04:40:24.937+0000] {logging_mixin.py:188} INFO - [2026-07-14T04:40:24.937+0000] {dagbag.py:545} INFO - Filling up the DagBag from /opt/airflow/dags/crypto_pipeline_dag.py
[2026-07-14T04:40:24.943+0000] {processor.py:840} INFO - DAG(s) 'crypto_daily_pipeline' retrieved from /opt/airflow/dags/crypto_pipeline_dag.py
[2026-07-14T04:40:24.954+0000] {logging_mixin.py:188} INFO - [2026-07-14T04:40:24.954+0000] {dag.py:3089} INFO - Sync 1 DAGs
[2026-07-14T04:40:24.961+0000] {logging_mixin.py:188} INFO - [2026-07-14T04:40:24.961+0000] {dag.py:3947} INFO - Setting next_dagrun for crypto_daily_pipeline to 2026-07-14 00:00:00+00:00, run_after=2026-07-15 00:00:00+00:00
[2026-07-14T04:40:24.967+0000] {processor.py:183} INFO - Processing /opt/airflow/dags/crypto_pipeline_dag.py took 0.034 seconds
[2026-07-14T04:40:55.143+0000] {processor.py:161} INFO - Started process (PID=3317) to work on /opt/airflow/dags/crypto_pipeline_dag.py
[2026-07-14T04:40:55.143+0000] {processor.py:830} INFO - Processing file /opt/airflow/dags/crypto_pipeline_dag.py for tasks to queue
[2026-07-14T04:40:55.145+0000] {logging_mixin.py:188} INFO - [2026-07-14T04:40:55.144+0000] {dagbag.py:545} INFO - Filling up the DagBag from /opt/airflow/dags/crypto_pipeline_dag.py
[2026-07-14T04:40:55.150+0000] {processor.py:840} INFO - DAG(s) 'crypto_daily_pipeline' retrieved from /opt/airflow/dags/crypto_pipeline_dag.py
[2026-07-14T04:40:55.161+0000] {logging_mixin.py:188} INFO - [2026-07-14T04:40:55.161+0000] {dag.py:3089} INFO - Sync 1 DAGs
[2026-07-14T04:40:55.168+0000] {logging_mixin.py:188} INFO - [2026-07-14T04:40:55.168+0000] {dag.py:3947} INFO - Setting next_dagrun for crypto_daily_pipeline to 2026-07-14 00:00:00+00:00, run_after=2026-07-15 00:00:00+00:00
[2026-07-14T04:40:55.174+0000] {processor.py:183} INFO - Processing /opt/airflow/dags/crypto_pipeline_dag.py took 0.034 seconds
[2026-07-14T04:41:25.347+0000] {processor.py:161} INFO - Started process (PID=3322) to work on /opt/airflow/dags/crypto_pipeline_dag.py
[2026-07-14T04:41:25.347+0000] {processor.py:830} INFO - Processing file /opt/airflow/dags/crypto_pipeline_dag.py for tasks to queue
[2026-07-14T04:41:25.349+0000] {logging_mixin.py:188} INFO - [2026-07-14T04:41:25.349+0000] {dagbag.py:545} INFO - Filling up the DagBag from /opt/airflow/dags/crypto_pipeline_dag.py
[2026-07-14T04:41:25.354+0000] {processor.py:840} INFO - DAG(s) 'crypto_daily_pipeline' retrieved from /opt/airflow/dags/crypto_pipeline_dag.py
[2026-07-14T04:41:25.365+0000] {logging_mixin.py:188} INFO - [2026-07-14T04:41:25.365+0000] {dag.py:3089} INFO - Sync 1 DAGs
[2026-07-14T04:41:25.372+0000] {logging_mixin.py:188} INFO - [2026-07-14T04:41:25.371+0000] {dag.py:3947} INFO - Setting next_dagrun for crypto_daily_pipeline to 2026-07-14 00:00:00+00:00, run_after=2026-07-15 00:00:00+00:00
[2026-07-14T04:41:25.377+0000] {processor.py:183} INFO - Processing /opt/airflow/dags/crypto_pipeline_dag.py took 0.033 seconds
[2026-07-14T04:41:55.547+0000] {processor.py:161} INFO - Started process (PID=3327) to work on /opt/airflow/dags/crypto_pipeline_dag.py
[2026-07-14T04:41:55.548+0000] {processor.py:830} INFO - Processing file /opt/airflow/dags/crypto_pipeline_dag.py for tasks to queue
[2026-07-14T04:41:55.549+0000] {logging_mixin.py:188} INFO - [2026-07-14T04:41:55.549+0000] {dagbag.py:545} INFO - Filling up the DagBag from /opt/airflow/dags/crypto_pipeline_dag.py
[2026-07-14T04:41:55.555+0000] {processor.py:840} INFO - DAG(s) 'crypto_daily_pipeline' retrieved from /opt/airflow/dags/crypto_pipeline_dag.py
[2026-07-14T04:41:55.565+0000] {logging_mixin.py:188} INFO - [2026-07-14T04:41:55.565+0000] {dag.py:3089} INFO - Sync 1 DAGs
[2026-07-14T04:41:55.572+0000] {logging_mixin.py:188} INFO - [2026-07-14T04:41:55.572+0000] {dag.py:3947} INFO - Setting next_dagrun for crypto_daily_pipeline to 2026-07-14 00:00:00+00:00, run_after=2026-07-15 00:00:00+00:00
[2026-07-14T04:41:55.578+0000] {processor.py:183} INFO - Processing /opt/airflow/dags/crypto_pipeline_dag.py took 0.034 seconds
[2026-07-14T04:42:25.734+0000] {processor.py:161} INFO - Started process (PID=3332) to work on /opt/airflow/dags/crypto_pipeline_dag.py
[2026-07-14T04:42:25.735+0000] {processor.py:830} INFO - Processing file /opt/airflow/dags/crypto_pipeline_dag.py for tasks to queue
[2026-07-14T04:42:25.736+0000] {logging_mixin.py:188} INFO - [2026-07-14T04:42:25.736+0000] {dagbag.py:545} INFO - Filling up the DagBag from /opt/airflow/dags/crypto_pipeline_dag.py
[2026-07-14T04:42:25.740+0000] {processor.py:840} INFO - DAG(s) 'crypto_daily_pipeline' retrieved from /opt/airflow/dags/crypto_pipeline_dag.py
[2026-07-14T04:42:25.751+0000] {logging_mixin.py:188} INFO - [2026-07-14T04:42:25.751+0000] {dag.py:3089} INFO - Sync 1 DAGs
[2026-07-14T04:42:25.759+0000] {logging_mixin.py:188} INFO - [2026-07-14T04:42:25.759+0000] {dag.py:3947} INFO - Setting next_dagrun for crypto_daily_pipeline to 2026-07-14 00:00:00+00:00, run_after=2026-07-15 00:00:00+00:00
[2026-07-14T04:42:25.765+0000] {processor.py:183} INFO - Processing /opt/airflow/dags/crypto_pipeline_dag.py took 0.034 seconds
[2026-07-14T04:42:55.934+0000] {processor.py:161} INFO - Started process (PID=3337) to work on /opt/airflow/dags/crypto_pipeline_dag.py
[2026-07-14T04:42:55.934+0000] {processor.py:830} INFO - Processing file /opt/airflow/dags/crypto_pipeline_dag.py for tasks to queue
[2026-07-14T04:42:55.936+0000] {logging_mixin.py:188} INFO - [2026-07-14T04:42:55.935+0000] {dagbag.py:545} INFO - Filling up the DagBag from /opt/airflow/dags/crypto_pipeline_dag.py
[2026-07-14T04:42:55.941+0000] {processor.py:840} INFO - DAG(s) 'crypto_daily_pipeline' retrieved from /opt/airflow/dags/crypto_pipeline_dag.py
[2026-07-14T04:42:55.952+0000] {logging_mixin.py:188} INFO - [2026-07-14T04:42:55.952+0000] {dag.py:3089} INFO - Sync 1 DAGs
[2026-07-14T04:42:55.959+0000] {logging_mixin.py:188} INFO - [2026-07-14T04:42:55.959+0000] {dag.py:3947} INFO - Setting next_dagrun for crypto_daily_pipeline to 2026-07-14 00:00:00+00:00, run_after=2026-07-15 00:00:00+00:00
[2026-07-14T04:42:55.965+0000] {processor.py:183} INFO - Processing /opt/airflow/dags/crypto_pipeline_dag.py took 0.034 seconds
[2026-07-14T04:43:26.127+0000] {processor.py:161} INFO - Started process (PID=3342) to work on /opt/airflow/dags/crypto_pipeline_dag.py
[2026-07-14T04:43:26.128+0000] {processor.py:830} INFO - Processing file /opt/airflow/dags/crypto_pipeline_dag.py for tasks to queue
[2026-07-14T04:43:26.129+0000] {logging_mixin.py:188} INFO - [2026-07-14T04:43:26.129+0000] {dagbag.py:545} INFO - Filling up the DagBag from /opt/airflow/dags/crypto_pipeline_dag.py
[2026-07-14T04:43:26.133+0000] {processor.py:840} INFO - DAG(s) 'crypto_daily_pipeline' retrieved from /opt/airflow/dags/crypto_pipeline_dag.py
[2026-07-14T04:43:26.144+0000] {logging_mixin.py:188} INFO - [2026-07-14T04:43:26.144+0000] {dag.py:3089} INFO - Sync 1 DAGs
[2026-07-14T04:43:26.151+0000] {logging_mixin.py:188} INFO - [2026-07-14T04:43:26.151+0000] {dag.py:3947} INFO - Setting next_dagrun for crypto_daily_pipeline to 2026-07-14 00:00:00+00:00, run_after=2026-07-15 00:00:00+00:00
[2026-07-14T04:43:26.156+0000] {processor.py:183} INFO - Processing /opt/airflow/dags/crypto_pipeline_dag.py took 0.032 seconds
[2026-07-14T04:48:58.487+0000] {processor.py:161} INFO - Started process (PID=3347) to work on /opt/airflow/dags/crypto_pipeline_dag.py
[2026-07-14T04:48:58.488+0000] {processor.py:830} INFO - Processing file /opt/airflow/dags/crypto_pipeline_dag.py for tasks to queue
[2026-07-14T04:48:58.490+0000] {logging_mixin.py:188} INFO - [2026-07-14T04:48:58.489+0000] {dagbag.py:545} INFO - Filling up the DagBag from /opt/airflow/dags/crypto_pipeline_dag.py
[2026-07-14T04:48:58.499+0000] {processor.py:840} INFO - DAG(s) 'crypto_daily_pipeline' retrieved from /opt/airflow/dags/crypto_pipeline_dag.py
[2026-07-14T04:48:58.519+0000] {logging_mixin.py:188} INFO - [2026-07-14T04:48:58.519+0000] {dag.py:3089} INFO - Sync 1 DAGs
[2026-07-14T04:48:58.529+0000] {logging_mixin.py:188} INFO - [2026-07-14T04:48:58.529+0000] {dag.py:3947} INFO - Setting next_dagrun for crypto_daily_pipeline to 2026-07-14 00:00:00+00:00, run_after=2026-07-15 00:00:00+00:00
[2026-07-14T04:48:58.535+0000] {processor.py:183} INFO - Processing /opt/airflow/dags/crypto_pipeline_dag.py took 0.055 seconds
[2026-07-14T04:49:28.691+0000] {processor.py:161} INFO - Started process (PID=3352) to work on /opt/airflow/dags/crypto_pipeline_dag.py
[2026-07-14T04:49:28.692+0000] {processor.py:830} INFO - Processing file /opt/airflow/dags/crypto_pipeline_dag.py for tasks to queue
[2026-07-14T04:49:28.693+0000] {logging_mixin.py:188} INFO - [2026-07-14T04:49:28.693+0000] {dagbag.py:545} INFO - Filling up the DagBag from /opt/airflow/dags/crypto_pipeline_dag.py
[2026-07-14T04:49:28.702+0000] {processor.py:840} INFO - DAG(s) 'crypto_daily_pipeline' retrieved from /opt/airflow/dags/crypto_pipeline_dag.py
[2026-07-14T04:49:28.720+0000] {logging_mixin.py:188} INFO - [2026-07-14T04:49:28.720+0000] {dag.py:3089} INFO - Sync 1 DAGs
[2026-07-14T04:49:28.727+0000] {logging_mixin.py:188} INFO - [2026-07-14T04:49:28.727+0000] {dag.py:3947} INFO - Setting next_dagrun for crypto_daily_pipeline to 2026-07-14 00:00:00+00:00, run_after=2026-07-15 00:00:00+00:00
[2026-07-14T04:49:28.733+0000] {processor.py:183} INFO - Processing /opt/airflow/dags/crypto_pipeline_dag.py took 0.048 seconds
[2026-07-14T04:49:58.886+0000] {processor.py:161} INFO - Started process (PID=3357) to work on /opt/airflow/dags/crypto_pipeline_dag.py
[2026-07-14T04:49:58.887+0000] {processor.py:830} INFO - Processing file /opt/airflow/dags/crypto_pipeline_dag.py for tasks to queue
[2026-07-14T04:49:58.889+0000] {logging_mixin.py:188} INFO - [2026-07-14T04:49:58.889+0000] {dagbag.py:545} INFO - Filling up the DagBag from /opt/airflow/dags/crypto_pipeline_dag.py
[2026-07-14T04:49:58.905+0000] {processor.py:840} INFO - DAG(s) 'crypto_daily_pipeline' retrieved from /opt/airflow/dags/crypto_pipeline_dag.py
[2026-07-14T04:49:58.926+0000] {logging_mixin.py:188} INFO - [2026-07-14T04:49:58.926+0000] {dag.py:3089} INFO - Sync 1 DAGs
[2026-07-14T04:49:58.939+0000] {logging_mixin.py:188} INFO - [2026-07-14T04:49:58.939+0000] {dag.py:3947} INFO - Setting next_dagrun for crypto_daily_pipeline to 2026-07-14 00:00:00+00:00, run_after=2026-07-15 00:00:00+00:00
[2026-07-14T04:49:58.946+0000] {processor.py:183} INFO - Processing /opt/airflow/dags/crypto_pipeline_dag.py took 0.067 seconds
[2026-07-14T04:50:29.049+0000] {processor.py:161} INFO - Started process (PID=3362) to work on /opt/airflow/dags/crypto_pipeline_dag.py
[2026-07-14T04:50:29.049+0000] {processor.py:830} INFO - Processing file /opt/airflow/dags/crypto_pipeline_dag.py for tasks to queue
[2026-07-14T04:50:29.051+0000] {logging_mixin.py:188} INFO - [2026-07-14T04:50:29.051+0000] {dagbag.py:545} INFO - Filling up the DagBag from /opt/airflow/dags/crypto_pipeline_dag.py
[2026-07-14T04:50:29.062+0000] {processor.py:840} INFO - DAG(s) 'crypto_daily_pipeline' retrieved from /opt/airflow/dags/crypto_pipeline_dag.py
[2026-07-14T04:50:29.083+0000] {logging_mixin.py:188} INFO - [2026-07-14T04:50:29.083+0000] {dag.py:3089} INFO - Sync 1 DAGs
[2026-07-14T04:50:29.095+0000] {logging_mixin.py:188} INFO - [2026-07-14T04:50:29.095+0000] {dag.py:3947} INFO - Setting next_dagrun for crypto_daily_pipeline to 2026-07-14 00:00:00+00:00, run_after=2026-07-15 00:00:00+00:00
[2026-07-14T04:50:29.102+0000] {processor.py:183} INFO - Processing /opt/airflow/dags/crypto_pipeline_dag.py took 0.060 seconds
[2026-07-14T04:50:59.299+0000] {processor.py:161} INFO - Started process (PID=3367) to work on /opt/airflow/dags/crypto_pipeline_dag.py
[2026-07-14T04:50:59.300+0000] {processor.py:830} INFO - Processing file /opt/airflow/dags/crypto_pipeline_dag.py for tasks to queue
[2026-07-14T04:50:59.303+0000] {logging_mixin.py:188} INFO - [2026-07-14T04:50:59.302+0000] {dagbag.py:545} INFO - Filling up the DagBag from /opt/airflow/dags/crypto_pipeline_dag.py
[2026-07-14T04:50:59.315+0000] {processor.py:840} INFO - DAG(s) 'crypto_daily_pipeline' retrieved from /opt/airflow/dags/crypto_pipeline_dag.py
[2026-07-14T04:50:59.335+0000] {logging_mixin.py:188} INFO - [2026-07-14T04:50:59.335+0000] {dag.py:3089} INFO - Sync 1 DAGs
[2026-07-14T04:50:59.345+0000] {logging_mixin.py:188} INFO - [2026-07-14T04:50:59.345+0000] {dag.py:3947} INFO - Setting next_dagrun for crypto_daily_pipeline to 2026-07-14 00:00:00+00:00, run_after=2026-07-15 00:00:00+00:00
[2026-07-14T04:50:59.353+0000] {processor.py:183} INFO - Processing /opt/airflow/dags/crypto_pipeline_dag.py took 0.062 seconds
[2026-07-14T04:51:29.475+0000] {processor.py:161} INFO - Started process (PID=3372) to work on /opt/airflow/dags/crypto_pipeline_dag.py
[2026-07-14T04:51:29.476+0000] {processor.py:830} INFO - Processing file /opt/airflow/dags/crypto_pipeline_dag.py for tasks to queue
[2026-07-14T04:51:29.477+0000] {logging_mixin.py:188} INFO - [2026-07-14T04:51:29.477+0000] {dagbag.py:545} INFO - Filling up the DagBag from /opt/airflow/dags/crypto_pipeline_dag.py
[2026-07-14T04:51:29.487+0000] {processor.py:840} INFO - DAG(s) 'crypto_daily_pipeline' retrieved from /opt/airflow/dags/crypto_pipeline_dag.py
[2026-07-14T04:51:29.506+0000] {logging_mixin.py:188} INFO - [2026-07-14T04:51:29.506+0000] {dag.py:3089} INFO - Sync 1 DAGs
[2026-07-14T04:51:29.515+0000] {logging_mixin.py:188} INFO - [2026-07-14T04:51:29.515+0000] {dag.py:3947} INFO - Setting next_dagrun for crypto_daily_pipeline to 2026-07-14 00:00:00+00:00, run_after=2026-07-15 00:00:00+00:00
[2026-07-14T04:51:29.521+0000] {processor.py:183} INFO - Processing /opt/airflow/dags/crypto_pipeline_dag.py took 0.052 seconds
[2026-07-14T04:51:59.695+0000] {processor.py:161} INFO - Started process (PID=3377) to work on /opt/airflow/dags/crypto_pipeline_dag.py
[2026-07-14T04:51:59.695+0000] {processor.py:830} INFO - Processing file /opt/airflow/dags/crypto_pipeline_dag.py for tasks to queue
[2026-07-14T04:51:59.697+0000] {logging_mixin.py:188} INFO - [2026-07-14T04:51:59.696+0000] {dagbag.py:545} INFO - Filling up the DagBag from /opt/airflow/dags/crypto_pipeline_dag.py
[2026-07-14T04:51:59.708+0000] {processor.py:840} INFO - DAG(s) 'crypto_daily_pipeline' retrieved from /opt/airflow/dags/crypto_pipeline_dag.py
[2026-07-14T04:51:59.730+0000] {logging_mixin.py:188} INFO - [2026-07-14T04:51:59.730+0000] {dag.py:3089} INFO - Sync 1 DAGs
[2026-07-14T04:51:59.779+0000] {logging_mixin.py:188} INFO - [2026-07-14T04:51:59.779+0000] {dag.py:3947} INFO - Setting next_dagrun for crypto_daily_pipeline to 2026-07-14 00:00:00+00:00, run_after=2026-07-15 00:00:00+00:00
[2026-07-14T04:51:59.787+0000] {processor.py:183} INFO - Processing /opt/airflow/dags/crypto_pipeline_dag.py took 0.098 seconds
[2026-07-14T04:52:29.869+0000] {processor.py:161} INFO - Started process (PID=3382) to work on /opt/airflow/dags/crypto_pipeline_dag.py
[2026-07-14T04:52:29.870+0000] {processor.py:830} INFO - Processing file /opt/airflow/dags/crypto_pipeline_dag.py for tasks to queue
[2026-07-14T04:52:29.872+0000] {logging_mixin.py:188} INFO - [2026-07-14T04:52:29.872+0000] {dagbag.py:545} INFO - Filling up the DagBag from /opt/airflow/dags/crypto_pipeline_dag.py
[2026-07-14T04:52:29.881+0000] {processor.py:840} INFO - DAG(s) 'crypto_daily_pipeline' retrieved from /opt/airflow/dags/crypto_pipeline_dag.py
[2026-07-14T04:52:29.922+0000] {logging_mixin.py:188} INFO - [2026-07-14T04:52:29.922+0000] {dag.py:3089} INFO - Sync 1 DAGs
[2026-07-14T04:52:29.942+0000] {logging_mixin.py:188} INFO - [2026-07-14T04:52:29.942+0000] {dag.py:3947} INFO - Setting next_dagrun for crypto_daily_pipeline to 2026-07-14 00:00:00+00:00, run_after=2026-07-15 00:00:00+00:00
[2026-07-14T04:52:29.952+0000] {processor.py:183} INFO - Processing /opt/airflow/dags/crypto_pipeline_dag.py took 0.088 seconds
[2026-07-14T04:53:00.088+0000] {processor.py:161} INFO - Started process (PID=3387) to work on /opt/airflow/dags/crypto_pipeline_dag.py
[2026-07-14T04:53:00.089+0000] {processor.py:830} INFO - Processing file /opt/airflow/dags/crypto_pipeline_dag.py for tasks to queue
[2026-07-14T04:53:00.091+0000] {logging_mixin.py:188} INFO - [2026-07-14T04:53:00.091+0000] {dagbag.py:545} INFO - Filling up the DagBag from /opt/airflow/dags/crypto_pipeline_dag.py
[2026-07-14T04:53:00.101+0000] {processor.py:840} INFO - DAG(s) 'crypto_daily_pipeline' retrieved from /opt/airflow/dags/crypto_pipeline_dag.py
[2026-07-14T04:53:00.121+0000] {logging_mixin.py:188} INFO - [2026-07-14T04:53:00.121+0000] {dag.py:3089} INFO - Sync 1 DAGs
[2026-07-14T04:53:00.131+0000] {logging_mixin.py:188} INFO - [2026-07-14T04:53:00.131+0000] {dag.py:3947} INFO - Setting next_dagrun for crypto_daily_pipeline to 2026-07-14 00:00:00+00:00, run_after=2026-07-15 00:00:00+00:00
[2026-07-14T04:53:00.138+0000] {processor.py:183} INFO - Processing /opt/airflow/dags/crypto_pipeline_dag.py took 0.056 seconds
[2026-07-14T04:53:30.277+0000] {processor.py:161} INFO - Started process (PID=3392) to work on /opt/airflow/dags/crypto_pipeline_dag.py
[2026-07-14T04:53:30.278+0000] {processor.py:830} INFO - Processing file /opt/airflow/dags/crypto_pipeline_dag.py for tasks to queue
[2026-07-14T04:53:30.280+0000] {logging_mixin.py:188} INFO - [2026-07-14T04:53:30.280+0000] {dagbag.py:545} INFO - Filling up the DagBag from /opt/airflow/dags/crypto_pipeline_dag.py
[2026-07-14T04:53:30.289+0000] {processor.py:840} INFO - DAG(s) 'crypto_daily_pipeline' retrieved from /opt/airflow/dags/crypto_pipeline_dag.py
[2026-07-14T04:53:30.304+0000] {logging_mixin.py:188} INFO - [2026-07-14T04:53:30.304+0000] {dag.py:3089} INFO - Sync 1 DAGs
[2026-07-14T04:53:30.312+0000] {logging_mixin.py:188} INFO - [2026-07-14T04:53:30.312+0000] {dag.py:3947} INFO - Setting next_dagrun for crypto_daily_pipeline to 2026-07-14 00:00:00+00:00, run_after=2026-07-15 00:00:00+00:00
[2026-07-14T04:53:30.317+0000] {processor.py:183} INFO - Processing /opt/airflow/dags/crypto_pipeline_dag.py took 0.046 seconds
[2026-07-14T04:54:00.495+0000] {processor.py:161} INFO - Started process (PID=3397) to work on /opt/airflow/dags/crypto_pipeline_dag.py
[2026-07-14T04:54:00.496+0000] {processor.py:830} INFO - Processing file /opt/airflow/dags/crypto_pipeline_dag.py for tasks to queue
[2026-07-14T04:54:00.499+0000] {logging_mixin.py:188} INFO - [2026-07-14T04:54:00.499+0000] {dagbag.py:545} INFO - Filling up the DagBag from /opt/airflow/dags/crypto_pipeline_dag.py
[2026-07-14T04:54:00.511+0000] {processor.py:840} INFO - DAG(s) 'crypto_daily_pipeline' retrieved from /opt/airflow/dags/crypto_pipeline_dag.py
[2026-07-14T04:54:00.531+0000] {logging_mixin.py:188} INFO - [2026-07-14T04:54:00.531+0000] {dag.py:3089} INFO - Sync 1 DAGs
[2026-07-14T04:54:00.542+0000] {logging_mixin.py:188} INFO - [2026-07-14T04:54:00.542+0000] {dag.py:3947} INFO - Setting next_dagrun for crypto_daily_pipeline to 2026-07-14 00:00:00+00:00, run_after=2026-07-15 00:00:00+00:00
[2026-07-14T04:54:00.550+0000] {processor.py:183} INFO - Processing /opt/airflow/dags/crypto_pipeline_dag.py took 0.063 seconds
[2026-07-14T04:54:30.689+0000] {processor.py:161} INFO - Started process (PID=3402) to work on /opt/airflow/dags/crypto_pipeline_dag.py
[2026-07-14T04:54:30.690+0000] {processor.py:830} INFO - Processing file /opt/airflow/dags/crypto_pipeline_dag.py for tasks to queue
[2026-07-14T04:54:30.693+0000] {logging_mixin.py:188} INFO - [2026-07-14T04:54:30.692+0000] {dagbag.py:545} INFO - Filling up the DagBag from /opt/airflow/dags/crypto_pipeline_dag.py
[2026-07-14T04:54:30.705+0000] {processor.py:840} INFO - DAG(s) 'crypto_daily_pipeline' retrieved from /opt/airflow/dags/crypto_pipeline_dag.py
[2026-07-14T04:54:30.732+0000] {logging_mixin.py:188} INFO - [2026-07-14T04:54:30.732+0000] {dag.py:3089} INFO - Sync 1 DAGs
[2026-07-14T04:54:30.741+0000] {logging_mixin.py:188} INFO - [2026-07-14T04:54:30.741+0000] {dag.py:3947} INFO - Setting next_dagrun for crypto_daily_pipeline to 2026-07-14 00:00:00+00:00, run_after=2026-07-15 00:00:00+00:00
[2026-07-14T04:54:30.747+0000] {processor.py:183} INFO - Processing /opt/airflow/dags/crypto_pipeline_dag.py took 0.066 seconds
[2026-07-14T04:55:00.878+0000] {processor.py:161} INFO - Started process (PID=3407) to work on /opt/airflow/dags/crypto_pipeline_dag.py
[2026-07-14T04:55:00.879+0000] {processor.py:830} INFO - Processing file /opt/airflow/dags/crypto_pipeline_dag.py for tasks to queue
[2026-07-14T04:55:00.881+0000] {logging_mixin.py:188} INFO - [2026-07-14T04:55:00.880+0000] {dagbag.py:545} INFO - Filling up the DagBag from /opt/airflow/dags/crypto_pipeline_dag.py
[2026-07-14T04:55:00.890+0000] {processor.py:840} INFO - DAG(s) 'crypto_daily_pipeline' retrieved from /opt/airflow/dags/crypto_pipeline_dag.py
[2026-07-14T04:55:00.914+0000] {logging_mixin.py:188} INFO - [2026-07-14T04:55:00.914+0000] {dag.py:3089} INFO - Sync 1 DAGs
[2026-07-14T04:55:00.926+0000] {logging_mixin.py:188} INFO - [2026-07-14T04:55:00.926+0000] {dag.py:3947} INFO - Setting next_dagrun for crypto_daily_pipeline to 2026-07-14 00:00:00+00:00, run_after=2026-07-15 00:00:00+00:00
[2026-07-14T04:55:00.932+0000] {processor.py:183} INFO - Processing /opt/airflow/dags/crypto_pipeline_dag.py took 0.060 seconds
[2026-07-14T04:55:31.120+0000] {processor.py:161} INFO - Started process (PID=3412) to work on /opt/airflow/dags/crypto_pipeline_dag.py
[2026-07-14T04:55:31.122+0000] {processor.py:830} INFO - Processing file /opt/airflow/dags/crypto_pipeline_dag.py for tasks to queue
[2026-07-14T04:55:31.127+0000] {logging_mixin.py:188} INFO - [2026-07-14T04:55:31.126+0000] {dagbag.py:545} INFO - Filling up the DagBag from /opt/airflow/dags/crypto_pipeline_dag.py
[2026-07-14T04:55:31.142+0000] {processor.py:840} INFO - DAG(s) 'crypto_daily_pipeline' retrieved from /opt/airflow/dags/crypto_pipeline_dag.py
[2026-07-14T04:55:31.178+0000] {logging_mixin.py:188} INFO - [2026-07-14T04:55:31.178+0000] {dag.py:3089} INFO - Sync 1 DAGs
[2026-07-14T04:55:31.198+0000] {logging_mixin.py:188} INFO - [2026-07-14T04:55:31.198+0000] {dag.py:3947} INFO - Setting next_dagrun for crypto_daily_pipeline to 2026-07-14 00:00:00+00:00, run_after=2026-07-15 00:00:00+00:00
[2026-07-14T04:55:31.207+0000] {processor.py:183} INFO - Processing /opt/airflow/dags/crypto_pipeline_dag.py took 0.100 seconds
[2026-07-14T04:56:01.303+0000] {processor.py:161} INFO - Started process (PID=3417) to work on /opt/airflow/dags/crypto_pipeline_dag.py
[2026-07-14T04:56:01.304+0000] {processor.py:830} INFO - Processing file /opt/airflow/dags/crypto_pipeline_dag.py for tasks to queue
[2026-07-14T04:56:01.306+0000] {logging_mixin.py:188} INFO - [2026-07-14T04:56:01.306+0000] {dagbag.py:545} INFO - Filling up the DagBag from /opt/airflow/dags/crypto_pipeline_dag.py
[2026-07-14T04:56:01.315+0000] {processor.py:840} INFO - DAG(s) 'crypto_daily_pipeline' retrieved from /opt/airflow/dags/crypto_pipeline_dag.py
[2026-07-14T04:56:01.334+0000] {logging_mixin.py:188} INFO - [2026-07-14T04:56:01.334+0000] {dag.py:3089} INFO - Sync 1 DAGs
[2026-07-14T04:56:01.343+0000] {logging_mixin.py:188} INFO - [2026-07-14T04:56:01.343+0000] {dag.py:3947} INFO - Setting next_dagrun for crypto_daily_pipeline to 2026-07-14 00:00:00+00:00, run_after=2026-07-15 00:00:00+00:00
[2026-07-14T04:56:01.349+0000] {processor.py:183} INFO - Processing /opt/airflow/dags/crypto_pipeline_dag.py took 0.051 seconds
[2026-07-14T04:56:31.507+0000] {processor.py:161} INFO - Started process (PID=3422) to work on /opt/airflow/dags/crypto_pipeline_dag.py
[2026-07-14T04:56:31.508+0000] {processor.py:830} INFO - Processing file /opt/airflow/dags/crypto_pipeline_dag.py for tasks to queue
[2026-07-14T04:56:31.510+0000] {logging_mixin.py:188} INFO - [2026-07-14T04:56:31.509+0000] {dagbag.py:545} INFO - Filling up the DagBag from /opt/airflow/dags/crypto_pipeline_dag.py
[2026-07-14T04:56:31.519+0000] {processor.py:840} INFO - DAG(s) 'crypto_daily_pipeline' retrieved from /opt/airflow/dags/crypto_pipeline_dag.py
[2026-07-14T04:56:31.538+0000] {logging_mixin.py:188} INFO - [2026-07-14T04:56:31.537+0000] {dag.py:3089} INFO - Sync 1 DAGs
[2026-07-14T04:56:31.548+0000] {logging_mixin.py:188} INFO - [2026-07-14T04:56:31.548+0000] {dag.py:3947} INFO - Setting next_dagrun for crypto_daily_pipeline to 2026-07-14 00:00:00+00:00, run_after=2026-07-15 00:00:00+00:00
[2026-07-14T04:56:31.555+0000] {processor.py:183} INFO - Processing /opt/airflow/dags/crypto_pipeline_dag.py took 0.053 seconds
[2026-07-14T04:57:01.712+0000] {processor.py:161} INFO - Started process (PID=3427) to work on /opt/airflow/dags/crypto_pipeline_dag.py
[2026-07-14T04:57:01.714+0000] {processor.py:830} INFO - Processing file /opt/airflow/dags/crypto_pipeline_dag.py for tasks to queue
[2026-07-14T04:57:01.717+0000] {logging_mixin.py:188} INFO - [2026-07-14T04:57:01.716+0000] {dagbag.py:545} INFO - Filling up the DagBag from /opt/airflow/dags/crypto_pipeline_dag.py
[2026-07-14T04:57:01.726+0000] {processor.py:840} INFO - DAG(s) 'crypto_daily_pipeline' retrieved from /opt/airflow/dags/crypto_pipeline_dag.py
[2026-07-14T04:57:01.743+0000] {logging_mixin.py:188} INFO - [2026-07-14T04:57:01.743+0000] {dag.py:3089} INFO - Sync 1 DAGs
[2026-07-14T04:57:01.751+0000] {logging_mixin.py:188} INFO - [2026-07-14T04:57:01.751+0000] {dag.py:3947} INFO - Setting next_dagrun for crypto_daily_pipeline to 2026-07-14 00:00:00+00:00, run_after=2026-07-15 00:00:00+00:00
[2026-07-14T04:57:01.758+0000] {processor.py:183} INFO - Processing /opt/airflow/dags/crypto_pipeline_dag.py took 0.051 seconds
[2026-07-14T04:57:31.901+0000] {processor.py:161} INFO - Started process (PID=3432) to work on /opt/airflow/dags/crypto_pipeline_dag.py
[2026-07-14T04:57:31.901+0000] {processor.py:830} INFO - Processing file /opt/airflow/dags/crypto_pipeline_dag.py for tasks to queue
[2026-07-14T04:57:31.902+0000] {logging_mixin.py:188} INFO - [2026-07-14T04:57:31.902+0000] {dagbag.py:545} INFO - Filling up the DagBag from /opt/airflow/dags/crypto_pipeline_dag.py
[2026-07-14T04:57:31.908+0000] {processor.py:840} INFO - DAG(s) 'crypto_daily_pipeline' retrieved from /opt/airflow/dags/crypto_pipeline_dag.py
[2026-07-14T04:57:31.923+0000] {logging_mixin.py:188} INFO - [2026-07-14T04:57:31.922+0000] {dag.py:3089} INFO - Sync 1 DAGs
[2026-07-14T04:57:31.932+0000] {logging_mixin.py:188} INFO - [2026-07-14T04:57:31.932+0000] {dag.py:3947} INFO - Setting next_dagrun for crypto_daily_pipeline to 2026-07-14 00:00:00+00:00, run_after=2026-07-15 00:00:00+00:00
[2026-07-14T04:57:31.939+0000] {processor.py:183} INFO - Processing /opt/airflow/dags/crypto_pipeline_dag.py took 0.041 seconds
[2026-07-14T04:58:02.102+0000] {processor.py:161} INFO - Started process (PID=3437) to work on /opt/airflow/dags/crypto_pipeline_dag.py
[2026-07-14T04:58:02.103+0000] {processor.py:830} INFO - Processing file /opt/airflow/dags/crypto_pipeline_dag.py for tasks to queue
[2026-07-14T04:58:02.105+0000] {logging_mixin.py:188} INFO - [2026-07-14T04:58:02.105+0000] {dagbag.py:545} INFO - Filling up the DagBag from /opt/airflow/dags/crypto_pipeline_dag.py
[2026-07-14T04:58:02.113+0000] {processor.py:840} INFO - DAG(s) 'crypto_daily_pipeline' retrieved from /opt/airflow/dags/crypto_pipeline_dag.py
[2026-07-14T04:58:02.131+0000] {logging_mixin.py:188} INFO - [2026-07-14T04:58:02.131+0000] {dag.py:3089} INFO - Sync 1 DAGs
[2026-07-14T04:58:02.143+0000] {logging_mixin.py:188} INFO - [2026-07-14T04:58:02.142+0000] {dag.py:3947} INFO - Setting next_dagrun for crypto_daily_pipeline to 2026-07-14 00:00:00+00:00, run_after=2026-07-15 00:00:00+00:00
[2026-07-14T04:58:02.150+0000] {processor.py:183} INFO - Processing /opt/airflow/dags/crypto_pipeline_dag.py took 0.052 seconds
[2026-07-14T04:58:32.304+0000] {processor.py:161} INFO - Started process (PID=3442) to work on /opt/airflow/dags/crypto_pipeline_dag.py
[2026-07-14T04:58:32.305+0000] {processor.py:830} INFO - Processing file /opt/airflow/dags/crypto_pipeline_dag.py for tasks to queue
[2026-07-14T04:58:32.309+0000] {logging_mixin.py:188} INFO - [2026-07-14T04:58:32.308+0000] {dagbag.py:545} INFO - Filling up the DagBag from /opt/airflow/dags/crypto_pipeline_dag.py
[2026-07-14T04:58:32.322+0000] {processor.py:840} INFO - DAG(s) 'crypto_daily_pipeline' retrieved from /opt/airflow/dags/crypto_pipeline_dag.py
[2026-07-14T04:58:32.343+0000] {logging_mixin.py:188} INFO - [2026-07-14T04:58:32.343+0000] {dag.py:3089} INFO - Sync 1 DAGs
[2026-07-14T04:58:32.353+0000] {logging_mixin.py:188} INFO - [2026-07-14T04:58:32.353+0000] {dag.py:3947} INFO - Setting next_dagrun for crypto_daily_pipeline to 2026-07-14 00:00:00+00:00, run_after=2026-07-15 00:00:00+00:00
[2026-07-14T04:58:32.362+0000] {processor.py:183} INFO - Processing /opt/airflow/dags/crypto_pipeline_dag.py took 0.067 seconds
[2026-07-14T04:59:02.523+0000] {processor.py:161} INFO - Started process (PID=3447) to work on /opt/airflow/dags/crypto_pipeline_dag.py
[2026-07-14T04:59:02.524+0000] {processor.py:830} INFO - Processing file /opt/airflow/dags/crypto_pipeline_dag.py for tasks to queue
[2026-07-14T04:59:02.526+0000] {logging_mixin.py:188} INFO - [2026-07-14T04:59:02.526+0000] {dagbag.py:545} INFO - Filling up the DagBag from /opt/airflow/dags/crypto_pipeline_dag.py
[2026-07-14T04:59:02.534+0000] {processor.py:840} INFO - DAG(s) 'crypto_daily_pipeline' retrieved from /opt/airflow/dags/crypto_pipeline_dag.py
[2026-07-14T04:59:02.553+0000] {logging_mixin.py:188} INFO - [2026-07-14T04:59:02.553+0000] {dag.py:3089} INFO - Sync 1 DAGs
[2026-07-14T04:59:02.562+0000] {logging_mixin.py:188} INFO - [2026-07-14T04:59:02.562+0000] {dag.py:3947} INFO - Setting next_dagrun for crypto_daily_pipeline to 2026-07-14 00:00:00+00:00, run_after=2026-07-15 00:00:00+00:00
[2026-07-14T04:59:02.569+0000] {processor.py:183} INFO - Processing /opt/airflow/dags/crypto_pipeline_dag.py took 0.052 seconds
[2026-07-14T04:59:32.732+0000] {processor.py:161} INFO - Started process (PID=3452) to work on /opt/airflow/dags/crypto_pipeline_dag.py
[2026-07-14T04:59:32.733+0000] {processor.py:830} INFO - Processing file /opt/airflow/dags/crypto_pipeline_dag.py for tasks to queue
[2026-07-14T04:59:32.734+0000] {logging_mixin.py:188} INFO - [2026-07-14T04:59:32.734+0000] {dagbag.py:545} INFO - Filling up the DagBag from /opt/airflow/dags/crypto_pipeline_dag.py
[2026-07-14T04:59:32.743+0000] {processor.py:840} INFO - DAG(s) 'crypto_daily_pipeline' retrieved from /opt/airflow/dags/crypto_pipeline_dag.py
[2026-07-14T04:59:32.761+0000] {logging_mixin.py:188} INFO - [2026-07-14T04:59:32.760+0000] {dag.py:3089} INFO - Sync 1 DAGs
[2026-07-14T04:59:32.771+0000] {logging_mixin.py:188} INFO - [2026-07-14T04:59:32.770+0000] {dag.py:3947} INFO - Setting next_dagrun for crypto_daily_pipeline to 2026-07-14 00:00:00+00:00, run_after=2026-07-15 00:00:00+00:00
[2026-07-14T04:59:32.777+0000] {processor.py:183} INFO - Processing /opt/airflow/dags/crypto_pipeline_dag.py took 0.051 seconds
[2026-07-14T05:00:02.918+0000] {processor.py:161} INFO - Started process (PID=3457) to work on /opt/airflow/dags/crypto_pipeline_dag.py
[2026-07-14T05:00:02.918+0000] {processor.py:830} INFO - Processing file /opt/airflow/dags/crypto_pipeline_dag.py for tasks to queue
[2026-07-14T05:00:02.920+0000] {logging_mixin.py:188} INFO - [2026-07-14T05:00:02.920+0000] {dagbag.py:545} INFO - Filling up the DagBag from /opt/airflow/dags/crypto_pipeline_dag.py
[2026-07-14T05:00:02.928+0000] {processor.py:840} INFO - DAG(s) 'crypto_daily_pipeline' retrieved from /opt/airflow/dags/crypto_pipeline_dag.py
[2026-07-14T05:00:02.945+0000] {logging_mixin.py:188} INFO - [2026-07-14T05:00:02.945+0000] {dag.py:3089} INFO - Sync 1 DAGs
[2026-07-14T05:00:02.955+0000] {logging_mixin.py:188} INFO - [2026-07-14T05:00:02.955+0000] {dag.py:3947} INFO - Setting next_dagrun for crypto_daily_pipeline to 2026-07-14 00:00:00+00:00, run_after=2026-07-15 00:00:00+00:00
[2026-07-14T05:00:02.961+0000] {processor.py:183} INFO - Processing /opt/airflow/dags/crypto_pipeline_dag.py took 0.050 seconds
[2026-07-14T05:00:33.103+0000] {processor.py:161} INFO - Started process (PID=3462) to work on /opt/airflow/dags/crypto_pipeline_dag.py
[2026-07-14T05:00:33.103+0000] {processor.py:830} INFO - Processing file /opt/airflow/dags/crypto_pipeline_dag.py for tasks to queue
[2026-07-14T05:00:33.105+0000] {logging_mixin.py:188} INFO - [2026-07-14T05:00:33.105+0000] {dagbag.py:545} INFO - Filling up the DagBag from /opt/airflow/dags/crypto_pipeline_dag.py
[2026-07-14T05:00:33.117+0000] {processor.py:840} INFO - DAG(s) 'crypto_daily_pipeline' retrieved from /opt/airflow/dags/crypto_pipeline_dag.py
[2026-07-14T05:00:33.138+0000] {logging_mixin.py:188} INFO - [2026-07-14T05:00:33.138+0000] {dag.py:3089} INFO - Sync 1 DAGs
[2026-07-14T05:00:33.149+0000] {logging_mixin.py:188} INFO - [2026-07-14T05:00:33.149+0000] {dag.py:3947} INFO - Setting next_dagrun for crypto_daily_pipeline to 2026-07-14 00:00:00+00:00, run_after=2026-07-15 00:00:00+00:00
[2026-07-14T05:00:33.156+0000] {processor.py:183} INFO - Processing /opt/airflow/dags/crypto_pipeline_dag.py took 0.060 seconds
[2026-07-14T05:01:03.332+0000] {processor.py:161} INFO - Started process (PID=3467) to work on /opt/airflow/dags/crypto_pipeline_dag.py
[2026-07-14T05:01:03.332+0000] {processor.py:830} INFO - Processing file /opt/airflow/dags/crypto_pipeline_dag.py for tasks to queue
[2026-07-14T05:01:03.334+0000] {logging_mixin.py:188} INFO - [2026-07-14T05:01:03.334+0000] {dagbag.py:545} INFO - Filling up the DagBag from /opt/airflow/dags/crypto_pipeline_dag.py
[2026-07-14T05:01:03.344+0000] {processor.py:840} INFO - DAG(s) 'crypto_daily_pipeline' retrieved from /opt/airflow/dags/crypto_pipeline_dag.py
[2026-07-14T05:01:03.362+0000] {logging_mixin.py:188} INFO - [2026-07-14T05:01:03.361+0000] {dag.py:3089} INFO - Sync 1 DAGs
[2026-07-14T05:01:03.372+0000] {logging_mixin.py:188} INFO - [2026-07-14T05:01:03.372+0000] {dag.py:3947} INFO - Setting next_dagrun for crypto_daily_pipeline to 2026-07-14 00:00:00+00:00, run_after=2026-07-15 00:00:00+00:00
[2026-07-14T05:01:03.380+0000] {processor.py:183} INFO - Processing /opt/airflow/dags/crypto_pipeline_dag.py took 0.053 seconds
[2026-07-14T05:01:33.508+0000] {processor.py:161} INFO - Started process (PID=3472) to work on /opt/airflow/dags/crypto_pipeline_dag.py
[2026-07-14T05:01:33.509+0000] {processor.py:830} INFO - Processing file /opt/airflow/dags/crypto_pipeline_dag.py for tasks to queue
[2026-07-14T05:01:33.510+0000] {logging_mixin.py:188} INFO - [2026-07-14T05:01:33.509+0000] {dagbag.py:545} INFO - Filling up the DagBag from /opt/airflow/dags/crypto_pipeline_dag.py
[2026-07-14T05:01:33.515+0000] {processor.py:840} INFO - DAG(s) 'crypto_daily_pipeline' retrieved from /opt/airflow/dags/crypto_pipeline_dag.py
[2026-07-14T05:01:33.527+0000] {logging_mixin.py:188} INFO - [2026-07-14T05:01:33.527+0000] {dag.py:3089} INFO - Sync 1 DAGs
[2026-07-14T05:01:33.535+0000] {logging_mixin.py:188} INFO - [2026-07-14T05:01:33.535+0000] {dag.py:3947} INFO - Setting next_dagrun for crypto_daily_pipeline to 2026-07-14 00:00:00+00:00, run_after=2026-07-15 00:00:00+00:00
[2026-07-14T05:01:33.541+0000] {processor.py:183} INFO - Processing /opt/airflow/dags/crypto_pipeline_dag.py took 0.037 seconds
[2026-07-14T05:02:03.712+0000] {processor.py:161} INFO - Started process (PID=3477) to work on /opt/airflow/dags/crypto_pipeline_dag.py
[2026-07-14T05:02:03.713+0000] {processor.py:830} INFO - Processing file /opt/airflow/dags/crypto_pipeline_dag.py for tasks to queue
[2026-07-14T05:02:03.714+0000] {logging_mixin.py:188} INFO - [2026-07-14T05:02:03.714+0000] {dagbag.py:545} INFO - Filling up the DagBag from /opt/airflow/dags/crypto_pipeline_dag.py
[2026-07-14T05:02:03.719+0000] {processor.py:840} INFO - DAG(s) 'crypto_daily_pipeline' retrieved from /opt/airflow/dags/crypto_pipeline_dag.py
[2026-07-14T05:02:03.730+0000] {logging_mixin.py:188} INFO - [2026-07-14T05:02:03.730+0000] {dag.py:3089} INFO - Sync 1 DAGs
[2026-07-14T05:02:03.737+0000] {logging_mixin.py:188} INFO - [2026-07-14T05:02:03.737+0000] {dag.py:3947} INFO - Setting next_dagrun for crypto_daily_pipeline to 2026-07-14 00:00:00+00:00, run_after=2026-07-15 00:00:00+00:00
[2026-07-14T05:02:03.743+0000] {processor.py:183} INFO - Processing /opt/airflow/dags/crypto_pipeline_dag.py took 0.035 seconds
[2026-07-14T05:02:33.903+0000] {processor.py:161} INFO - Started process (PID=3482) to work on /opt/airflow/dags/crypto_pipeline_dag.py
[2026-07-14T05:02:33.903+0000] {processor.py:830} INFO - Processing file /opt/airflow/dags/crypto_pipeline_dag.py for tasks to queue
[2026-07-14T05:02:33.904+0000] {logging_mixin.py:188} INFO - [2026-07-14T05:02:33.904+0000] {dagbag.py:545} INFO - Filling up the DagBag from /opt/airflow/dags/crypto_pipeline_dag.py
[2026-07-14T05:02:33.910+0000] {processor.py:840} INFO - DAG(s) 'crypto_daily_pipeline' retrieved from /opt/airflow/dags/crypto_pipeline_dag.py
[2026-07-14T05:02:33.923+0000] {logging_mixin.py:188} INFO - [2026-07-14T05:02:33.923+0000] {dag.py:3089} INFO - Sync 1 DAGs
[2026-07-14T05:02:33.932+0000] {logging_mixin.py:188} INFO - [2026-07-14T05:02:33.932+0000] {dag.py:3947} INFO - Setting next_dagrun for crypto_daily_pipeline to 2026-07-14 00:00:00+00:00, run_after=2026-07-15 00:00:00+00:00
[2026-07-14T05:02:33.941+0000] {processor.py:183} INFO - Processing /opt/airflow/dags/crypto_pipeline_dag.py took 0.043 seconds
[2026-07-14T05:03:04.083+0000] {processor.py:161} INFO - Started process (PID=3487) to work on /opt/airflow/dags/crypto_pipeline_dag.py
[2026-07-14T05:03:04.083+0000] {processor.py:830} INFO - Processing file /opt/airflow/dags/crypto_pipeline_dag.py for tasks to queue
[2026-07-14T05:03:04.084+0000] {logging_mixin.py:188} INFO - [2026-07-14T05:03:04.084+0000] {dagbag.py:545} INFO - Filling up the DagBag from /opt/airflow/dags/crypto_pipeline_dag.py
[2026-07-14T05:03:04.089+0000] {processor.py:840} INFO - DAG(s) 'crypto_daily_pipeline' retrieved from /opt/airflow/dags/crypto_pipeline_dag.py
[2026-07-14T05:03:04.101+0000] {logging_mixin.py:188} INFO - [2026-07-14T05:03:04.100+0000] {dag.py:3089} INFO - Sync 1 DAGs
[2026-07-14T05:03:04.108+0000] {logging_mixin.py:188} INFO - [2026-07-14T05:03:04.108+0000] {dag.py:3947} INFO - Setting next_dagrun for crypto_daily_pipeline to 2026-07-14 00:00:00+00:00, run_after=2026-07-15 00:00:00+00:00
[2026-07-14T05:03:04.113+0000] {processor.py:183} INFO - Processing /opt/airflow/dags/crypto_pipeline_dag.py took 0.034 seconds
[2026-07-14T05:03:34.272+0000] {processor.py:161} INFO - Started process (PID=3492) to work on /opt/airflow/dags/crypto_pipeline_dag.py
[2026-07-14T05:03:34.273+0000] {processor.py:830} INFO - Processing file /opt/airflow/dags/crypto_pipeline_dag.py for tasks to queue
[2026-07-14T05:03:34.274+0000] {logging_mixin.py:188} INFO - [2026-07-14T05:03:34.273+0000] {dagbag.py:545} INFO - Filling up the DagBag from /opt/airflow/dags/crypto_pipeline_dag.py
[2026-07-14T05:03:34.279+0000] {processor.py:840} INFO - DAG(s) 'crypto_daily_pipeline' retrieved from /opt/airflow/dags/crypto_pipeline_dag.py
[2026-07-14T05:03:34.290+0000] {logging_mixin.py:188} INFO - [2026-07-14T05:03:34.290+0000] {dag.py:3089} INFO - Sync 1 DAGs
[2026-07-14T05:03:34.297+0000] {logging_mixin.py:188} INFO - [2026-07-14T05:03:34.297+0000] {dag.py:3947} INFO - Setting next_dagrun for crypto_daily_pipeline to 2026-07-14 00:00:00+00:00, run_after=2026-07-15 00:00:00+00:00
[2026-07-14T05:03:34.303+0000] {processor.py:183} INFO - Processing /opt/airflow/dags/crypto_pipeline_dag.py took 0.034 seconds
[2026-07-14T05:04:04.478+0000] {processor.py:161} INFO - Started process (PID=3497) to work on /opt/airflow/dags/crypto_pipeline_dag.py
[2026-07-14T05:04:04.479+0000] {processor.py:830} INFO - Processing file /opt/airflow/dags/crypto_pipeline_dag.py for tasks to queue
[2026-07-14T05:04:04.479+0000] {logging_mixin.py:188} INFO - [2026-07-14T05:04:04.479+0000] {dagbag.py:545} INFO - Filling up the DagBag from /opt/airflow/dags/crypto_pipeline_dag.py
[2026-07-14T05:04:04.485+0000] {processor.py:840} INFO - DAG(s) 'crypto_daily_pipeline' retrieved from /opt/airflow/dags/crypto_pipeline_dag.py
[2026-07-14T05:04:04.496+0000] {logging_mixin.py:188} INFO - [2026-07-14T05:04:04.496+0000] {dag.py:3089} INFO - Sync 1 DAGs
[2026-07-14T05:04:04.503+0000] {logging_mixin.py:188} INFO - [2026-07-14T05:04:04.503+0000] {dag.py:3947} INFO - Setting next_dagrun for crypto_daily_pipeline to 2026-07-14 00:00:00+00:00, run_after=2026-07-15 00:00:00+00:00
[2026-07-14T05:04:04.509+0000] {processor.py:183} INFO - Processing /opt/airflow/dags/crypto_pipeline_dag.py took 0.034 seconds
[2026-07-14T05:04:34.677+0000] {processor.py:161} INFO - Started process (PID=3502) to work on /opt/airflow/dags/crypto_pipeline_dag.py
[2026-07-14T05:04:34.678+0000] {processor.py:830} INFO - Processing file /opt/airflow/dags/crypto_pipeline_dag.py for tasks to queue
[2026-07-14T05:04:34.679+0000] {logging_mixin.py:188} INFO - [2026-07-14T05:04:34.679+0000] {dagbag.py:545} INFO - Filling up the DagBag from /opt/airflow/dags/crypto_pipeline_dag.py
[2026-07-14T05:04:34.687+0000] {processor.py:840} INFO - DAG(s) 'crypto_daily_pipeline' retrieved from /opt/airflow/dags/crypto_pipeline_dag.py
[2026-07-14T05:04:34.700+0000] {logging_mixin.py:188} INFO - [2026-07-14T05:04:34.699+0000] {dag.py:3089} INFO - Sync 1 DAGs
[2026-07-14T05:04:34.708+0000] {logging_mixin.py:188} INFO - [2026-07-14T05:04:34.708+0000] {dag.py:3947} INFO - Setting next_dagrun for crypto_daily_pipeline to 2026-07-14 00:00:00+00:00, run_after=2026-07-15 00:00:00+00:00
[2026-07-14T05:04:34.715+0000] {processor.py:183} INFO - Processing /opt/airflow/dags/crypto_pipeline_dag.py took 0.042 seconds
[2026-07-14T05:05:04.870+0000] {processor.py:161} INFO - Started process (PID=3507) to work on /opt/airflow/dags/crypto_pipeline_dag.py
[2026-07-14T05:05:04.870+0000] {processor.py:830} INFO - Processing file /opt/airflow/dags/crypto_pipeline_dag.py for tasks to queue
[2026-07-14T05:05:04.871+0000] {logging_mixin.py:188} INFO - [2026-07-14T05:05:04.871+0000] {dagbag.py:545} INFO - Filling up the DagBag from /opt/airflow/dags/crypto_pipeline_dag.py
[2026-07-14T05:05:04.877+0000] {processor.py:840} INFO - DAG(s) 'crypto_daily_pipeline' retrieved from /opt/airflow/dags/crypto_pipeline_dag.py
[2026-07-14T05:05:04.893+0000] {logging_mixin.py:188} INFO - [2026-07-14T05:05:04.893+0000] {dag.py:3089} INFO - Sync 1 DAGs
[2026-07-14T05:05:04.902+0000] {logging_mixin.py:188} INFO - [2026-07-14T05:05:04.902+0000] {dag.py:3947} INFO - Setting next_dagrun for crypto_daily_pipeline to 2026-07-14 00:00:00+00:00, run_after=2026-07-15 00:00:00+00:00
[2026-07-14T05:05:04.909+0000] {processor.py:183} INFO - Processing /opt/airflow/dags/crypto_pipeline_dag.py took 0.042 seconds
[2026-07-14T05:05:35.064+0000] {processor.py:161} INFO - Started process (PID=3512) to work on /opt/airflow/dags/crypto_pipeline_dag.py
[2026-07-14T05:05:35.065+0000] {processor.py:830} INFO - Processing file /opt/airflow/dags/crypto_pipeline_dag.py for tasks to queue
[2026-07-14T05:05:35.066+0000] {logging_mixin.py:188} INFO - [2026-07-14T05:05:35.066+0000] {dagbag.py:545} INFO - Filling up the DagBag from /opt/airflow/dags/crypto_pipeline_dag.py
[2026-07-14T05:05:35.071+0000] {processor.py:840} INFO - DAG(s) 'crypto_daily_pipeline' retrieved from /opt/airflow/dags/crypto_pipeline_dag.py
[2026-07-14T05:05:35.086+0000] {logging_mixin.py:188} INFO - [2026-07-14T05:05:35.086+0000] {dag.py:3089} INFO - Sync 1 DAGs
[2026-07-14T05:05:35.096+0000] {logging_mixin.py:188} INFO - [2026-07-14T05:05:35.096+0000] {dag.py:3947} INFO - Setting next_dagrun for crypto_daily_pipeline to 2026-07-14 00:00:00+00:00, run_after=2026-07-15 00:00:00+00:00
[2026-07-14T05:05:35.102+0000] {processor.py:183} INFO - Processing /opt/airflow/dags/crypto_pipeline_dag.py took 0.042 seconds
[2026-07-14T05:06:05.289+0000] {processor.py:161} INFO - Started process (PID=3517) to work on /opt/airflow/dags/crypto_pipeline_dag.py
[2026-07-14T05:06:05.291+0000] {processor.py:830} INFO - Processing file /opt/airflow/dags/crypto_pipeline_dag.py for tasks to queue
[2026-07-14T05:06:05.293+0000] {logging_mixin.py:188} INFO - [2026-07-14T05:06:05.293+0000] {dagbag.py:545} INFO - Filling up the DagBag from /opt/airflow/dags/crypto_pipeline_dag.py
[2026-07-14T05:06:05.306+0000] {processor.py:840} INFO - DAG(s) 'crypto_daily_pipeline' retrieved from /opt/airflow/dags/crypto_pipeline_dag.py
[2026-07-14T05:06:05.328+0000] {logging_mixin.py:188} INFO - [2026-07-14T05:06:05.328+0000] {dag.py:3089} INFO - Sync 1 DAGs
[2026-07-14T05:06:05.340+0000] {logging_mixin.py:188} INFO - [2026-07-14T05:06:05.340+0000] {dag.py:3947} INFO - Setting next_dagrun for crypto_daily_pipeline to 2026-07-14 00:00:00+00:00, run_after=2026-07-15 00:00:00+00:00
[2026-07-14T05:06:05.347+0000] {processor.py:183} INFO - Processing /opt/airflow/dags/crypto_pipeline_dag.py took 0.067 seconds
[2026-07-14T05:12:38.922+0000] {processor.py:161} INFO - Started process (PID=3522) to work on /opt/airflow/dags/crypto_pipeline_dag.py
[2026-07-14T05:12:38.922+0000] {processor.py:830} INFO - Processing file /opt/airflow/dags/crypto_pipeline_dag.py for tasks to queue
[2026-07-14T05:12:38.924+0000] {logging_mixin.py:188} INFO - [2026-07-14T05:12:38.923+0000] {dagbag.py:545} INFO - Filling up the DagBag from /opt/airflow/dags/crypto_pipeline_dag.py
[2026-07-14T05:12:38.929+0000] {processor.py:840} INFO - DAG(s) 'crypto_daily_pipeline' retrieved from /opt/airflow/dags/crypto_pipeline_dag.py
[2026-07-14T05:12:38.950+0000] {logging_mixin.py:188} INFO - [2026-07-14T05:12:38.949+0000] {dag.py:3089} INFO - Sync 1 DAGs
[2026-07-14T05:12:38.967+0000] {logging_mixin.py:188} INFO - [2026-07-14T05:12:38.967+0000] {dag.py:3947} INFO - Setting next_dagrun for crypto_daily_pipeline to 2026-07-14 00:00:00+00:00, run_after=2026-07-15 00:00:00+00:00
[2026-07-14T05:12:38.975+0000] {processor.py:183} INFO - Processing /opt/airflow/dags/crypto_pipeline_dag.py took 0.056 seconds
[2026-07-14T05:13:09.154+0000] {processor.py:161} INFO - Started process (PID=3527) to work on /opt/airflow/dags/crypto_pipeline_dag.py
[2026-07-14T05:13:09.155+0000] {processor.py:830} INFO - Processing file /opt/airflow/dags/crypto_pipeline_dag.py for tasks to queue
[2026-07-14T05:13:09.157+0000] {logging_mixin.py:188} INFO - [2026-07-14T05:13:09.157+0000] {dagbag.py:545} INFO - Filling up the DagBag from /opt/airflow/dags/crypto_pipeline_dag.py
[2026-07-14T05:13:09.170+0000] {processor.py:840} INFO - DAG(s) 'crypto_daily_pipeline' retrieved from /opt/airflow/dags/crypto_pipeline_dag.py
[2026-07-14T05:13:09.188+0000] {logging_mixin.py:188} INFO - [2026-07-14T05:13:09.188+0000] {dag.py:3089} INFO - Sync 1 DAGs
[2026-07-14T05:13:09.197+0000] {logging_mixin.py:188} INFO - [2026-07-14T05:13:09.197+0000] {dag.py:3947} INFO - Setting next_dagrun for crypto_daily_pipeline to 2026-07-14 00:00:00+00:00, run_after=2026-07-15 00:00:00+00:00
[2026-07-14T05:13:09.204+0000] {processor.py:183} INFO - Processing /opt/airflow/dags/crypto_pipeline_dag.py took 0.058 seconds
[2026-07-14T05:13:39.348+0000] {processor.py:161} INFO - Started process (PID=3532) to work on /opt/airflow/dags/crypto_pipeline_dag.py
[2026-07-14T05:13:39.349+0000] {processor.py:830} INFO - Processing file /opt/airflow/dags/crypto_pipeline_dag.py for tasks to queue
[2026-07-14T05:13:39.351+0000] {logging_mixin.py:188} INFO - [2026-07-14T05:13:39.351+0000] {dagbag.py:545} INFO - Filling up the DagBag from /opt/airflow/dags/crypto_pipeline_dag.py
[2026-07-14T05:13:39.362+0000] {processor.py:840} INFO - DAG(s) 'crypto_daily_pipeline' retrieved from /opt/airflow/dags/crypto_pipeline_dag.py
[2026-07-14T05:13:39.386+0000] {logging_mixin.py:188} INFO - [2026-07-14T05:13:39.385+0000] {dag.py:3089} INFO - Sync 1 DAGs
[2026-07-14T05:13:39.398+0000] {logging_mixin.py:188} INFO - [2026-07-14T05:13:39.398+0000] {dag.py:3947} INFO - Setting next_dagrun for crypto_daily_pipeline to 2026-07-14 00:00:00+00:00, run_after=2026-07-15 00:00:00+00:00
[2026-07-14T05:13:39.405+0000] {processor.py:183} INFO - Processing /opt/airflow/dags/crypto_pipeline_dag.py took 0.064 seconds
[2026-07-14T05:14:09.542+0000] {processor.py:161} INFO - Started process (PID=3537) to work on /opt/airflow/dags/crypto_pipeline_dag.py
[2026-07-14T05:14:09.543+0000] {processor.py:830} INFO - Processing file /opt/airflow/dags/crypto_pipeline_dag.py for tasks to queue
[2026-07-14T05:14:09.544+0000] {logging_mixin.py:188} INFO - [2026-07-14T05:14:09.544+0000] {dagbag.py:545} INFO - Filling up the DagBag from /opt/airflow/dags/crypto_pipeline_dag.py
[2026-07-14T05:14:09.551+0000] {processor.py:840} INFO - DAG(s) 'crypto_daily_pipeline' retrieved from /opt/airflow/dags/crypto_pipeline_dag.py
[2026-07-14T05:14:09.565+0000] {logging_mixin.py:188} INFO - [2026-07-14T05:14:09.565+0000] {dag.py:3089} INFO - Sync 1 DAGs
[2026-07-14T05:14:09.574+0000] {logging_mixin.py:188} INFO - [2026-07-14T05:14:09.573+0000] {dag.py:3947} INFO - Setting next_dagrun for crypto_daily_pipeline to 2026-07-14 00:00:00+00:00, run_after=2026-07-15 00:00:00+00:00
[2026-07-14T05:14:09.580+0000] {processor.py:183} INFO - Processing /opt/airflow/dags/crypto_pipeline_dag.py took 0.041 seconds
[2026-07-14T05:14:39.765+0000] {processor.py:161} INFO - Started process (PID=3542) to work on /opt/airflow/dags/crypto_pipeline_dag.py
[2026-07-14T05:14:39.766+0000] {processor.py:830} INFO - Processing file /opt/airflow/dags/crypto_pipeline_dag.py for tasks to queue
[2026-07-14T05:14:39.769+0000] {logging_mixin.py:188} INFO - [2026-07-14T05:14:39.768+0000] {dagbag.py:545} INFO - Filling up the DagBag from /opt/airflow/dags/crypto_pipeline_dag.py
[2026-07-14T05:14:39.782+0000] {processor.py:840} INFO - DAG(s) 'crypto_daily_pipeline' retrieved from /opt/airflow/dags/crypto_pipeline_dag.py
[2026-07-14T05:14:39.804+0000] {logging_mixin.py:188} INFO - [2026-07-14T05:14:39.803+0000] {dag.py:3089} INFO - Sync 1 DAGs
[2026-07-14T05:14:39.814+0000] {logging_mixin.py:188} INFO - [2026-07-14T05:14:39.814+0000] {dag.py:3947} INFO - Setting next_dagrun for crypto_daily_pipeline to 2026-07-14 00:00:00+00:00, run_after=2026-07-15 00:00:00+00:00
[2026-07-14T05:14:39.821+0000] {processor.py:183} INFO - Processing /opt/airflow/dags/crypto_pipeline_dag.py took 0.063 seconds
[2026-07-14T05:15:09.981+0000] {processor.py:161} INFO - Started process (PID=3547) to work on /opt/airflow/dags/crypto_pipeline_dag.py
[2026-07-14T05:15:09.982+0000] {processor.py:830} INFO - Processing file /opt/airflow/dags/crypto_pipeline_dag.py for tasks to queue
[2026-07-14T05:15:09.984+0000] {logging_mixin.py:188} INFO - [2026-07-14T05:15:09.983+0000] {dagbag.py:545} INFO - Filling up the DagBag from /opt/airflow/dags/crypto_pipeline_dag.py
[2026-07-14T05:15:09.993+0000] {processor.py:840} INFO - DAG(s) 'crypto_daily_pipeline' retrieved from /opt/airflow/dags/crypto_pipeline_dag.py
[2026-07-14T05:15:10.010+0000] {logging_mixin.py:188} INFO - [2026-07-14T05:15:10.010+0000] {dag.py:3089} INFO - Sync 1 DAGs
[2026-07-14T05:15:10.020+0000] {logging_mixin.py:188} INFO - [2026-07-14T05:15:10.020+0000] {dag.py:3947} INFO - Setting next_dagrun for crypto_daily_pipeline to 2026-07-14 00:00:00+00:00, run_after=2026-07-15 00:00:00+00:00
[2026-07-14T05:15:10.026+0000] {processor.py:183} INFO - Processing /opt/airflow/dags/crypto_pipeline_dag.py took 0.052 seconds
[2026-07-14T05:15:40.211+0000] {processor.py:161} INFO - Started process (PID=3552) to work on /opt/airflow/dags/crypto_pipeline_dag.py
[2026-07-14T05:15:40.212+0000] {processor.py:830} INFO - Processing file /opt/airflow/dags/crypto_pipeline_dag.py for tasks to queue
[2026-07-14T05:15:40.215+0000] {logging_mixin.py:188} INFO - [2026-07-14T05:15:40.215+0000] {dagbag.py:545} INFO - Filling up the DagBag from /opt/airflow/dags/crypto_pipeline_dag.py
[2026-07-14T05:15:40.231+0000] {processor.py:840} INFO - DAG(s) 'crypto_daily_pipeline' retrieved from /opt/airflow/dags/crypto_pipeline_dag.py
[2026-07-14T05:15:40.260+0000] {logging_mixin.py:188} INFO - [2026-07-14T05:15:40.260+0000] {dag.py:3089} INFO - Sync 1 DAGs
[2026-07-14T05:15:40.276+0000] {logging_mixin.py:188} INFO - [2026-07-14T05:15:40.276+0000] {dag.py:3947} INFO - Setting next_dagrun for crypto_daily_pipeline to 2026-07-14 00:00:00+00:00, run_after=2026-07-15 00:00:00+00:00
[2026-07-14T05:15:40.284+0000] {processor.py:183} INFO - Processing /opt/airflow/dags/crypto_pipeline_dag.py took 0.082 seconds
[2026-07-14T05:16:10.418+0000] {processor.py:161} INFO - Started process (PID=3557) to work on /opt/airflow/dags/crypto_pipeline_dag.py
[2026-07-14T05:16:10.419+0000] {processor.py:830} INFO - Processing file /opt/airflow/dags/crypto_pipeline_dag.py for tasks to queue
[2026-07-14T05:16:10.421+0000] {logging_mixin.py:188} INFO - [2026-07-14T05:16:10.420+0000] {dagbag.py:545} INFO - Filling up the DagBag from /opt/airflow/dags/crypto_pipeline_dag.py
[2026-07-14T05:16:10.441+0000] {processor.py:840} INFO - DAG(s) 'crypto_daily_pipeline' retrieved from /opt/airflow/dags/crypto_pipeline_dag.py
[2026-07-14T05:16:10.468+0000] {logging_mixin.py:188} INFO - [2026-07-14T05:16:10.468+0000] {dag.py:3089} INFO - Sync 1 DAGs
[2026-07-14T05:16:10.491+0000] {logging_mixin.py:188} INFO - [2026-07-14T05:16:10.491+0000] {dag.py:3947} INFO - Setting next_dagrun for crypto_daily_pipeline to 2026-07-14 00:00:00+00:00, run_after=2026-07-15 00:00:00+00:00
[2026-07-14T05:16:10.499+0000] {processor.py:183} INFO - Processing /opt/airflow/dags/crypto_pipeline_dag.py took 0.093 seconds
[2026-07-14T05:16:40.649+0000] {processor.py:161} INFO - Started process (PID=3562) to work on /opt/airflow/dags/crypto_pipeline_dag.py
[2026-07-14T05:16:40.650+0000] {processor.py:830} INFO - Processing file /opt/airflow/dags/crypto_pipeline_dag.py for tasks to queue
[2026-07-14T05:16:40.653+0000] {logging_mixin.py:188} INFO - [2026-07-14T05:16:40.653+0000] {dagbag.py:545} INFO - Filling up the DagBag from /opt/airflow/dags/crypto_pipeline_dag.py
[2026-07-14T05:16:40.667+0000] {processor.py:840} INFO - DAG(s) 'crypto_daily_pipeline' retrieved from /opt/airflow/dags/crypto_pipeline_dag.py
[2026-07-14T05:16:40.688+0000] {logging_mixin.py:188} INFO - [2026-07-14T05:16:40.688+0000] {dag.py:3089} INFO - Sync 1 DAGs
[2026-07-14T05:16:40.699+0000] {logging_mixin.py:188} INFO - [2026-07-14T05:16:40.699+0000] {dag.py:3947} INFO - Setting next_dagrun for crypto_daily_pipeline to 2026-07-14 00:00:00+00:00, run_after=2026-07-15 00:00:00+00:00
[2026-07-14T05:16:40.706+0000] {processor.py:183} INFO - Processing /opt/airflow/dags/crypto_pipeline_dag.py took 0.067 seconds
[2026-07-14T05:17:10.873+0000] {processor.py:161} INFO - Started process (PID=3567) to work on /opt/airflow/dags/crypto_pipeline_dag.py
[2026-07-14T05:17:10.875+0000] {processor.py:830} INFO - Processing file /opt/airflow/dags/crypto_pipeline_dag.py for tasks to queue
[2026-07-14T05:17:10.878+0000] {logging_mixin.py:188} INFO - [2026-07-14T05:17:10.877+0000] {dagbag.py:545} INFO - Filling up the DagBag from /opt/airflow/dags/crypto_pipeline_dag.py
[2026-07-14T05:17:10.889+0000] {processor.py:840} INFO - DAG(s) 'crypto_daily_pipeline' retrieved from /opt/airflow/dags/crypto_pipeline_dag.py
[2026-07-14T05:17:10.910+0000] {logging_mixin.py:188} INFO - [2026-07-14T05:17:10.910+0000] {dag.py:3089} INFO - Sync 1 DAGs
[2026-07-14T05:17:10.923+0000] {logging_mixin.py:188} INFO - [2026-07-14T05:17:10.923+0000] {dag.py:3947} INFO - Setting next_dagrun for crypto_daily_pipeline to 2026-07-14 00:00:00+00:00, run_after=2026-07-15 00:00:00+00:00
[2026-07-14T05:17:10.931+0000] {processor.py:183} INFO - Processing /opt/airflow/dags/crypto_pipeline_dag.py took 0.066 seconds
[2026-07-14T05:17:41.093+0000] {processor.py:161} INFO - Started process (PID=3572) to work on /opt/airflow/dags/crypto_pipeline_dag.py
[2026-07-14T05:17:41.094+0000] {processor.py:830} INFO - Processing file /opt/airflow/dags/crypto_pipeline_dag.py for tasks to queue
[2026-07-14T05:17:41.097+0000] {logging_mixin.py:188} INFO - [2026-07-14T05:17:41.096+0000] {dagbag.py:545} INFO - Filling up the DagBag from /opt/airflow/dags/crypto_pipeline_dag.py
[2026-07-14T05:17:41.110+0000] {processor.py:840} INFO - DAG(s) 'crypto_daily_pipeline' retrieved from /opt/airflow/dags/crypto_pipeline_dag.py
[2026-07-14T05:17:41.132+0000] {logging_mixin.py:188} INFO - [2026-07-14T05:17:41.132+0000] {dag.py:3089} INFO - Sync 1 DAGs
[2026-07-14T05:17:41.143+0000] {logging_mixin.py:188} INFO - [2026-07-14T05:17:41.143+0000] {dag.py:3947} INFO - Setting next_dagrun for crypto_daily_pipeline to 2026-07-14 00:00:00+00:00, run_after=2026-07-15 00:00:00+00:00
[2026-07-14T05:17:41.151+0000] {processor.py:183} INFO - Processing /opt/airflow/dags/crypto_pipeline_dag.py took 0.066 seconds
[2026-07-14T05:18:11.252+0000] {processor.py:161} INFO - Started process (PID=3577) to work on /opt/airflow/dags/crypto_pipeline_dag.py
[2026-07-14T05:18:11.253+0000] {processor.py:830} INFO - Processing file /opt/airflow/dags/crypto_pipeline_dag.py for tasks to queue
[2026-07-14T05:18:11.255+0000] {logging_mixin.py:188} INFO - [2026-07-14T05:18:11.255+0000] {dagbag.py:545} INFO - Filling up the DagBag from /opt/airflow/dags/crypto_pipeline_dag.py
[2026-07-14T05:18:11.265+0000] {processor.py:840} INFO - DAG(s) 'crypto_daily_pipeline' retrieved from /opt/airflow/dags/crypto_pipeline_dag.py
[2026-07-14T05:18:11.294+0000] {logging_mixin.py:188} INFO - [2026-07-14T05:18:11.294+0000] {dag.py:3089} INFO - Sync 1 DAGs
[2026-07-14T05:18:11.304+0000] {logging_mixin.py:188} INFO - [2026-07-14T05:18:11.304+0000] {dag.py:3947} INFO - Setting next_dagrun for crypto_daily_pipeline to 2026-07-14 00:00:00+00:00, run_after=2026-07-15 00:00:00+00:00
[2026-07-14T05:18:11.311+0000] {processor.py:183} INFO - Processing /opt/airflow/dags/crypto_pipeline_dag.py took 0.065 seconds
[2026-07-14T05:18:41.486+0000] {processor.py:161} INFO - Started process (PID=3582) to work on /opt/airflow/dags/crypto_pipeline_dag.py
[2026-07-14T05:18:41.487+0000] {processor.py:830} INFO - Processing file /opt/airflow/dags/crypto_pipeline_dag.py for tasks to queue
[2026-07-14T05:18:41.490+0000] {logging_mixin.py:188} INFO - [2026-07-14T05:18:41.489+0000] {dagbag.py:545} INFO - Filling up the DagBag from /opt/airflow/dags/crypto_pipeline_dag.py
[2026-07-14T05:18:41.503+0000] {processor.py:840} INFO - DAG(s) 'crypto_daily_pipeline' retrieved from /opt/airflow/dags/crypto_pipeline_dag.py
[2026-07-14T05:18:41.521+0000] {logging_mixin.py:188} INFO - [2026-07-14T05:18:41.521+0000] {dag.py:3089} INFO - Sync 1 DAGs
[2026-07-14T05:18:41.532+0000] {logging_mixin.py:188} INFO - [2026-07-14T05:18:41.532+0000] {dag.py:3947} INFO - Setting next_dagrun for crypto_daily_pipeline to 2026-07-14 00:00:00+00:00, run_after=2026-07-15 00:00:00+00:00
[2026-07-14T05:18:41.538+0000] {processor.py:183} INFO - Processing /opt/airflow/dags/crypto_pipeline_dag.py took 0.061 seconds
[2026-07-14T05:19:11.678+0000] {processor.py:161} INFO - Started process (PID=3587) to work on /opt/airflow/dags/crypto_pipeline_dag.py
[2026-07-14T05:19:11.678+0000] {processor.py:830} INFO - Processing file /opt/airflow/dags/crypto_pipeline_dag.py for tasks to queue
[2026-07-14T05:19:11.680+0000] {logging_mixin.py:188} INFO - [2026-07-14T05:19:11.680+0000] {dagbag.py:545} INFO - Filling up the DagBag from /opt/airflow/dags/crypto_pipeline_dag.py
[2026-07-14T05:19:11.690+0000] {processor.py:840} INFO - DAG(s) 'crypto_daily_pipeline' retrieved from /opt/airflow/dags/crypto_pipeline_dag.py
[2026-07-14T05:19:11.709+0000] {logging_mixin.py:188} INFO - [2026-07-14T05:19:11.709+0000] {dag.py:3089} INFO - Sync 1 DAGs
[2026-07-14T05:19:11.718+0000] {logging_mixin.py:188} INFO - [2026-07-14T05:19:11.718+0000] {dag.py:3947} INFO - Setting next_dagrun for crypto_daily_pipeline to 2026-07-14 00:00:00+00:00, run_after=2026-07-15 00:00:00+00:00
[2026-07-14T05:19:11.724+0000] {processor.py:183} INFO - Processing /opt/airflow/dags/crypto_pipeline_dag.py took 0.053 seconds
[2026-07-14T05:19:41.872+0000] {processor.py:161} INFO - Started process (PID=3592) to work on /opt/airflow/dags/crypto_pipeline_dag.py
[2026-07-14T05:19:41.873+0000] {processor.py:830} INFO - Processing file /opt/airflow/dags/crypto_pipeline_dag.py for tasks to queue
[2026-07-14T05:19:41.874+0000] {logging_mixin.py:188} INFO - [2026-07-14T05:19:41.874+0000] {dagbag.py:545} INFO - Filling up the DagBag from /opt/airflow/dags/crypto_pipeline_dag.py
[2026-07-14T05:19:41.885+0000] {processor.py:840} INFO - DAG(s) 'crypto_daily_pipeline' retrieved from /opt/airflow/dags/crypto_pipeline_dag.py
[2026-07-14T05:19:41.904+0000] {logging_mixin.py:188} INFO - [2026-07-14T05:19:41.904+0000] {dag.py:3089} INFO - Sync 1 DAGs
[2026-07-14T05:19:41.914+0000] {logging_mixin.py:188} INFO - [2026-07-14T05:19:41.914+0000] {dag.py:3947} INFO - Setting next_dagrun for crypto_daily_pipeline to 2026-07-14 00:00:00+00:00, run_after=2026-07-15 00:00:00+00:00
[2026-07-14T05:19:41.921+0000] {processor.py:183} INFO - Processing /opt/airflow/dags/crypto_pipeline_dag.py took 0.055 seconds
[2026-07-14T05:20:12.072+0000] {processor.py:161} INFO - Started process (PID=3597) to work on /opt/airflow/dags/crypto_pipeline_dag.py
[2026-07-14T05:20:12.073+0000] {processor.py:830} INFO - Processing file /opt/airflow/dags/crypto_pipeline_dag.py for tasks to queue
[2026-07-14T05:20:12.076+0000] {logging_mixin.py:188} INFO - [2026-07-14T05:20:12.075+0000] {dagbag.py:545} INFO - Filling up the DagBag from /opt/airflow/dags/crypto_pipeline_dag.py
[2026-07-14T05:20:12.089+0000] {processor.py:840} INFO - DAG(s) 'crypto_daily_pipeline' retrieved from /opt/airflow/dags/crypto_pipeline_dag.py
[2026-07-14T05:20:12.106+0000] {logging_mixin.py:188} INFO - [2026-07-14T05:20:12.106+0000] {dag.py:3089} INFO - Sync 1 DAGs
[2026-07-14T05:20:12.117+0000] {logging_mixin.py:188} INFO - [2026-07-14T05:20:12.117+0000] {dag.py:3947} INFO - Setting next_dagrun for crypto_daily_pipeline to 2026-07-14 00:00:00+00:00, run_after=2026-07-15 00:00:00+00:00
[2026-07-14T05:20:12.123+0000] {processor.py:183} INFO - Processing /opt/airflow/dags/crypto_pipeline_dag.py took 0.059 seconds
[2026-07-14T05:20:42.275+0000] {processor.py:161} INFO - Started process (PID=3602) to work on /opt/airflow/dags/crypto_pipeline_dag.py
[2026-07-14T05:20:42.276+0000] {processor.py:830} INFO - Processing file /opt/airflow/dags/crypto_pipeline_dag.py for tasks to queue
[2026-07-14T05:20:42.279+0000] {logging_mixin.py:188} INFO - [2026-07-14T05:20:42.278+0000] {dagbag.py:545} INFO - Filling up the DagBag from /opt/airflow/dags/crypto_pipeline_dag.py
[2026-07-14T05:20:42.287+0000] {processor.py:840} INFO - DAG(s) 'crypto_daily_pipeline' retrieved from /opt/airflow/dags/crypto_pipeline_dag.py
[2026-07-14T05:20:42.305+0000] {logging_mixin.py:188} INFO - [2026-07-14T05:20:42.305+0000] {dag.py:3089} INFO - Sync 1 DAGs
[2026-07-14T05:20:42.314+0000] {logging_mixin.py:188} INFO - [2026-07-14T05:20:42.314+0000] {dag.py:3947} INFO - Setting next_dagrun for crypto_daily_pipeline to 2026-07-14 00:00:00+00:00, run_after=2026-07-15 00:00:00+00:00
[2026-07-14T05:20:42.320+0000] {processor.py:183} INFO - Processing /opt/airflow/dags/crypto_pipeline_dag.py took 0.052 seconds
[2026-07-14T05:21:12.467+0000] {processor.py:161} INFO - Started process (PID=3607) to work on /opt/airflow/dags/crypto_pipeline_dag.py
[2026-07-14T05:21:12.468+0000] {processor.py:830} INFO - Processing file /opt/airflow/dags/crypto_pipeline_dag.py for tasks to queue
[2026-07-14T05:21:12.470+0000] {logging_mixin.py:188} INFO - [2026-07-14T05:21:12.470+0000] {dagbag.py:545} INFO - Filling up the DagBag from /opt/airflow/dags/crypto_pipeline_dag.py
[2026-07-14T05:21:12.480+0000] {processor.py:840} INFO - DAG(s) 'crypto_daily_pipeline' retrieved from /opt/airflow/dags/crypto_pipeline_dag.py
[2026-07-14T05:21:12.503+0000] {logging_mixin.py:188} INFO - [2026-07-14T05:21:12.503+0000] {dag.py:3089} INFO - Sync 1 DAGs
[2026-07-14T05:21:12.514+0000] {logging_mixin.py:188} INFO - [2026-07-14T05:21:12.513+0000] {dag.py:3947} INFO - Setting next_dagrun for crypto_daily_pipeline to 2026-07-14 00:00:00+00:00, run_after=2026-07-15 00:00:00+00:00
[2026-07-14T05:21:12.521+0000] {processor.py:183} INFO - Processing /opt/airflow/dags/crypto_pipeline_dag.py took 0.061 seconds
[2026-07-14T05:21:42.694+0000] {processor.py:161} INFO - Started process (PID=3612) to work on /opt/airflow/dags/crypto_pipeline_dag.py
[2026-07-14T05:21:42.695+0000] {processor.py:830} INFO - Processing file /opt/airflow/dags/crypto_pipeline_dag.py for tasks to queue
[2026-07-14T05:21:42.697+0000] {logging_mixin.py:188} INFO - [2026-07-14T05:21:42.696+0000] {dagbag.py:545} INFO - Filling up the DagBag from /opt/airflow/dags/crypto_pipeline_dag.py
[2026-07-14T05:21:42.707+0000] {processor.py:840} INFO - DAG(s) 'crypto_daily_pipeline' retrieved from /opt/airflow/dags/crypto_pipeline_dag.py
[2026-07-14T05:21:42.730+0000] {logging_mixin.py:188} INFO - [2026-07-14T05:21:42.730+0000] {dag.py:3089} INFO - Sync 1 DAGs
[2026-07-14T05:21:42.742+0000] {logging_mixin.py:188} INFO - [2026-07-14T05:21:42.741+0000] {dag.py:3947} INFO - Setting next_dagrun for crypto_daily_pipeline to 2026-07-14 00:00:00+00:00, run_after=2026-07-15 00:00:00+00:00
[2026-07-14T05:21:42.748+0000] {processor.py:183} INFO - Processing /opt/airflow/dags/crypto_pipeline_dag.py took 0.059 seconds
[2026-07-14T05:22:12.877+0000] {processor.py:161} INFO - Started process (PID=3617) to work on /opt/airflow/dags/crypto_pipeline_dag.py
[2026-07-14T05:22:12.878+0000] {processor.py:830} INFO - Processing file /opt/airflow/dags/crypto_pipeline_dag.py for tasks to queue
[2026-07-14T05:22:12.879+0000] {logging_mixin.py:188} INFO - [2026-07-14T05:22:12.878+0000] {dagbag.py:545} INFO - Filling up the DagBag from /opt/airflow/dags/crypto_pipeline_dag.py
[2026-07-14T05:22:12.888+0000] {processor.py:840} INFO - DAG(s) 'crypto_daily_pipeline' retrieved from /opt/airflow/dags/crypto_pipeline_dag.py
[2026-07-14T05:22:12.906+0000] {logging_mixin.py:188} INFO - [2026-07-14T05:22:12.906+0000] {dag.py:3089} INFO - Sync 1 DAGs
[2026-07-14T05:22:12.915+0000] {logging_mixin.py:188} INFO - [2026-07-14T05:22:12.915+0000] {dag.py:3947} INFO - Setting next_dagrun for crypto_daily_pipeline to 2026-07-14 00:00:00+00:00, run_after=2026-07-15 00:00:00+00:00
[2026-07-14T05:22:12.921+0000] {processor.py:183} INFO - Processing /opt/airflow/dags/crypto_pipeline_dag.py took 0.050 seconds
[2026-07-14T05:22:43.153+0000] {processor.py:161} INFO - Started process (PID=3622) to work on /opt/airflow/dags/crypto_pipeline_dag.py
[2026-07-14T05:22:43.154+0000] {processor.py:830} INFO - Processing file /opt/airflow/dags/crypto_pipeline_dag.py for tasks to queue
[2026-07-14T05:22:43.156+0000] {logging_mixin.py:188} INFO - [2026-07-14T05:22:43.156+0000] {dagbag.py:545} INFO - Filling up the DagBag from /opt/airflow/dags/crypto_pipeline_dag.py
[2026-07-14T05:22:43.169+0000] {processor.py:840} INFO - DAG(s) 'crypto_daily_pipeline' retrieved from /opt/airflow/dags/crypto_pipeline_dag.py
[2026-07-14T05:22:43.189+0000] {logging_mixin.py:188} INFO - [2026-07-14T05:22:43.189+0000] {dag.py:3089} INFO - Sync 1 DAGs
[2026-07-14T05:22:43.202+0000] {logging_mixin.py:188} INFO - [2026-07-14T05:22:43.202+0000] {dag.py:3947} INFO - Setting next_dagrun for crypto_daily_pipeline to 2026-07-14 00:00:00+00:00, run_after=2026-07-15 00:00:00+00:00
[2026-07-14T05:22:43.209+0000] {processor.py:183} INFO - Processing /opt/airflow/dags/crypto_pipeline_dag.py took 0.064 seconds
[2026-07-14T05:23:13.345+0000] {processor.py:161} INFO - Started process (PID=3627) to work on /opt/airflow/dags/crypto_pipeline_dag.py
[2026-07-14T05:23:13.347+0000] {processor.py:830} INFO - Processing file /opt/airflow/dags/crypto_pipeline_dag.py for tasks to queue
[2026-07-14T05:23:13.350+0000] {logging_mixin.py:188} INFO - [2026-07-14T05:23:13.349+0000] {dagbag.py:545} INFO - Filling up the DagBag from /opt/airflow/dags/crypto_pipeline_dag.py
[2026-07-14T05:23:13.361+0000] {processor.py:840} INFO - DAG(s) 'crypto_daily_pipeline' retrieved from /opt/airflow/dags/crypto_pipeline_dag.py
[2026-07-14T05:23:13.385+0000] {logging_mixin.py:188} INFO - [2026-07-14T05:23:13.384+0000] {dag.py:3089} INFO - Sync 1 DAGs
[2026-07-14T05:23:13.400+0000] {logging_mixin.py:188} INFO - [2026-07-14T05:23:13.400+0000] {dag.py:3947} INFO - Setting next_dagrun for crypto_daily_pipeline to 2026-07-14 00:00:00+00:00, run_after=2026-07-15 00:00:00+00:00
[2026-07-14T05:23:13.406+0000] {processor.py:183} INFO - Processing /opt/airflow/dags/crypto_pipeline_dag.py took 0.072 seconds
[2026-07-14T05:23:43.594+0000] {processor.py:161} INFO - Started process (PID=3632) to work on /opt/airflow/dags/crypto_pipeline_dag.py
[2026-07-14T05:23:43.595+0000] {processor.py:830} INFO - Processing file /opt/airflow/dags/crypto_pipeline_dag.py for tasks to queue
[2026-07-14T05:23:43.600+0000] {logging_mixin.py:188} INFO - [2026-07-14T05:23:43.599+0000] {dagbag.py:545} INFO - Filling up the DagBag from /opt/airflow/dags/crypto_pipeline_dag.py
[2026-07-14T05:23:43.629+0000] {processor.py:840} INFO - DAG(s) 'crypto_daily_pipeline' retrieved from /opt/airflow/dags/crypto_pipeline_dag.py
[2026-07-14T05:23:43.662+0000] {logging_mixin.py:188} INFO - [2026-07-14T05:23:43.662+0000] {dag.py:3089} INFO - Sync 1 DAGs
[2026-07-14T05:23:43.681+0000] {logging_mixin.py:188} INFO - [2026-07-14T05:23:43.681+0000] {dag.py:3947} INFO - Setting next_dagrun for crypto_daily_pipeline to 2026-07-14 00:00:00+00:00, run_after=2026-07-15 00:00:00+00:00
[2026-07-14T05:23:43.691+0000] {processor.py:183} INFO - Processing /opt/airflow/dags/crypto_pipeline_dag.py took 0.109 seconds
[2026-07-14T05:24:13.799+0000] {processor.py:161} INFO - Started process (PID=3637) to work on /opt/airflow/dags/crypto_pipeline_dag.py
[2026-07-14T05:24:13.800+0000] {processor.py:830} INFO - Processing file /opt/airflow/dags/crypto_pipeline_dag.py for tasks to queue
[2026-07-14T05:24:13.801+0000] {logging_mixin.py:188} INFO - [2026-07-14T05:24:13.801+0000] {dagbag.py:545} INFO - Filling up the DagBag from /opt/airflow/dags/crypto_pipeline_dag.py
[2026-07-14T05:24:13.808+0000] {processor.py:840} INFO - DAG(s) 'crypto_daily_pipeline' retrieved from /opt/airflow/dags/crypto_pipeline_dag.py
[2026-07-14T05:24:13.827+0000] {logging_mixin.py:188} INFO - [2026-07-14T05:24:13.827+0000] {dag.py:3089} INFO - Sync 1 DAGs
[2026-07-14T05:24:13.836+0000] {logging_mixin.py:188} INFO - [2026-07-14T05:24:13.836+0000] {dag.py:3947} INFO - Setting next_dagrun for crypto_daily_pipeline to 2026-07-14 00:00:00+00:00, run_after=2026-07-15 00:00:00+00:00
[2026-07-14T05:24:13.843+0000] {processor.py:183} INFO - Processing /opt/airflow/dags/crypto_pipeline_dag.py took 0.051 seconds
[2026-07-14T05:24:44.044+0000] {processor.py:161} INFO - Started process (PID=3642) to work on /opt/airflow/dags/crypto_pipeline_dag.py
[2026-07-14T05:24:44.045+0000] {processor.py:830} INFO - Processing file /opt/airflow/dags/crypto_pipeline_dag.py for tasks to queue
[2026-07-14T05:24:44.048+0000] {logging_mixin.py:188} INFO - [2026-07-14T05:24:44.048+0000] {dagbag.py:545} INFO - Filling up the DagBag from /opt/airflow/dags/crypto_pipeline_dag.py
[2026-07-14T05:24:44.062+0000] {processor.py:840} INFO - DAG(s) 'crypto_daily_pipeline' retrieved from /opt/airflow/dags/crypto_pipeline_dag.py
[2026-07-14T05:24:44.089+0000] {logging_mixin.py:188} INFO - [2026-07-14T05:24:44.089+0000] {dag.py:3089} INFO - Sync 1 DAGs
[2026-07-14T05:24:44.102+0000] {logging_mixin.py:188} INFO - [2026-07-14T05:24:44.102+0000] {dag.py:3947} INFO - Setting next_dagrun for crypto_daily_pipeline to 2026-07-14 00:00:00+00:00, run_after=2026-07-15 00:00:00+00:00
[2026-07-14T05:24:44.114+0000] {processor.py:183} INFO - Processing /opt/airflow/dags/crypto_pipeline_dag.py took 0.080 seconds
[2026-07-14T05:25:14.248+0000] {processor.py:161} INFO - Started process (PID=3647) to work on /opt/airflow/dags/crypto_pipeline_dag.py
[2026-07-14T05:25:14.250+0000] {processor.py:830} INFO - Processing file /opt/airflow/dags/crypto_pipeline_dag.py for tasks to queue
[2026-07-14T05:25:14.252+0000] {logging_mixin.py:188} INFO - [2026-07-14T05:25:14.252+0000] {dagbag.py:545} INFO - Filling up the DagBag from /opt/airflow/dags/crypto_pipeline_dag.py
[2026-07-14T05:25:14.265+0000] {processor.py:840} INFO - DAG(s) 'crypto_daily_pipeline' retrieved from /opt/airflow/dags/crypto_pipeline_dag.py
[2026-07-14T05:25:14.291+0000] {logging_mixin.py:188} INFO - [2026-07-14T05:25:14.290+0000] {dag.py:3089} INFO - Sync 1 DAGs
[2026-07-14T05:25:14.304+0000] {logging_mixin.py:188} INFO - [2026-07-14T05:25:14.304+0000] {dag.py:3947} INFO - Setting next_dagrun for crypto_daily_pipeline to 2026-07-14 00:00:00+00:00, run_after=2026-07-15 00:00:00+00:00
[2026-07-14T05:25:14.313+0000] {processor.py:183} INFO - Processing /opt/airflow/dags/crypto_pipeline_dag.py took 0.076 seconds
[2026-07-14T05:25:44.451+0000] {processor.py:161} INFO - Started process (PID=3652) to work on /opt/airflow/dags/crypto_pipeline_dag.py
[2026-07-14T05:25:44.452+0000] {processor.py:830} INFO - Processing file /opt/airflow/dags/crypto_pipeline_dag.py for tasks to queue
[2026-07-14T05:25:44.454+0000] {logging_mixin.py:188} INFO - [2026-07-14T05:25:44.453+0000] {dagbag.py:545} INFO - Filling up the DagBag from /opt/airflow/dags/crypto_pipeline_dag.py
[2026-07-14T05:25:44.462+0000] {processor.py:840} INFO - DAG(s) 'crypto_daily_pipeline' retrieved from /opt/airflow/dags/crypto_pipeline_dag.py
[2026-07-14T05:25:44.480+0000] {logging_mixin.py:188} INFO - [2026-07-14T05:25:44.480+0000] {dag.py:3089} INFO - Sync 1 DAGs
[2026-07-14T05:25:44.489+0000] {logging_mixin.py:188} INFO - [2026-07-14T05:25:44.489+0000] {dag.py:3947} INFO - Setting next_dagrun for crypto_daily_pipeline to 2026-07-14 00:00:00+00:00, run_after=2026-07-15 00:00:00+00:00
[2026-07-14T05:25:44.496+0000] {processor.py:183} INFO - Processing /opt/airflow/dags/crypto_pipeline_dag.py took 0.051 seconds
[2026-07-14T05:26:14.656+0000] {processor.py:161} INFO - Started process (PID=3657) to work on /opt/airflow/dags/crypto_pipeline_dag.py
[2026-07-14T05:26:14.660+0000] {processor.py:830} INFO - Processing file /opt/airflow/dags/crypto_pipeline_dag.py for tasks to queue
[2026-07-14T05:26:14.661+0000] {logging_mixin.py:188} INFO - [2026-07-14T05:26:14.661+0000] {dagbag.py:545} INFO - Filling up the DagBag from /opt/airflow/dags/crypto_pipeline_dag.py
[2026-07-14T05:26:14.670+0000] {processor.py:840} INFO - DAG(s) 'crypto_daily_pipeline' retrieved from /opt/airflow/dags/crypto_pipeline_dag.py
[2026-07-14T05:26:14.688+0000] {logging_mixin.py:188} INFO - [2026-07-14T05:26:14.688+0000] {dag.py:3089} INFO - Sync 1 DAGs
[2026-07-14T05:26:14.698+0000] {logging_mixin.py:188} INFO - [2026-07-14T05:26:14.697+0000] {dag.py:3947} INFO - Setting next_dagrun for crypto_daily_pipeline to 2026-07-14 00:00:00+00:00, run_after=2026-07-15 00:00:00+00:00
[2026-07-14T05:26:14.703+0000] {processor.py:183} INFO - Processing /opt/airflow/dags/crypto_pipeline_dag.py took 0.053 seconds
[2026-07-14T05:26:44.852+0000] {processor.py:161} INFO - Started process (PID=3662) to work on /opt/airflow/dags/crypto_pipeline_dag.py
[2026-07-14T05:26:44.853+0000] {processor.py:830} INFO - Processing file /opt/airflow/dags/crypto_pipeline_dag.py for tasks to queue
[2026-07-14T05:26:44.854+0000] {logging_mixin.py:188} INFO - [2026-07-14T05:26:44.854+0000] {dagbag.py:545} INFO - Filling up the DagBag from /opt/airflow/dags/crypto_pipeline_dag.py
[2026-07-14T05:26:44.860+0000] {processor.py:840} INFO - DAG(s) 'crypto_daily_pipeline' retrieved from /opt/airflow/dags/crypto_pipeline_dag.py
[2026-07-14T05:26:44.876+0000] {logging_mixin.py:188} INFO - [2026-07-14T05:26:44.876+0000] {dag.py:3089} INFO - Sync 1 DAGs
[2026-07-14T05:26:44.884+0000] {logging_mixin.py:188} INFO - [2026-07-14T05:26:44.884+0000] {dag.py:3947} INFO - Setting next_dagrun for crypto_daily_pipeline to 2026-07-14 00:00:00+00:00, run_after=2026-07-15 00:00:00+00:00
[2026-07-14T05:26:44.891+0000] {processor.py:183} INFO - Processing /opt/airflow/dags/crypto_pipeline_dag.py took 0.043 seconds
[2026-07-14T05:27:15.040+0000] {processor.py:161} INFO - Started process (PID=3667) to work on /opt/airflow/dags/crypto_pipeline_dag.py
[2026-07-14T05:27:15.042+0000] {processor.py:830} INFO - Processing file /opt/airflow/dags/crypto_pipeline_dag.py for tasks to queue
[2026-07-14T05:27:15.044+0000] {logging_mixin.py:188} INFO - [2026-07-14T05:27:15.043+0000] {dagbag.py:545} INFO - Filling up the DagBag from /opt/airflow/dags/crypto_pipeline_dag.py
[2026-07-14T05:27:15.053+0000] {processor.py:840} INFO - DAG(s) 'crypto_daily_pipeline' retrieved from /opt/airflow/dags/crypto_pipeline_dag.py
[2026-07-14T05:27:15.072+0000] {logging_mixin.py:188} INFO - [2026-07-14T05:27:15.072+0000] {dag.py:3089} INFO - Sync 1 DAGs
[2026-07-14T05:27:15.082+0000] {logging_mixin.py:188} INFO - [2026-07-14T05:27:15.082+0000] {dag.py:3947} INFO - Setting next_dagrun for crypto_daily_pipeline to 2026-07-14 00:00:00+00:00, run_after=2026-07-15 00:00:00+00:00
[2026-07-14T05:27:15.089+0000] {processor.py:183} INFO - Processing /opt/airflow/dags/crypto_pipeline_dag.py took 0.056 seconds
[2026-07-14T05:27:45.269+0000] {processor.py:161} INFO - Started process (PID=3672) to work on /opt/airflow/dags/crypto_pipeline_dag.py
[2026-07-14T05:27:45.270+0000] {processor.py:830} INFO - Processing file /opt/airflow/dags/crypto_pipeline_dag.py for tasks to queue
[2026-07-14T05:27:45.272+0000] {logging_mixin.py:188} INFO - [2026-07-14T05:27:45.271+0000] {dagbag.py:545} INFO - Filling up the DagBag from /opt/airflow/dags/crypto_pipeline_dag.py
[2026-07-14T05:27:45.280+0000] {processor.py:840} INFO - DAG(s) 'crypto_daily_pipeline' retrieved from /opt/airflow/dags/crypto_pipeline_dag.py
[2026-07-14T05:27:45.298+0000] {logging_mixin.py:188} INFO - [2026-07-14T05:27:45.298+0000] {dag.py:3089} INFO - Sync 1 DAGs
[2026-07-14T05:27:45.307+0000] {logging_mixin.py:188} INFO - [2026-07-14T05:27:45.307+0000] {dag.py:3947} INFO - Setting next_dagrun for crypto_daily_pipeline to 2026-07-14 00:00:00+00:00, run_after=2026-07-15 00:00:00+00:00
[2026-07-14T05:27:45.313+0000] {processor.py:183} INFO - Processing /opt/airflow/dags/crypto_pipeline_dag.py took 0.049 seconds
[2026-07-14T05:28:15.489+0000] {processor.py:161} INFO - Started process (PID=3677) to work on /opt/airflow/dags/crypto_pipeline_dag.py
[2026-07-14T05:28:15.490+0000] {processor.py:830} INFO - Processing file /opt/airflow/dags/crypto_pipeline_dag.py for tasks to queue
[2026-07-14T05:28:15.491+0000] {logging_mixin.py:188} INFO - [2026-07-14T05:28:15.491+0000] {dagbag.py:545} INFO - Filling up the DagBag from /opt/airflow/dags/crypto_pipeline_dag.py
[2026-07-14T05:28:15.500+0000] {processor.py:840} INFO - DAG(s) 'crypto_daily_pipeline' retrieved from /opt/airflow/dags/crypto_pipeline_dag.py
[2026-07-14T05:28:15.518+0000] {logging_mixin.py:188} INFO - [2026-07-14T05:28:15.518+0000] {dag.py:3089} INFO - Sync 1 DAGs
[2026-07-14T05:28:15.528+0000] {logging_mixin.py:188} INFO - [2026-07-14T05:28:15.528+0000] {dag.py:3947} INFO - Setting next_dagrun for crypto_daily_pipeline to 2026-07-14 00:00:00+00:00, run_after=2026-07-15 00:00:00+00:00
[2026-07-14T05:28:15.534+0000] {processor.py:183} INFO - Processing /opt/airflow/dags/crypto_pipeline_dag.py took 0.051 seconds
[2026-07-14T05:28:45.726+0000] {processor.py:161} INFO - Started process (PID=3682) to work on /opt/airflow/dags/crypto_pipeline_dag.py
[2026-07-14T05:28:45.727+0000] {processor.py:830} INFO - Processing file /opt/airflow/dags/crypto_pipeline_dag.py for tasks to queue
[2026-07-14T05:28:45.729+0000] {logging_mixin.py:188} INFO - [2026-07-14T05:28:45.729+0000] {dagbag.py:545} INFO - Filling up the DagBag from /opt/airflow/dags/crypto_pipeline_dag.py
[2026-07-14T05:28:45.743+0000] {processor.py:840} INFO - DAG(s) 'crypto_daily_pipeline' retrieved from /opt/airflow/dags/crypto_pipeline_dag.py
[2026-07-14T05:28:45.763+0000] {logging_mixin.py:188} INFO - [2026-07-14T05:28:45.763+0000] {dag.py:3089} INFO - Sync 1 DAGs
[2026-07-14T05:28:45.774+0000] {logging_mixin.py:188} INFO - [2026-07-14T05:28:45.774+0000] {dag.py:3947} INFO - Setting next_dagrun for crypto_daily_pipeline to 2026-07-14 00:00:00+00:00, run_after=2026-07-15 00:00:00+00:00
[2026-07-14T05:28:45.781+0000] {processor.py:183} INFO - Processing /opt/airflow/dags/crypto_pipeline_dag.py took 0.063 seconds
[2026-07-14T05:29:15.918+0000] {processor.py:161} INFO - Started process (PID=3687) to work on /opt/airflow/dags/crypto_pipeline_dag.py
[2026-07-14T05:29:15.919+0000] {processor.py:830} INFO - Processing file /opt/airflow/dags/crypto_pipeline_dag.py for tasks to queue
[2026-07-14T05:29:15.921+0000] {logging_mixin.py:188} INFO - [2026-07-14T05:29:15.920+0000] {dagbag.py:545} INFO - Filling up the DagBag from /opt/airflow/dags/crypto_pipeline_dag.py
[2026-07-14T05:29:15.929+0000] {processor.py:840} INFO - DAG(s) 'crypto_daily_pipeline' retrieved from /opt/airflow/dags/crypto_pipeline_dag.py
[2026-07-14T05:29:15.945+0000] {logging_mixin.py:188} INFO - [2026-07-14T05:29:15.945+0000] {dag.py:3089} INFO - Sync 1 DAGs
[2026-07-14T05:29:15.954+0000] {logging_mixin.py:188} INFO - [2026-07-14T05:29:15.954+0000] {dag.py:3947} INFO - Setting next_dagrun for crypto_daily_pipeline to 2026-07-14 00:00:00+00:00, run_after=2026-07-15 00:00:00+00:00
[2026-07-14T05:29:15.960+0000] {processor.py:183} INFO - Processing /opt/airflow/dags/crypto_pipeline_dag.py took 0.046 seconds
[2026-07-14T05:29:46.120+0000] {processor.py:161} INFO - Started process (PID=3692) to work on /opt/airflow/dags/crypto_pipeline_dag.py
[2026-07-14T05:29:46.121+0000] {processor.py:830} INFO - Processing file /opt/airflow/dags/crypto_pipeline_dag.py for tasks to queue
[2026-07-14T05:29:46.123+0000] {logging_mixin.py:188} INFO - [2026-07-14T05:29:46.122+0000] {dagbag.py:545} INFO - Filling up the DagBag from /opt/airflow/dags/crypto_pipeline_dag.py
[2026-07-14T05:29:46.131+0000] {processor.py:840} INFO - DAG(s) 'crypto_daily_pipeline' retrieved from /opt/airflow/dags/crypto_pipeline_dag.py
[2026-07-14T05:29:46.151+0000] {logging_mixin.py:188} INFO - [2026-07-14T05:29:46.151+0000] {dag.py:3089} INFO - Sync 1 DAGs
[2026-07-14T05:29:46.163+0000] {logging_mixin.py:188} INFO - [2026-07-14T05:29:46.163+0000] {dag.py:3947} INFO - Setting next_dagrun for crypto_daily_pipeline to 2026-07-14 00:00:00+00:00, run_after=2026-07-15 00:00:00+00:00
[2026-07-14T05:29:46.171+0000] {processor.py:183} INFO - Processing /opt/airflow/dags/crypto_pipeline_dag.py took 0.056 seconds
[2026-07-14T05:30:16.319+0000] {processor.py:161} INFO - Started process (PID=3697) to work on /opt/airflow/dags/crypto_pipeline_dag.py
[2026-07-14T05:30:16.319+0000] {processor.py:830} INFO - Processing file /opt/airflow/dags/crypto_pipeline_dag.py for tasks to queue
[2026-07-14T05:30:16.321+0000] {logging_mixin.py:188} INFO - [2026-07-14T05:30:16.321+0000] {dagbag.py:545} INFO - Filling up the DagBag from /opt/airflow/dags/crypto_pipeline_dag.py
[2026-07-14T05:30:16.330+0000] {processor.py:840} INFO - DAG(s) 'crypto_daily_pipeline' retrieved from /opt/airflow/dags/crypto_pipeline_dag.py
[2026-07-14T05:30:16.348+0000] {logging_mixin.py:188} INFO - [2026-07-14T05:30:16.348+0000] {dag.py:3089} INFO - Sync 1 DAGs
[2026-07-14T05:30:16.358+0000] {logging_mixin.py:188} INFO - [2026-07-14T05:30:16.358+0000] {dag.py:3947} INFO - Setting next_dagrun for crypto_daily_pipeline to 2026-07-14 00:00:00+00:00, run_after=2026-07-15 00:00:00+00:00
[2026-07-14T05:30:16.364+0000] {processor.py:183} INFO - Processing /opt/airflow/dags/crypto_pipeline_dag.py took 0.054 seconds
[2026-07-14T05:30:46.519+0000] {processor.py:161} INFO - Started process (PID=3702) to work on /opt/airflow/dags/crypto_pipeline_dag.py
[2026-07-14T05:30:46.520+0000] {processor.py:830} INFO - Processing file /opt/airflow/dags/crypto_pipeline_dag.py for tasks to queue
[2026-07-14T05:30:46.522+0000] {logging_mixin.py:188} INFO - [2026-07-14T05:30:46.522+0000] {dagbag.py:545} INFO - Filling up the DagBag from /opt/airflow/dags/crypto_pipeline_dag.py
[2026-07-14T05:30:46.535+0000] {processor.py:840} INFO - DAG(s) 'crypto_daily_pipeline' retrieved from /opt/airflow/dags/crypto_pipeline_dag.py
[2026-07-14T05:30:46.557+0000] {logging_mixin.py:188} INFO - [2026-07-14T05:30:46.557+0000] {dag.py:3089} INFO - Sync 1 DAGs
[2026-07-14T05:30:46.568+0000] {logging_mixin.py:188} INFO - [2026-07-14T05:30:46.568+0000] {dag.py:3947} INFO - Setting next_dagrun for crypto_daily_pipeline to 2026-07-14 00:00:00+00:00, run_after=2026-07-15 00:00:00+00:00
[2026-07-14T05:30:46.575+0000] {processor.py:183} INFO - Processing /opt/airflow/dags/crypto_pipeline_dag.py took 0.063 seconds
[2026-07-14T05:31:16.708+0000] {processor.py:161} INFO - Started process (PID=3707) to work on /opt/airflow/dags/crypto_pipeline_dag.py
[2026-07-14T05:31:16.709+0000] {processor.py:830} INFO - Processing file /opt/airflow/dags/crypto_pipeline_dag.py for tasks to queue
[2026-07-14T05:31:16.711+0000] {logging_mixin.py:188} INFO - [2026-07-14T05:31:16.710+0000] {dagbag.py:545} INFO - Filling up the DagBag from /opt/airflow/dags/crypto_pipeline_dag.py
[2026-07-14T05:31:16.720+0000] {processor.py:840} INFO - DAG(s) 'crypto_daily_pipeline' retrieved from /opt/airflow/dags/crypto_pipeline_dag.py
[2026-07-14T05:31:16.738+0000] {logging_mixin.py:188} INFO - [2026-07-14T05:31:16.738+0000] {dag.py:3089} INFO - Sync 1 DAGs
[2026-07-14T05:31:16.747+0000] {logging_mixin.py:188} INFO - [2026-07-14T05:31:16.747+0000] {dag.py:3947} INFO - Setting next_dagrun for crypto_daily_pipeline to 2026-07-14 00:00:00+00:00, run_after=2026-07-15 00:00:00+00:00
[2026-07-14T05:31:16.754+0000] {processor.py:183} INFO - Processing /opt/airflow/dags/crypto_pipeline_dag.py took 0.052 seconds
[2026-07-14T05:31:46.935+0000] {processor.py:161} INFO - Started process (PID=3712) to work on /opt/airflow/dags/crypto_pipeline_dag.py
[2026-07-14T05:31:46.936+0000] {processor.py:830} INFO - Processing file /opt/airflow/dags/crypto_pipeline_dag.py for tasks to queue
[2026-07-14T05:31:46.938+0000] {logging_mixin.py:188} INFO - [2026-07-14T05:31:46.937+0000] {dagbag.py:545} INFO - Filling up the DagBag from /opt/airflow/dags/crypto_pipeline_dag.py
[2026-07-14T05:31:46.947+0000] {processor.py:840} INFO - DAG(s) 'crypto_daily_pipeline' retrieved from /opt/airflow/dags/crypto_pipeline_dag.py
[2026-07-14T05:31:46.966+0000] {logging_mixin.py:188} INFO - [2026-07-14T05:31:46.965+0000] {dag.py:3089} INFO - Sync 1 DAGs
[2026-07-14T05:31:46.976+0000] {logging_mixin.py:188} INFO - [2026-07-14T05:31:46.975+0000] {dag.py:3947} INFO - Setting next_dagrun for crypto_daily_pipeline to 2026-07-14 00:00:00+00:00, run_after=2026-07-15 00:00:00+00:00
[2026-07-14T05:31:46.985+0000] {processor.py:183} INFO - Processing /opt/airflow/dags/crypto_pipeline_dag.py took 0.055 seconds
[2026-07-14T05:32:17.137+0000] {processor.py:161} INFO - Started process (PID=3717) to work on /opt/airflow/dags/crypto_pipeline_dag.py
[2026-07-14T05:32:17.138+0000] {processor.py:830} INFO - Processing file /opt/airflow/dags/crypto_pipeline_dag.py for tasks to queue
[2026-07-14T05:32:17.141+0000] {logging_mixin.py:188} INFO - [2026-07-14T05:32:17.141+0000] {dagbag.py:545} INFO - Filling up the DagBag from /opt/airflow/dags/crypto_pipeline_dag.py
[2026-07-14T05:32:17.151+0000] {processor.py:840} INFO - DAG(s) 'crypto_daily_pipeline' retrieved from /opt/airflow/dags/crypto_pipeline_dag.py
[2026-07-14T05:32:17.169+0000] {logging_mixin.py:188} INFO - [2026-07-14T05:32:17.168+0000] {dag.py:3089} INFO - Sync 1 DAGs
[2026-07-14T05:32:17.178+0000] {logging_mixin.py:188} INFO - [2026-07-14T05:32:17.178+0000] {dag.py:3947} INFO - Setting next_dagrun for crypto_daily_pipeline to 2026-07-14 00:00:00+00:00, run_after=2026-07-15 00:00:00+00:00
[2026-07-14T05:32:17.184+0000] {processor.py:183} INFO - Processing /opt/airflow/dags/crypto_pipeline_dag.py took 0.053 seconds
[2026-07-14T05:32:47.349+0000] {processor.py:161} INFO - Started process (PID=3722) to work on /opt/airflow/dags/crypto_pipeline_dag.py
[2026-07-14T05:32:47.350+0000] {processor.py:830} INFO - Processing file /opt/airflow/dags/crypto_pipeline_dag.py for tasks to queue
[2026-07-14T05:32:47.351+0000] {logging_mixin.py:188} INFO - [2026-07-14T05:32:47.351+0000] {dagbag.py:545} INFO - Filling up the DagBag from /opt/airflow/dags/crypto_pipeline_dag.py
[2026-07-14T05:32:47.366+0000] {processor.py:840} INFO - DAG(s) 'crypto_daily_pipeline' retrieved from /opt/airflow/dags/crypto_pipeline_dag.py
[2026-07-14T05:32:47.383+0000] {logging_mixin.py:188} INFO - [2026-07-14T05:32:47.383+0000] {dag.py:3089} INFO - Sync 1 DAGs
[2026-07-14T05:32:47.392+0000] {logging_mixin.py:188} INFO - [2026-07-14T05:32:47.392+0000] {dag.py:3947} INFO - Setting next_dagrun for crypto_daily_pipeline to 2026-07-14 00:00:00+00:00, run_after=2026-07-15 00:00:00+00:00
[2026-07-14T05:32:47.399+0000] {processor.py:183} INFO - Processing /opt/airflow/dags/crypto_pipeline_dag.py took 0.056 seconds
[2026-07-14T05:33:17.558+0000] {processor.py:161} INFO - Started process (PID=3727) to work on /opt/airflow/dags/crypto_pipeline_dag.py
[2026-07-14T05:33:17.559+0000] {processor.py:830} INFO - Processing file /opt/airflow/dags/crypto_pipeline_dag.py for tasks to queue
[2026-07-14T05:33:17.563+0000] {logging_mixin.py:188} INFO - [2026-07-14T05:33:17.562+0000] {dagbag.py:545} INFO - Filling up the DagBag from /opt/airflow/dags/crypto_pipeline_dag.py
[2026-07-14T05:33:17.573+0000] {processor.py:840} INFO - DAG(s) 'crypto_daily_pipeline' retrieved from /opt/airflow/dags/crypto_pipeline_dag.py
[2026-07-14T05:33:17.594+0000] {logging_mixin.py:188} INFO - [2026-07-14T05:33:17.594+0000] {dag.py:3089} INFO - Sync 1 DAGs
[2026-07-14T05:33:17.606+0000] {logging_mixin.py:188} INFO - [2026-07-14T05:33:17.606+0000] {dag.py:3947} INFO - Setting next_dagrun for crypto_daily_pipeline to 2026-07-14 00:00:00+00:00, run_after=2026-07-15 00:00:00+00:00
[2026-07-14T05:33:17.612+0000] {processor.py:183} INFO - Processing /opt/airflow/dags/crypto_pipeline_dag.py took 0.060 seconds
[2026-07-14T05:33:47.775+0000] {processor.py:161} INFO - Started process (PID=3732) to work on /opt/airflow/dags/crypto_pipeline_dag.py
[2026-07-14T05:33:47.776+0000] {processor.py:830} INFO - Processing file /opt/airflow/dags/crypto_pipeline_dag.py for tasks to queue
[2026-07-14T05:33:47.778+0000] {logging_mixin.py:188} INFO - [2026-07-14T05:33:47.777+0000] {dagbag.py:545} INFO - Filling up the DagBag from /opt/airflow/dags/crypto_pipeline_dag.py
[2026-07-14T05:33:47.787+0000] {processor.py:840} INFO - DAG(s) 'crypto_daily_pipeline' retrieved from /opt/airflow/dags/crypto_pipeline_dag.py
[2026-07-14T05:33:47.806+0000] {logging_mixin.py:188} INFO - [2026-07-14T05:33:47.805+0000] {dag.py:3089} INFO - Sync 1 DAGs
[2026-07-14T05:33:47.816+0000] {logging_mixin.py:188} INFO - [2026-07-14T05:33:47.815+0000] {dag.py:3947} INFO - Setting next_dagrun for crypto_daily_pipeline to 2026-07-14 00:00:00+00:00, run_after=2026-07-15 00:00:00+00:00
[2026-07-14T05:33:47.822+0000] {processor.py:183} INFO - Processing /opt/airflow/dags/crypto_pipeline_dag.py took 0.052 seconds
[2026-07-14T05:34:17.965+0000] {processor.py:161} INFO - Started process (PID=3737) to work on /opt/airflow/dags/crypto_pipeline_dag.py
[2026-07-14T05:34:17.966+0000] {processor.py:830} INFO - Processing file /opt/airflow/dags/crypto_pipeline_dag.py for tasks to queue
[2026-07-14T05:34:17.968+0000] {logging_mixin.py:188} INFO - [2026-07-14T05:34:17.968+0000] {dagbag.py:545} INFO - Filling up the DagBag from /opt/airflow/dags/crypto_pipeline_dag.py
[2026-07-14T05:34:17.977+0000] {processor.py:840} INFO - DAG(s) 'crypto_daily_pipeline' retrieved from /opt/airflow/dags/crypto_pipeline_dag.py
[2026-07-14T05:34:17.996+0000] {logging_mixin.py:188} INFO - [2026-07-14T05:34:17.996+0000] {dag.py:3089} INFO - Sync 1 DAGs
[2026-07-14T05:34:18.007+0000] {logging_mixin.py:188} INFO - [2026-07-14T05:34:18.007+0000] {dag.py:3947} INFO - Setting next_dagrun for crypto_daily_pipeline to 2026-07-14 00:00:00+00:00, run_after=2026-07-15 00:00:00+00:00
[2026-07-14T05:34:18.014+0000] {processor.py:183} INFO - Processing /opt/airflow/dags/crypto_pipeline_dag.py took 0.054 seconds
[2026-07-14T05:34:48.241+0000] {processor.py:161} INFO - Started process (PID=3742) to work on /opt/airflow/dags/crypto_pipeline_dag.py
[2026-07-14T05:34:48.244+0000] {processor.py:830} INFO - Processing file /opt/airflow/dags/crypto_pipeline_dag.py for tasks to queue
[2026-07-14T05:34:48.247+0000] {logging_mixin.py:188} INFO - [2026-07-14T05:34:48.246+0000] {dagbag.py:545} INFO - Filling up the DagBag from /opt/airflow/dags/crypto_pipeline_dag.py
[2026-07-14T05:34:48.264+0000] {processor.py:840} INFO - DAG(s) 'crypto_daily_pipeline' retrieved from /opt/airflow/dags/crypto_pipeline_dag.py
[2026-07-14T05:34:48.289+0000] {logging_mixin.py:188} INFO - [2026-07-14T05:34:48.288+0000] {dag.py:3089} INFO - Sync 1 DAGs
[2026-07-14T05:34:48.304+0000] {logging_mixin.py:188} INFO - [2026-07-14T05:34:48.303+0000] {dag.py:3947} INFO - Setting next_dagrun for crypto_daily_pipeline to 2026-07-14 00:00:00+00:00, run_after=2026-07-15 00:00:00+00:00
[2026-07-14T05:34:48.311+0000] {processor.py:183} INFO - Processing /opt/airflow/dags/crypto_pipeline_dag.py took 0.081 seconds
[2026-07-14T05:35:18.424+0000] {processor.py:161} INFO - Started process (PID=3747) to work on /opt/airflow/dags/crypto_pipeline_dag.py
[2026-07-14T05:35:18.425+0000] {processor.py:830} INFO - Processing file /opt/airflow/dags/crypto_pipeline_dag.py for tasks to queue
[2026-07-14T05:35:18.426+0000] {logging_mixin.py:188} INFO - [2026-07-14T05:35:18.426+0000] {dagbag.py:545} INFO - Filling up the DagBag from /opt/airflow/dags/crypto_pipeline_dag.py
[2026-07-14T05:35:18.432+0000] {processor.py:840} INFO - DAG(s) 'crypto_daily_pipeline' retrieved from /opt/airflow/dags/crypto_pipeline_dag.py
[2026-07-14T05:35:18.447+0000] {logging_mixin.py:188} INFO - [2026-07-14T05:35:18.447+0000] {dag.py:3089} INFO - Sync 1 DAGs
[2026-07-14T05:35:18.456+0000] {logging_mixin.py:188} INFO - [2026-07-14T05:35:18.456+0000] {dag.py:3947} INFO - Setting next_dagrun for crypto_daily_pipeline to 2026-07-14 00:00:00+00:00, run_after=2026-07-15 00:00:00+00:00
[2026-07-14T05:35:18.463+0000] {processor.py:183} INFO - Processing /opt/airflow/dags/crypto_pipeline_dag.py took 0.043 seconds
[2026-07-14T05:35:48.647+0000] {processor.py:161} INFO - Started process (PID=3752) to work on /opt/airflow/dags/crypto_pipeline_dag.py
[2026-07-14T05:35:48.648+0000] {processor.py:830} INFO - Processing file /opt/airflow/dags/crypto_pipeline_dag.py for tasks to queue
[2026-07-14T05:35:48.649+0000] {logging_mixin.py:188} INFO - [2026-07-14T05:35:48.648+0000] {dagbag.py:545} INFO - Filling up the DagBag from /opt/airflow/dags/crypto_pipeline_dag.py
[2026-07-14T05:35:48.654+0000] {processor.py:840} INFO - DAG(s) 'crypto_daily_pipeline' retrieved from /opt/airflow/dags/crypto_pipeline_dag.py
[2026-07-14T05:35:48.667+0000] {logging_mixin.py:188} INFO - [2026-07-14T05:35:48.667+0000] {dag.py:3089} INFO - Sync 1 DAGs
[2026-07-14T05:35:48.675+0000] {logging_mixin.py:188} INFO - [2026-07-14T05:35:48.675+0000] {dag.py:3947} INFO - Setting next_dagrun for crypto_daily_pipeline to 2026-07-14 00:00:00+00:00, run_after=2026-07-15 00:00:00+00:00
[2026-07-14T05:35:48.682+0000] {processor.py:183} INFO - Processing /opt/airflow/dags/crypto_pipeline_dag.py took 0.039 seconds
[2026-07-14T05:36:18.839+0000] {processor.py:161} INFO - Started process (PID=3757) to work on /opt/airflow/dags/crypto_pipeline_dag.py
[2026-07-14T05:36:18.840+0000] {processor.py:830} INFO - Processing file /opt/airflow/dags/crypto_pipeline_dag.py for tasks to queue
[2026-07-14T05:36:18.841+0000] {logging_mixin.py:188} INFO - [2026-07-14T05:36:18.841+0000] {dagbag.py:545} INFO - Filling up the DagBag from /opt/airflow/dags/crypto_pipeline_dag.py
[2026-07-14T05:36:18.847+0000] {processor.py:840} INFO - DAG(s) 'crypto_daily_pipeline' retrieved from /opt/airflow/dags/crypto_pipeline_dag.py
[2026-07-14T05:36:18.860+0000] {logging_mixin.py:188} INFO - [2026-07-14T05:36:18.860+0000] {dag.py:3089} INFO - Sync 1 DAGs
[2026-07-14T05:36:18.868+0000] {logging_mixin.py:188} INFO - [2026-07-14T05:36:18.868+0000] {dag.py:3947} INFO - Setting next_dagrun for crypto_daily_pipeline to 2026-07-14 00:00:00+00:00, run_after=2026-07-15 00:00:00+00:00
[2026-07-14T05:36:18.873+0000] {processor.py:183} INFO - Processing /opt/airflow/dags/crypto_pipeline_dag.py took 0.039 seconds
[2026-07-14T05:36:49.006+0000] {processor.py:161} INFO - Started process (PID=3762) to work on /opt/airflow/dags/crypto_pipeline_dag.py
[2026-07-14T05:36:49.006+0000] {processor.py:830} INFO - Processing file /opt/airflow/dags/crypto_pipeline_dag.py for tasks to queue
[2026-07-14T05:36:49.008+0000] {logging_mixin.py:188} INFO - [2026-07-14T05:36:49.007+0000] {dagbag.py:545} INFO - Filling up the DagBag from /opt/airflow/dags/crypto_pipeline_dag.py
[2026-07-14T05:36:49.016+0000] {processor.py:840} INFO - DAG(s) 'crypto_daily_pipeline' retrieved from /opt/airflow/dags/crypto_pipeline_dag.py
[2026-07-14T05:36:49.032+0000] {logging_mixin.py:188} INFO - [2026-07-14T05:36:49.032+0000] {dag.py:3089} INFO - Sync 1 DAGs
[2026-07-14T05:36:49.042+0000] {logging_mixin.py:188} INFO - [2026-07-14T05:36:49.042+0000] {dag.py:3947} INFO - Setting next_dagrun for crypto_daily_pipeline to 2026-07-14 00:00:00+00:00, run_after=2026-07-15 00:00:00+00:00
[2026-07-14T05:36:49.049+0000] {processor.py:183} INFO - Processing /opt/airflow/dags/crypto_pipeline_dag.py took 0.046 seconds
[2026-07-14T05:37:19.192+0000] {processor.py:161} INFO - Started process (PID=3767) to work on /opt/airflow/dags/crypto_pipeline_dag.py
[2026-07-14T05:37:19.192+0000] {processor.py:830} INFO - Processing file /opt/airflow/dags/crypto_pipeline_dag.py for tasks to queue
[2026-07-14T05:37:19.194+0000] {logging_mixin.py:188} INFO - [2026-07-14T05:37:19.194+0000] {dagbag.py:545} INFO - Filling up the DagBag from /opt/airflow/dags/crypto_pipeline_dag.py
[2026-07-14T05:37:19.199+0000] {processor.py:840} INFO - DAG(s) 'crypto_daily_pipeline' retrieved from /opt/airflow/dags/crypto_pipeline_dag.py
[2026-07-14T05:37:19.210+0000] {logging_mixin.py:188} INFO - [2026-07-14T05:37:19.210+0000] {dag.py:3089} INFO - Sync 1 DAGs
[2026-07-14T05:37:19.217+0000] {logging_mixin.py:188} INFO - [2026-07-14T05:37:19.217+0000] {dag.py:3947} INFO - Setting next_dagrun for crypto_daily_pipeline to 2026-07-14 00:00:00+00:00, run_after=2026-07-15 00:00:00+00:00
[2026-07-14T05:37:19.223+0000] {processor.py:183} INFO - Processing /opt/airflow/dags/crypto_pipeline_dag.py took 0.035 seconds
[2026-07-14T05:37:49.400+0000] {processor.py:161} INFO - Started process (PID=3772) to work on /opt/airflow/dags/crypto_pipeline_dag.py
[2026-07-14T05:37:49.403+0000] {processor.py:830} INFO - Processing file /opt/airflow/dags/crypto_pipeline_dag.py for tasks to queue
[2026-07-14T05:37:49.404+0000] {logging_mixin.py:188} INFO - [2026-07-14T05:37:49.404+0000] {dagbag.py:545} INFO - Filling up the DagBag from /opt/airflow/dags/crypto_pipeline_dag.py
[2026-07-14T05:37:49.409+0000] {processor.py:840} INFO - DAG(s) 'crypto_daily_pipeline' retrieved from /opt/airflow/dags/crypto_pipeline_dag.py
[2026-07-14T05:37:49.420+0000] {logging_mixin.py:188} INFO - [2026-07-14T05:37:49.420+0000] {dag.py:3089} INFO - Sync 1 DAGs
[2026-07-14T05:37:49.427+0000] {logging_mixin.py:188} INFO - [2026-07-14T05:37:49.427+0000] {dag.py:3947} INFO - Setting next_dagrun for crypto_daily_pipeline to 2026-07-14 00:00:00+00:00, run_after=2026-07-15 00:00:00+00:00
[2026-07-14T05:37:49.433+0000] {processor.py:183} INFO - Processing /opt/airflow/dags/crypto_pipeline_dag.py took 0.037 seconds
[2026-07-14T05:38:19.587+0000] {processor.py:161} INFO - Started process (PID=3777) to work on /opt/airflow/dags/crypto_pipeline_dag.py
[2026-07-14T05:38:19.587+0000] {processor.py:830} INFO - Processing file /opt/airflow/dags/crypto_pipeline_dag.py for tasks to queue
[2026-07-14T05:38:19.589+0000] {logging_mixin.py:188} INFO - [2026-07-14T05:38:19.589+0000] {dagbag.py:545} INFO - Filling up the DagBag from /opt/airflow/dags/crypto_pipeline_dag.py
[2026-07-14T05:38:19.595+0000] {processor.py:840} INFO - DAG(s) 'crypto_daily_pipeline' retrieved from /opt/airflow/dags/crypto_pipeline_dag.py
[2026-07-14T05:38:19.607+0000] {logging_mixin.py:188} INFO - [2026-07-14T05:38:19.607+0000] {dag.py:3089} INFO - Sync 1 DAGs
[2026-07-14T05:38:19.615+0000] {logging_mixin.py:188} INFO - [2026-07-14T05:38:19.615+0000] {dag.py:3947} INFO - Setting next_dagrun for crypto_daily_pipeline to 2026-07-14 00:00:00+00:00, run_after=2026-07-15 00:00:00+00:00
[2026-07-14T05:38:19.621+0000] {processor.py:183} INFO - Processing /opt/airflow/dags/crypto_pipeline_dag.py took 0.039 seconds
[2026-07-14T05:38:49.772+0000] {processor.py:161} INFO - Started process (PID=3782) to work on /opt/airflow/dags/crypto_pipeline_dag.py
[2026-07-14T05:38:49.772+0000] {processor.py:830} INFO - Processing file /opt/airflow/dags/crypto_pipeline_dag.py for tasks to queue
[2026-07-14T05:38:49.773+0000] {logging_mixin.py:188} INFO - [2026-07-14T05:38:49.773+0000] {dagbag.py:545} INFO - Filling up the DagBag from /opt/airflow/dags/crypto_pipeline_dag.py
[2026-07-14T05:38:49.778+0000] {processor.py:840} INFO - DAG(s) 'crypto_daily_pipeline' retrieved from /opt/airflow/dags/crypto_pipeline_dag.py
[2026-07-14T05:38:49.789+0000] {logging_mixin.py:188} INFO - [2026-07-14T05:38:49.789+0000] {dag.py:3089} INFO - Sync 1 DAGs
[2026-07-14T05:38:49.796+0000] {logging_mixin.py:188} INFO - [2026-07-14T05:38:49.796+0000] {dag.py:3947} INFO - Setting next_dagrun for crypto_daily_pipeline to 2026-07-14 00:00:00+00:00, run_after=2026-07-15 00:00:00+00:00
[2026-07-14T05:38:49.803+0000] {processor.py:183} INFO - Processing /opt/airflow/dags/crypto_pipeline_dag.py took 0.035 seconds
[2026-07-14T05:39:19.966+0000] {processor.py:161} INFO - Started process (PID=3787) to work on /opt/airflow/dags/crypto_pipeline_dag.py
[2026-07-14T05:39:19.967+0000] {processor.py:830} INFO - Processing file /opt/airflow/dags/crypto_pipeline_dag.py for tasks to queue
[2026-07-14T05:39:19.968+0000] {logging_mixin.py:188} INFO - [2026-07-14T05:39:19.968+0000] {dagbag.py:545} INFO - Filling up the DagBag from /opt/airflow/dags/crypto_pipeline_dag.py
[2026-07-14T05:39:19.973+0000] {processor.py:840} INFO - DAG(s) 'crypto_daily_pipeline' retrieved from /opt/airflow/dags/crypto_pipeline_dag.py
[2026-07-14T05:39:19.984+0000] {logging_mixin.py:188} INFO - [2026-07-14T05:39:19.984+0000] {dag.py:3089} INFO - Sync 1 DAGs
[2026-07-14T05:39:19.991+0000] {logging_mixin.py:188} INFO - [2026-07-14T05:39:19.991+0000] {dag.py:3947} INFO - Setting next_dagrun for crypto_daily_pipeline to 2026-07-14 00:00:00+00:00, run_after=2026-07-15 00:00:00+00:00
[2026-07-14T05:39:19.997+0000] {processor.py:183} INFO - Processing /opt/airflow/dags/crypto_pipeline_dag.py took 0.034 seconds
[2026-07-14T05:39:50.152+0000] {processor.py:161} INFO - Started process (PID=3792) to work on /opt/airflow/dags/crypto_pipeline_dag.py
[2026-07-14T05:39:50.153+0000] {processor.py:830} INFO - Processing file /opt/airflow/dags/crypto_pipeline_dag.py for tasks to queue
[2026-07-14T05:39:50.154+0000] {logging_mixin.py:188} INFO - [2026-07-14T05:39:50.154+0000] {dagbag.py:545} INFO - Filling up the DagBag from /opt/airflow/dags/crypto_pipeline_dag.py
[2026-07-14T05:39:50.159+0000] {processor.py:840} INFO - DAG(s) 'crypto_daily_pipeline' retrieved from /opt/airflow/dags/crypto_pipeline_dag.py
[2026-07-14T05:39:50.171+0000] {logging_mixin.py:188} INFO - [2026-07-14T05:39:50.170+0000] {dag.py:3089} INFO - Sync 1 DAGs
[2026-07-14T05:39:50.177+0000] {logging_mixin.py:188} INFO - [2026-07-14T05:39:50.177+0000] {dag.py:3947} INFO - Setting next_dagrun for crypto_daily_pipeline to 2026-07-14 00:00:00+00:00, run_after=2026-07-15 00:00:00+00:00
[2026-07-14T05:39:50.183+0000] {processor.py:183} INFO - Processing /opt/airflow/dags/crypto_pipeline_dag.py took 0.034 seconds
[2026-07-14T05:40:20.370+0000] {processor.py:161} INFO - Started process (PID=3797) to work on /opt/airflow/dags/crypto_pipeline_dag.py
[2026-07-14T05:40:20.372+0000] {processor.py:830} INFO - Processing file /opt/airflow/dags/crypto_pipeline_dag.py for tasks to queue
[2026-07-14T05:40:20.376+0000] {logging_mixin.py:188} INFO - [2026-07-14T05:40:20.375+0000] {dagbag.py:545} INFO - Filling up the DagBag from /opt/airflow/dags/crypto_pipeline_dag.py
[2026-07-14T05:40:20.395+0000] {processor.py:840} INFO - DAG(s) 'crypto_daily_pipeline' retrieved from /opt/airflow/dags/crypto_pipeline_dag.py
[2026-07-14T05:40:20.426+0000] {logging_mixin.py:188} INFO - [2026-07-14T05:40:20.426+0000] {dag.py:3089} INFO - Sync 1 DAGs
[2026-07-14T05:40:20.440+0000] {logging_mixin.py:188} INFO - [2026-07-14T05:40:20.440+0000] {dag.py:3947} INFO - Setting next_dagrun for crypto_daily_pipeline to 2026-07-14 00:00:00+00:00, run_after=2026-07-15 00:00:00+00:00
[2026-07-14T05:40:20.449+0000] {processor.py:183} INFO - Processing /opt/airflow/dags/crypto_pipeline_dag.py took 0.088 seconds
[2026-07-14T05:40:50.544+0000] {processor.py:161} INFO - Started process (PID=3802) to work on /opt/airflow/dags/crypto_pipeline_dag.py
[2026-07-14T05:40:50.545+0000] {processor.py:830} INFO - Processing file /opt/airflow/dags/crypto_pipeline_dag.py for tasks to queue
[2026-07-14T05:40:50.547+0000] {logging_mixin.py:188} INFO - [2026-07-14T05:40:50.547+0000] {dagbag.py:545} INFO - Filling up the DagBag from /opt/airflow/dags/crypto_pipeline_dag.py
[2026-07-14T05:40:50.556+0000] {processor.py:840} INFO - DAG(s) 'crypto_daily_pipeline' retrieved from /opt/airflow/dags/crypto_pipeline_dag.py
[2026-07-14T05:40:50.574+0000] {logging_mixin.py:188} INFO - [2026-07-14T05:40:50.574+0000] {dag.py:3089} INFO - Sync 1 DAGs
[2026-07-14T05:40:50.586+0000] {logging_mixin.py:188} INFO - [2026-07-14T05:40:50.586+0000] {dag.py:3947} INFO - Setting next_dagrun for crypto_daily_pipeline to 2026-07-14 00:00:00+00:00, run_after=2026-07-15 00:00:00+00:00
[2026-07-14T05:40:50.592+0000] {processor.py:183} INFO - Processing /opt/airflow/dags/crypto_pipeline_dag.py took 0.056 seconds
[2026-07-14T05:41:20.790+0000] {processor.py:161} INFO - Started process (PID=3807) to work on /opt/airflow/dags/crypto_pipeline_dag.py
[2026-07-14T05:41:20.791+0000] {processor.py:830} INFO - Processing file /opt/airflow/dags/crypto_pipeline_dag.py for tasks to queue
[2026-07-14T05:41:20.793+0000] {logging_mixin.py:188} INFO - [2026-07-14T05:41:20.793+0000] {dagbag.py:545} INFO - Filling up the DagBag from /opt/airflow/dags/crypto_pipeline_dag.py
[2026-07-14T05:41:20.803+0000] {processor.py:840} INFO - DAG(s) 'crypto_daily_pipeline' retrieved from /opt/airflow/dags/crypto_pipeline_dag.py
[2026-07-14T05:41:20.823+0000] {logging_mixin.py:188} INFO - [2026-07-14T05:41:20.823+0000] {dag.py:3089} INFO - Sync 1 DAGs
[2026-07-14T05:41:20.833+0000] {logging_mixin.py:188} INFO - [2026-07-14T05:41:20.833+0000] {dag.py:3947} INFO - Setting next_dagrun for crypto_daily_pipeline to 2026-07-14 00:00:00+00:00, run_after=2026-07-15 00:00:00+00:00
[2026-07-14T05:41:20.839+0000] {processor.py:183} INFO - Processing /opt/airflow/dags/crypto_pipeline_dag.py took 0.055 seconds
[2026-07-14T05:41:50.998+0000] {processor.py:161} INFO - Started process (PID=3812) to work on /opt/airflow/dags/crypto_pipeline_dag.py
[2026-07-14T05:41:50.999+0000] {processor.py:830} INFO - Processing file /opt/airflow/dags/crypto_pipeline_dag.py for tasks to queue
[2026-07-14T05:41:51.001+0000] {logging_mixin.py:188} INFO - [2026-07-14T05:41:51.001+0000] {dagbag.py:545} INFO - Filling up the DagBag from /opt/airflow/dags/crypto_pipeline_dag.py
[2026-07-14T05:41:51.013+0000] {processor.py:840} INFO - DAG(s) 'crypto_daily_pipeline' retrieved from /opt/airflow/dags/crypto_pipeline_dag.py
[2026-07-14T05:41:51.032+0000] {logging_mixin.py:188} INFO - [2026-07-14T05:41:51.032+0000] {dag.py:3089} INFO - Sync 1 DAGs
[2026-07-14T05:41:51.043+0000] {logging_mixin.py:188} INFO - [2026-07-14T05:41:51.043+0000] {dag.py:3947} INFO - Setting next_dagrun for crypto_daily_pipeline to 2026-07-14 00:00:00+00:00, run_after=2026-07-15 00:00:00+00:00
[2026-07-14T05:41:51.049+0000] {processor.py:183} INFO - Processing /opt/airflow/dags/crypto_pipeline_dag.py took 0.059 seconds
[2026-07-14T05:42:21.182+0000] {processor.py:161} INFO - Started process (PID=3817) to work on /opt/airflow/dags/crypto_pipeline_dag.py
[2026-07-14T05:42:21.183+0000] {processor.py:830} INFO - Processing file /opt/airflow/dags/crypto_pipeline_dag.py for tasks to queue
[2026-07-14T05:42:21.185+0000] {logging_mixin.py:188} INFO - [2026-07-14T05:42:21.184+0000] {dagbag.py:545} INFO - Filling up the DagBag from /opt/airflow/dags/crypto_pipeline_dag.py
[2026-07-14T05:42:21.195+0000] {processor.py:840} INFO - DAG(s) 'crypto_daily_pipeline' retrieved from /opt/airflow/dags/crypto_pipeline_dag.py
[2026-07-14T05:42:21.213+0000] {logging_mixin.py:188} INFO - [2026-07-14T05:42:21.213+0000] {dag.py:3089} INFO - Sync 1 DAGs
[2026-07-14T05:42:21.223+0000] {logging_mixin.py:188} INFO - [2026-07-14T05:42:21.223+0000] {dag.py:3947} INFO - Setting next_dagrun for crypto_daily_pipeline to 2026-07-14 00:00:00+00:00, run_after=2026-07-15 00:00:00+00:00
[2026-07-14T05:42:21.230+0000] {processor.py:183} INFO - Processing /opt/airflow/dags/crypto_pipeline_dag.py took 0.054 seconds
[2026-07-14T05:42:51.414+0000] {processor.py:161} INFO - Started process (PID=3822) to work on /opt/airflow/dags/crypto_pipeline_dag.py
[2026-07-14T05:42:51.415+0000] {processor.py:830} INFO - Processing file /opt/airflow/dags/crypto_pipeline_dag.py for tasks to queue
[2026-07-14T05:42:51.417+0000] {logging_mixin.py:188} INFO - [2026-07-14T05:42:51.416+0000] {dagbag.py:545} INFO - Filling up the DagBag from /opt/airflow/dags/crypto_pipeline_dag.py
[2026-07-14T05:42:51.425+0000] {processor.py:840} INFO - DAG(s) 'crypto_daily_pipeline' retrieved from /opt/airflow/dags/crypto_pipeline_dag.py
[2026-07-14T05:42:51.441+0000] {logging_mixin.py:188} INFO - [2026-07-14T05:42:51.441+0000] {dag.py:3089} INFO - Sync 1 DAGs
[2026-07-14T05:42:51.449+0000] {logging_mixin.py:188} INFO - [2026-07-14T05:42:51.449+0000] {dag.py:3947} INFO - Setting next_dagrun for crypto_daily_pipeline to 2026-07-14 00:00:00+00:00, run_after=2026-07-15 00:00:00+00:00
[2026-07-14T05:42:51.455+0000] {processor.py:183} INFO - Processing /opt/airflow/dags/crypto_pipeline_dag.py took 0.046 seconds
[2026-07-14T05:43:21.613+0000] {processor.py:161} INFO - Started process (PID=3827) to work on /opt/airflow/dags/crypto_pipeline_dag.py
[2026-07-14T05:43:21.614+0000] {processor.py:830} INFO - Processing file /opt/airflow/dags/crypto_pipeline_dag.py for tasks to queue
[2026-07-14T05:43:21.615+0000] {logging_mixin.py:188} INFO - [2026-07-14T05:43:21.615+0000] {dagbag.py:545} INFO - Filling up the DagBag from /opt/airflow/dags/crypto_pipeline_dag.py
[2026-07-14T05:43:21.625+0000] {processor.py:840} INFO - DAG(s) 'crypto_daily_pipeline' retrieved from /opt/airflow/dags/crypto_pipeline_dag.py
[2026-07-14T05:43:21.646+0000] {logging_mixin.py:188} INFO - [2026-07-14T05:43:21.646+0000] {dag.py:3089} INFO - Sync 1 DAGs
[2026-07-14T05:43:21.657+0000] {logging_mixin.py:188} INFO - [2026-07-14T05:43:21.656+0000] {dag.py:3947} INFO - Setting next_dagrun for crypto_daily_pipeline to 2026-07-14 00:00:00+00:00, run_after=2026-07-15 00:00:00+00:00
[2026-07-14T05:43:21.663+0000] {processor.py:183} INFO - Processing /opt/airflow/dags/crypto_pipeline_dag.py took 0.055 seconds
[2026-07-14T05:43:51.825+0000] {processor.py:161} INFO - Started process (PID=3832) to work on /opt/airflow/dags/crypto_pipeline_dag.py
[2026-07-14T05:43:51.826+0000] {processor.py:830} INFO - Processing file /opt/airflow/dags/crypto_pipeline_dag.py for tasks to queue
[2026-07-14T05:43:51.827+0000] {logging_mixin.py:188} INFO - [2026-07-14T05:43:51.827+0000] {dagbag.py:545} INFO - Filling up the DagBag from /opt/airflow/dags/crypto_pipeline_dag.py
[2026-07-14T05:43:51.836+0000] {processor.py:840} INFO - DAG(s) 'crypto_daily_pipeline' retrieved from /opt/airflow/dags/crypto_pipeline_dag.py
[2026-07-14T05:43:51.853+0000] {logging_mixin.py:188} INFO - [2026-07-14T05:43:51.853+0000] {dag.py:3089} INFO - Sync 1 DAGs
[2026-07-14T05:43:51.862+0000] {logging_mixin.py:188} INFO - [2026-07-14T05:43:51.862+0000] {dag.py:3947} INFO - Setting next_dagrun for crypto_daily_pipeline to 2026-07-14 00:00:00+00:00, run_after=2026-07-15 00:00:00+00:00
[2026-07-14T05:43:51.867+0000] {processor.py:183} INFO - Processing /opt/airflow/dags/crypto_pipeline_dag.py took 0.049 seconds
[2026-07-14T05:44:22.033+0000] {processor.py:161} INFO - Started process (PID=3837) to work on /opt/airflow/dags/crypto_pipeline_dag.py
[2026-07-14T05:44:22.034+0000] {processor.py:830} INFO - Processing file /opt/airflow/dags/crypto_pipeline_dag.py for tasks to queue
[2026-07-14T05:44:22.036+0000] {logging_mixin.py:188} INFO - [2026-07-14T05:44:22.035+0000] {dagbag.py:545} INFO - Filling up the DagBag from /opt/airflow/dags/crypto_pipeline_dag.py
[2026-07-14T05:44:22.045+0000] {processor.py:840} INFO - DAG(s) 'crypto_daily_pipeline' retrieved from /opt/airflow/dags/crypto_pipeline_dag.py
[2026-07-14T05:44:22.062+0000] {logging_mixin.py:188} INFO - [2026-07-14T05:44:22.061+0000] {dag.py:3089} INFO - Sync 1 DAGs
[2026-07-14T05:44:22.070+0000] {logging_mixin.py:188} INFO - [2026-07-14T05:44:22.070+0000] {dag.py:3947} INFO - Setting next_dagrun for crypto_daily_pipeline to 2026-07-14 00:00:00+00:00, run_after=2026-07-15 00:00:00+00:00
[2026-07-14T05:44:22.076+0000] {processor.py:183} INFO - Processing /opt/airflow/dags/crypto_pipeline_dag.py took 0.048 seconds
[2026-07-14T05:44:52.231+0000] {processor.py:161} INFO - Started process (PID=3842) to work on /opt/airflow/dags/crypto_pipeline_dag.py
[2026-07-14T05:44:52.232+0000] {processor.py:830} INFO - Processing file /opt/airflow/dags/crypto_pipeline_dag.py for tasks to queue
[2026-07-14T05:44:52.234+0000] {logging_mixin.py:188} INFO - [2026-07-14T05:44:52.234+0000] {dagbag.py:545} INFO - Filling up the DagBag from /opt/airflow/dags/crypto_pipeline_dag.py
[2026-07-14T05:44:52.243+0000] {processor.py:840} INFO - DAG(s) 'crypto_daily_pipeline' retrieved from /opt/airflow/dags/crypto_pipeline_dag.py
[2026-07-14T05:44:52.262+0000] {logging_mixin.py:188} INFO - [2026-07-14T05:44:52.262+0000] {dag.py:3089} INFO - Sync 1 DAGs
[2026-07-14T05:44:52.272+0000] {logging_mixin.py:188} INFO - [2026-07-14T05:44:52.272+0000] {dag.py:3947} INFO - Setting next_dagrun for crypto_daily_pipeline to 2026-07-14 00:00:00+00:00, run_after=2026-07-15 00:00:00+00:00
[2026-07-14T05:44:52.278+0000] {processor.py:183} INFO - Processing /opt/airflow/dags/crypto_pipeline_dag.py took 0.052 seconds
[2026-07-14T05:45:22.416+0000] {processor.py:161} INFO - Started process (PID=3847) to work on /opt/airflow/dags/crypto_pipeline_dag.py
[2026-07-14T05:45:22.418+0000] {processor.py:830} INFO - Processing file /opt/airflow/dags/crypto_pipeline_dag.py for tasks to queue
[2026-07-14T05:45:22.419+0000] {logging_mixin.py:188} INFO - [2026-07-14T05:45:22.419+0000] {dagbag.py:545} INFO - Filling up the DagBag from /opt/airflow/dags/crypto_pipeline_dag.py
[2026-07-14T05:45:22.428+0000] {processor.py:840} INFO - DAG(s) 'crypto_daily_pipeline' retrieved from /opt/airflow/dags/crypto_pipeline_dag.py
[2026-07-14T05:45:22.446+0000] {logging_mixin.py:188} INFO - [2026-07-14T05:45:22.446+0000] {dag.py:3089} INFO - Sync 1 DAGs
[2026-07-14T05:45:22.458+0000] {logging_mixin.py:188} INFO - [2026-07-14T05:45:22.458+0000] {dag.py:3947} INFO - Setting next_dagrun for crypto_daily_pipeline to 2026-07-14 00:00:00+00:00, run_after=2026-07-15 00:00:00+00:00
[2026-07-14T05:45:22.464+0000] {processor.py:183} INFO - Processing /opt/airflow/dags/crypto_pipeline_dag.py took 0.054 seconds
[2026-07-14T05:45:52.627+0000] {processor.py:161} INFO - Started process (PID=3852) to work on /opt/airflow/dags/crypto_pipeline_dag.py
[2026-07-14T05:45:52.628+0000] {processor.py:830} INFO - Processing file /opt/airflow/dags/crypto_pipeline_dag.py for tasks to queue
[2026-07-14T05:45:52.629+0000] {logging_mixin.py:188} INFO - [2026-07-14T05:45:52.629+0000] {dagbag.py:545} INFO - Filling up the DagBag from /opt/airflow/dags/crypto_pipeline_dag.py
[2026-07-14T05:45:52.639+0000] {processor.py:840} INFO - DAG(s) 'crypto_daily_pipeline' retrieved from /opt/airflow/dags/crypto_pipeline_dag.py
[2026-07-14T05:45:52.657+0000] {logging_mixin.py:188} INFO - [2026-07-14T05:45:52.657+0000] {dag.py:3089} INFO - Sync 1 DAGs
[2026-07-14T05:45:52.667+0000] {logging_mixin.py:188} INFO - [2026-07-14T05:45:52.667+0000] {dag.py:3947} INFO - Setting next_dagrun for crypto_daily_pipeline to 2026-07-14 00:00:00+00:00, run_after=2026-07-15 00:00:00+00:00
[2026-07-14T05:45:52.673+0000] {processor.py:183} INFO - Processing /opt/airflow/dags/crypto_pipeline_dag.py took 0.052 seconds
[2026-07-14T05:46:22.865+0000] {processor.py:161} INFO - Started process (PID=3857) to work on /opt/airflow/dags/crypto_pipeline_dag.py
[2026-07-14T05:46:22.867+0000] {processor.py:830} INFO - Processing file /opt/airflow/dags/crypto_pipeline_dag.py for tasks to queue
[2026-07-14T05:46:22.871+0000] {logging_mixin.py:188} INFO - [2026-07-14T05:46:22.870+0000] {dagbag.py:545} INFO - Filling up the DagBag from /opt/airflow/dags/crypto_pipeline_dag.py
[2026-07-14T05:46:22.882+0000] {processor.py:840} INFO - DAG(s) 'crypto_daily_pipeline' retrieved from /opt/airflow/dags/crypto_pipeline_dag.py
[2026-07-14T05:46:22.905+0000] {logging_mixin.py:188} INFO - [2026-07-14T05:46:22.904+0000] {dag.py:3089} INFO - Sync 1 DAGs
[2026-07-14T05:46:22.916+0000] {logging_mixin.py:188} INFO - [2026-07-14T05:46:22.915+0000] {dag.py:3947} INFO - Setting next_dagrun for crypto_daily_pipeline to 2026-07-14 00:00:00+00:00, run_after=2026-07-15 00:00:00+00:00
[2026-07-14T05:46:22.922+0000] {processor.py:183} INFO - Processing /opt/airflow/dags/crypto_pipeline_dag.py took 0.067 seconds
[2026-07-14T05:46:53.031+0000] {processor.py:161} INFO - Started process (PID=3862) to work on /opt/airflow/dags/crypto_pipeline_dag.py
[2026-07-14T05:46:53.031+0000] {processor.py:830} INFO - Processing file /opt/airflow/dags/crypto_pipeline_dag.py for tasks to queue
[2026-07-14T05:46:53.032+0000] {logging_mixin.py:188} INFO - [2026-07-14T05:46:53.032+0000] {dagbag.py:545} INFO - Filling up the DagBag from /opt/airflow/dags/crypto_pipeline_dag.py
[2026-07-14T05:46:53.038+0000] {processor.py:840} INFO - DAG(s) 'crypto_daily_pipeline' retrieved from /opt/airflow/dags/crypto_pipeline_dag.py
[2026-07-14T05:46:53.051+0000] {logging_mixin.py:188} INFO - [2026-07-14T05:46:53.051+0000] {dag.py:3089} INFO - Sync 1 DAGs
[2026-07-14T05:46:53.059+0000] {logging_mixin.py:188} INFO - [2026-07-14T05:46:53.059+0000] {dag.py:3947} INFO - Setting next_dagrun for crypto_daily_pipeline to 2026-07-14 00:00:00+00:00, run_after=2026-07-15 00:00:00+00:00
[2026-07-14T05:46:53.065+0000] {processor.py:183} INFO - Processing /opt/airflow/dags/crypto_pipeline_dag.py took 0.038 seconds
[2026-07-14T05:47:23.252+0000] {processor.py:161} INFO - Started process (PID=3867) to work on /opt/airflow/dags/crypto_pipeline_dag.py
[2026-07-14T05:47:23.253+0000] {processor.py:830} INFO - Processing file /opt/airflow/dags/crypto_pipeline_dag.py for tasks to queue
[2026-07-14T05:47:23.254+0000] {logging_mixin.py:188} INFO - [2026-07-14T05:47:23.253+0000] {dagbag.py:545} INFO - Filling up the DagBag from /opt/airflow/dags/crypto_pipeline_dag.py
[2026-07-14T05:47:23.258+0000] {processor.py:840} INFO - DAG(s) 'crypto_daily_pipeline' retrieved from /opt/airflow/dags/crypto_pipeline_dag.py
[2026-07-14T05:47:23.270+0000] {logging_mixin.py:188} INFO - [2026-07-14T05:47:23.270+0000] {dag.py:3089} INFO - Sync 1 DAGs
[2026-07-14T05:47:23.281+0000] {logging_mixin.py:188} INFO - [2026-07-14T05:47:23.281+0000] {dag.py:3947} INFO - Setting next_dagrun for crypto_daily_pipeline to 2026-07-14 00:00:00+00:00, run_after=2026-07-15 00:00:00+00:00
[2026-07-14T05:47:23.287+0000] {processor.py:183} INFO - Processing /opt/airflow/dags/crypto_pipeline_dag.py took 0.037 seconds
[2026-07-14T05:47:53.454+0000] {processor.py:161} INFO - Started process (PID=3872) to work on /opt/airflow/dags/crypto_pipeline_dag.py
[2026-07-14T05:47:53.455+0000] {processor.py:830} INFO - Processing file /opt/airflow/dags/crypto_pipeline_dag.py for tasks to queue
[2026-07-14T05:47:53.456+0000] {logging_mixin.py:188} INFO - [2026-07-14T05:47:53.456+0000] {dagbag.py:545} INFO - Filling up the DagBag from /opt/airflow/dags/crypto_pipeline_dag.py
[2026-07-14T05:47:53.469+0000] {processor.py:840} INFO - DAG(s) 'crypto_daily_pipeline' retrieved from /opt/airflow/dags/crypto_pipeline_dag.py
[2026-07-14T05:47:53.486+0000] {logging_mixin.py:188} INFO - [2026-07-14T05:47:53.485+0000] {dag.py:3089} INFO - Sync 1 DAGs
[2026-07-14T05:47:53.498+0000] {logging_mixin.py:188} INFO - [2026-07-14T05:47:53.498+0000] {dag.py:3947} INFO - Setting next_dagrun for crypto_daily_pipeline to 2026-07-14 00:00:00+00:00, run_after=2026-07-15 00:00:00+00:00
[2026-07-14T05:47:53.505+0000] {processor.py:183} INFO - Processing /opt/airflow/dags/crypto_pipeline_dag.py took 0.054 seconds
[2026-07-14T05:48:23.643+0000] {processor.py:161} INFO - Started process (PID=3877) to work on /opt/airflow/dags/crypto_pipeline_dag.py
[2026-07-14T05:48:23.644+0000] {processor.py:830} INFO - Processing file /opt/airflow/dags/crypto_pipeline_dag.py for tasks to queue
[2026-07-14T05:48:23.645+0000] {logging_mixin.py:188} INFO - [2026-07-14T05:48:23.645+0000] {dagbag.py:545} INFO - Filling up the DagBag from /opt/airflow/dags/crypto_pipeline_dag.py
[2026-07-14T05:48:23.650+0000] {processor.py:840} INFO - DAG(s) 'crypto_daily_pipeline' retrieved from /opt/airflow/dags/crypto_pipeline_dag.py
[2026-07-14T05:48:23.661+0000] {logging_mixin.py:188} INFO - [2026-07-14T05:48:23.661+0000] {dag.py:3089} INFO - Sync 1 DAGs
[2026-07-14T05:48:23.669+0000] {logging_mixin.py:188} INFO - [2026-07-14T05:48:23.669+0000] {dag.py:3947} INFO - Setting next_dagrun for crypto_daily_pipeline to 2026-07-14 00:00:00+00:00, run_after=2026-07-15 00:00:00+00:00
[2026-07-14T05:48:23.675+0000] {processor.py:183} INFO - Processing /opt/airflow/dags/crypto_pipeline_dag.py took 0.035 seconds
[2026-07-14T05:48:53.827+0000] {processor.py:161} INFO - Started process (PID=3882) to work on /opt/airflow/dags/crypto_pipeline_dag.py
[2026-07-14T05:48:53.828+0000] {processor.py:830} INFO - Processing file /opt/airflow/dags/crypto_pipeline_dag.py for tasks to queue
[2026-07-14T05:48:53.828+0000] {logging_mixin.py:188} INFO - [2026-07-14T05:48:53.828+0000] {dagbag.py:545} INFO - Filling up the DagBag from /opt/airflow/dags/crypto_pipeline_dag.py
[2026-07-14T05:48:53.834+0000] {processor.py:840} INFO - DAG(s) 'crypto_daily_pipeline' retrieved from /opt/airflow/dags/crypto_pipeline_dag.py
[2026-07-14T05:48:53.844+0000] {logging_mixin.py:188} INFO - [2026-07-14T05:48:53.844+0000] {dag.py:3089} INFO - Sync 1 DAGs
[2026-07-14T05:48:53.852+0000] {logging_mixin.py:188} INFO - [2026-07-14T05:48:53.852+0000] {dag.py:3947} INFO - Setting next_dagrun for crypto_daily_pipeline to 2026-07-14 00:00:00+00:00, run_after=2026-07-15 00:00:00+00:00
[2026-07-14T05:48:53.857+0000] {processor.py:183} INFO - Processing /opt/airflow/dags/crypto_pipeline_dag.py took 0.033 seconds
[2026-07-14T05:49:24.034+0000] {processor.py:161} INFO - Started process (PID=3887) to work on /opt/airflow/dags/crypto_pipeline_dag.py
[2026-07-14T05:49:24.035+0000] {processor.py:830} INFO - Processing file /opt/airflow/dags/crypto_pipeline_dag.py for tasks to queue
[2026-07-14T05:49:24.035+0000] {logging_mixin.py:188} INFO - [2026-07-14T05:49:24.035+0000] {dagbag.py:545} INFO - Filling up the DagBag from /opt/airflow/dags/crypto_pipeline_dag.py
[2026-07-14T05:49:24.040+0000] {processor.py:840} INFO - DAG(s) 'crypto_daily_pipeline' retrieved from /opt/airflow/dags/crypto_pipeline_dag.py
[2026-07-14T05:49:24.052+0000] {logging_mixin.py:188} INFO - [2026-07-14T05:49:24.052+0000] {dag.py:3089} INFO - Sync 1 DAGs
[2026-07-14T05:49:24.059+0000] {logging_mixin.py:188} INFO - [2026-07-14T05:49:24.059+0000] {dag.py:3947} INFO - Setting next_dagrun for crypto_daily_pipeline to 2026-07-14 00:00:00+00:00, run_after=2026-07-15 00:00:00+00:00
[2026-07-14T05:49:24.065+0000] {processor.py:183} INFO - Processing /opt/airflow/dags/crypto_pipeline_dag.py took 0.033 seconds
[2026-07-14T05:49:54.266+0000] {processor.py:161} INFO - Started process (PID=3892) to work on /opt/airflow/dags/crypto_pipeline_dag.py
[2026-07-14T05:49:54.267+0000] {processor.py:830} INFO - Processing file /opt/airflow/dags/crypto_pipeline_dag.py for tasks to queue
[2026-07-14T05:49:54.270+0000] {logging_mixin.py:188} INFO - [2026-07-14T05:49:54.269+0000] {dagbag.py:545} INFO - Filling up the DagBag from /opt/airflow/dags/crypto_pipeline_dag.py
[2026-07-14T05:49:54.283+0000] {processor.py:840} INFO - DAG(s) 'crypto_daily_pipeline' retrieved from /opt/airflow/dags/crypto_pipeline_dag.py
[2026-07-14T05:49:54.305+0000] {logging_mixin.py:188} INFO - [2026-07-14T05:49:54.305+0000] {dag.py:3089} INFO - Sync 1 DAGs
[2026-07-14T05:49:54.317+0000] {logging_mixin.py:188} INFO - [2026-07-14T05:49:54.317+0000] {dag.py:3947} INFO - Setting next_dagrun for crypto_daily_pipeline to 2026-07-14 00:00:00+00:00, run_after=2026-07-15 00:00:00+00:00
[2026-07-14T05:49:54.325+0000] {processor.py:183} INFO - Processing /opt/airflow/dags/crypto_pipeline_dag.py took 0.067 seconds
[2026-07-14T05:50:24.439+0000] {processor.py:161} INFO - Started process (PID=3897) to work on /opt/airflow/dags/crypto_pipeline_dag.py
[2026-07-14T05:50:24.440+0000] {processor.py:830} INFO - Processing file /opt/airflow/dags/crypto_pipeline_dag.py for tasks to queue
[2026-07-14T05:50:24.441+0000] {logging_mixin.py:188} INFO - [2026-07-14T05:50:24.441+0000] {dagbag.py:545} INFO - Filling up the DagBag from /opt/airflow/dags/crypto_pipeline_dag.py
[2026-07-14T05:50:24.446+0000] {processor.py:840} INFO - DAG(s) 'crypto_daily_pipeline' retrieved from /opt/airflow/dags/crypto_pipeline_dag.py
[2026-07-14T05:50:24.461+0000] {logging_mixin.py:188} INFO - [2026-07-14T05:50:24.461+0000] {dag.py:3089} INFO - Sync 1 DAGs
[2026-07-14T05:50:24.470+0000] {logging_mixin.py:188} INFO - [2026-07-14T05:50:24.470+0000] {dag.py:3947} INFO - Setting next_dagrun for crypto_daily_pipeline to 2026-07-14 00:00:00+00:00, run_after=2026-07-15 00:00:00+00:00
[2026-07-14T05:50:24.478+0000] {processor.py:183} INFO - Processing /opt/airflow/dags/crypto_pipeline_dag.py took 0.042 seconds
[2026-07-14T05:50:54.685+0000] {processor.py:161} INFO - Started process (PID=3902) to work on /opt/airflow/dags/crypto_pipeline_dag.py
[2026-07-14T05:50:54.685+0000] {processor.py:830} INFO - Processing file /opt/airflow/dags/crypto_pipeline_dag.py for tasks to queue
[2026-07-14T05:50:54.688+0000] {logging_mixin.py:188} INFO - [2026-07-14T05:50:54.687+0000] {dagbag.py:545} INFO - Filling up the DagBag from /opt/airflow/dags/crypto_pipeline_dag.py
[2026-07-14T05:50:54.699+0000] {processor.py:840} INFO - DAG(s) 'crypto_daily_pipeline' retrieved from /opt/airflow/dags/crypto_pipeline_dag.py
[2026-07-14T05:50:54.717+0000] {logging_mixin.py:188} INFO - [2026-07-14T05:50:54.717+0000] {dag.py:3089} INFO - Sync 1 DAGs
[2026-07-14T05:50:54.728+0000] {logging_mixin.py:188} INFO - [2026-07-14T05:50:54.728+0000] {dag.py:3947} INFO - Setting next_dagrun for crypto_daily_pipeline to 2026-07-14 00:00:00+00:00, run_after=2026-07-15 00:00:00+00:00
[2026-07-14T05:50:54.735+0000] {processor.py:183} INFO - Processing /opt/airflow/dags/crypto_pipeline_dag.py took 0.058 seconds
