[2026-07-13T11:55:54.712+0000] {processor.py:161} INFO - Started process (PID=166) to work on /opt/airflow/dags/crypto_pipeline_dag.py
[2026-07-13T11:55:54.713+0000] {processor.py:830} INFO - Processing file /opt/airflow/dags/crypto_pipeline_dag.py for tasks to queue
[2026-07-13T11:55:54.715+0000] {logging_mixin.py:188} INFO - [2026-07-13T11:55:54.714+0000] {dagbag.py:545} INFO - Filling up the DagBag from /opt/airflow/dags/crypto_pipeline_dag.py
[2026-07-13T11:55:54.729+0000] {processor.py:840} INFO - DAG(s) 'crypto_daily_pipeline' retrieved from /opt/airflow/dags/crypto_pipeline_dag.py
[2026-07-13T11:55:54.841+0000] {logging_mixin.py:188} INFO - [2026-07-13T11:55:54.841+0000] {override.py:1858} INFO - Created Permission View: can edit on DAG:crypto_daily_pipeline
[2026-07-13T11:55:54.843+0000] {logging_mixin.py:188} INFO - [2026-07-13T11:55:54.843+0000] {override.py:1858} INFO - Created Permission View: can delete on DAG:crypto_daily_pipeline
[2026-07-13T11:55:54.845+0000] {logging_mixin.py:188} INFO - [2026-07-13T11:55:54.845+0000] {override.py:1858} INFO - Created Permission View: can read on DAG:crypto_daily_pipeline
[2026-07-13T11:55:54.845+0000] {logging_mixin.py:188} INFO - [2026-07-13T11:55:54.845+0000] {dag.py:3089} INFO - Sync 1 DAGs
[2026-07-13T11:55:54.848+0000] {logging_mixin.py:188} INFO - [2026-07-13T11:55:54.848+0000] {dag.py:3111} INFO - Creating ORM DAG for crypto_daily_pipeline
[2026-07-13T11:55:54.852+0000] {logging_mixin.py:188} INFO - [2026-07-13T11:55:54.852+0000] {dag.py:3947} INFO - Setting next_dagrun for crypto_daily_pipeline to 2026-07-12 00:00:00+00:00, run_after=2026-07-13 00:00:00+00:00
[2026-07-13T11:55:54.858+0000] {processor.py:183} INFO - Processing /opt/airflow/dags/crypto_pipeline_dag.py took 0.150 seconds
[2026-07-13T11:56:24.896+0000] {processor.py:161} INFO - Started process (PID=171) to work on /opt/airflow/dags/crypto_pipeline_dag.py
[2026-07-13T11:56:24.898+0000] {processor.py:830} INFO - Processing file /opt/airflow/dags/crypto_pipeline_dag.py for tasks to queue
[2026-07-13T11:56:24.900+0000] {logging_mixin.py:188} INFO - [2026-07-13T11:56:24.900+0000] {dagbag.py:545} INFO - Filling up the DagBag from /opt/airflow/dags/crypto_pipeline_dag.py
[2026-07-13T11:56:24.915+0000] {processor.py:840} INFO - DAG(s) 'crypto_daily_pipeline' retrieved from /opt/airflow/dags/crypto_pipeline_dag.py
[2026-07-13T11:56:24.937+0000] {logging_mixin.py:188} INFO - [2026-07-13T11:56:24.937+0000] {dag.py:3089} INFO - Sync 1 DAGs
[2026-07-13T11:56:24.948+0000] {logging_mixin.py:188} INFO - [2026-07-13T11:56:24.948+0000] {dag.py:3947} INFO - Setting next_dagrun for crypto_daily_pipeline to 2026-07-12 00:00:00+00:00, run_after=2026-07-13 00:00:00+00:00
[2026-07-13T11:56:24.955+0000] {processor.py:183} INFO - Processing /opt/airflow/dags/crypto_pipeline_dag.py took 0.067 seconds
[2026-07-13T11:56:55.082+0000] {processor.py:161} INFO - Started process (PID=176) to work on /opt/airflow/dags/crypto_pipeline_dag.py
[2026-07-13T11:56:55.083+0000] {processor.py:830} INFO - Processing file /opt/airflow/dags/crypto_pipeline_dag.py for tasks to queue
[2026-07-13T11:56:55.084+0000] {logging_mixin.py:188} INFO - [2026-07-13T11:56:55.084+0000] {dagbag.py:545} INFO - Filling up the DagBag from /opt/airflow/dags/crypto_pipeline_dag.py
[2026-07-13T11:56:55.096+0000] {processor.py:840} INFO - DAG(s) 'crypto_daily_pipeline' retrieved from /opt/airflow/dags/crypto_pipeline_dag.py
[2026-07-13T11:56:55.115+0000] {logging_mixin.py:188} INFO - [2026-07-13T11:56:55.115+0000] {dag.py:3089} INFO - Sync 1 DAGs
[2026-07-13T11:56:55.125+0000] {logging_mixin.py:188} INFO - [2026-07-13T11:56:55.125+0000] {dag.py:3947} INFO - Setting next_dagrun for crypto_daily_pipeline to 2026-07-12 00:00:00+00:00, run_after=2026-07-13 00:00:00+00:00
[2026-07-13T11:56:55.131+0000] {processor.py:183} INFO - Processing /opt/airflow/dags/crypto_pipeline_dag.py took 0.056 seconds
[2026-07-13T11:57:25.303+0000] {processor.py:161} INFO - Started process (PID=181) to work on /opt/airflow/dags/crypto_pipeline_dag.py
[2026-07-13T11:57:25.304+0000] {processor.py:830} INFO - Processing file /opt/airflow/dags/crypto_pipeline_dag.py for tasks to queue
[2026-07-13T11:57:25.307+0000] {logging_mixin.py:188} INFO - [2026-07-13T11:57:25.306+0000] {dagbag.py:545} INFO - Filling up the DagBag from /opt/airflow/dags/crypto_pipeline_dag.py
[2026-07-13T11:57:25.319+0000] {processor.py:840} INFO - DAG(s) 'crypto_daily_pipeline' retrieved from /opt/airflow/dags/crypto_pipeline_dag.py
[2026-07-13T11:57:25.339+0000] {logging_mixin.py:188} INFO - [2026-07-13T11:57:25.339+0000] {dag.py:3089} INFO - Sync 1 DAGs
[2026-07-13T11:57:25.348+0000] {logging_mixin.py:188} INFO - [2026-07-13T11:57:25.348+0000] {dag.py:3947} INFO - Setting next_dagrun for crypto_daily_pipeline to 2026-07-12 00:00:00+00:00, run_after=2026-07-13 00:00:00+00:00
[2026-07-13T11:57:25.355+0000] {processor.py:183} INFO - Processing /opt/airflow/dags/crypto_pipeline_dag.py took 0.058 seconds
[2026-07-13T11:57:55.496+0000] {processor.py:161} INFO - Started process (PID=186) to work on /opt/airflow/dags/crypto_pipeline_dag.py
[2026-07-13T11:57:55.497+0000] {processor.py:830} INFO - Processing file /opt/airflow/dags/crypto_pipeline_dag.py for tasks to queue
[2026-07-13T11:57:55.499+0000] {logging_mixin.py:188} INFO - [2026-07-13T11:57:55.498+0000] {dagbag.py:545} INFO - Filling up the DagBag from /opt/airflow/dags/crypto_pipeline_dag.py
[2026-07-13T11:57:55.513+0000] {processor.py:840} INFO - DAG(s) 'crypto_daily_pipeline' retrieved from /opt/airflow/dags/crypto_pipeline_dag.py
[2026-07-13T11:57:55.530+0000] {logging_mixin.py:188} INFO - [2026-07-13T11:57:55.530+0000] {dag.py:3089} INFO - Sync 1 DAGs
[2026-07-13T11:57:55.539+0000] {logging_mixin.py:188} INFO - [2026-07-13T11:57:55.539+0000] {dag.py:3947} INFO - Setting next_dagrun for crypto_daily_pipeline to 2026-07-12 00:00:00+00:00, run_after=2026-07-13 00:00:00+00:00
[2026-07-13T11:57:55.545+0000] {processor.py:183} INFO - Processing /opt/airflow/dags/crypto_pipeline_dag.py took 0.056 seconds
[2026-07-13T11:58:25.740+0000] {processor.py:161} INFO - Started process (PID=191) to work on /opt/airflow/dags/crypto_pipeline_dag.py
[2026-07-13T11:58:25.741+0000] {processor.py:830} INFO - Processing file /opt/airflow/dags/crypto_pipeline_dag.py for tasks to queue
[2026-07-13T11:58:25.744+0000] {logging_mixin.py:188} INFO - [2026-07-13T11:58:25.743+0000] {dagbag.py:545} INFO - Filling up the DagBag from /opt/airflow/dags/crypto_pipeline_dag.py
[2026-07-13T11:58:25.759+0000] {processor.py:840} INFO - DAG(s) 'crypto_daily_pipeline' retrieved from /opt/airflow/dags/crypto_pipeline_dag.py
[2026-07-13T11:58:25.778+0000] {logging_mixin.py:188} INFO - [2026-07-13T11:58:25.778+0000] {dag.py:3089} INFO - Sync 1 DAGs
[2026-07-13T11:58:25.787+0000] {logging_mixin.py:188} INFO - [2026-07-13T11:58:25.787+0000] {dag.py:3947} INFO - Setting next_dagrun for crypto_daily_pipeline to 2026-07-12 00:00:00+00:00, run_after=2026-07-13 00:00:00+00:00
[2026-07-13T11:58:25.793+0000] {processor.py:183} INFO - Processing /opt/airflow/dags/crypto_pipeline_dag.py took 0.061 seconds
[2026-07-13T11:58:55.932+0000] {processor.py:161} INFO - Started process (PID=196) to work on /opt/airflow/dags/crypto_pipeline_dag.py
[2026-07-13T11:58:55.932+0000] {processor.py:830} INFO - Processing file /opt/airflow/dags/crypto_pipeline_dag.py for tasks to queue
[2026-07-13T11:58:55.934+0000] {logging_mixin.py:188} INFO - [2026-07-13T11:58:55.933+0000] {dagbag.py:545} INFO - Filling up the DagBag from /opt/airflow/dags/crypto_pipeline_dag.py
[2026-07-13T11:58:55.945+0000] {processor.py:840} INFO - DAG(s) 'crypto_daily_pipeline' retrieved from /opt/airflow/dags/crypto_pipeline_dag.py
[2026-07-13T11:58:55.961+0000] {logging_mixin.py:188} INFO - [2026-07-13T11:58:55.961+0000] {dag.py:3089} INFO - Sync 1 DAGs
[2026-07-13T11:58:55.974+0000] {logging_mixin.py:188} INFO - [2026-07-13T11:58:55.974+0000] {dag.py:3947} INFO - Setting next_dagrun for crypto_daily_pipeline to 2026-07-12 00:00:00+00:00, run_after=2026-07-13 00:00:00+00:00
[2026-07-13T11:58:55.985+0000] {processor.py:183} INFO - Processing /opt/airflow/dags/crypto_pipeline_dag.py took 0.059 seconds
[2026-07-13T11:59:26.171+0000] {processor.py:161} INFO - Started process (PID=201) to work on /opt/airflow/dags/crypto_pipeline_dag.py
[2026-07-13T11:59:26.172+0000] {processor.py:830} INFO - Processing file /opt/airflow/dags/crypto_pipeline_dag.py for tasks to queue
[2026-07-13T11:59:26.174+0000] {logging_mixin.py:188} INFO - [2026-07-13T11:59:26.173+0000] {dagbag.py:545} INFO - Filling up the DagBag from /opt/airflow/dags/crypto_pipeline_dag.py
[2026-07-13T11:59:26.185+0000] {processor.py:840} INFO - DAG(s) 'crypto_daily_pipeline' retrieved from /opt/airflow/dags/crypto_pipeline_dag.py
[2026-07-13T11:59:26.203+0000] {logging_mixin.py:188} INFO - [2026-07-13T11:59:26.203+0000] {dag.py:3089} INFO - Sync 1 DAGs
[2026-07-13T11:59:26.212+0000] {logging_mixin.py:188} INFO - [2026-07-13T11:59:26.212+0000] {dag.py:3947} INFO - Setting next_dagrun for crypto_daily_pipeline to 2026-07-12 00:00:00+00:00, run_after=2026-07-13 00:00:00+00:00
[2026-07-13T11:59:26.218+0000] {processor.py:183} INFO - Processing /opt/airflow/dags/crypto_pipeline_dag.py took 0.053 seconds
[2026-07-13T11:59:56.381+0000] {processor.py:161} INFO - Started process (PID=206) to work on /opt/airflow/dags/crypto_pipeline_dag.py
[2026-07-13T11:59:56.382+0000] {processor.py:830} INFO - Processing file /opt/airflow/dags/crypto_pipeline_dag.py for tasks to queue
[2026-07-13T11:59:56.384+0000] {logging_mixin.py:188} INFO - [2026-07-13T11:59:56.384+0000] {dagbag.py:545} INFO - Filling up the DagBag from /opt/airflow/dags/crypto_pipeline_dag.py
[2026-07-13T11:59:56.397+0000] {processor.py:840} INFO - DAG(s) 'crypto_daily_pipeline' retrieved from /opt/airflow/dags/crypto_pipeline_dag.py
[2026-07-13T11:59:56.414+0000] {logging_mixin.py:188} INFO - [2026-07-13T11:59:56.414+0000] {dag.py:3089} INFO - Sync 1 DAGs
[2026-07-13T11:59:56.422+0000] {logging_mixin.py:188} INFO - [2026-07-13T11:59:56.422+0000] {dag.py:3947} INFO - Setting next_dagrun for crypto_daily_pipeline to 2026-07-12 00:00:00+00:00, run_after=2026-07-13 00:00:00+00:00
[2026-07-13T11:59:56.427+0000] {processor.py:183} INFO - Processing /opt/airflow/dags/crypto_pipeline_dag.py took 0.054 seconds
[2026-07-13T12:00:26.574+0000] {processor.py:161} INFO - Started process (PID=211) to work on /opt/airflow/dags/crypto_pipeline_dag.py
[2026-07-13T12:00:26.575+0000] {processor.py:830} INFO - Processing file /opt/airflow/dags/crypto_pipeline_dag.py for tasks to queue
[2026-07-13T12:00:26.577+0000] {logging_mixin.py:188} INFO - [2026-07-13T12:00:26.577+0000] {dagbag.py:545} INFO - Filling up the DagBag from /opt/airflow/dags/crypto_pipeline_dag.py
[2026-07-13T12:00:26.587+0000] {processor.py:840} INFO - DAG(s) 'crypto_daily_pipeline' retrieved from /opt/airflow/dags/crypto_pipeline_dag.py
[2026-07-13T12:00:26.610+0000] {logging_mixin.py:188} INFO - [2026-07-13T12:00:26.610+0000] {dag.py:3089} INFO - Sync 1 DAGs
[2026-07-13T12:00:26.621+0000] {logging_mixin.py:188} INFO - [2026-07-13T12:00:26.621+0000] {dag.py:3947} INFO - Setting next_dagrun for crypto_daily_pipeline to 2026-07-12 00:00:00+00:00, run_after=2026-07-13 00:00:00+00:00
[2026-07-13T12:00:26.628+0000] {processor.py:183} INFO - Processing /opt/airflow/dags/crypto_pipeline_dag.py took 0.061 seconds
[2026-07-13T12:00:56.806+0000] {processor.py:161} INFO - Started process (PID=216) to work on /opt/airflow/dags/crypto_pipeline_dag.py
[2026-07-13T12:00:56.809+0000] {processor.py:830} INFO - Processing file /opt/airflow/dags/crypto_pipeline_dag.py for tasks to queue
[2026-07-13T12:00:56.811+0000] {logging_mixin.py:188} INFO - [2026-07-13T12:00:56.810+0000] {dagbag.py:545} INFO - Filling up the DagBag from /opt/airflow/dags/crypto_pipeline_dag.py
[2026-07-13T12:00:56.819+0000] {processor.py:840} INFO - DAG(s) 'crypto_daily_pipeline' retrieved from /opt/airflow/dags/crypto_pipeline_dag.py
[2026-07-13T12:00:56.836+0000] {logging_mixin.py:188} INFO - [2026-07-13T12:00:56.836+0000] {dag.py:3089} INFO - Sync 1 DAGs
[2026-07-13T12:00:56.846+0000] {logging_mixin.py:188} INFO - [2026-07-13T12:00:56.846+0000] {dag.py:3947} INFO - Setting next_dagrun for crypto_daily_pipeline to 2026-07-12 00:00:00+00:00, run_after=2026-07-13 00:00:00+00:00
[2026-07-13T12:00:56.852+0000] {processor.py:183} INFO - Processing /opt/airflow/dags/crypto_pipeline_dag.py took 0.053 seconds
[2026-07-13T12:01:27.033+0000] {processor.py:161} INFO - Started process (PID=221) to work on /opt/airflow/dags/crypto_pipeline_dag.py
[2026-07-13T12:01:27.034+0000] {processor.py:830} INFO - Processing file /opt/airflow/dags/crypto_pipeline_dag.py for tasks to queue
[2026-07-13T12:01:27.036+0000] {logging_mixin.py:188} INFO - [2026-07-13T12:01:27.036+0000] {dagbag.py:545} INFO - Filling up the DagBag from /opt/airflow/dags/crypto_pipeline_dag.py
[2026-07-13T12:01:27.050+0000] {processor.py:840} INFO - DAG(s) 'crypto_daily_pipeline' retrieved from /opt/airflow/dags/crypto_pipeline_dag.py
[2026-07-13T12:01:27.077+0000] {logging_mixin.py:188} INFO - [2026-07-13T12:01:27.077+0000] {dag.py:3089} INFO - Sync 1 DAGs
[2026-07-13T12:01:27.087+0000] {logging_mixin.py:188} INFO - [2026-07-13T12:01:27.087+0000] {dag.py:3947} INFO - Setting next_dagrun for crypto_daily_pipeline to 2026-07-12 00:00:00+00:00, run_after=2026-07-13 00:00:00+00:00
[2026-07-13T12:01:27.093+0000] {processor.py:183} INFO - Processing /opt/airflow/dags/crypto_pipeline_dag.py took 0.068 seconds
[2026-07-13T12:01:57.210+0000] {processor.py:161} INFO - Started process (PID=226) to work on /opt/airflow/dags/crypto_pipeline_dag.py
[2026-07-13T12:01:57.211+0000] {processor.py:830} INFO - Processing file /opt/airflow/dags/crypto_pipeline_dag.py for tasks to queue
[2026-07-13T12:01:57.212+0000] {logging_mixin.py:188} INFO - [2026-07-13T12:01:57.211+0000] {dagbag.py:545} INFO - Filling up the DagBag from /opt/airflow/dags/crypto_pipeline_dag.py
[2026-07-13T12:01:57.219+0000] {processor.py:840} INFO - DAG(s) 'crypto_daily_pipeline' retrieved from /opt/airflow/dags/crypto_pipeline_dag.py
[2026-07-13T12:01:57.234+0000] {logging_mixin.py:188} INFO - [2026-07-13T12:01:57.234+0000] {dag.py:3089} INFO - Sync 1 DAGs
[2026-07-13T12:01:57.250+0000] {logging_mixin.py:188} INFO - [2026-07-13T12:01:57.250+0000] {dag.py:3947} INFO - Setting next_dagrun for crypto_daily_pipeline to 2026-07-12 00:00:00+00:00, run_after=2026-07-13 00:00:00+00:00
[2026-07-13T12:01:57.257+0000] {processor.py:183} INFO - Processing /opt/airflow/dags/crypto_pipeline_dag.py took 0.050 seconds
[2026-07-13T12:02:27.444+0000] {processor.py:161} INFO - Started process (PID=231) to work on /opt/airflow/dags/crypto_pipeline_dag.py
[2026-07-13T12:02:27.445+0000] {processor.py:830} INFO - Processing file /opt/airflow/dags/crypto_pipeline_dag.py for tasks to queue
[2026-07-13T12:02:27.447+0000] {logging_mixin.py:188} INFO - [2026-07-13T12:02:27.447+0000] {dagbag.py:545} INFO - Filling up the DagBag from /opt/airflow/dags/crypto_pipeline_dag.py
[2026-07-13T12:02:27.458+0000] {processor.py:840} INFO - DAG(s) 'crypto_daily_pipeline' retrieved from /opt/airflow/dags/crypto_pipeline_dag.py
[2026-07-13T12:02:27.476+0000] {logging_mixin.py:188} INFO - [2026-07-13T12:02:27.475+0000] {dag.py:3089} INFO - Sync 1 DAGs
[2026-07-13T12:02:27.483+0000] {logging_mixin.py:188} INFO - [2026-07-13T12:02:27.483+0000] {dag.py:3947} INFO - Setting next_dagrun for crypto_daily_pipeline to 2026-07-12 00:00:00+00:00, run_after=2026-07-13 00:00:00+00:00
[2026-07-13T12:02:27.489+0000] {processor.py:183} INFO - Processing /opt/airflow/dags/crypto_pipeline_dag.py took 0.052 seconds
[2026-07-13T12:02:57.653+0000] {processor.py:161} INFO - Started process (PID=236) to work on /opt/airflow/dags/crypto_pipeline_dag.py
[2026-07-13T12:02:57.654+0000] {processor.py:830} INFO - Processing file /opt/airflow/dags/crypto_pipeline_dag.py for tasks to queue
[2026-07-13T12:02:57.655+0000] {logging_mixin.py:188} INFO - [2026-07-13T12:02:57.655+0000] {dagbag.py:545} INFO - Filling up the DagBag from /opt/airflow/dags/crypto_pipeline_dag.py
[2026-07-13T12:02:57.664+0000] {processor.py:840} INFO - DAG(s) 'crypto_daily_pipeline' retrieved from /opt/airflow/dags/crypto_pipeline_dag.py
[2026-07-13T12:02:57.681+0000] {logging_mixin.py:188} INFO - [2026-07-13T12:02:57.681+0000] {dag.py:3089} INFO - Sync 1 DAGs
[2026-07-13T12:02:57.693+0000] {logging_mixin.py:188} INFO - [2026-07-13T12:02:57.693+0000] {dag.py:3947} INFO - Setting next_dagrun for crypto_daily_pipeline to 2026-07-12 00:00:00+00:00, run_after=2026-07-13 00:00:00+00:00
[2026-07-13T12:02:57.699+0000] {processor.py:183} INFO - Processing /opt/airflow/dags/crypto_pipeline_dag.py took 0.051 seconds
[2026-07-13T12:03:27.834+0000] {processor.py:161} INFO - Started process (PID=241) to work on /opt/airflow/dags/crypto_pipeline_dag.py
[2026-07-13T12:03:27.835+0000] {processor.py:830} INFO - Processing file /opt/airflow/dags/crypto_pipeline_dag.py for tasks to queue
[2026-07-13T12:03:27.836+0000] {logging_mixin.py:188} INFO - [2026-07-13T12:03:27.836+0000] {dagbag.py:545} INFO - Filling up the DagBag from /opt/airflow/dags/crypto_pipeline_dag.py
[2026-07-13T12:03:27.845+0000] {processor.py:840} INFO - DAG(s) 'crypto_daily_pipeline' retrieved from /opt/airflow/dags/crypto_pipeline_dag.py
[2026-07-13T12:03:27.865+0000] {logging_mixin.py:188} INFO - [2026-07-13T12:03:27.865+0000] {dag.py:3089} INFO - Sync 1 DAGs
[2026-07-13T12:03:27.876+0000] {logging_mixin.py:188} INFO - [2026-07-13T12:03:27.875+0000] {dag.py:3947} INFO - Setting next_dagrun for crypto_daily_pipeline to 2026-07-12 00:00:00+00:00, run_after=2026-07-13 00:00:00+00:00
[2026-07-13T12:03:27.882+0000] {processor.py:183} INFO - Processing /opt/airflow/dags/crypto_pipeline_dag.py took 0.053 seconds
[2026-07-13T12:03:58.065+0000] {processor.py:161} INFO - Started process (PID=246) to work on /opt/airflow/dags/crypto_pipeline_dag.py
[2026-07-13T12:03:58.066+0000] {processor.py:830} INFO - Processing file /opt/airflow/dags/crypto_pipeline_dag.py for tasks to queue
[2026-07-13T12:03:58.067+0000] {logging_mixin.py:188} INFO - [2026-07-13T12:03:58.067+0000] {dagbag.py:545} INFO - Filling up the DagBag from /opt/airflow/dags/crypto_pipeline_dag.py
[2026-07-13T12:03:58.073+0000] {processor.py:840} INFO - DAG(s) 'crypto_daily_pipeline' retrieved from /opt/airflow/dags/crypto_pipeline_dag.py
[2026-07-13T12:03:58.088+0000] {logging_mixin.py:188} INFO - [2026-07-13T12:03:58.088+0000] {dag.py:3089} INFO - Sync 1 DAGs
[2026-07-13T12:03:58.098+0000] {logging_mixin.py:188} INFO - [2026-07-13T12:03:58.097+0000] {dag.py:3947} INFO - Setting next_dagrun for crypto_daily_pipeline to 2026-07-12 00:00:00+00:00, run_after=2026-07-13 00:00:00+00:00
[2026-07-13T12:03:58.105+0000] {processor.py:183} INFO - Processing /opt/airflow/dags/crypto_pipeline_dag.py took 0.044 seconds
[2026-07-13T12:04:28.310+0000] {processor.py:161} INFO - Started process (PID=251) to work on /opt/airflow/dags/crypto_pipeline_dag.py
[2026-07-13T12:04:28.312+0000] {processor.py:830} INFO - Processing file /opt/airflow/dags/crypto_pipeline_dag.py for tasks to queue
[2026-07-13T12:04:28.316+0000] {logging_mixin.py:188} INFO - [2026-07-13T12:04:28.316+0000] {dagbag.py:545} INFO - Filling up the DagBag from /opt/airflow/dags/crypto_pipeline_dag.py
[2026-07-13T12:04:28.331+0000] {processor.py:840} INFO - DAG(s) 'crypto_daily_pipeline' retrieved from /opt/airflow/dags/crypto_pipeline_dag.py
[2026-07-13T12:04:28.358+0000] {logging_mixin.py:188} INFO - [2026-07-13T12:04:28.358+0000] {dag.py:3089} INFO - Sync 1 DAGs
[2026-07-13T12:04:28.369+0000] {logging_mixin.py:188} INFO - [2026-07-13T12:04:28.369+0000] {dag.py:3947} INFO - Setting next_dagrun for crypto_daily_pipeline to 2026-07-12 00:00:00+00:00, run_after=2026-07-13 00:00:00+00:00
[2026-07-13T12:04:28.377+0000] {processor.py:183} INFO - Processing /opt/airflow/dags/crypto_pipeline_dag.py took 0.075 seconds
[2026-07-13T12:04:58.517+0000] {processor.py:161} INFO - Started process (PID=256) to work on /opt/airflow/dags/crypto_pipeline_dag.py
[2026-07-13T12:04:58.518+0000] {processor.py:830} INFO - Processing file /opt/airflow/dags/crypto_pipeline_dag.py for tasks to queue
[2026-07-13T12:04:58.520+0000] {logging_mixin.py:188} INFO - [2026-07-13T12:04:58.519+0000] {dagbag.py:545} INFO - Filling up the DagBag from /opt/airflow/dags/crypto_pipeline_dag.py
[2026-07-13T12:04:58.535+0000] {processor.py:840} INFO - DAG(s) 'crypto_daily_pipeline' retrieved from /opt/airflow/dags/crypto_pipeline_dag.py
[2026-07-13T12:04:58.553+0000] {logging_mixin.py:188} INFO - [2026-07-13T12:04:58.552+0000] {dag.py:3089} INFO - Sync 1 DAGs
[2026-07-13T12:04:58.563+0000] {logging_mixin.py:188} INFO - [2026-07-13T12:04:58.563+0000] {dag.py:3947} INFO - Setting next_dagrun for crypto_daily_pipeline to 2026-07-12 00:00:00+00:00, run_after=2026-07-13 00:00:00+00:00
[2026-07-13T12:04:58.569+0000] {processor.py:183} INFO - Processing /opt/airflow/dags/crypto_pipeline_dag.py took 0.059 seconds
[2026-07-13T12:05:28.755+0000] {processor.py:161} INFO - Started process (PID=261) to work on /opt/airflow/dags/crypto_pipeline_dag.py
[2026-07-13T12:05:28.756+0000] {processor.py:830} INFO - Processing file /opt/airflow/dags/crypto_pipeline_dag.py for tasks to queue
[2026-07-13T12:05:28.759+0000] {logging_mixin.py:188} INFO - [2026-07-13T12:05:28.758+0000] {dagbag.py:545} INFO - Filling up the DagBag from /opt/airflow/dags/crypto_pipeline_dag.py
[2026-07-13T12:05:28.775+0000] {processor.py:840} INFO - DAG(s) 'crypto_daily_pipeline' retrieved from /opt/airflow/dags/crypto_pipeline_dag.py
[2026-07-13T12:05:28.794+0000] {logging_mixin.py:188} INFO - [2026-07-13T12:05:28.794+0000] {dag.py:3089} INFO - Sync 1 DAGs
[2026-07-13T12:05:28.803+0000] {logging_mixin.py:188} INFO - [2026-07-13T12:05:28.803+0000] {dag.py:3947} INFO - Setting next_dagrun for crypto_daily_pipeline to 2026-07-12 00:00:00+00:00, run_after=2026-07-13 00:00:00+00:00
[2026-07-13T12:05:28.809+0000] {processor.py:183} INFO - Processing /opt/airflow/dags/crypto_pipeline_dag.py took 0.063 seconds
[2026-07-13T12:05:58.953+0000] {processor.py:161} INFO - Started process (PID=266) to work on /opt/airflow/dags/crypto_pipeline_dag.py
[2026-07-13T12:05:58.954+0000] {processor.py:830} INFO - Processing file /opt/airflow/dags/crypto_pipeline_dag.py for tasks to queue
[2026-07-13T12:05:58.956+0000] {logging_mixin.py:188} INFO - [2026-07-13T12:05:58.955+0000] {dagbag.py:545} INFO - Filling up the DagBag from /opt/airflow/dags/crypto_pipeline_dag.py
[2026-07-13T12:05:58.966+0000] {processor.py:840} INFO - DAG(s) 'crypto_daily_pipeline' retrieved from /opt/airflow/dags/crypto_pipeline_dag.py
[2026-07-13T12:05:58.987+0000] {logging_mixin.py:188} INFO - [2026-07-13T12:05:58.987+0000] {dag.py:3089} INFO - Sync 1 DAGs
[2026-07-13T12:05:58.997+0000] {logging_mixin.py:188} INFO - [2026-07-13T12:05:58.997+0000] {dag.py:3947} INFO - Setting next_dagrun for crypto_daily_pipeline to 2026-07-12 00:00:00+00:00, run_after=2026-07-13 00:00:00+00:00
[2026-07-13T12:05:59.004+0000] {processor.py:183} INFO - Processing /opt/airflow/dags/crypto_pipeline_dag.py took 0.056 seconds
[2026-07-13T12:06:29.167+0000] {processor.py:161} INFO - Started process (PID=271) to work on /opt/airflow/dags/crypto_pipeline_dag.py
[2026-07-13T12:06:29.168+0000] {processor.py:830} INFO - Processing file /opt/airflow/dags/crypto_pipeline_dag.py for tasks to queue
[2026-07-13T12:06:29.169+0000] {logging_mixin.py:188} INFO - [2026-07-13T12:06:29.169+0000] {dagbag.py:545} INFO - Filling up the DagBag from /opt/airflow/dags/crypto_pipeline_dag.py
[2026-07-13T12:06:29.178+0000] {processor.py:840} INFO - DAG(s) 'crypto_daily_pipeline' retrieved from /opt/airflow/dags/crypto_pipeline_dag.py
[2026-07-13T12:06:29.196+0000] {logging_mixin.py:188} INFO - [2026-07-13T12:06:29.196+0000] {dag.py:3089} INFO - Sync 1 DAGs
[2026-07-13T12:06:29.206+0000] {logging_mixin.py:188} INFO - [2026-07-13T12:06:29.205+0000] {dag.py:3947} INFO - Setting next_dagrun for crypto_daily_pipeline to 2026-07-12 00:00:00+00:00, run_after=2026-07-13 00:00:00+00:00
[2026-07-13T12:06:29.212+0000] {processor.py:183} INFO - Processing /opt/airflow/dags/crypto_pipeline_dag.py took 0.050 seconds
[2026-07-13T12:06:59.359+0000] {processor.py:161} INFO - Started process (PID=276) to work on /opt/airflow/dags/crypto_pipeline_dag.py
[2026-07-13T12:06:59.360+0000] {processor.py:830} INFO - Processing file /opt/airflow/dags/crypto_pipeline_dag.py for tasks to queue
[2026-07-13T12:06:59.362+0000] {logging_mixin.py:188} INFO - [2026-07-13T12:06:59.362+0000] {dagbag.py:545} INFO - Filling up the DagBag from /opt/airflow/dags/crypto_pipeline_dag.py
[2026-07-13T12:06:59.369+0000] {processor.py:840} INFO - DAG(s) 'crypto_daily_pipeline' retrieved from /opt/airflow/dags/crypto_pipeline_dag.py
[2026-07-13T12:06:59.383+0000] {logging_mixin.py:188} INFO - [2026-07-13T12:06:59.383+0000] {dag.py:3089} INFO - Sync 1 DAGs
[2026-07-13T12:06:59.392+0000] {logging_mixin.py:188} INFO - [2026-07-13T12:06:59.392+0000] {dag.py:3947} INFO - Setting next_dagrun for crypto_daily_pipeline to 2026-07-12 00:00:00+00:00, run_after=2026-07-13 00:00:00+00:00
[2026-07-13T12:06:59.398+0000] {processor.py:183} INFO - Processing /opt/airflow/dags/crypto_pipeline_dag.py took 0.046 seconds
[2026-07-13T12:07:29.572+0000] {processor.py:161} INFO - Started process (PID=281) to work on /opt/airflow/dags/crypto_pipeline_dag.py
[2026-07-13T12:07:29.573+0000] {processor.py:830} INFO - Processing file /opt/airflow/dags/crypto_pipeline_dag.py for tasks to queue
[2026-07-13T12:07:29.575+0000] {logging_mixin.py:188} INFO - [2026-07-13T12:07:29.574+0000] {dagbag.py:545} INFO - Filling up the DagBag from /opt/airflow/dags/crypto_pipeline_dag.py
[2026-07-13T12:07:29.583+0000] {processor.py:840} INFO - DAG(s) 'crypto_daily_pipeline' retrieved from /opt/airflow/dags/crypto_pipeline_dag.py
[2026-07-13T12:07:29.600+0000] {logging_mixin.py:188} INFO - [2026-07-13T12:07:29.600+0000] {dag.py:3089} INFO - Sync 1 DAGs
[2026-07-13T12:07:29.610+0000] {logging_mixin.py:188} INFO - [2026-07-13T12:07:29.610+0000] {dag.py:3947} INFO - Setting next_dagrun for crypto_daily_pipeline to 2026-07-12 00:00:00+00:00, run_after=2026-07-13 00:00:00+00:00
[2026-07-13T12:07:29.616+0000] {processor.py:183} INFO - Processing /opt/airflow/dags/crypto_pipeline_dag.py took 0.049 seconds
[2026-07-13T12:07:59.816+0000] {processor.py:161} INFO - Started process (PID=286) to work on /opt/airflow/dags/crypto_pipeline_dag.py
[2026-07-13T12:07:59.817+0000] {processor.py:830} INFO - Processing file /opt/airflow/dags/crypto_pipeline_dag.py for tasks to queue
[2026-07-13T12:07:59.820+0000] {logging_mixin.py:188} INFO - [2026-07-13T12:07:59.819+0000] {dagbag.py:545} INFO - Filling up the DagBag from /opt/airflow/dags/crypto_pipeline_dag.py
[2026-07-13T12:07:59.833+0000] {processor.py:840} INFO - DAG(s) 'crypto_daily_pipeline' retrieved from /opt/airflow/dags/crypto_pipeline_dag.py
[2026-07-13T12:07:59.851+0000] {logging_mixin.py:188} INFO - [2026-07-13T12:07:59.851+0000] {dag.py:3089} INFO - Sync 1 DAGs
[2026-07-13T12:07:59.860+0000] {logging_mixin.py:188} INFO - [2026-07-13T12:07:59.860+0000] {dag.py:3947} INFO - Setting next_dagrun for crypto_daily_pipeline to 2026-07-12 00:00:00+00:00, run_after=2026-07-13 00:00:00+00:00
[2026-07-13T12:07:59.866+0000] {processor.py:183} INFO - Processing /opt/airflow/dags/crypto_pipeline_dag.py took 0.058 seconds
[2026-07-13T12:08:30.008+0000] {processor.py:161} INFO - Started process (PID=291) to work on /opt/airflow/dags/crypto_pipeline_dag.py
[2026-07-13T12:08:30.009+0000] {processor.py:830} INFO - Processing file /opt/airflow/dags/crypto_pipeline_dag.py for tasks to queue
[2026-07-13T12:08:30.011+0000] {logging_mixin.py:188} INFO - [2026-07-13T12:08:30.011+0000] {dagbag.py:545} INFO - Filling up the DagBag from /opt/airflow/dags/crypto_pipeline_dag.py
[2026-07-13T12:08:30.023+0000] {processor.py:840} INFO - DAG(s) 'crypto_daily_pipeline' retrieved from /opt/airflow/dags/crypto_pipeline_dag.py
[2026-07-13T12:08:30.043+0000] {logging_mixin.py:188} INFO - [2026-07-13T12:08:30.043+0000] {dag.py:3089} INFO - Sync 1 DAGs
[2026-07-13T12:08:30.052+0000] {logging_mixin.py:188} INFO - [2026-07-13T12:08:30.052+0000] {dag.py:3947} INFO - Setting next_dagrun for crypto_daily_pipeline to 2026-07-12 00:00:00+00:00, run_after=2026-07-13 00:00:00+00:00
[2026-07-13T12:08:30.059+0000] {processor.py:183} INFO - Processing /opt/airflow/dags/crypto_pipeline_dag.py took 0.060 seconds
[2026-07-13T12:09:00.232+0000] {processor.py:161} INFO - Started process (PID=296) to work on /opt/airflow/dags/crypto_pipeline_dag.py
[2026-07-13T12:09:00.233+0000] {processor.py:830} INFO - Processing file /opt/airflow/dags/crypto_pipeline_dag.py for tasks to queue
[2026-07-13T12:09:00.234+0000] {logging_mixin.py:188} INFO - [2026-07-13T12:09:00.234+0000] {dagbag.py:545} INFO - Filling up the DagBag from /opt/airflow/dags/crypto_pipeline_dag.py
[2026-07-13T12:09:00.243+0000] {processor.py:840} INFO - DAG(s) 'crypto_daily_pipeline' retrieved from /opt/airflow/dags/crypto_pipeline_dag.py
[2026-07-13T12:09:00.260+0000] {logging_mixin.py:188} INFO - [2026-07-13T12:09:00.260+0000] {dag.py:3089} INFO - Sync 1 DAGs
[2026-07-13T12:09:00.268+0000] {logging_mixin.py:188} INFO - [2026-07-13T12:09:00.268+0000] {dag.py:3947} INFO - Setting next_dagrun for crypto_daily_pipeline to 2026-07-12 00:00:00+00:00, run_after=2026-07-13 00:00:00+00:00
[2026-07-13T12:09:00.275+0000] {processor.py:183} INFO - Processing /opt/airflow/dags/crypto_pipeline_dag.py took 0.048 seconds
[2026-07-13T12:09:30.425+0000] {processor.py:161} INFO - Started process (PID=301) to work on /opt/airflow/dags/crypto_pipeline_dag.py
[2026-07-13T12:09:30.426+0000] {processor.py:830} INFO - Processing file /opt/airflow/dags/crypto_pipeline_dag.py for tasks to queue
[2026-07-13T12:09:30.427+0000] {logging_mixin.py:188} INFO - [2026-07-13T12:09:30.427+0000] {dagbag.py:545} INFO - Filling up the DagBag from /opt/airflow/dags/crypto_pipeline_dag.py
[2026-07-13T12:09:30.435+0000] {processor.py:840} INFO - DAG(s) 'crypto_daily_pipeline' retrieved from /opt/airflow/dags/crypto_pipeline_dag.py
[2026-07-13T12:09:30.451+0000] {logging_mixin.py:188} INFO - [2026-07-13T12:09:30.451+0000] {dag.py:3089} INFO - Sync 1 DAGs
[2026-07-13T12:09:30.460+0000] {logging_mixin.py:188} INFO - [2026-07-13T12:09:30.460+0000] {dag.py:3947} INFO - Setting next_dagrun for crypto_daily_pipeline to 2026-07-12 00:00:00+00:00, run_after=2026-07-13 00:00:00+00:00
[2026-07-13T12:09:30.465+0000] {processor.py:183} INFO - Processing /opt/airflow/dags/crypto_pipeline_dag.py took 0.048 seconds
[2026-07-13T12:10:00.611+0000] {processor.py:161} INFO - Started process (PID=306) to work on /opt/airflow/dags/crypto_pipeline_dag.py
[2026-07-13T12:10:00.612+0000] {processor.py:830} INFO - Processing file /opt/airflow/dags/crypto_pipeline_dag.py for tasks to queue
[2026-07-13T12:10:00.614+0000] {logging_mixin.py:188} INFO - [2026-07-13T12:10:00.614+0000] {dagbag.py:545} INFO - Filling up the DagBag from /opt/airflow/dags/crypto_pipeline_dag.py
[2026-07-13T12:10:00.628+0000] {processor.py:840} INFO - DAG(s) 'crypto_daily_pipeline' retrieved from /opt/airflow/dags/crypto_pipeline_dag.py
[2026-07-13T12:10:00.649+0000] {logging_mixin.py:188} INFO - [2026-07-13T12:10:00.649+0000] {dag.py:3089} INFO - Sync 1 DAGs
[2026-07-13T12:10:00.659+0000] {logging_mixin.py:188} INFO - [2026-07-13T12:10:00.659+0000] {dag.py:3947} INFO - Setting next_dagrun for crypto_daily_pipeline to 2026-07-12 00:00:00+00:00, run_after=2026-07-13 00:00:00+00:00
[2026-07-13T12:10:00.666+0000] {processor.py:183} INFO - Processing /opt/airflow/dags/crypto_pipeline_dag.py took 0.060 seconds
[2026-07-13T12:10:30.811+0000] {processor.py:161} INFO - Started process (PID=311) to work on /opt/airflow/dags/crypto_pipeline_dag.py
[2026-07-13T12:10:30.812+0000] {processor.py:830} INFO - Processing file /opt/airflow/dags/crypto_pipeline_dag.py for tasks to queue
[2026-07-13T12:10:30.813+0000] {logging_mixin.py:188} INFO - [2026-07-13T12:10:30.813+0000] {dagbag.py:545} INFO - Filling up the DagBag from /opt/airflow/dags/crypto_pipeline_dag.py
[2026-07-13T12:10:30.822+0000] {processor.py:840} INFO - DAG(s) 'crypto_daily_pipeline' retrieved from /opt/airflow/dags/crypto_pipeline_dag.py
[2026-07-13T12:10:30.838+0000] {logging_mixin.py:188} INFO - [2026-07-13T12:10:30.838+0000] {dag.py:3089} INFO - Sync 1 DAGs
[2026-07-13T12:10:30.848+0000] {logging_mixin.py:188} INFO - [2026-07-13T12:10:30.848+0000] {dag.py:3947} INFO - Setting next_dagrun for crypto_daily_pipeline to 2026-07-12 00:00:00+00:00, run_after=2026-07-13 00:00:00+00:00
[2026-07-13T12:10:30.854+0000] {processor.py:183} INFO - Processing /opt/airflow/dags/crypto_pipeline_dag.py took 0.048 seconds
[2026-07-13T12:11:01.031+0000] {processor.py:161} INFO - Started process (PID=316) to work on /opt/airflow/dags/crypto_pipeline_dag.py
[2026-07-13T12:11:01.032+0000] {processor.py:830} INFO - Processing file /opt/airflow/dags/crypto_pipeline_dag.py for tasks to queue
[2026-07-13T12:11:01.033+0000] {logging_mixin.py:188} INFO - [2026-07-13T12:11:01.033+0000] {dagbag.py:545} INFO - Filling up the DagBag from /opt/airflow/dags/crypto_pipeline_dag.py
[2026-07-13T12:11:01.041+0000] {processor.py:840} INFO - DAG(s) 'crypto_daily_pipeline' retrieved from /opt/airflow/dags/crypto_pipeline_dag.py
[2026-07-13T12:11:01.059+0000] {logging_mixin.py:188} INFO - [2026-07-13T12:11:01.059+0000] {dag.py:3089} INFO - Sync 1 DAGs
[2026-07-13T12:11:01.068+0000] {logging_mixin.py:188} INFO - [2026-07-13T12:11:01.068+0000] {dag.py:3947} INFO - Setting next_dagrun for crypto_daily_pipeline to 2026-07-12 00:00:00+00:00, run_after=2026-07-13 00:00:00+00:00
[2026-07-13T12:11:01.074+0000] {processor.py:183} INFO - Processing /opt/airflow/dags/crypto_pipeline_dag.py took 0.048 seconds
[2026-07-13T12:11:31.233+0000] {processor.py:161} INFO - Started process (PID=321) to work on /opt/airflow/dags/crypto_pipeline_dag.py
[2026-07-13T12:11:31.234+0000] {processor.py:830} INFO - Processing file /opt/airflow/dags/crypto_pipeline_dag.py for tasks to queue
[2026-07-13T12:11:31.235+0000] {logging_mixin.py:188} INFO - [2026-07-13T12:11:31.235+0000] {dagbag.py:545} INFO - Filling up the DagBag from /opt/airflow/dags/crypto_pipeline_dag.py
[2026-07-13T12:11:31.244+0000] {processor.py:840} INFO - DAG(s) 'crypto_daily_pipeline' retrieved from /opt/airflow/dags/crypto_pipeline_dag.py
[2026-07-13T12:11:31.260+0000] {logging_mixin.py:188} INFO - [2026-07-13T12:11:31.260+0000] {dag.py:3089} INFO - Sync 1 DAGs
[2026-07-13T12:11:31.269+0000] {logging_mixin.py:188} INFO - [2026-07-13T12:11:31.269+0000] {dag.py:3947} INFO - Setting next_dagrun for crypto_daily_pipeline to 2026-07-12 00:00:00+00:00, run_after=2026-07-13 00:00:00+00:00
[2026-07-13T12:11:31.275+0000] {processor.py:183} INFO - Processing /opt/airflow/dags/crypto_pipeline_dag.py took 0.046 seconds
[2026-07-13T12:12:01.433+0000] {processor.py:161} INFO - Started process (PID=326) to work on /opt/airflow/dags/crypto_pipeline_dag.py
[2026-07-13T12:12:01.434+0000] {processor.py:830} INFO - Processing file /opt/airflow/dags/crypto_pipeline_dag.py for tasks to queue
[2026-07-13T12:12:01.436+0000] {logging_mixin.py:188} INFO - [2026-07-13T12:12:01.436+0000] {dagbag.py:545} INFO - Filling up the DagBag from /opt/airflow/dags/crypto_pipeline_dag.py
[2026-07-13T12:12:01.445+0000] {processor.py:840} INFO - DAG(s) 'crypto_daily_pipeline' retrieved from /opt/airflow/dags/crypto_pipeline_dag.py
[2026-07-13T12:12:01.463+0000] {logging_mixin.py:188} INFO - [2026-07-13T12:12:01.463+0000] {dag.py:3089} INFO - Sync 1 DAGs
[2026-07-13T12:12:01.473+0000] {logging_mixin.py:188} INFO - [2026-07-13T12:12:01.473+0000] {dag.py:3947} INFO - Setting next_dagrun for crypto_daily_pipeline to 2026-07-12 00:00:00+00:00, run_after=2026-07-13 00:00:00+00:00
[2026-07-13T12:12:01.480+0000] {processor.py:183} INFO - Processing /opt/airflow/dags/crypto_pipeline_dag.py took 0.051 seconds
[2026-07-13T12:12:31.628+0000] {processor.py:161} INFO - Started process (PID=331) to work on /opt/airflow/dags/crypto_pipeline_dag.py
[2026-07-13T12:12:31.629+0000] {processor.py:830} INFO - Processing file /opt/airflow/dags/crypto_pipeline_dag.py for tasks to queue
[2026-07-13T12:12:31.630+0000] {logging_mixin.py:188} INFO - [2026-07-13T12:12:31.630+0000] {dagbag.py:545} INFO - Filling up the DagBag from /opt/airflow/dags/crypto_pipeline_dag.py
[2026-07-13T12:12:31.639+0000] {processor.py:840} INFO - DAG(s) 'crypto_daily_pipeline' retrieved from /opt/airflow/dags/crypto_pipeline_dag.py
[2026-07-13T12:12:31.656+0000] {logging_mixin.py:188} INFO - [2026-07-13T12:12:31.656+0000] {dag.py:3089} INFO - Sync 1 DAGs
[2026-07-13T12:12:31.666+0000] {logging_mixin.py:188} INFO - [2026-07-13T12:12:31.666+0000] {dag.py:3947} INFO - Setting next_dagrun for crypto_daily_pipeline to 2026-07-12 00:00:00+00:00, run_after=2026-07-13 00:00:00+00:00
[2026-07-13T12:12:31.674+0000] {processor.py:183} INFO - Processing /opt/airflow/dags/crypto_pipeline_dag.py took 0.051 seconds
[2026-07-13T12:13:01.824+0000] {processor.py:161} INFO - Started process (PID=336) to work on /opt/airflow/dags/crypto_pipeline_dag.py
[2026-07-13T12:13:01.824+0000] {processor.py:830} INFO - Processing file /opt/airflow/dags/crypto_pipeline_dag.py for tasks to queue
[2026-07-13T12:13:01.826+0000] {logging_mixin.py:188} INFO - [2026-07-13T12:13:01.826+0000] {dagbag.py:545} INFO - Filling up the DagBag from /opt/airflow/dags/crypto_pipeline_dag.py
[2026-07-13T12:13:01.836+0000] {processor.py:840} INFO - DAG(s) 'crypto_daily_pipeline' retrieved from /opt/airflow/dags/crypto_pipeline_dag.py
[2026-07-13T12:13:01.854+0000] {logging_mixin.py:188} INFO - [2026-07-13T12:13:01.854+0000] {dag.py:3089} INFO - Sync 1 DAGs
[2026-07-13T12:13:01.863+0000] {logging_mixin.py:188} INFO - [2026-07-13T12:13:01.863+0000] {dag.py:3947} INFO - Setting next_dagrun for crypto_daily_pipeline to 2026-07-12 00:00:00+00:00, run_after=2026-07-13 00:00:00+00:00
[2026-07-13T12:13:01.869+0000] {processor.py:183} INFO - Processing /opt/airflow/dags/crypto_pipeline_dag.py took 0.050 seconds
[2026-07-13T12:13:32.023+0000] {processor.py:161} INFO - Started process (PID=341) to work on /opt/airflow/dags/crypto_pipeline_dag.py
[2026-07-13T12:13:32.024+0000] {processor.py:830} INFO - Processing file /opt/airflow/dags/crypto_pipeline_dag.py for tasks to queue
[2026-07-13T12:13:32.025+0000] {logging_mixin.py:188} INFO - [2026-07-13T12:13:32.025+0000] {dagbag.py:545} INFO - Filling up the DagBag from /opt/airflow/dags/crypto_pipeline_dag.py
[2026-07-13T12:13:32.034+0000] {processor.py:840} INFO - DAG(s) 'crypto_daily_pipeline' retrieved from /opt/airflow/dags/crypto_pipeline_dag.py
[2026-07-13T12:13:32.052+0000] {logging_mixin.py:188} INFO - [2026-07-13T12:13:32.052+0000] {dag.py:3089} INFO - Sync 1 DAGs
[2026-07-13T12:13:32.063+0000] {logging_mixin.py:188} INFO - [2026-07-13T12:13:32.063+0000] {dag.py:3947} INFO - Setting next_dagrun for crypto_daily_pipeline to 2026-07-12 00:00:00+00:00, run_after=2026-07-13 00:00:00+00:00
[2026-07-13T12:13:32.069+0000] {processor.py:183} INFO - Processing /opt/airflow/dags/crypto_pipeline_dag.py took 0.051 seconds
[2026-07-13T12:14:02.216+0000] {processor.py:161} INFO - Started process (PID=346) to work on /opt/airflow/dags/crypto_pipeline_dag.py
[2026-07-13T12:14:02.217+0000] {processor.py:830} INFO - Processing file /opt/airflow/dags/crypto_pipeline_dag.py for tasks to queue
[2026-07-13T12:14:02.218+0000] {logging_mixin.py:188} INFO - [2026-07-13T12:14:02.218+0000] {dagbag.py:545} INFO - Filling up the DagBag from /opt/airflow/dags/crypto_pipeline_dag.py
[2026-07-13T12:14:02.223+0000] {processor.py:840} INFO - DAG(s) 'crypto_daily_pipeline' retrieved from /opt/airflow/dags/crypto_pipeline_dag.py
[2026-07-13T12:14:02.234+0000] {logging_mixin.py:188} INFO - [2026-07-13T12:14:02.234+0000] {dag.py:3089} INFO - Sync 1 DAGs
[2026-07-13T12:14:02.242+0000] {logging_mixin.py:188} INFO - [2026-07-13T12:14:02.242+0000] {dag.py:3947} INFO - Setting next_dagrun for crypto_daily_pipeline to 2026-07-12 00:00:00+00:00, run_after=2026-07-13 00:00:00+00:00
[2026-07-13T12:14:02.248+0000] {processor.py:183} INFO - Processing /opt/airflow/dags/crypto_pipeline_dag.py took 0.035 seconds
[2026-07-13T12:14:32.405+0000] {processor.py:161} INFO - Started process (PID=351) to work on /opt/airflow/dags/crypto_pipeline_dag.py
[2026-07-13T12:14:32.407+0000] {processor.py:830} INFO - Processing file /opt/airflow/dags/crypto_pipeline_dag.py for tasks to queue
[2026-07-13T12:14:32.410+0000] {logging_mixin.py:188} INFO - [2026-07-13T12:14:32.409+0000] {dagbag.py:545} INFO - Filling up the DagBag from /opt/airflow/dags/crypto_pipeline_dag.py
[2026-07-13T12:14:32.422+0000] {processor.py:840} INFO - DAG(s) 'crypto_daily_pipeline' retrieved from /opt/airflow/dags/crypto_pipeline_dag.py
[2026-07-13T12:14:32.446+0000] {logging_mixin.py:188} INFO - [2026-07-13T12:14:32.446+0000] {dag.py:3089} INFO - Sync 1 DAGs
[2026-07-13T12:14:32.460+0000] {logging_mixin.py:188} INFO - [2026-07-13T12:14:32.460+0000] {dag.py:3947} INFO - Setting next_dagrun for crypto_daily_pipeline to 2026-07-12 00:00:00+00:00, run_after=2026-07-13 00:00:00+00:00
[2026-07-13T12:14:32.468+0000] {processor.py:183} INFO - Processing /opt/airflow/dags/crypto_pipeline_dag.py took 0.071 seconds
[2026-07-13T12:15:02.602+0000] {processor.py:161} INFO - Started process (PID=356) to work on /opt/airflow/dags/crypto_pipeline_dag.py
[2026-07-13T12:15:02.603+0000] {processor.py:830} INFO - Processing file /opt/airflow/dags/crypto_pipeline_dag.py for tasks to queue
[2026-07-13T12:15:02.606+0000] {logging_mixin.py:188} INFO - [2026-07-13T12:15:02.605+0000] {dagbag.py:545} INFO - Filling up the DagBag from /opt/airflow/dags/crypto_pipeline_dag.py
[2026-07-13T12:15:02.616+0000] {processor.py:840} INFO - DAG(s) 'crypto_daily_pipeline' retrieved from /opt/airflow/dags/crypto_pipeline_dag.py
[2026-07-13T12:15:02.636+0000] {logging_mixin.py:188} INFO - [2026-07-13T12:15:02.636+0000] {dag.py:3089} INFO - Sync 1 DAGs
[2026-07-13T12:15:02.646+0000] {logging_mixin.py:188} INFO - [2026-07-13T12:15:02.646+0000] {dag.py:3947} INFO - Setting next_dagrun for crypto_daily_pipeline to 2026-07-12 00:00:00+00:00, run_after=2026-07-13 00:00:00+00:00
[2026-07-13T12:15:02.653+0000] {processor.py:183} INFO - Processing /opt/airflow/dags/crypto_pipeline_dag.py took 0.061 seconds
[2026-07-13T12:15:32.834+0000] {processor.py:161} INFO - Started process (PID=361) to work on /opt/airflow/dags/crypto_pipeline_dag.py
[2026-07-13T12:15:32.835+0000] {processor.py:830} INFO - Processing file /opt/airflow/dags/crypto_pipeline_dag.py for tasks to queue
[2026-07-13T12:15:32.837+0000] {logging_mixin.py:188} INFO - [2026-07-13T12:15:32.837+0000] {dagbag.py:545} INFO - Filling up the DagBag from /opt/airflow/dags/crypto_pipeline_dag.py
[2026-07-13T12:15:32.849+0000] {processor.py:840} INFO - DAG(s) 'crypto_daily_pipeline' retrieved from /opt/airflow/dags/crypto_pipeline_dag.py
[2026-07-13T12:15:32.869+0000] {logging_mixin.py:188} INFO - [2026-07-13T12:15:32.869+0000] {dag.py:3089} INFO - Sync 1 DAGs
[2026-07-13T12:15:32.879+0000] {logging_mixin.py:188} INFO - [2026-07-13T12:15:32.879+0000] {dag.py:3947} INFO - Setting next_dagrun for crypto_daily_pipeline to 2026-07-12 00:00:00+00:00, run_after=2026-07-13 00:00:00+00:00
[2026-07-13T12:15:32.885+0000] {processor.py:183} INFO - Processing /opt/airflow/dags/crypto_pipeline_dag.py took 0.059 seconds
[2026-07-13T12:16:03.047+0000] {processor.py:161} INFO - Started process (PID=366) to work on /opt/airflow/dags/crypto_pipeline_dag.py
[2026-07-13T12:16:03.048+0000] {processor.py:830} INFO - Processing file /opt/airflow/dags/crypto_pipeline_dag.py for tasks to queue
[2026-07-13T12:16:03.049+0000] {logging_mixin.py:188} INFO - [2026-07-13T12:16:03.049+0000] {dagbag.py:545} INFO - Filling up the DagBag from /opt/airflow/dags/crypto_pipeline_dag.py
[2026-07-13T12:16:03.058+0000] {processor.py:840} INFO - DAG(s) 'crypto_daily_pipeline' retrieved from /opt/airflow/dags/crypto_pipeline_dag.py
[2026-07-13T12:16:03.076+0000] {logging_mixin.py:188} INFO - [2026-07-13T12:16:03.076+0000] {dag.py:3089} INFO - Sync 1 DAGs
[2026-07-13T12:16:03.085+0000] {logging_mixin.py:188} INFO - [2026-07-13T12:16:03.085+0000] {dag.py:3947} INFO - Setting next_dagrun for crypto_daily_pipeline to 2026-07-12 00:00:00+00:00, run_after=2026-07-13 00:00:00+00:00
[2026-07-13T12:16:03.091+0000] {processor.py:183} INFO - Processing /opt/airflow/dags/crypto_pipeline_dag.py took 0.050 seconds
[2026-07-13T12:16:33.267+0000] {processor.py:161} INFO - Started process (PID=371) to work on /opt/airflow/dags/crypto_pipeline_dag.py
[2026-07-13T12:16:33.268+0000] {processor.py:830} INFO - Processing file /opt/airflow/dags/crypto_pipeline_dag.py for tasks to queue
[2026-07-13T12:16:33.269+0000] {logging_mixin.py:188} INFO - [2026-07-13T12:16:33.269+0000] {dagbag.py:545} INFO - Filling up the DagBag from /opt/airflow/dags/crypto_pipeline_dag.py
[2026-07-13T12:16:33.279+0000] {processor.py:840} INFO - DAG(s) 'crypto_daily_pipeline' retrieved from /opt/airflow/dags/crypto_pipeline_dag.py
[2026-07-13T12:16:33.298+0000] {logging_mixin.py:188} INFO - [2026-07-13T12:16:33.298+0000] {dag.py:3089} INFO - Sync 1 DAGs
[2026-07-13T12:16:33.306+0000] {logging_mixin.py:188} INFO - [2026-07-13T12:16:33.306+0000] {dag.py:3947} INFO - Setting next_dagrun for crypto_daily_pipeline to 2026-07-12 00:00:00+00:00, run_after=2026-07-13 00:00:00+00:00
[2026-07-13T12:16:33.312+0000] {processor.py:183} INFO - Processing /opt/airflow/dags/crypto_pipeline_dag.py took 0.052 seconds
[2026-07-13T12:17:03.447+0000] {processor.py:161} INFO - Started process (PID=376) to work on /opt/airflow/dags/crypto_pipeline_dag.py
[2026-07-13T12:17:03.448+0000] {processor.py:830} INFO - Processing file /opt/airflow/dags/crypto_pipeline_dag.py for tasks to queue
[2026-07-13T12:17:03.450+0000] {logging_mixin.py:188} INFO - [2026-07-13T12:17:03.449+0000] {dagbag.py:545} INFO - Filling up the DagBag from /opt/airflow/dags/crypto_pipeline_dag.py
[2026-07-13T12:17:03.462+0000] {processor.py:840} INFO - DAG(s) 'crypto_daily_pipeline' retrieved from /opt/airflow/dags/crypto_pipeline_dag.py
[2026-07-13T12:17:03.482+0000] {logging_mixin.py:188} INFO - [2026-07-13T12:17:03.481+0000] {dag.py:3089} INFO - Sync 1 DAGs
[2026-07-13T12:17:03.492+0000] {logging_mixin.py:188} INFO - [2026-07-13T12:17:03.492+0000] {dag.py:3947} INFO - Setting next_dagrun for crypto_daily_pipeline to 2026-07-12 00:00:00+00:00, run_after=2026-07-13 00:00:00+00:00
[2026-07-13T12:17:03.498+0000] {processor.py:183} INFO - Processing /opt/airflow/dags/crypto_pipeline_dag.py took 0.056 seconds
[2026-07-13T12:17:33.661+0000] {processor.py:161} INFO - Started process (PID=387) to work on /opt/airflow/dags/crypto_pipeline_dag.py
[2026-07-13T12:17:33.662+0000] {processor.py:830} INFO - Processing file /opt/airflow/dags/crypto_pipeline_dag.py for tasks to queue
[2026-07-13T12:17:33.664+0000] {logging_mixin.py:188} INFO - [2026-07-13T12:17:33.664+0000] {dagbag.py:545} INFO - Filling up the DagBag from /opt/airflow/dags/crypto_pipeline_dag.py
[2026-07-13T12:17:33.678+0000] {processor.py:840} INFO - DAG(s) 'crypto_daily_pipeline' retrieved from /opt/airflow/dags/crypto_pipeline_dag.py
[2026-07-13T12:17:33.698+0000] {logging_mixin.py:188} INFO - [2026-07-13T12:17:33.698+0000] {dag.py:3089} INFO - Sync 1 DAGs
[2026-07-13T12:17:33.708+0000] {logging_mixin.py:188} INFO - [2026-07-13T12:17:33.708+0000] {dag.py:3947} INFO - Setting next_dagrun for crypto_daily_pipeline to 2026-07-12 00:00:00+00:00, run_after=2026-07-13 00:00:00+00:00
[2026-07-13T12:17:33.714+0000] {processor.py:183} INFO - Processing /opt/airflow/dags/crypto_pipeline_dag.py took 0.062 seconds
[2026-07-13T12:18:03.844+0000] {processor.py:161} INFO - Started process (PID=392) to work on /opt/airflow/dags/crypto_pipeline_dag.py
[2026-07-13T12:18:03.845+0000] {processor.py:830} INFO - Processing file /opt/airflow/dags/crypto_pipeline_dag.py for tasks to queue
[2026-07-13T12:18:03.846+0000] {logging_mixin.py:188} INFO - [2026-07-13T12:18:03.846+0000] {dagbag.py:545} INFO - Filling up the DagBag from /opt/airflow/dags/crypto_pipeline_dag.py
[2026-07-13T12:18:03.857+0000] {processor.py:840} INFO - DAG(s) 'crypto_daily_pipeline' retrieved from /opt/airflow/dags/crypto_pipeline_dag.py
[2026-07-13T12:18:03.879+0000] {logging_mixin.py:188} INFO - [2026-07-13T12:18:03.879+0000] {dag.py:3089} INFO - Sync 1 DAGs
[2026-07-13T12:18:03.890+0000] {logging_mixin.py:188} INFO - [2026-07-13T12:18:03.890+0000] {dag.py:3947} INFO - Setting next_dagrun for crypto_daily_pipeline to 2026-07-12 00:00:00+00:00, run_after=2026-07-13 00:00:00+00:00
[2026-07-13T12:18:03.896+0000] {processor.py:183} INFO - Processing /opt/airflow/dags/crypto_pipeline_dag.py took 0.057 seconds
[2026-07-13T12:18:34.097+0000] {processor.py:161} INFO - Started process (PID=397) to work on /opt/airflow/dags/crypto_pipeline_dag.py
[2026-07-13T12:18:34.098+0000] {processor.py:830} INFO - Processing file /opt/airflow/dags/crypto_pipeline_dag.py for tasks to queue
[2026-07-13T12:18:34.100+0000] {logging_mixin.py:188} INFO - [2026-07-13T12:18:34.100+0000] {dagbag.py:545} INFO - Filling up the DagBag from /opt/airflow/dags/crypto_pipeline_dag.py
[2026-07-13T12:18:34.109+0000] {processor.py:840} INFO - DAG(s) 'crypto_daily_pipeline' retrieved from /opt/airflow/dags/crypto_pipeline_dag.py
[2026-07-13T12:18:34.127+0000] {logging_mixin.py:188} INFO - [2026-07-13T12:18:34.127+0000] {dag.py:3089} INFO - Sync 1 DAGs
[2026-07-13T12:18:34.137+0000] {logging_mixin.py:188} INFO - [2026-07-13T12:18:34.136+0000] {dag.py:3947} INFO - Setting next_dagrun for crypto_daily_pipeline to 2026-07-12 00:00:00+00:00, run_after=2026-07-13 00:00:00+00:00
[2026-07-13T12:18:34.143+0000] {processor.py:183} INFO - Processing /opt/airflow/dags/crypto_pipeline_dag.py took 0.051 seconds
[2026-07-13T12:19:04.326+0000] {processor.py:161} INFO - Started process (PID=402) to work on /opt/airflow/dags/crypto_pipeline_dag.py
[2026-07-13T12:19:04.327+0000] {processor.py:830} INFO - Processing file /opt/airflow/dags/crypto_pipeline_dag.py for tasks to queue
[2026-07-13T12:19:04.329+0000] {logging_mixin.py:188} INFO - [2026-07-13T12:19:04.329+0000] {dagbag.py:545} INFO - Filling up the DagBag from /opt/airflow/dags/crypto_pipeline_dag.py
[2026-07-13T12:19:04.342+0000] {processor.py:840} INFO - DAG(s) 'crypto_daily_pipeline' retrieved from /opt/airflow/dags/crypto_pipeline_dag.py
[2026-07-13T12:19:04.361+0000] {logging_mixin.py:188} INFO - [2026-07-13T12:19:04.361+0000] {dag.py:3089} INFO - Sync 1 DAGs
[2026-07-13T12:19:04.370+0000] {logging_mixin.py:188} INFO - [2026-07-13T12:19:04.370+0000] {dag.py:3947} INFO - Setting next_dagrun for crypto_daily_pipeline to 2026-07-12 00:00:00+00:00, run_after=2026-07-13 00:00:00+00:00
[2026-07-13T12:19:04.376+0000] {processor.py:183} INFO - Processing /opt/airflow/dags/crypto_pipeline_dag.py took 0.058 seconds
[2026-07-13T12:19:34.512+0000] {processor.py:161} INFO - Started process (PID=407) to work on /opt/airflow/dags/crypto_pipeline_dag.py
[2026-07-13T12:19:34.513+0000] {processor.py:830} INFO - Processing file /opt/airflow/dags/crypto_pipeline_dag.py for tasks to queue
[2026-07-13T12:19:34.515+0000] {logging_mixin.py:188} INFO - [2026-07-13T12:19:34.515+0000] {dagbag.py:545} INFO - Filling up the DagBag from /opt/airflow/dags/crypto_pipeline_dag.py
[2026-07-13T12:19:34.529+0000] {processor.py:840} INFO - DAG(s) 'crypto_daily_pipeline' retrieved from /opt/airflow/dags/crypto_pipeline_dag.py
[2026-07-13T12:19:34.555+0000] {logging_mixin.py:188} INFO - [2026-07-13T12:19:34.555+0000] {dag.py:3089} INFO - Sync 1 DAGs
[2026-07-13T12:19:34.565+0000] {logging_mixin.py:188} INFO - [2026-07-13T12:19:34.565+0000] {dag.py:3947} INFO - Setting next_dagrun for crypto_daily_pipeline to 2026-07-12 00:00:00+00:00, run_after=2026-07-13 00:00:00+00:00
[2026-07-13T12:19:34.572+0000] {processor.py:183} INFO - Processing /opt/airflow/dags/crypto_pipeline_dag.py took 0.072 seconds
[2026-07-13T12:20:04.723+0000] {processor.py:161} INFO - Started process (PID=412) to work on /opt/airflow/dags/crypto_pipeline_dag.py
[2026-07-13T12:20:04.724+0000] {processor.py:830} INFO - Processing file /opt/airflow/dags/crypto_pipeline_dag.py for tasks to queue
[2026-07-13T12:20:04.727+0000] {logging_mixin.py:188} INFO - [2026-07-13T12:20:04.727+0000] {dagbag.py:545} INFO - Filling up the DagBag from /opt/airflow/dags/crypto_pipeline_dag.py
[2026-07-13T12:20:04.742+0000] {processor.py:840} INFO - DAG(s) 'crypto_daily_pipeline' retrieved from /opt/airflow/dags/crypto_pipeline_dag.py
[2026-07-13T12:20:04.766+0000] {logging_mixin.py:188} INFO - [2026-07-13T12:20:04.766+0000] {dag.py:3089} INFO - Sync 1 DAGs
[2026-07-13T12:20:04.776+0000] {logging_mixin.py:188} INFO - [2026-07-13T12:20:04.775+0000] {dag.py:3947} INFO - Setting next_dagrun for crypto_daily_pipeline to 2026-07-12 00:00:00+00:00, run_after=2026-07-13 00:00:00+00:00
[2026-07-13T12:20:04.783+0000] {processor.py:183} INFO - Processing /opt/airflow/dags/crypto_pipeline_dag.py took 0.069 seconds
[2026-07-13T12:20:34.934+0000] {processor.py:161} INFO - Started process (PID=417) to work on /opt/airflow/dags/crypto_pipeline_dag.py
[2026-07-13T12:20:34.935+0000] {processor.py:830} INFO - Processing file /opt/airflow/dags/crypto_pipeline_dag.py for tasks to queue
[2026-07-13T12:20:34.937+0000] {logging_mixin.py:188} INFO - [2026-07-13T12:20:34.937+0000] {dagbag.py:545} INFO - Filling up the DagBag from /opt/airflow/dags/crypto_pipeline_dag.py
[2026-07-13T12:20:34.950+0000] {processor.py:840} INFO - DAG(s) 'crypto_daily_pipeline' retrieved from /opt/airflow/dags/crypto_pipeline_dag.py
[2026-07-13T12:20:34.970+0000] {logging_mixin.py:188} INFO - [2026-07-13T12:20:34.969+0000] {dag.py:3089} INFO - Sync 1 DAGs
[2026-07-13T12:20:34.981+0000] {logging_mixin.py:188} INFO - [2026-07-13T12:20:34.980+0000] {dag.py:3947} INFO - Setting next_dagrun for crypto_daily_pipeline to 2026-07-12 00:00:00+00:00, run_after=2026-07-13 00:00:00+00:00
[2026-07-13T12:20:34.987+0000] {processor.py:183} INFO - Processing /opt/airflow/dags/crypto_pipeline_dag.py took 0.060 seconds
[2026-07-13T12:21:05.164+0000] {processor.py:161} INFO - Started process (PID=422) to work on /opt/airflow/dags/crypto_pipeline_dag.py
[2026-07-13T12:21:05.166+0000] {processor.py:830} INFO - Processing file /opt/airflow/dags/crypto_pipeline_dag.py for tasks to queue
[2026-07-13T12:21:05.168+0000] {logging_mixin.py:188} INFO - [2026-07-13T12:21:05.167+0000] {dagbag.py:545} INFO - Filling up the DagBag from /opt/airflow/dags/crypto_pipeline_dag.py
[2026-07-13T12:21:05.177+0000] {processor.py:840} INFO - DAG(s) 'crypto_daily_pipeline' retrieved from /opt/airflow/dags/crypto_pipeline_dag.py
[2026-07-13T12:21:05.195+0000] {logging_mixin.py:188} INFO - [2026-07-13T12:21:05.194+0000] {dag.py:3089} INFO - Sync 1 DAGs
[2026-07-13T12:21:05.206+0000] {logging_mixin.py:188} INFO - [2026-07-13T12:21:05.205+0000] {dag.py:3947} INFO - Setting next_dagrun for crypto_daily_pipeline to 2026-07-12 00:00:00+00:00, run_after=2026-07-13 00:00:00+00:00
[2026-07-13T12:21:05.212+0000] {processor.py:183} INFO - Processing /opt/airflow/dags/crypto_pipeline_dag.py took 0.052 seconds
[2026-07-13T12:21:35.368+0000] {processor.py:161} INFO - Started process (PID=427) to work on /opt/airflow/dags/crypto_pipeline_dag.py
[2026-07-13T12:21:35.368+0000] {processor.py:830} INFO - Processing file /opt/airflow/dags/crypto_pipeline_dag.py for tasks to queue
[2026-07-13T12:21:35.369+0000] {logging_mixin.py:188} INFO - [2026-07-13T12:21:35.369+0000] {dagbag.py:545} INFO - Filling up the DagBag from /opt/airflow/dags/crypto_pipeline_dag.py
[2026-07-13T12:21:35.377+0000] {processor.py:840} INFO - DAG(s) 'crypto_daily_pipeline' retrieved from /opt/airflow/dags/crypto_pipeline_dag.py
[2026-07-13T12:21:35.393+0000] {logging_mixin.py:188} INFO - [2026-07-13T12:21:35.393+0000] {dag.py:3089} INFO - Sync 1 DAGs
[2026-07-13T12:21:35.402+0000] {logging_mixin.py:188} INFO - [2026-07-13T12:21:35.402+0000] {dag.py:3947} INFO - Setting next_dagrun for crypto_daily_pipeline to 2026-07-12 00:00:00+00:00, run_after=2026-07-13 00:00:00+00:00
[2026-07-13T12:21:35.409+0000] {processor.py:183} INFO - Processing /opt/airflow/dags/crypto_pipeline_dag.py took 0.046 seconds
[2026-07-13T12:22:05.574+0000] {processor.py:161} INFO - Started process (PID=432) to work on /opt/airflow/dags/crypto_pipeline_dag.py
[2026-07-13T12:22:05.575+0000] {processor.py:830} INFO - Processing file /opt/airflow/dags/crypto_pipeline_dag.py for tasks to queue
[2026-07-13T12:22:05.576+0000] {logging_mixin.py:188} INFO - [2026-07-13T12:22:05.576+0000] {dagbag.py:545} INFO - Filling up the DagBag from /opt/airflow/dags/crypto_pipeline_dag.py
[2026-07-13T12:22:05.586+0000] {processor.py:840} INFO - DAG(s) 'crypto_daily_pipeline' retrieved from /opt/airflow/dags/crypto_pipeline_dag.py
[2026-07-13T12:22:05.605+0000] {logging_mixin.py:188} INFO - [2026-07-13T12:22:05.605+0000] {dag.py:3089} INFO - Sync 1 DAGs
[2026-07-13T12:22:05.614+0000] {logging_mixin.py:188} INFO - [2026-07-13T12:22:05.614+0000] {dag.py:3947} INFO - Setting next_dagrun for crypto_daily_pipeline to 2026-07-12 00:00:00+00:00, run_after=2026-07-13 00:00:00+00:00
[2026-07-13T12:22:05.620+0000] {processor.py:183} INFO - Processing /opt/airflow/dags/crypto_pipeline_dag.py took 0.053 seconds
[2026-07-13T12:22:35.777+0000] {processor.py:161} INFO - Started process (PID=437) to work on /opt/airflow/dags/crypto_pipeline_dag.py
[2026-07-13T12:22:35.779+0000] {processor.py:830} INFO - Processing file /opt/airflow/dags/crypto_pipeline_dag.py for tasks to queue
[2026-07-13T12:22:35.781+0000] {logging_mixin.py:188} INFO - [2026-07-13T12:22:35.781+0000] {dagbag.py:545} INFO - Filling up the DagBag from /opt/airflow/dags/crypto_pipeline_dag.py
[2026-07-13T12:22:35.791+0000] {processor.py:840} INFO - DAG(s) 'crypto_daily_pipeline' retrieved from /opt/airflow/dags/crypto_pipeline_dag.py
[2026-07-13T12:22:35.810+0000] {logging_mixin.py:188} INFO - [2026-07-13T12:22:35.810+0000] {dag.py:3089} INFO - Sync 1 DAGs
[2026-07-13T12:22:35.820+0000] {logging_mixin.py:188} INFO - [2026-07-13T12:22:35.820+0000] {dag.py:3947} INFO - Setting next_dagrun for crypto_daily_pipeline to 2026-07-12 00:00:00+00:00, run_after=2026-07-13 00:00:00+00:00
[2026-07-13T12:22:35.826+0000] {processor.py:183} INFO - Processing /opt/airflow/dags/crypto_pipeline_dag.py took 0.055 seconds
[2026-07-13T12:23:05.957+0000] {processor.py:161} INFO - Started process (PID=442) to work on /opt/airflow/dags/crypto_pipeline_dag.py
[2026-07-13T12:23:05.958+0000] {processor.py:830} INFO - Processing file /opt/airflow/dags/crypto_pipeline_dag.py for tasks to queue
[2026-07-13T12:23:05.960+0000] {logging_mixin.py:188} INFO - [2026-07-13T12:23:05.959+0000] {dagbag.py:545} INFO - Filling up the DagBag from /opt/airflow/dags/crypto_pipeline_dag.py
[2026-07-13T12:23:05.970+0000] {processor.py:840} INFO - DAG(s) 'crypto_daily_pipeline' retrieved from /opt/airflow/dags/crypto_pipeline_dag.py
[2026-07-13T12:23:05.991+0000] {logging_mixin.py:188} INFO - [2026-07-13T12:23:05.991+0000] {dag.py:3089} INFO - Sync 1 DAGs
[2026-07-13T12:23:06.003+0000] {logging_mixin.py:188} INFO - [2026-07-13T12:23:06.002+0000] {dag.py:3947} INFO - Setting next_dagrun for crypto_daily_pipeline to 2026-07-12 00:00:00+00:00, run_after=2026-07-13 00:00:00+00:00
[2026-07-13T12:23:06.011+0000] {processor.py:183} INFO - Processing /opt/airflow/dags/crypto_pipeline_dag.py took 0.060 seconds
[2026-07-13T12:23:36.178+0000] {processor.py:161} INFO - Started process (PID=447) to work on /opt/airflow/dags/crypto_pipeline_dag.py
[2026-07-13T12:23:36.179+0000] {processor.py:830} INFO - Processing file /opt/airflow/dags/crypto_pipeline_dag.py for tasks to queue
[2026-07-13T12:23:36.180+0000] {logging_mixin.py:188} INFO - [2026-07-13T12:23:36.180+0000] {dagbag.py:545} INFO - Filling up the DagBag from /opt/airflow/dags/crypto_pipeline_dag.py
[2026-07-13T12:23:36.188+0000] {processor.py:840} INFO - DAG(s) 'crypto_daily_pipeline' retrieved from /opt/airflow/dags/crypto_pipeline_dag.py
[2026-07-13T12:23:36.204+0000] {logging_mixin.py:188} INFO - [2026-07-13T12:23:36.204+0000] {dag.py:3089} INFO - Sync 1 DAGs
[2026-07-13T12:23:36.213+0000] {logging_mixin.py:188} INFO - [2026-07-13T12:23:36.213+0000] {dag.py:3947} INFO - Setting next_dagrun for crypto_daily_pipeline to 2026-07-12 00:00:00+00:00, run_after=2026-07-13 00:00:00+00:00
[2026-07-13T12:23:36.218+0000] {processor.py:183} INFO - Processing /opt/airflow/dags/crypto_pipeline_dag.py took 0.045 seconds
[2026-07-13T12:24:06.377+0000] {processor.py:161} INFO - Started process (PID=452) to work on /opt/airflow/dags/crypto_pipeline_dag.py
[2026-07-13T12:24:06.378+0000] {processor.py:830} INFO - Processing file /opt/airflow/dags/crypto_pipeline_dag.py for tasks to queue
[2026-07-13T12:24:06.379+0000] {logging_mixin.py:188} INFO - [2026-07-13T12:24:06.379+0000] {dagbag.py:545} INFO - Filling up the DagBag from /opt/airflow/dags/crypto_pipeline_dag.py
[2026-07-13T12:24:06.388+0000] {processor.py:840} INFO - DAG(s) 'crypto_daily_pipeline' retrieved from /opt/airflow/dags/crypto_pipeline_dag.py
[2026-07-13T12:24:06.409+0000] {logging_mixin.py:188} INFO - [2026-07-13T12:24:06.409+0000] {dag.py:3089} INFO - Sync 1 DAGs
[2026-07-13T12:24:06.420+0000] {logging_mixin.py:188} INFO - [2026-07-13T12:24:06.420+0000] {dag.py:3947} INFO - Setting next_dagrun for crypto_daily_pipeline to 2026-07-12 00:00:00+00:00, run_after=2026-07-13 00:00:00+00:00
[2026-07-13T12:24:06.426+0000] {processor.py:183} INFO - Processing /opt/airflow/dags/crypto_pipeline_dag.py took 0.055 seconds
[2026-07-13T12:24:36.570+0000] {processor.py:161} INFO - Started process (PID=457) to work on /opt/airflow/dags/crypto_pipeline_dag.py
[2026-07-13T12:24:36.571+0000] {processor.py:830} INFO - Processing file /opt/airflow/dags/crypto_pipeline_dag.py for tasks to queue
[2026-07-13T12:24:36.572+0000] {logging_mixin.py:188} INFO - [2026-07-13T12:24:36.572+0000] {dagbag.py:545} INFO - Filling up the DagBag from /opt/airflow/dags/crypto_pipeline_dag.py
[2026-07-13T12:24:36.582+0000] {processor.py:840} INFO - DAG(s) 'crypto_daily_pipeline' retrieved from /opt/airflow/dags/crypto_pipeline_dag.py
[2026-07-13T12:24:36.604+0000] {logging_mixin.py:188} INFO - [2026-07-13T12:24:36.604+0000] {dag.py:3089} INFO - Sync 1 DAGs
[2026-07-13T12:24:36.615+0000] {logging_mixin.py:188} INFO - [2026-07-13T12:24:36.614+0000] {dag.py:3947} INFO - Setting next_dagrun for crypto_daily_pipeline to 2026-07-12 00:00:00+00:00, run_after=2026-07-13 00:00:00+00:00
[2026-07-13T12:24:36.621+0000] {processor.py:183} INFO - Processing /opt/airflow/dags/crypto_pipeline_dag.py took 0.057 seconds
[2026-07-13T12:25:06.797+0000] {processor.py:161} INFO - Started process (PID=462) to work on /opt/airflow/dags/crypto_pipeline_dag.py
[2026-07-13T12:25:06.798+0000] {processor.py:830} INFO - Processing file /opt/airflow/dags/crypto_pipeline_dag.py for tasks to queue
[2026-07-13T12:25:06.799+0000] {logging_mixin.py:188} INFO - [2026-07-13T12:25:06.799+0000] {dagbag.py:545} INFO - Filling up the DagBag from /opt/airflow/dags/crypto_pipeline_dag.py
[2026-07-13T12:25:06.807+0000] {processor.py:840} INFO - DAG(s) 'crypto_daily_pipeline' retrieved from /opt/airflow/dags/crypto_pipeline_dag.py
[2026-07-13T12:25:06.824+0000] {logging_mixin.py:188} INFO - [2026-07-13T12:25:06.823+0000] {dag.py:3089} INFO - Sync 1 DAGs
[2026-07-13T12:25:06.833+0000] {logging_mixin.py:188} INFO - [2026-07-13T12:25:06.833+0000] {dag.py:3947} INFO - Setting next_dagrun for crypto_daily_pipeline to 2026-07-12 00:00:00+00:00, run_after=2026-07-13 00:00:00+00:00
[2026-07-13T12:25:06.840+0000] {processor.py:183} INFO - Processing /opt/airflow/dags/crypto_pipeline_dag.py took 0.048 seconds
[2026-07-13T12:25:36.984+0000] {processor.py:161} INFO - Started process (PID=467) to work on /opt/airflow/dags/crypto_pipeline_dag.py
[2026-07-13T12:25:36.985+0000] {processor.py:830} INFO - Processing file /opt/airflow/dags/crypto_pipeline_dag.py for tasks to queue
[2026-07-13T12:25:36.985+0000] {logging_mixin.py:188} INFO - [2026-07-13T12:25:36.985+0000] {dagbag.py:545} INFO - Filling up the DagBag from /opt/airflow/dags/crypto_pipeline_dag.py
[2026-07-13T12:25:36.991+0000] {processor.py:840} INFO - DAG(s) 'crypto_daily_pipeline' retrieved from /opt/airflow/dags/crypto_pipeline_dag.py
[2026-07-13T12:25:37.002+0000] {logging_mixin.py:188} INFO - [2026-07-13T12:25:37.002+0000] {dag.py:3089} INFO - Sync 1 DAGs
[2026-07-13T12:25:37.009+0000] {logging_mixin.py:188} INFO - [2026-07-13T12:25:37.009+0000] {dag.py:3947} INFO - Setting next_dagrun for crypto_daily_pipeline to 2026-07-12 00:00:00+00:00, run_after=2026-07-13 00:00:00+00:00
[2026-07-13T12:25:37.014+0000] {processor.py:183} INFO - Processing /opt/airflow/dags/crypto_pipeline_dag.py took 0.034 seconds
[2026-07-13T12:26:07.172+0000] {processor.py:161} INFO - Started process (PID=472) to work on /opt/airflow/dags/crypto_pipeline_dag.py
[2026-07-13T12:26:07.173+0000] {processor.py:830} INFO - Processing file /opt/airflow/dags/crypto_pipeline_dag.py for tasks to queue
[2026-07-13T12:26:07.174+0000] {logging_mixin.py:188} INFO - [2026-07-13T12:26:07.174+0000] {dagbag.py:545} INFO - Filling up the DagBag from /opt/airflow/dags/crypto_pipeline_dag.py
[2026-07-13T12:26:07.180+0000] {processor.py:840} INFO - DAG(s) 'crypto_daily_pipeline' retrieved from /opt/airflow/dags/crypto_pipeline_dag.py
[2026-07-13T12:26:07.194+0000] {logging_mixin.py:188} INFO - [2026-07-13T12:26:07.194+0000] {dag.py:3089} INFO - Sync 1 DAGs
[2026-07-13T12:26:07.205+0000] {logging_mixin.py:188} INFO - [2026-07-13T12:26:07.205+0000] {dag.py:3947} INFO - Setting next_dagrun for crypto_daily_pipeline to 2026-07-12 00:00:00+00:00, run_after=2026-07-13 00:00:00+00:00
[2026-07-13T12:26:07.214+0000] {processor.py:183} INFO - Processing /opt/airflow/dags/crypto_pipeline_dag.py took 0.046 seconds
[2026-07-13T12:26:37.355+0000] {processor.py:161} INFO - Started process (PID=477) to work on /opt/airflow/dags/crypto_pipeline_dag.py
[2026-07-13T12:26:37.355+0000] {processor.py:830} INFO - Processing file /opt/airflow/dags/crypto_pipeline_dag.py for tasks to queue
[2026-07-13T12:26:37.356+0000] {logging_mixin.py:188} INFO - [2026-07-13T12:26:37.356+0000] {dagbag.py:545} INFO - Filling up the DagBag from /opt/airflow/dags/crypto_pipeline_dag.py
[2026-07-13T12:26:37.361+0000] {processor.py:840} INFO - DAG(s) 'crypto_daily_pipeline' retrieved from /opt/airflow/dags/crypto_pipeline_dag.py
[2026-07-13T12:26:37.372+0000] {logging_mixin.py:188} INFO - [2026-07-13T12:26:37.372+0000] {dag.py:3089} INFO - Sync 1 DAGs
[2026-07-13T12:26:37.379+0000] {logging_mixin.py:188} INFO - [2026-07-13T12:26:37.379+0000] {dag.py:3947} INFO - Setting next_dagrun for crypto_daily_pipeline to 2026-07-12 00:00:00+00:00, run_after=2026-07-13 00:00:00+00:00
[2026-07-13T12:26:37.385+0000] {processor.py:183} INFO - Processing /opt/airflow/dags/crypto_pipeline_dag.py took 0.033 seconds
[2026-07-13T12:27:07.538+0000] {processor.py:161} INFO - Started process (PID=482) to work on /opt/airflow/dags/crypto_pipeline_dag.py
[2026-07-13T12:27:07.539+0000] {processor.py:830} INFO - Processing file /opt/airflow/dags/crypto_pipeline_dag.py for tasks to queue
[2026-07-13T12:27:07.539+0000] {logging_mixin.py:188} INFO - [2026-07-13T12:27:07.539+0000] {dagbag.py:545} INFO - Filling up the DagBag from /opt/airflow/dags/crypto_pipeline_dag.py
[2026-07-13T12:27:07.545+0000] {processor.py:840} INFO - DAG(s) 'crypto_daily_pipeline' retrieved from /opt/airflow/dags/crypto_pipeline_dag.py
[2026-07-13T12:27:07.555+0000] {logging_mixin.py:188} INFO - [2026-07-13T12:27:07.555+0000] {dag.py:3089} INFO - Sync 1 DAGs
[2026-07-13T12:27:07.562+0000] {logging_mixin.py:188} INFO - [2026-07-13T12:27:07.562+0000] {dag.py:3947} INFO - Setting next_dagrun for crypto_daily_pipeline to 2026-07-12 00:00:00+00:00, run_after=2026-07-13 00:00:00+00:00
[2026-07-13T12:27:07.568+0000] {processor.py:183} INFO - Processing /opt/airflow/dags/crypto_pipeline_dag.py took 0.033 seconds
[2026-07-13T12:27:37.718+0000] {processor.py:161} INFO - Started process (PID=487) to work on /opt/airflow/dags/crypto_pipeline_dag.py
[2026-07-13T12:27:37.719+0000] {processor.py:830} INFO - Processing file /opt/airflow/dags/crypto_pipeline_dag.py for tasks to queue
[2026-07-13T12:27:37.720+0000] {logging_mixin.py:188} INFO - [2026-07-13T12:27:37.719+0000] {dagbag.py:545} INFO - Filling up the DagBag from /opt/airflow/dags/crypto_pipeline_dag.py
[2026-07-13T12:27:37.729+0000] {processor.py:840} INFO - DAG(s) 'crypto_daily_pipeline' retrieved from /opt/airflow/dags/crypto_pipeline_dag.py
[2026-07-13T12:27:37.739+0000] {logging_mixin.py:188} INFO - [2026-07-13T12:27:37.739+0000] {dag.py:3089} INFO - Sync 1 DAGs
[2026-07-13T12:27:37.746+0000] {logging_mixin.py:188} INFO - [2026-07-13T12:27:37.746+0000] {dag.py:3947} INFO - Setting next_dagrun for crypto_daily_pipeline to 2026-07-12 00:00:00+00:00, run_after=2026-07-13 00:00:00+00:00
[2026-07-13T12:27:37.752+0000] {processor.py:183} INFO - Processing /opt/airflow/dags/crypto_pipeline_dag.py took 0.035 seconds
[2026-07-13T12:28:07.895+0000] {processor.py:161} INFO - Started process (PID=492) to work on /opt/airflow/dags/crypto_pipeline_dag.py
[2026-07-13T12:28:07.896+0000] {processor.py:830} INFO - Processing file /opt/airflow/dags/crypto_pipeline_dag.py for tasks to queue
[2026-07-13T12:28:07.897+0000] {logging_mixin.py:188} INFO - [2026-07-13T12:28:07.897+0000] {dagbag.py:545} INFO - Filling up the DagBag from /opt/airflow/dags/crypto_pipeline_dag.py
[2026-07-13T12:28:07.902+0000] {processor.py:840} INFO - DAG(s) 'crypto_daily_pipeline' retrieved from /opt/airflow/dags/crypto_pipeline_dag.py
[2026-07-13T12:28:07.913+0000] {logging_mixin.py:188} INFO - [2026-07-13T12:28:07.913+0000] {dag.py:3089} INFO - Sync 1 DAGs
[2026-07-13T12:28:07.920+0000] {logging_mixin.py:188} INFO - [2026-07-13T12:28:07.920+0000] {dag.py:3947} INFO - Setting next_dagrun for crypto_daily_pipeline to 2026-07-12 00:00:00+00:00, run_after=2026-07-13 00:00:00+00:00
[2026-07-13T12:28:07.926+0000] {processor.py:183} INFO - Processing /opt/airflow/dags/crypto_pipeline_dag.py took 0.034 seconds
[2026-07-13T12:28:38.097+0000] {processor.py:161} INFO - Started process (PID=497) to work on /opt/airflow/dags/crypto_pipeline_dag.py
[2026-07-13T12:28:38.097+0000] {processor.py:830} INFO - Processing file /opt/airflow/dags/crypto_pipeline_dag.py for tasks to queue
[2026-07-13T12:28:38.098+0000] {logging_mixin.py:188} INFO - [2026-07-13T12:28:38.098+0000] {dagbag.py:545} INFO - Filling up the DagBag from /opt/airflow/dags/crypto_pipeline_dag.py
[2026-07-13T12:28:38.103+0000] {processor.py:840} INFO - DAG(s) 'crypto_daily_pipeline' retrieved from /opt/airflow/dags/crypto_pipeline_dag.py
[2026-07-13T12:28:38.113+0000] {logging_mixin.py:188} INFO - [2026-07-13T12:28:38.113+0000] {dag.py:3089} INFO - Sync 1 DAGs
[2026-07-13T12:28:38.122+0000] {logging_mixin.py:188} INFO - [2026-07-13T12:28:38.122+0000] {dag.py:3947} INFO - Setting next_dagrun for crypto_daily_pipeline to 2026-07-12 00:00:00+00:00, run_after=2026-07-13 00:00:00+00:00
[2026-07-13T12:28:38.127+0000] {processor.py:183} INFO - Processing /opt/airflow/dags/crypto_pipeline_dag.py took 0.034 seconds
[2026-07-13T12:29:08.283+0000] {processor.py:161} INFO - Started process (PID=502) to work on /opt/airflow/dags/crypto_pipeline_dag.py
[2026-07-13T12:29:08.283+0000] {processor.py:830} INFO - Processing file /opt/airflow/dags/crypto_pipeline_dag.py for tasks to queue
[2026-07-13T12:29:08.284+0000] {logging_mixin.py:188} INFO - [2026-07-13T12:29:08.284+0000] {dagbag.py:545} INFO - Filling up the DagBag from /opt/airflow/dags/crypto_pipeline_dag.py
[2026-07-13T12:29:08.290+0000] {processor.py:840} INFO - DAG(s) 'crypto_daily_pipeline' retrieved from /opt/airflow/dags/crypto_pipeline_dag.py
[2026-07-13T12:29:08.301+0000] {logging_mixin.py:188} INFO - [2026-07-13T12:29:08.301+0000] {dag.py:3089} INFO - Sync 1 DAGs
[2026-07-13T12:29:08.308+0000] {logging_mixin.py:188} INFO - [2026-07-13T12:29:08.308+0000] {dag.py:3947} INFO - Setting next_dagrun for crypto_daily_pipeline to 2026-07-12 00:00:00+00:00, run_after=2026-07-13 00:00:00+00:00
[2026-07-13T12:29:08.314+0000] {processor.py:183} INFO - Processing /opt/airflow/dags/crypto_pipeline_dag.py took 0.034 seconds
[2026-07-13T12:29:38.464+0000] {processor.py:161} INFO - Started process (PID=507) to work on /opt/airflow/dags/crypto_pipeline_dag.py
[2026-07-13T12:29:38.464+0000] {processor.py:830} INFO - Processing file /opt/airflow/dags/crypto_pipeline_dag.py for tasks to queue
[2026-07-13T12:29:38.465+0000] {logging_mixin.py:188} INFO - [2026-07-13T12:29:38.465+0000] {dagbag.py:545} INFO - Filling up the DagBag from /opt/airflow/dags/crypto_pipeline_dag.py
[2026-07-13T12:29:38.471+0000] {processor.py:840} INFO - DAG(s) 'crypto_daily_pipeline' retrieved from /opt/airflow/dags/crypto_pipeline_dag.py
[2026-07-13T12:29:38.481+0000] {logging_mixin.py:188} INFO - [2026-07-13T12:29:38.481+0000] {dag.py:3089} INFO - Sync 1 DAGs
[2026-07-13T12:29:38.488+0000] {logging_mixin.py:188} INFO - [2026-07-13T12:29:38.488+0000] {dag.py:3947} INFO - Setting next_dagrun for crypto_daily_pipeline to 2026-07-12 00:00:00+00:00, run_after=2026-07-13 00:00:00+00:00
[2026-07-13T12:29:38.494+0000] {processor.py:183} INFO - Processing /opt/airflow/dags/crypto_pipeline_dag.py took 0.034 seconds
[2026-07-13T12:30:08.666+0000] {processor.py:161} INFO - Started process (PID=512) to work on /opt/airflow/dags/crypto_pipeline_dag.py
[2026-07-13T12:30:08.667+0000] {processor.py:830} INFO - Processing file /opt/airflow/dags/crypto_pipeline_dag.py for tasks to queue
[2026-07-13T12:30:08.669+0000] {logging_mixin.py:188} INFO - [2026-07-13T12:30:08.669+0000] {dagbag.py:545} INFO - Filling up the DagBag from /opt/airflow/dags/crypto_pipeline_dag.py
[2026-07-13T12:30:08.682+0000] {processor.py:840} INFO - DAG(s) 'crypto_daily_pipeline' retrieved from /opt/airflow/dags/crypto_pipeline_dag.py
[2026-07-13T12:30:08.702+0000] {logging_mixin.py:188} INFO - [2026-07-13T12:30:08.702+0000] {dag.py:3089} INFO - Sync 1 DAGs
[2026-07-13T12:30:08.710+0000] {logging_mixin.py:188} INFO - [2026-07-13T12:30:08.710+0000] {dag.py:3947} INFO - Setting next_dagrun for crypto_daily_pipeline to 2026-07-12 00:00:00+00:00, run_after=2026-07-13 00:00:00+00:00
[2026-07-13T12:30:08.716+0000] {processor.py:183} INFO - Processing /opt/airflow/dags/crypto_pipeline_dag.py took 0.059 seconds
[2026-07-13T12:36:37.440+0000] {processor.py:161} INFO - Started process (PID=517) to work on /opt/airflow/dags/crypto_pipeline_dag.py
[2026-07-13T12:36:37.441+0000] {processor.py:830} INFO - Processing file /opt/airflow/dags/crypto_pipeline_dag.py for tasks to queue
[2026-07-13T12:36:37.442+0000] {logging_mixin.py:188} INFO - [2026-07-13T12:36:37.442+0000] {dagbag.py:545} INFO - Filling up the DagBag from /opt/airflow/dags/crypto_pipeline_dag.py
[2026-07-13T12:36:37.451+0000] {processor.py:840} INFO - DAG(s) 'crypto_daily_pipeline' retrieved from /opt/airflow/dags/crypto_pipeline_dag.py
[2026-07-13T12:36:37.470+0000] {logging_mixin.py:188} INFO - [2026-07-13T12:36:37.469+0000] {dag.py:3089} INFO - Sync 1 DAGs
[2026-07-13T12:36:37.478+0000] {logging_mixin.py:188} INFO - [2026-07-13T12:36:37.477+0000] {dag.py:3947} INFO - Setting next_dagrun for crypto_daily_pipeline to 2026-07-12 00:00:00+00:00, run_after=2026-07-13 00:00:00+00:00
[2026-07-13T12:36:37.484+0000] {processor.py:183} INFO - Processing /opt/airflow/dags/crypto_pipeline_dag.py took 0.049 seconds
[2026-07-13T12:37:07.637+0000] {processor.py:161} INFO - Started process (PID=522) to work on /opt/airflow/dags/crypto_pipeline_dag.py
[2026-07-13T12:37:07.637+0000] {processor.py:830} INFO - Processing file /opt/airflow/dags/crypto_pipeline_dag.py for tasks to queue
[2026-07-13T12:37:07.639+0000] {logging_mixin.py:188} INFO - [2026-07-13T12:37:07.639+0000] {dagbag.py:545} INFO - Filling up the DagBag from /opt/airflow/dags/crypto_pipeline_dag.py
[2026-07-13T12:37:07.648+0000] {processor.py:840} INFO - DAG(s) 'crypto_daily_pipeline' retrieved from /opt/airflow/dags/crypto_pipeline_dag.py
[2026-07-13T12:37:07.666+0000] {logging_mixin.py:188} INFO - [2026-07-13T12:37:07.666+0000] {dag.py:3089} INFO - Sync 1 DAGs
[2026-07-13T12:37:07.675+0000] {logging_mixin.py:188} INFO - [2026-07-13T12:37:07.675+0000] {dag.py:3947} INFO - Setting next_dagrun for crypto_daily_pipeline to 2026-07-12 00:00:00+00:00, run_after=2026-07-13 00:00:00+00:00
[2026-07-13T12:37:07.685+0000] {processor.py:183} INFO - Processing /opt/airflow/dags/crypto_pipeline_dag.py took 0.056 seconds
[2026-07-13T12:37:37.847+0000] {processor.py:161} INFO - Started process (PID=527) to work on /opt/airflow/dags/crypto_pipeline_dag.py
[2026-07-13T12:37:37.847+0000] {processor.py:830} INFO - Processing file /opt/airflow/dags/crypto_pipeline_dag.py for tasks to queue
[2026-07-13T12:37:37.849+0000] {logging_mixin.py:188} INFO - [2026-07-13T12:37:37.849+0000] {dagbag.py:545} INFO - Filling up the DagBag from /opt/airflow/dags/crypto_pipeline_dag.py
[2026-07-13T12:37:37.858+0000] {processor.py:840} INFO - DAG(s) 'crypto_daily_pipeline' retrieved from /opt/airflow/dags/crypto_pipeline_dag.py
[2026-07-13T12:37:37.877+0000] {logging_mixin.py:188} INFO - [2026-07-13T12:37:37.877+0000] {dag.py:3089} INFO - Sync 1 DAGs
[2026-07-13T12:37:37.887+0000] {logging_mixin.py:188} INFO - [2026-07-13T12:37:37.887+0000] {dag.py:3947} INFO - Setting next_dagrun for crypto_daily_pipeline to 2026-07-12 00:00:00+00:00, run_after=2026-07-13 00:00:00+00:00
[2026-07-13T12:37:37.893+0000] {processor.py:183} INFO - Processing /opt/airflow/dags/crypto_pipeline_dag.py took 0.052 seconds
[2026-07-13T12:38:08.056+0000] {processor.py:161} INFO - Started process (PID=532) to work on /opt/airflow/dags/crypto_pipeline_dag.py
[2026-07-13T12:38:08.058+0000] {processor.py:830} INFO - Processing file /opt/airflow/dags/crypto_pipeline_dag.py for tasks to queue
[2026-07-13T12:38:08.060+0000] {logging_mixin.py:188} INFO - [2026-07-13T12:38:08.060+0000] {dagbag.py:545} INFO - Filling up the DagBag from /opt/airflow/dags/crypto_pipeline_dag.py
[2026-07-13T12:38:08.072+0000] {processor.py:840} INFO - DAG(s) 'crypto_daily_pipeline' retrieved from /opt/airflow/dags/crypto_pipeline_dag.py
[2026-07-13T12:38:08.092+0000] {logging_mixin.py:188} INFO - [2026-07-13T12:38:08.092+0000] {dag.py:3089} INFO - Sync 1 DAGs
[2026-07-13T12:38:08.101+0000] {logging_mixin.py:188} INFO - [2026-07-13T12:38:08.101+0000] {dag.py:3947} INFO - Setting next_dagrun for crypto_daily_pipeline to 2026-07-12 00:00:00+00:00, run_after=2026-07-13 00:00:00+00:00
[2026-07-13T12:38:08.107+0000] {processor.py:183} INFO - Processing /opt/airflow/dags/crypto_pipeline_dag.py took 0.060 seconds
[2026-07-13T12:38:38.273+0000] {processor.py:161} INFO - Started process (PID=537) to work on /opt/airflow/dags/crypto_pipeline_dag.py
[2026-07-13T12:38:38.274+0000] {processor.py:830} INFO - Processing file /opt/airflow/dags/crypto_pipeline_dag.py for tasks to queue
[2026-07-13T12:38:38.276+0000] {logging_mixin.py:188} INFO - [2026-07-13T12:38:38.275+0000] {dagbag.py:545} INFO - Filling up the DagBag from /opt/airflow/dags/crypto_pipeline_dag.py
[2026-07-13T12:38:38.285+0000] {processor.py:840} INFO - DAG(s) 'crypto_daily_pipeline' retrieved from /opt/airflow/dags/crypto_pipeline_dag.py
[2026-07-13T12:38:38.303+0000] {logging_mixin.py:188} INFO - [2026-07-13T12:38:38.303+0000] {dag.py:3089} INFO - Sync 1 DAGs
[2026-07-13T12:38:38.313+0000] {logging_mixin.py:188} INFO - [2026-07-13T12:38:38.313+0000] {dag.py:3947} INFO - Setting next_dagrun for crypto_daily_pipeline to 2026-07-12 00:00:00+00:00, run_after=2026-07-13 00:00:00+00:00
[2026-07-13T12:38:38.319+0000] {processor.py:183} INFO - Processing /opt/airflow/dags/crypto_pipeline_dag.py took 0.051 seconds
[2026-07-13T12:39:08.485+0000] {processor.py:161} INFO - Started process (PID=542) to work on /opt/airflow/dags/crypto_pipeline_dag.py
[2026-07-13T12:39:08.486+0000] {processor.py:830} INFO - Processing file /opt/airflow/dags/crypto_pipeline_dag.py for tasks to queue
[2026-07-13T12:39:08.487+0000] {logging_mixin.py:188} INFO - [2026-07-13T12:39:08.487+0000] {dagbag.py:545} INFO - Filling up the DagBag from /opt/airflow/dags/crypto_pipeline_dag.py
[2026-07-13T12:39:08.495+0000] {processor.py:840} INFO - DAG(s) 'crypto_daily_pipeline' retrieved from /opt/airflow/dags/crypto_pipeline_dag.py
[2026-07-13T12:39:08.512+0000] {logging_mixin.py:188} INFO - [2026-07-13T12:39:08.512+0000] {dag.py:3089} INFO - Sync 1 DAGs
[2026-07-13T12:39:08.521+0000] {logging_mixin.py:188} INFO - [2026-07-13T12:39:08.521+0000] {dag.py:3947} INFO - Setting next_dagrun for crypto_daily_pipeline to 2026-07-12 00:00:00+00:00, run_after=2026-07-13 00:00:00+00:00
[2026-07-13T12:39:08.527+0000] {processor.py:183} INFO - Processing /opt/airflow/dags/crypto_pipeline_dag.py took 0.047 seconds
[2026-07-13T12:39:38.695+0000] {processor.py:161} INFO - Started process (PID=547) to work on /opt/airflow/dags/crypto_pipeline_dag.py
[2026-07-13T12:39:38.696+0000] {processor.py:830} INFO - Processing file /opt/airflow/dags/crypto_pipeline_dag.py for tasks to queue
[2026-07-13T12:39:38.698+0000] {logging_mixin.py:188} INFO - [2026-07-13T12:39:38.697+0000] {dagbag.py:545} INFO - Filling up the DagBag from /opt/airflow/dags/crypto_pipeline_dag.py
[2026-07-13T12:39:38.707+0000] {processor.py:840} INFO - DAG(s) 'crypto_daily_pipeline' retrieved from /opt/airflow/dags/crypto_pipeline_dag.py
[2026-07-13T12:39:38.726+0000] {logging_mixin.py:188} INFO - [2026-07-13T12:39:38.726+0000] {dag.py:3089} INFO - Sync 1 DAGs
[2026-07-13T12:39:38.735+0000] {logging_mixin.py:188} INFO - [2026-07-13T12:39:38.735+0000] {dag.py:3947} INFO - Setting next_dagrun for crypto_daily_pipeline to 2026-07-12 00:00:00+00:00, run_after=2026-07-13 00:00:00+00:00
[2026-07-13T12:39:38.741+0000] {processor.py:183} INFO - Processing /opt/airflow/dags/crypto_pipeline_dag.py took 0.052 seconds
[2026-07-13T12:40:08.897+0000] {processor.py:161} INFO - Started process (PID=552) to work on /opt/airflow/dags/crypto_pipeline_dag.py
[2026-07-13T12:40:08.898+0000] {processor.py:830} INFO - Processing file /opt/airflow/dags/crypto_pipeline_dag.py for tasks to queue
[2026-07-13T12:40:08.900+0000] {logging_mixin.py:188} INFO - [2026-07-13T12:40:08.899+0000] {dagbag.py:545} INFO - Filling up the DagBag from /opt/airflow/dags/crypto_pipeline_dag.py
[2026-07-13T12:40:08.908+0000] {processor.py:840} INFO - DAG(s) 'crypto_daily_pipeline' retrieved from /opt/airflow/dags/crypto_pipeline_dag.py
[2026-07-13T12:40:08.925+0000] {logging_mixin.py:188} INFO - [2026-07-13T12:40:08.925+0000] {dag.py:3089} INFO - Sync 1 DAGs
[2026-07-13T12:40:08.935+0000] {logging_mixin.py:188} INFO - [2026-07-13T12:40:08.935+0000] {dag.py:3947} INFO - Setting next_dagrun for crypto_daily_pipeline to 2026-07-12 00:00:00+00:00, run_after=2026-07-13 00:00:00+00:00
[2026-07-13T12:40:08.941+0000] {processor.py:183} INFO - Processing /opt/airflow/dags/crypto_pipeline_dag.py took 0.049 seconds
[2026-07-13T12:40:39.096+0000] {processor.py:161} INFO - Started process (PID=557) to work on /opt/airflow/dags/crypto_pipeline_dag.py
[2026-07-13T12:40:39.097+0000] {processor.py:830} INFO - Processing file /opt/airflow/dags/crypto_pipeline_dag.py for tasks to queue
[2026-07-13T12:40:39.099+0000] {logging_mixin.py:188} INFO - [2026-07-13T12:40:39.098+0000] {dagbag.py:545} INFO - Filling up the DagBag from /opt/airflow/dags/crypto_pipeline_dag.py
[2026-07-13T12:40:39.108+0000] {processor.py:840} INFO - DAG(s) 'crypto_daily_pipeline' retrieved from /opt/airflow/dags/crypto_pipeline_dag.py
[2026-07-13T12:40:39.126+0000] {logging_mixin.py:188} INFO - [2026-07-13T12:40:39.126+0000] {dag.py:3089} INFO - Sync 1 DAGs
[2026-07-13T12:40:39.135+0000] {logging_mixin.py:188} INFO - [2026-07-13T12:40:39.135+0000] {dag.py:3947} INFO - Setting next_dagrun for crypto_daily_pipeline to 2026-07-12 00:00:00+00:00, run_after=2026-07-13 00:00:00+00:00
[2026-07-13T12:40:39.141+0000] {processor.py:183} INFO - Processing /opt/airflow/dags/crypto_pipeline_dag.py took 0.050 seconds
[2026-07-13T12:41:09.287+0000] {processor.py:161} INFO - Started process (PID=562) to work on /opt/airflow/dags/crypto_pipeline_dag.py
[2026-07-13T12:41:09.288+0000] {processor.py:830} INFO - Processing file /opt/airflow/dags/crypto_pipeline_dag.py for tasks to queue
[2026-07-13T12:41:09.288+0000] {logging_mixin.py:188} INFO - [2026-07-13T12:41:09.288+0000] {dagbag.py:545} INFO - Filling up the DagBag from /opt/airflow/dags/crypto_pipeline_dag.py
[2026-07-13T12:41:09.293+0000] {processor.py:840} INFO - DAG(s) 'crypto_daily_pipeline' retrieved from /opt/airflow/dags/crypto_pipeline_dag.py
[2026-07-13T12:41:09.305+0000] {logging_mixin.py:188} INFO - [2026-07-13T12:41:09.305+0000] {dag.py:3089} INFO - Sync 1 DAGs
[2026-07-13T12:41:09.313+0000] {logging_mixin.py:188} INFO - [2026-07-13T12:41:09.313+0000] {dag.py:3947} INFO - Setting next_dagrun for crypto_daily_pipeline to 2026-07-12 00:00:00+00:00, run_after=2026-07-13 00:00:00+00:00
[2026-07-13T12:41:09.319+0000] {processor.py:183} INFO - Processing /opt/airflow/dags/crypto_pipeline_dag.py took 0.036 seconds
[2026-07-13T12:41:39.524+0000] {processor.py:161} INFO - Started process (PID=567) to work on /opt/airflow/dags/crypto_pipeline_dag.py
[2026-07-13T12:41:39.525+0000] {processor.py:830} INFO - Processing file /opt/airflow/dags/crypto_pipeline_dag.py for tasks to queue
[2026-07-13T12:41:39.527+0000] {logging_mixin.py:188} INFO - [2026-07-13T12:41:39.526+0000] {dagbag.py:545} INFO - Filling up the DagBag from /opt/airflow/dags/crypto_pipeline_dag.py
[2026-07-13T12:41:39.536+0000] {processor.py:840} INFO - DAG(s) 'crypto_daily_pipeline' retrieved from /opt/airflow/dags/crypto_pipeline_dag.py
[2026-07-13T12:41:39.553+0000] {logging_mixin.py:188} INFO - [2026-07-13T12:41:39.553+0000] {dag.py:3089} INFO - Sync 1 DAGs
[2026-07-13T12:41:39.562+0000] {logging_mixin.py:188} INFO - [2026-07-13T12:41:39.562+0000] {dag.py:3947} INFO - Setting next_dagrun for crypto_daily_pipeline to 2026-07-12 00:00:00+00:00, run_after=2026-07-13 00:00:00+00:00
[2026-07-13T12:41:39.568+0000] {processor.py:183} INFO - Processing /opt/airflow/dags/crypto_pipeline_dag.py took 0.049 seconds
[2026-07-13T12:42:09.730+0000] {processor.py:161} INFO - Started process (PID=572) to work on /opt/airflow/dags/crypto_pipeline_dag.py
[2026-07-13T12:42:09.730+0000] {processor.py:830} INFO - Processing file /opt/airflow/dags/crypto_pipeline_dag.py for tasks to queue
[2026-07-13T12:42:09.732+0000] {logging_mixin.py:188} INFO - [2026-07-13T12:42:09.732+0000] {dagbag.py:545} INFO - Filling up the DagBag from /opt/airflow/dags/crypto_pipeline_dag.py
[2026-07-13T12:42:09.740+0000] {processor.py:840} INFO - DAG(s) 'crypto_daily_pipeline' retrieved from /opt/airflow/dags/crypto_pipeline_dag.py
[2026-07-13T12:42:09.758+0000] {logging_mixin.py:188} INFO - [2026-07-13T12:42:09.758+0000] {dag.py:3089} INFO - Sync 1 DAGs
[2026-07-13T12:42:09.767+0000] {logging_mixin.py:188} INFO - [2026-07-13T12:42:09.767+0000] {dag.py:3947} INFO - Setting next_dagrun for crypto_daily_pipeline to 2026-07-12 00:00:00+00:00, run_after=2026-07-13 00:00:00+00:00
[2026-07-13T12:42:09.773+0000] {processor.py:183} INFO - Processing /opt/airflow/dags/crypto_pipeline_dag.py took 0.052 seconds
[2026-07-13T12:42:39.936+0000] {processor.py:161} INFO - Started process (PID=577) to work on /opt/airflow/dags/crypto_pipeline_dag.py
[2026-07-13T12:42:39.937+0000] {processor.py:830} INFO - Processing file /opt/airflow/dags/crypto_pipeline_dag.py for tasks to queue
[2026-07-13T12:42:39.938+0000] {logging_mixin.py:188} INFO - [2026-07-13T12:42:39.938+0000] {dagbag.py:545} INFO - Filling up the DagBag from /opt/airflow/dags/crypto_pipeline_dag.py
[2026-07-13T12:42:39.944+0000] {processor.py:840} INFO - DAG(s) 'crypto_daily_pipeline' retrieved from /opt/airflow/dags/crypto_pipeline_dag.py
[2026-07-13T12:42:39.955+0000] {logging_mixin.py:188} INFO - [2026-07-13T12:42:39.955+0000] {dag.py:3089} INFO - Sync 1 DAGs
[2026-07-13T12:42:39.962+0000] {logging_mixin.py:188} INFO - [2026-07-13T12:42:39.962+0000] {dag.py:3947} INFO - Setting next_dagrun for crypto_daily_pipeline to 2026-07-12 00:00:00+00:00, run_after=2026-07-13 00:00:00+00:00
[2026-07-13T12:42:39.967+0000] {processor.py:183} INFO - Processing /opt/airflow/dags/crypto_pipeline_dag.py took 0.034 seconds
[2026-07-13T12:43:10.124+0000] {processor.py:161} INFO - Started process (PID=582) to work on /opt/airflow/dags/crypto_pipeline_dag.py
[2026-07-13T12:43:10.125+0000] {processor.py:830} INFO - Processing file /opt/airflow/dags/crypto_pipeline_dag.py for tasks to queue
[2026-07-13T12:43:10.126+0000] {logging_mixin.py:188} INFO - [2026-07-13T12:43:10.126+0000] {dagbag.py:545} INFO - Filling up the DagBag from /opt/airflow/dags/crypto_pipeline_dag.py
[2026-07-13T12:43:10.136+0000] {processor.py:840} INFO - DAG(s) 'crypto_daily_pipeline' retrieved from /opt/airflow/dags/crypto_pipeline_dag.py
[2026-07-13T12:43:10.155+0000] {logging_mixin.py:188} INFO - [2026-07-13T12:43:10.154+0000] {dag.py:3089} INFO - Sync 1 DAGs
[2026-07-13T12:43:10.164+0000] {logging_mixin.py:188} INFO - [2026-07-13T12:43:10.164+0000] {dag.py:3947} INFO - Setting next_dagrun for crypto_daily_pipeline to 2026-07-12 00:00:00+00:00, run_after=2026-07-13 00:00:00+00:00
[2026-07-13T12:43:10.170+0000] {processor.py:183} INFO - Processing /opt/airflow/dags/crypto_pipeline_dag.py took 0.051 seconds
[2026-07-13T12:43:40.363+0000] {processor.py:161} INFO - Started process (PID=587) to work on /opt/airflow/dags/crypto_pipeline_dag.py
[2026-07-13T12:43:40.365+0000] {processor.py:830} INFO - Processing file /opt/airflow/dags/crypto_pipeline_dag.py for tasks to queue
[2026-07-13T12:43:40.368+0000] {logging_mixin.py:188} INFO - [2026-07-13T12:43:40.367+0000] {dagbag.py:545} INFO - Filling up the DagBag from /opt/airflow/dags/crypto_pipeline_dag.py
[2026-07-13T12:43:40.384+0000] {processor.py:840} INFO - DAG(s) 'crypto_daily_pipeline' retrieved from /opt/airflow/dags/crypto_pipeline_dag.py
[2026-07-13T12:43:40.406+0000] {logging_mixin.py:188} INFO - [2026-07-13T12:43:40.406+0000] {dag.py:3089} INFO - Sync 1 DAGs
[2026-07-13T12:43:40.417+0000] {logging_mixin.py:188} INFO - [2026-07-13T12:43:40.417+0000] {dag.py:3947} INFO - Setting next_dagrun for crypto_daily_pipeline to 2026-07-12 00:00:00+00:00, run_after=2026-07-13 00:00:00+00:00
[2026-07-13T12:43:40.424+0000] {processor.py:183} INFO - Processing /opt/airflow/dags/crypto_pipeline_dag.py took 0.072 seconds
[2026-07-13T12:44:10.556+0000] {processor.py:161} INFO - Started process (PID=592) to work on /opt/airflow/dags/crypto_pipeline_dag.py
[2026-07-13T12:44:10.557+0000] {processor.py:830} INFO - Processing file /opt/airflow/dags/crypto_pipeline_dag.py for tasks to queue
[2026-07-13T12:44:10.562+0000] {logging_mixin.py:188} INFO - [2026-07-13T12:44:10.559+0000] {dagbag.py:545} INFO - Filling up the DagBag from /opt/airflow/dags/crypto_pipeline_dag.py
[2026-07-13T12:44:10.573+0000] {processor.py:840} INFO - DAG(s) 'crypto_daily_pipeline' retrieved from /opt/airflow/dags/crypto_pipeline_dag.py
[2026-07-13T12:44:10.594+0000] {logging_mixin.py:188} INFO - [2026-07-13T12:44:10.593+0000] {dag.py:3089} INFO - Sync 1 DAGs
[2026-07-13T12:44:10.604+0000] {logging_mixin.py:188} INFO - [2026-07-13T12:44:10.604+0000] {dag.py:3947} INFO - Setting next_dagrun for crypto_daily_pipeline to 2026-07-12 00:00:00+00:00, run_after=2026-07-13 00:00:00+00:00
[2026-07-13T12:44:10.611+0000] {processor.py:183} INFO - Processing /opt/airflow/dags/crypto_pipeline_dag.py took 0.064 seconds
[2026-07-13T12:44:40.756+0000] {processor.py:161} INFO - Started process (PID=597) to work on /opt/airflow/dags/crypto_pipeline_dag.py
[2026-07-13T12:44:40.757+0000] {processor.py:830} INFO - Processing file /opt/airflow/dags/crypto_pipeline_dag.py for tasks to queue
[2026-07-13T12:44:40.759+0000] {logging_mixin.py:188} INFO - [2026-07-13T12:44:40.758+0000] {dagbag.py:545} INFO - Filling up the DagBag from /opt/airflow/dags/crypto_pipeline_dag.py
[2026-07-13T12:44:40.769+0000] {processor.py:840} INFO - DAG(s) 'crypto_daily_pipeline' retrieved from /opt/airflow/dags/crypto_pipeline_dag.py
[2026-07-13T12:44:40.787+0000] {logging_mixin.py:188} INFO - [2026-07-13T12:44:40.787+0000] {dag.py:3089} INFO - Sync 1 DAGs
[2026-07-13T12:44:40.797+0000] {logging_mixin.py:188} INFO - [2026-07-13T12:44:40.797+0000] {dag.py:3947} INFO - Setting next_dagrun for crypto_daily_pipeline to 2026-07-12 00:00:00+00:00, run_after=2026-07-13 00:00:00+00:00
[2026-07-13T12:44:40.803+0000] {processor.py:183} INFO - Processing /opt/airflow/dags/crypto_pipeline_dag.py took 0.051 seconds
[2026-07-13T12:45:10.963+0000] {processor.py:161} INFO - Started process (PID=602) to work on /opt/airflow/dags/crypto_pipeline_dag.py
[2026-07-13T12:45:10.964+0000] {processor.py:830} INFO - Processing file /opt/airflow/dags/crypto_pipeline_dag.py for tasks to queue
[2026-07-13T12:45:10.965+0000] {logging_mixin.py:188} INFO - [2026-07-13T12:45:10.965+0000] {dagbag.py:545} INFO - Filling up the DagBag from /opt/airflow/dags/crypto_pipeline_dag.py
[2026-07-13T12:45:10.973+0000] {processor.py:840} INFO - DAG(s) 'crypto_daily_pipeline' retrieved from /opt/airflow/dags/crypto_pipeline_dag.py
[2026-07-13T12:45:10.993+0000] {logging_mixin.py:188} INFO - [2026-07-13T12:45:10.993+0000] {dag.py:3089} INFO - Sync 1 DAGs
[2026-07-13T12:45:11.003+0000] {logging_mixin.py:188} INFO - [2026-07-13T12:45:11.003+0000] {dag.py:3947} INFO - Setting next_dagrun for crypto_daily_pipeline to 2026-07-12 00:00:00+00:00, run_after=2026-07-13 00:00:00+00:00
[2026-07-13T12:45:11.009+0000] {processor.py:183} INFO - Processing /opt/airflow/dags/crypto_pipeline_dag.py took 0.052 seconds
[2026-07-13T12:45:41.152+0000] {processor.py:161} INFO - Started process (PID=607) to work on /opt/airflow/dags/crypto_pipeline_dag.py
[2026-07-13T12:45:41.153+0000] {processor.py:830} INFO - Processing file /opt/airflow/dags/crypto_pipeline_dag.py for tasks to queue
[2026-07-13T12:45:41.155+0000] {logging_mixin.py:188} INFO - [2026-07-13T12:45:41.154+0000] {dagbag.py:545} INFO - Filling up the DagBag from /opt/airflow/dags/crypto_pipeline_dag.py
[2026-07-13T12:45:41.164+0000] {processor.py:840} INFO - DAG(s) 'crypto_daily_pipeline' retrieved from /opt/airflow/dags/crypto_pipeline_dag.py
[2026-07-13T12:45:41.184+0000] {logging_mixin.py:188} INFO - [2026-07-13T12:45:41.184+0000] {dag.py:3089} INFO - Sync 1 DAGs
[2026-07-13T12:45:41.194+0000] {logging_mixin.py:188} INFO - [2026-07-13T12:45:41.194+0000] {dag.py:3947} INFO - Setting next_dagrun for crypto_daily_pipeline to 2026-07-12 00:00:00+00:00, run_after=2026-07-13 00:00:00+00:00
[2026-07-13T12:45:41.201+0000] {processor.py:183} INFO - Processing /opt/airflow/dags/crypto_pipeline_dag.py took 0.055 seconds
[2026-07-13T12:46:11.370+0000] {processor.py:161} INFO - Started process (PID=612) to work on /opt/airflow/dags/crypto_pipeline_dag.py
[2026-07-13T12:46:11.371+0000] {processor.py:830} INFO - Processing file /opt/airflow/dags/crypto_pipeline_dag.py for tasks to queue
[2026-07-13T12:46:11.373+0000] {logging_mixin.py:188} INFO - [2026-07-13T12:46:11.372+0000] {dagbag.py:545} INFO - Filling up the DagBag from /opt/airflow/dags/crypto_pipeline_dag.py
[2026-07-13T12:46:11.383+0000] {processor.py:840} INFO - DAG(s) 'crypto_daily_pipeline' retrieved from /opt/airflow/dags/crypto_pipeline_dag.py
[2026-07-13T12:46:11.403+0000] {logging_mixin.py:188} INFO - [2026-07-13T12:46:11.402+0000] {dag.py:3089} INFO - Sync 1 DAGs
[2026-07-13T12:46:11.413+0000] {logging_mixin.py:188} INFO - [2026-07-13T12:46:11.413+0000] {dag.py:3947} INFO - Setting next_dagrun for crypto_daily_pipeline to 2026-07-12 00:00:00+00:00, run_after=2026-07-13 00:00:00+00:00
[2026-07-13T12:46:11.419+0000] {processor.py:183} INFO - Processing /opt/airflow/dags/crypto_pipeline_dag.py took 0.057 seconds
[2026-07-13T12:46:41.613+0000] {processor.py:161} INFO - Started process (PID=617) to work on /opt/airflow/dags/crypto_pipeline_dag.py
[2026-07-13T12:46:41.614+0000] {processor.py:830} INFO - Processing file /opt/airflow/dags/crypto_pipeline_dag.py for tasks to queue
[2026-07-13T12:46:41.616+0000] {logging_mixin.py:188} INFO - [2026-07-13T12:46:41.616+0000] {dagbag.py:545} INFO - Filling up the DagBag from /opt/airflow/dags/crypto_pipeline_dag.py
[2026-07-13T12:46:41.624+0000] {processor.py:840} INFO - DAG(s) 'crypto_daily_pipeline' retrieved from /opt/airflow/dags/crypto_pipeline_dag.py
[2026-07-13T12:46:41.642+0000] {logging_mixin.py:188} INFO - [2026-07-13T12:46:41.642+0000] {dag.py:3089} INFO - Sync 1 DAGs
[2026-07-13T12:46:41.650+0000] {logging_mixin.py:188} INFO - [2026-07-13T12:46:41.650+0000] {dag.py:3947} INFO - Setting next_dagrun for crypto_daily_pipeline to 2026-07-12 00:00:00+00:00, run_after=2026-07-13 00:00:00+00:00
[2026-07-13T12:46:41.656+0000] {processor.py:183} INFO - Processing /opt/airflow/dags/crypto_pipeline_dag.py took 0.048 seconds
[2026-07-13T12:47:11.808+0000] {processor.py:161} INFO - Started process (PID=622) to work on /opt/airflow/dags/crypto_pipeline_dag.py
[2026-07-13T12:47:11.809+0000] {processor.py:830} INFO - Processing file /opt/airflow/dags/crypto_pipeline_dag.py for tasks to queue
[2026-07-13T12:47:11.812+0000] {logging_mixin.py:188} INFO - [2026-07-13T12:47:11.812+0000] {dagbag.py:545} INFO - Filling up the DagBag from /opt/airflow/dags/crypto_pipeline_dag.py
[2026-07-13T12:47:11.824+0000] {processor.py:840} INFO - DAG(s) 'crypto_daily_pipeline' retrieved from /opt/airflow/dags/crypto_pipeline_dag.py
[2026-07-13T12:47:11.845+0000] {logging_mixin.py:188} INFO - [2026-07-13T12:47:11.845+0000] {dag.py:3089} INFO - Sync 1 DAGs
[2026-07-13T12:47:11.854+0000] {logging_mixin.py:188} INFO - [2026-07-13T12:47:11.854+0000] {dag.py:3947} INFO - Setting next_dagrun for crypto_daily_pipeline to 2026-07-12 00:00:00+00:00, run_after=2026-07-13 00:00:00+00:00
[2026-07-13T12:47:11.861+0000] {processor.py:183} INFO - Processing /opt/airflow/dags/crypto_pipeline_dag.py took 0.061 seconds
[2026-07-13T12:47:41.982+0000] {processor.py:161} INFO - Started process (PID=627) to work on /opt/airflow/dags/crypto_pipeline_dag.py
[2026-07-13T12:47:41.983+0000] {processor.py:830} INFO - Processing file /opt/airflow/dags/crypto_pipeline_dag.py for tasks to queue
[2026-07-13T12:47:41.989+0000] {logging_mixin.py:188} INFO - [2026-07-13T12:47:41.988+0000] {dagbag.py:545} INFO - Filling up the DagBag from /opt/airflow/dags/crypto_pipeline_dag.py
[2026-07-13T12:47:41.997+0000] {processor.py:840} INFO - DAG(s) 'crypto_daily_pipeline' retrieved from /opt/airflow/dags/crypto_pipeline_dag.py
[2026-07-13T12:47:42.014+0000] {logging_mixin.py:188} INFO - [2026-07-13T12:47:42.014+0000] {dag.py:3089} INFO - Sync 1 DAGs
[2026-07-13T12:47:42.024+0000] {logging_mixin.py:188} INFO - [2026-07-13T12:47:42.024+0000] {dag.py:3947} INFO - Setting next_dagrun for crypto_daily_pipeline to 2026-07-12 00:00:00+00:00, run_after=2026-07-13 00:00:00+00:00
[2026-07-13T12:47:42.030+0000] {processor.py:183} INFO - Processing /opt/airflow/dags/crypto_pipeline_dag.py took 0.054 seconds
[2026-07-13T12:48:12.196+0000] {processor.py:161} INFO - Started process (PID=632) to work on /opt/airflow/dags/crypto_pipeline_dag.py
[2026-07-13T12:48:12.197+0000] {processor.py:830} INFO - Processing file /opt/airflow/dags/crypto_pipeline_dag.py for tasks to queue
[2026-07-13T12:48:12.199+0000] {logging_mixin.py:188} INFO - [2026-07-13T12:48:12.199+0000] {dagbag.py:545} INFO - Filling up the DagBag from /opt/airflow/dags/crypto_pipeline_dag.py
[2026-07-13T12:48:12.207+0000] {processor.py:840} INFO - DAG(s) 'crypto_daily_pipeline' retrieved from /opt/airflow/dags/crypto_pipeline_dag.py
[2026-07-13T12:48:12.224+0000] {logging_mixin.py:188} INFO - [2026-07-13T12:48:12.224+0000] {dag.py:3089} INFO - Sync 1 DAGs
[2026-07-13T12:48:12.234+0000] {logging_mixin.py:188} INFO - [2026-07-13T12:48:12.234+0000] {dag.py:3947} INFO - Setting next_dagrun for crypto_daily_pipeline to 2026-07-12 00:00:00+00:00, run_after=2026-07-13 00:00:00+00:00
[2026-07-13T12:48:12.240+0000] {processor.py:183} INFO - Processing /opt/airflow/dags/crypto_pipeline_dag.py took 0.050 seconds
[2026-07-13T12:48:42.386+0000] {processor.py:161} INFO - Started process (PID=637) to work on /opt/airflow/dags/crypto_pipeline_dag.py
[2026-07-13T12:48:42.388+0000] {processor.py:830} INFO - Processing file /opt/airflow/dags/crypto_pipeline_dag.py for tasks to queue
[2026-07-13T12:48:42.390+0000] {logging_mixin.py:188} INFO - [2026-07-13T12:48:42.389+0000] {dagbag.py:545} INFO - Filling up the DagBag from /opt/airflow/dags/crypto_pipeline_dag.py
[2026-07-13T12:48:42.399+0000] {processor.py:840} INFO - DAG(s) 'crypto_daily_pipeline' retrieved from /opt/airflow/dags/crypto_pipeline_dag.py
[2026-07-13T12:48:42.417+0000] {logging_mixin.py:188} INFO - [2026-07-13T12:48:42.417+0000] {dag.py:3089} INFO - Sync 1 DAGs
[2026-07-13T12:48:42.425+0000] {logging_mixin.py:188} INFO - [2026-07-13T12:48:42.425+0000] {dag.py:3947} INFO - Setting next_dagrun for crypto_daily_pipeline to 2026-07-12 00:00:00+00:00, run_after=2026-07-13 00:00:00+00:00
[2026-07-13T12:48:42.432+0000] {processor.py:183} INFO - Processing /opt/airflow/dags/crypto_pipeline_dag.py took 0.052 seconds
[2026-07-13T12:49:12.602+0000] {processor.py:161} INFO - Started process (PID=642) to work on /opt/airflow/dags/crypto_pipeline_dag.py
[2026-07-13T12:49:12.603+0000] {processor.py:830} INFO - Processing file /opt/airflow/dags/crypto_pipeline_dag.py for tasks to queue
[2026-07-13T12:49:12.605+0000] {logging_mixin.py:188} INFO - [2026-07-13T12:49:12.604+0000] {dagbag.py:545} INFO - Filling up the DagBag from /opt/airflow/dags/crypto_pipeline_dag.py
[2026-07-13T12:49:12.614+0000] {processor.py:840} INFO - DAG(s) 'crypto_daily_pipeline' retrieved from /opt/airflow/dags/crypto_pipeline_dag.py
[2026-07-13T12:49:12.633+0000] {logging_mixin.py:188} INFO - [2026-07-13T12:49:12.633+0000] {dag.py:3089} INFO - Sync 1 DAGs
[2026-07-13T12:49:12.643+0000] {logging_mixin.py:188} INFO - [2026-07-13T12:49:12.643+0000] {dag.py:3947} INFO - Setting next_dagrun for crypto_daily_pipeline to 2026-07-12 00:00:00+00:00, run_after=2026-07-13 00:00:00+00:00
[2026-07-13T12:49:12.648+0000] {processor.py:183} INFO - Processing /opt/airflow/dags/crypto_pipeline_dag.py took 0.053 seconds
[2026-07-13T12:49:42.808+0000] {processor.py:161} INFO - Started process (PID=647) to work on /opt/airflow/dags/crypto_pipeline_dag.py
[2026-07-13T12:49:42.809+0000] {processor.py:830} INFO - Processing file /opt/airflow/dags/crypto_pipeline_dag.py for tasks to queue
[2026-07-13T12:49:42.811+0000] {logging_mixin.py:188} INFO - [2026-07-13T12:49:42.810+0000] {dagbag.py:545} INFO - Filling up the DagBag from /opt/airflow/dags/crypto_pipeline_dag.py
[2026-07-13T12:49:42.819+0000] {processor.py:840} INFO - DAG(s) 'crypto_daily_pipeline' retrieved from /opt/airflow/dags/crypto_pipeline_dag.py
[2026-07-13T12:49:42.837+0000] {logging_mixin.py:188} INFO - [2026-07-13T12:49:42.837+0000] {dag.py:3089} INFO - Sync 1 DAGs
[2026-07-13T12:49:42.845+0000] {logging_mixin.py:188} INFO - [2026-07-13T12:49:42.845+0000] {dag.py:3947} INFO - Setting next_dagrun for crypto_daily_pipeline to 2026-07-12 00:00:00+00:00, run_after=2026-07-13 00:00:00+00:00
[2026-07-13T12:49:42.851+0000] {processor.py:183} INFO - Processing /opt/airflow/dags/crypto_pipeline_dag.py took 0.049 seconds
[2026-07-13T12:50:13.004+0000] {processor.py:161} INFO - Started process (PID=652) to work on /opt/airflow/dags/crypto_pipeline_dag.py
[2026-07-13T12:50:13.005+0000] {processor.py:830} INFO - Processing file /opt/airflow/dags/crypto_pipeline_dag.py for tasks to queue
[2026-07-13T12:50:13.006+0000] {logging_mixin.py:188} INFO - [2026-07-13T12:50:13.006+0000] {dagbag.py:545} INFO - Filling up the DagBag from /opt/airflow/dags/crypto_pipeline_dag.py
[2026-07-13T12:50:13.015+0000] {processor.py:840} INFO - DAG(s) 'crypto_daily_pipeline' retrieved from /opt/airflow/dags/crypto_pipeline_dag.py
[2026-07-13T12:50:13.032+0000] {logging_mixin.py:188} INFO - [2026-07-13T12:50:13.032+0000] {dag.py:3089} INFO - Sync 1 DAGs
[2026-07-13T12:50:13.042+0000] {logging_mixin.py:188} INFO - [2026-07-13T12:50:13.042+0000] {dag.py:3947} INFO - Setting next_dagrun for crypto_daily_pipeline to 2026-07-12 00:00:00+00:00, run_after=2026-07-13 00:00:00+00:00
[2026-07-13T12:50:13.049+0000] {processor.py:183} INFO - Processing /opt/airflow/dags/crypto_pipeline_dag.py took 0.051 seconds
[2026-07-13T12:50:43.182+0000] {processor.py:161} INFO - Started process (PID=657) to work on /opt/airflow/dags/crypto_pipeline_dag.py
[2026-07-13T12:50:43.184+0000] {processor.py:830} INFO - Processing file /opt/airflow/dags/crypto_pipeline_dag.py for tasks to queue
[2026-07-13T12:50:43.187+0000] {logging_mixin.py:188} INFO - [2026-07-13T12:50:43.186+0000] {dagbag.py:545} INFO - Filling up the DagBag from /opt/airflow/dags/crypto_pipeline_dag.py
[2026-07-13T12:50:43.200+0000] {processor.py:840} INFO - DAG(s) 'crypto_daily_pipeline' retrieved from /opt/airflow/dags/crypto_pipeline_dag.py
[2026-07-13T12:50:43.220+0000] {logging_mixin.py:188} INFO - [2026-07-13T12:50:43.219+0000] {dag.py:3089} INFO - Sync 1 DAGs
[2026-07-13T12:50:43.229+0000] {logging_mixin.py:188} INFO - [2026-07-13T12:50:43.229+0000] {dag.py:3947} INFO - Setting next_dagrun for crypto_daily_pipeline to 2026-07-12 00:00:00+00:00, run_after=2026-07-13 00:00:00+00:00
[2026-07-13T12:50:43.236+0000] {processor.py:183} INFO - Processing /opt/airflow/dags/crypto_pipeline_dag.py took 0.063 seconds
[2026-07-13T12:51:13.381+0000] {processor.py:161} INFO - Started process (PID=662) to work on /opt/airflow/dags/crypto_pipeline_dag.py
[2026-07-13T12:51:13.382+0000] {processor.py:830} INFO - Processing file /opt/airflow/dags/crypto_pipeline_dag.py for tasks to queue
[2026-07-13T12:51:13.384+0000] {logging_mixin.py:188} INFO - [2026-07-13T12:51:13.384+0000] {dagbag.py:545} INFO - Filling up the DagBag from /opt/airflow/dags/crypto_pipeline_dag.py
[2026-07-13T12:51:13.394+0000] {processor.py:840} INFO - DAG(s) 'crypto_daily_pipeline' retrieved from /opt/airflow/dags/crypto_pipeline_dag.py
[2026-07-13T12:51:13.413+0000] {logging_mixin.py:188} INFO - [2026-07-13T12:51:13.413+0000] {dag.py:3089} INFO - Sync 1 DAGs
[2026-07-13T12:51:13.423+0000] {logging_mixin.py:188} INFO - [2026-07-13T12:51:13.423+0000] {dag.py:3947} INFO - Setting next_dagrun for crypto_daily_pipeline to 2026-07-12 00:00:00+00:00, run_after=2026-07-13 00:00:00+00:00
[2026-07-13T12:51:13.429+0000] {processor.py:183} INFO - Processing /opt/airflow/dags/crypto_pipeline_dag.py took 0.056 seconds
[2026-07-13T12:51:43.596+0000] {processor.py:161} INFO - Started process (PID=667) to work on /opt/airflow/dags/crypto_pipeline_dag.py
[2026-07-13T12:51:43.597+0000] {processor.py:830} INFO - Processing file /opt/airflow/dags/crypto_pipeline_dag.py for tasks to queue
[2026-07-13T12:51:43.599+0000] {logging_mixin.py:188} INFO - [2026-07-13T12:51:43.598+0000] {dagbag.py:545} INFO - Filling up the DagBag from /opt/airflow/dags/crypto_pipeline_dag.py
[2026-07-13T12:51:43.608+0000] {processor.py:840} INFO - DAG(s) 'crypto_daily_pipeline' retrieved from /opt/airflow/dags/crypto_pipeline_dag.py
[2026-07-13T12:51:43.626+0000] {logging_mixin.py:188} INFO - [2026-07-13T12:51:43.626+0000] {dag.py:3089} INFO - Sync 1 DAGs
[2026-07-13T12:51:43.635+0000] {logging_mixin.py:188} INFO - [2026-07-13T12:51:43.635+0000] {dag.py:3947} INFO - Setting next_dagrun for crypto_daily_pipeline to 2026-07-12 00:00:00+00:00, run_after=2026-07-13 00:00:00+00:00
[2026-07-13T12:51:43.641+0000] {processor.py:183} INFO - Processing /opt/airflow/dags/crypto_pipeline_dag.py took 0.050 seconds
[2026-07-13T12:52:13.787+0000] {processor.py:161} INFO - Started process (PID=672) to work on /opt/airflow/dags/crypto_pipeline_dag.py
[2026-07-13T12:52:13.788+0000] {processor.py:830} INFO - Processing file /opt/airflow/dags/crypto_pipeline_dag.py for tasks to queue
[2026-07-13T12:52:13.790+0000] {logging_mixin.py:188} INFO - [2026-07-13T12:52:13.789+0000] {dagbag.py:545} INFO - Filling up the DagBag from /opt/airflow/dags/crypto_pipeline_dag.py
[2026-07-13T12:52:13.799+0000] {processor.py:840} INFO - DAG(s) 'crypto_daily_pipeline' retrieved from /opt/airflow/dags/crypto_pipeline_dag.py
[2026-07-13T12:52:13.817+0000] {logging_mixin.py:188} INFO - [2026-07-13T12:52:13.817+0000] {dag.py:3089} INFO - Sync 1 DAGs
[2026-07-13T12:52:13.825+0000] {logging_mixin.py:188} INFO - [2026-07-13T12:52:13.825+0000] {dag.py:3947} INFO - Setting next_dagrun for crypto_daily_pipeline to 2026-07-12 00:00:00+00:00, run_after=2026-07-13 00:00:00+00:00
[2026-07-13T12:52:13.831+0000] {processor.py:183} INFO - Processing /opt/airflow/dags/crypto_pipeline_dag.py took 0.049 seconds
[2026-07-13T12:52:43.972+0000] {processor.py:161} INFO - Started process (PID=677) to work on /opt/airflow/dags/crypto_pipeline_dag.py
[2026-07-13T12:52:43.973+0000] {processor.py:830} INFO - Processing file /opt/airflow/dags/crypto_pipeline_dag.py for tasks to queue
[2026-07-13T12:52:43.974+0000] {logging_mixin.py:188} INFO - [2026-07-13T12:52:43.974+0000] {dagbag.py:545} INFO - Filling up the DagBag from /opt/airflow/dags/crypto_pipeline_dag.py
[2026-07-13T12:52:43.984+0000] {processor.py:840} INFO - DAG(s) 'crypto_daily_pipeline' retrieved from /opt/airflow/dags/crypto_pipeline_dag.py
[2026-07-13T12:52:44.004+0000] {logging_mixin.py:188} INFO - [2026-07-13T12:52:44.004+0000] {dag.py:3089} INFO - Sync 1 DAGs
[2026-07-13T12:52:44.014+0000] {logging_mixin.py:188} INFO - [2026-07-13T12:52:44.014+0000] {dag.py:3947} INFO - Setting next_dagrun for crypto_daily_pipeline to 2026-07-12 00:00:00+00:00, run_after=2026-07-13 00:00:00+00:00
[2026-07-13T12:52:44.020+0000] {processor.py:183} INFO - Processing /opt/airflow/dags/crypto_pipeline_dag.py took 0.053 seconds
[2026-07-13T12:53:14.157+0000] {processor.py:161} INFO - Started process (PID=682) to work on /opt/airflow/dags/crypto_pipeline_dag.py
[2026-07-13T12:53:14.158+0000] {processor.py:830} INFO - Processing file /opt/airflow/dags/crypto_pipeline_dag.py for tasks to queue
[2026-07-13T12:53:14.161+0000] {logging_mixin.py:188} INFO - [2026-07-13T12:53:14.160+0000] {dagbag.py:545} INFO - Filling up the DagBag from /opt/airflow/dags/crypto_pipeline_dag.py
[2026-07-13T12:53:14.169+0000] {processor.py:840} INFO - DAG(s) 'crypto_daily_pipeline' retrieved from /opt/airflow/dags/crypto_pipeline_dag.py
[2026-07-13T12:53:14.190+0000] {logging_mixin.py:188} INFO - [2026-07-13T12:53:14.190+0000] {dag.py:3089} INFO - Sync 1 DAGs
[2026-07-13T12:53:14.198+0000] {logging_mixin.py:188} INFO - [2026-07-13T12:53:14.198+0000] {dag.py:3947} INFO - Setting next_dagrun for crypto_daily_pipeline to 2026-07-12 00:00:00+00:00, run_after=2026-07-13 00:00:00+00:00
[2026-07-13T12:53:14.205+0000] {processor.py:183} INFO - Processing /opt/airflow/dags/crypto_pipeline_dag.py took 0.056 seconds
[2026-07-13T12:53:44.353+0000] {processor.py:161} INFO - Started process (PID=687) to work on /opt/airflow/dags/crypto_pipeline_dag.py
[2026-07-13T12:53:44.353+0000] {processor.py:830} INFO - Processing file /opt/airflow/dags/crypto_pipeline_dag.py for tasks to queue
[2026-07-13T12:53:44.355+0000] {logging_mixin.py:188} INFO - [2026-07-13T12:53:44.355+0000] {dagbag.py:545} INFO - Filling up the DagBag from /opt/airflow/dags/crypto_pipeline_dag.py
[2026-07-13T12:53:44.363+0000] {processor.py:840} INFO - DAG(s) 'crypto_daily_pipeline' retrieved from /opt/airflow/dags/crypto_pipeline_dag.py
[2026-07-13T12:53:44.380+0000] {logging_mixin.py:188} INFO - [2026-07-13T12:53:44.380+0000] {dag.py:3089} INFO - Sync 1 DAGs
[2026-07-13T12:53:44.391+0000] {logging_mixin.py:188} INFO - [2026-07-13T12:53:44.391+0000] {dag.py:3947} INFO - Setting next_dagrun for crypto_daily_pipeline to 2026-07-12 00:00:00+00:00, run_after=2026-07-13 00:00:00+00:00
[2026-07-13T12:53:44.399+0000] {processor.py:183} INFO - Processing /opt/airflow/dags/crypto_pipeline_dag.py took 0.052 seconds
[2026-07-13T12:54:14.563+0000] {processor.py:161} INFO - Started process (PID=692) to work on /opt/airflow/dags/crypto_pipeline_dag.py
[2026-07-13T12:54:14.564+0000] {processor.py:830} INFO - Processing file /opt/airflow/dags/crypto_pipeline_dag.py for tasks to queue
[2026-07-13T12:54:14.565+0000] {logging_mixin.py:188} INFO - [2026-07-13T12:54:14.565+0000] {dagbag.py:545} INFO - Filling up the DagBag from /opt/airflow/dags/crypto_pipeline_dag.py
[2026-07-13T12:54:14.574+0000] {processor.py:840} INFO - DAG(s) 'crypto_daily_pipeline' retrieved from /opt/airflow/dags/crypto_pipeline_dag.py
[2026-07-13T12:54:14.590+0000] {logging_mixin.py:188} INFO - [2026-07-13T12:54:14.590+0000] {dag.py:3089} INFO - Sync 1 DAGs
[2026-07-13T12:54:14.600+0000] {logging_mixin.py:188} INFO - [2026-07-13T12:54:14.600+0000] {dag.py:3947} INFO - Setting next_dagrun for crypto_daily_pipeline to 2026-07-12 00:00:00+00:00, run_after=2026-07-13 00:00:00+00:00
[2026-07-13T12:54:14.606+0000] {processor.py:183} INFO - Processing /opt/airflow/dags/crypto_pipeline_dag.py took 0.048 seconds
[2026-07-13T12:54:44.760+0000] {processor.py:161} INFO - Started process (PID=697) to work on /opt/airflow/dags/crypto_pipeline_dag.py
[2026-07-13T12:54:44.761+0000] {processor.py:830} INFO - Processing file /opt/airflow/dags/crypto_pipeline_dag.py for tasks to queue
[2026-07-13T12:54:44.763+0000] {logging_mixin.py:188} INFO - [2026-07-13T12:54:44.762+0000] {dagbag.py:545} INFO - Filling up the DagBag from /opt/airflow/dags/crypto_pipeline_dag.py
[2026-07-13T12:54:44.772+0000] {processor.py:840} INFO - DAG(s) 'crypto_daily_pipeline' retrieved from /opt/airflow/dags/crypto_pipeline_dag.py
[2026-07-13T12:54:44.793+0000] {logging_mixin.py:188} INFO - [2026-07-13T12:54:44.793+0000] {dag.py:3089} INFO - Sync 1 DAGs
[2026-07-13T12:54:44.802+0000] {logging_mixin.py:188} INFO - [2026-07-13T12:54:44.802+0000] {dag.py:3947} INFO - Setting next_dagrun for crypto_daily_pipeline to 2026-07-12 00:00:00+00:00, run_after=2026-07-13 00:00:00+00:00
[2026-07-13T12:54:44.807+0000] {processor.py:183} INFO - Processing /opt/airflow/dags/crypto_pipeline_dag.py took 0.052 seconds
[2026-07-13T12:55:14.951+0000] {processor.py:161} INFO - Started process (PID=702) to work on /opt/airflow/dags/crypto_pipeline_dag.py
[2026-07-13T12:55:14.952+0000] {processor.py:830} INFO - Processing file /opt/airflow/dags/crypto_pipeline_dag.py for tasks to queue
[2026-07-13T12:55:14.953+0000] {logging_mixin.py:188} INFO - [2026-07-13T12:55:14.953+0000] {dagbag.py:545} INFO - Filling up the DagBag from /opt/airflow/dags/crypto_pipeline_dag.py
[2026-07-13T12:55:14.962+0000] {processor.py:840} INFO - DAG(s) 'crypto_daily_pipeline' retrieved from /opt/airflow/dags/crypto_pipeline_dag.py
[2026-07-13T12:55:14.981+0000] {logging_mixin.py:188} INFO - [2026-07-13T12:55:14.981+0000] {dag.py:3089} INFO - Sync 1 DAGs
[2026-07-13T12:55:14.992+0000] {logging_mixin.py:188} INFO - [2026-07-13T12:55:14.991+0000] {dag.py:3947} INFO - Setting next_dagrun for crypto_daily_pipeline to 2026-07-12 00:00:00+00:00, run_after=2026-07-13 00:00:00+00:00
[2026-07-13T12:55:14.998+0000] {processor.py:183} INFO - Processing /opt/airflow/dags/crypto_pipeline_dag.py took 0.052 seconds
[2026-07-13T12:55:45.155+0000] {processor.py:161} INFO - Started process (PID=707) to work on /opt/airflow/dags/crypto_pipeline_dag.py
[2026-07-13T12:55:45.156+0000] {processor.py:830} INFO - Processing file /opt/airflow/dags/crypto_pipeline_dag.py for tasks to queue
[2026-07-13T12:55:45.158+0000] {logging_mixin.py:188} INFO - [2026-07-13T12:55:45.157+0000] {dagbag.py:545} INFO - Filling up the DagBag from /opt/airflow/dags/crypto_pipeline_dag.py
[2026-07-13T12:55:45.168+0000] {processor.py:840} INFO - DAG(s) 'crypto_daily_pipeline' retrieved from /opt/airflow/dags/crypto_pipeline_dag.py
[2026-07-13T12:55:45.184+0000] {logging_mixin.py:188} INFO - [2026-07-13T12:55:45.184+0000] {dag.py:3089} INFO - Sync 1 DAGs
[2026-07-13T12:55:45.194+0000] {logging_mixin.py:188} INFO - [2026-07-13T12:55:45.194+0000] {dag.py:3947} INFO - Setting next_dagrun for crypto_daily_pipeline to 2026-07-12 00:00:00+00:00, run_after=2026-07-13 00:00:00+00:00
[2026-07-13T12:55:45.201+0000] {processor.py:183} INFO - Processing /opt/airflow/dags/crypto_pipeline_dag.py took 0.050 seconds
[2026-07-13T12:56:15.374+0000] {processor.py:161} INFO - Started process (PID=712) to work on /opt/airflow/dags/crypto_pipeline_dag.py
[2026-07-13T12:56:15.374+0000] {processor.py:830} INFO - Processing file /opt/airflow/dags/crypto_pipeline_dag.py for tasks to queue
[2026-07-13T12:56:15.376+0000] {logging_mixin.py:188} INFO - [2026-07-13T12:56:15.376+0000] {dagbag.py:545} INFO - Filling up the DagBag from /opt/airflow/dags/crypto_pipeline_dag.py
[2026-07-13T12:56:15.387+0000] {processor.py:840} INFO - DAG(s) 'crypto_daily_pipeline' retrieved from /opt/airflow/dags/crypto_pipeline_dag.py
[2026-07-13T12:56:15.406+0000] {logging_mixin.py:188} INFO - [2026-07-13T12:56:15.406+0000] {dag.py:3089} INFO - Sync 1 DAGs
[2026-07-13T12:56:15.418+0000] {logging_mixin.py:188} INFO - [2026-07-13T12:56:15.418+0000] {dag.py:3947} INFO - Setting next_dagrun for crypto_daily_pipeline to 2026-07-12 00:00:00+00:00, run_after=2026-07-13 00:00:00+00:00
[2026-07-13T12:56:15.426+0000] {processor.py:183} INFO - Processing /opt/airflow/dags/crypto_pipeline_dag.py took 0.056 seconds
[2026-07-13T12:56:45.550+0000] {processor.py:161} INFO - Started process (PID=717) to work on /opt/airflow/dags/crypto_pipeline_dag.py
[2026-07-13T12:56:45.551+0000] {processor.py:830} INFO - Processing file /opt/airflow/dags/crypto_pipeline_dag.py for tasks to queue
[2026-07-13T12:56:45.552+0000] {logging_mixin.py:188} INFO - [2026-07-13T12:56:45.551+0000] {dagbag.py:545} INFO - Filling up the DagBag from /opt/airflow/dags/crypto_pipeline_dag.py
[2026-07-13T12:56:45.557+0000] {processor.py:840} INFO - DAG(s) 'crypto_daily_pipeline' retrieved from /opt/airflow/dags/crypto_pipeline_dag.py
[2026-07-13T12:56:45.569+0000] {logging_mixin.py:188} INFO - [2026-07-13T12:56:45.569+0000] {dag.py:3089} INFO - Sync 1 DAGs
[2026-07-13T12:56:45.577+0000] {logging_mixin.py:188} INFO - [2026-07-13T12:56:45.577+0000] {dag.py:3947} INFO - Setting next_dagrun for crypto_daily_pipeline to 2026-07-12 00:00:00+00:00, run_after=2026-07-13 00:00:00+00:00
[2026-07-13T12:56:45.583+0000] {processor.py:183} INFO - Processing /opt/airflow/dags/crypto_pipeline_dag.py took 0.037 seconds
[2026-07-13T12:57:15.777+0000] {processor.py:161} INFO - Started process (PID=722) to work on /opt/airflow/dags/crypto_pipeline_dag.py
[2026-07-13T12:57:15.778+0000] {processor.py:830} INFO - Processing file /opt/airflow/dags/crypto_pipeline_dag.py for tasks to queue
[2026-07-13T12:57:15.779+0000] {logging_mixin.py:188} INFO - [2026-07-13T12:57:15.778+0000] {dagbag.py:545} INFO - Filling up the DagBag from /opt/airflow/dags/crypto_pipeline_dag.py
[2026-07-13T12:57:15.785+0000] {processor.py:840} INFO - DAG(s) 'crypto_daily_pipeline' retrieved from /opt/airflow/dags/crypto_pipeline_dag.py
[2026-07-13T12:57:15.801+0000] {logging_mixin.py:188} INFO - [2026-07-13T12:57:15.800+0000] {dag.py:3089} INFO - Sync 1 DAGs
[2026-07-13T12:57:15.812+0000] {logging_mixin.py:188} INFO - [2026-07-13T12:57:15.812+0000] {dag.py:3947} INFO - Setting next_dagrun for crypto_daily_pipeline to 2026-07-12 00:00:00+00:00, run_after=2026-07-13 00:00:00+00:00
[2026-07-13T12:57:15.818+0000] {processor.py:183} INFO - Processing /opt/airflow/dags/crypto_pipeline_dag.py took 0.044 seconds
[2026-07-13T12:57:45.948+0000] {processor.py:161} INFO - Started process (PID=727) to work on /opt/airflow/dags/crypto_pipeline_dag.py
[2026-07-13T12:57:45.949+0000] {processor.py:830} INFO - Processing file /opt/airflow/dags/crypto_pipeline_dag.py for tasks to queue
[2026-07-13T12:57:45.950+0000] {logging_mixin.py:188} INFO - [2026-07-13T12:57:45.949+0000] {dagbag.py:545} INFO - Filling up the DagBag from /opt/airflow/dags/crypto_pipeline_dag.py
[2026-07-13T12:57:45.955+0000] {processor.py:840} INFO - DAG(s) 'crypto_daily_pipeline' retrieved from /opt/airflow/dags/crypto_pipeline_dag.py
[2026-07-13T12:57:45.966+0000] {logging_mixin.py:188} INFO - [2026-07-13T12:57:45.966+0000] {dag.py:3089} INFO - Sync 1 DAGs
[2026-07-13T12:57:45.974+0000] {logging_mixin.py:188} INFO - [2026-07-13T12:57:45.974+0000] {dag.py:3947} INFO - Setting next_dagrun for crypto_daily_pipeline to 2026-07-12 00:00:00+00:00, run_after=2026-07-13 00:00:00+00:00
[2026-07-13T12:57:45.980+0000] {processor.py:183} INFO - Processing /opt/airflow/dags/crypto_pipeline_dag.py took 0.035 seconds
[2026-07-13T12:58:16.161+0000] {processor.py:161} INFO - Started process (PID=732) to work on /opt/airflow/dags/crypto_pipeline_dag.py
[2026-07-13T12:58:16.162+0000] {processor.py:830} INFO - Processing file /opt/airflow/dags/crypto_pipeline_dag.py for tasks to queue
[2026-07-13T12:58:16.163+0000] {logging_mixin.py:188} INFO - [2026-07-13T12:58:16.163+0000] {dagbag.py:545} INFO - Filling up the DagBag from /opt/airflow/dags/crypto_pipeline_dag.py
[2026-07-13T12:58:16.169+0000] {processor.py:840} INFO - DAG(s) 'crypto_daily_pipeline' retrieved from /opt/airflow/dags/crypto_pipeline_dag.py
[2026-07-13T12:58:16.180+0000] {logging_mixin.py:188} INFO - [2026-07-13T12:58:16.180+0000] {dag.py:3089} INFO - Sync 1 DAGs
[2026-07-13T12:58:16.190+0000] {logging_mixin.py:188} INFO - [2026-07-13T12:58:16.190+0000] {dag.py:3947} INFO - Setting next_dagrun for crypto_daily_pipeline to 2026-07-12 00:00:00+00:00, run_after=2026-07-13 00:00:00+00:00
[2026-07-13T12:58:16.195+0000] {processor.py:183} INFO - Processing /opt/airflow/dags/crypto_pipeline_dag.py took 0.038 seconds
[2026-07-13T12:58:46.345+0000] {processor.py:161} INFO - Started process (PID=737) to work on /opt/airflow/dags/crypto_pipeline_dag.py
[2026-07-13T12:58:46.345+0000] {processor.py:830} INFO - Processing file /opt/airflow/dags/crypto_pipeline_dag.py for tasks to queue
[2026-07-13T12:58:46.346+0000] {logging_mixin.py:188} INFO - [2026-07-13T12:58:46.346+0000] {dagbag.py:545} INFO - Filling up the DagBag from /opt/airflow/dags/crypto_pipeline_dag.py
[2026-07-13T12:58:46.355+0000] {processor.py:840} INFO - DAG(s) 'crypto_daily_pipeline' retrieved from /opt/airflow/dags/crypto_pipeline_dag.py
[2026-07-13T12:58:46.366+0000] {logging_mixin.py:188} INFO - [2026-07-13T12:58:46.366+0000] {dag.py:3089} INFO - Sync 1 DAGs
[2026-07-13T12:58:46.374+0000] {logging_mixin.py:188} INFO - [2026-07-13T12:58:46.374+0000] {dag.py:3947} INFO - Setting next_dagrun for crypto_daily_pipeline to 2026-07-12 00:00:00+00:00, run_after=2026-07-13 00:00:00+00:00
[2026-07-13T12:58:46.379+0000] {processor.py:183} INFO - Processing /opt/airflow/dags/crypto_pipeline_dag.py took 0.038 seconds
[2026-07-13T12:59:16.516+0000] {processor.py:161} INFO - Started process (PID=742) to work on /opt/airflow/dags/crypto_pipeline_dag.py
[2026-07-13T12:59:16.517+0000] {processor.py:830} INFO - Processing file /opt/airflow/dags/crypto_pipeline_dag.py for tasks to queue
[2026-07-13T12:59:16.518+0000] {logging_mixin.py:188} INFO - [2026-07-13T12:59:16.518+0000] {dagbag.py:545} INFO - Filling up the DagBag from /opt/airflow/dags/crypto_pipeline_dag.py
[2026-07-13T12:59:16.523+0000] {processor.py:840} INFO - DAG(s) 'crypto_daily_pipeline' retrieved from /opt/airflow/dags/crypto_pipeline_dag.py
[2026-07-13T12:59:16.534+0000] {logging_mixin.py:188} INFO - [2026-07-13T12:59:16.534+0000] {dag.py:3089} INFO - Sync 1 DAGs
[2026-07-13T12:59:16.542+0000] {logging_mixin.py:188} INFO - [2026-07-13T12:59:16.542+0000] {dag.py:3947} INFO - Setting next_dagrun for crypto_daily_pipeline to 2026-07-12 00:00:00+00:00, run_after=2026-07-13 00:00:00+00:00
[2026-07-13T12:59:16.549+0000] {processor.py:183} INFO - Processing /opt/airflow/dags/crypto_pipeline_dag.py took 0.036 seconds
[2026-07-13T12:59:46.709+0000] {processor.py:161} INFO - Started process (PID=747) to work on /opt/airflow/dags/crypto_pipeline_dag.py
[2026-07-13T12:59:46.709+0000] {processor.py:830} INFO - Processing file /opt/airflow/dags/crypto_pipeline_dag.py for tasks to queue
[2026-07-13T12:59:46.710+0000] {logging_mixin.py:188} INFO - [2026-07-13T12:59:46.710+0000] {dagbag.py:545} INFO - Filling up the DagBag from /opt/airflow/dags/crypto_pipeline_dag.py
[2026-07-13T12:59:46.715+0000] {processor.py:840} INFO - DAG(s) 'crypto_daily_pipeline' retrieved from /opt/airflow/dags/crypto_pipeline_dag.py
[2026-07-13T12:59:46.726+0000] {logging_mixin.py:188} INFO - [2026-07-13T12:59:46.726+0000] {dag.py:3089} INFO - Sync 1 DAGs
[2026-07-13T12:59:46.733+0000] {logging_mixin.py:188} INFO - [2026-07-13T12:59:46.733+0000] {dag.py:3947} INFO - Setting next_dagrun for crypto_daily_pipeline to 2026-07-12 00:00:00+00:00, run_after=2026-07-13 00:00:00+00:00
[2026-07-13T12:59:46.739+0000] {processor.py:183} INFO - Processing /opt/airflow/dags/crypto_pipeline_dag.py took 0.034 seconds
[2026-07-13T13:00:16.898+0000] {processor.py:161} INFO - Started process (PID=752) to work on /opt/airflow/dags/crypto_pipeline_dag.py
[2026-07-13T13:00:16.898+0000] {processor.py:830} INFO - Processing file /opt/airflow/dags/crypto_pipeline_dag.py for tasks to queue
[2026-07-13T13:00:16.899+0000] {logging_mixin.py:188} INFO - [2026-07-13T13:00:16.899+0000] {dagbag.py:545} INFO - Filling up the DagBag from /opt/airflow/dags/crypto_pipeline_dag.py
[2026-07-13T13:00:16.905+0000] {processor.py:840} INFO - DAG(s) 'crypto_daily_pipeline' retrieved from /opt/airflow/dags/crypto_pipeline_dag.py
[2026-07-13T13:00:16.916+0000] {logging_mixin.py:188} INFO - [2026-07-13T13:00:16.916+0000] {dag.py:3089} INFO - Sync 1 DAGs
[2026-07-13T13:00:16.923+0000] {logging_mixin.py:188} INFO - [2026-07-13T13:00:16.923+0000] {dag.py:3947} INFO - Setting next_dagrun for crypto_daily_pipeline to 2026-07-12 00:00:00+00:00, run_after=2026-07-13 00:00:00+00:00
[2026-07-13T13:00:16.929+0000] {processor.py:183} INFO - Processing /opt/airflow/dags/crypto_pipeline_dag.py took 0.034 seconds
[2026-07-13T13:00:47.110+0000] {processor.py:161} INFO - Started process (PID=757) to work on /opt/airflow/dags/crypto_pipeline_dag.py
[2026-07-13T13:00:47.111+0000] {processor.py:830} INFO - Processing file /opt/airflow/dags/crypto_pipeline_dag.py for tasks to queue
[2026-07-13T13:00:47.112+0000] {logging_mixin.py:188} INFO - [2026-07-13T13:00:47.112+0000] {dagbag.py:545} INFO - Filling up the DagBag from /opt/airflow/dags/crypto_pipeline_dag.py
[2026-07-13T13:00:47.124+0000] {processor.py:840} INFO - DAG(s) 'crypto_daily_pipeline' retrieved from /opt/airflow/dags/crypto_pipeline_dag.py
[2026-07-13T13:00:47.150+0000] {logging_mixin.py:188} INFO - [2026-07-13T13:00:47.150+0000] {dag.py:3089} INFO - Sync 1 DAGs
[2026-07-13T13:00:47.159+0000] {logging_mixin.py:188} INFO - [2026-07-13T13:00:47.159+0000] {dag.py:3947} INFO - Setting next_dagrun for crypto_daily_pipeline to 2026-07-12 00:00:00+00:00, run_after=2026-07-13 00:00:00+00:00
[2026-07-13T13:00:47.166+0000] {processor.py:183} INFO - Processing /opt/airflow/dags/crypto_pipeline_dag.py took 0.062 seconds
[2026-07-13T13:03:34.802+0000] {processor.py:161} INFO - Started process (PID=762) to work on /opt/airflow/dags/crypto_pipeline_dag.py
[2026-07-13T13:03:34.803+0000] {processor.py:830} INFO - Processing file /opt/airflow/dags/crypto_pipeline_dag.py for tasks to queue
[2026-07-13T13:03:34.805+0000] {logging_mixin.py:188} INFO - [2026-07-13T13:03:34.804+0000] {dagbag.py:545} INFO - Filling up the DagBag from /opt/airflow/dags/crypto_pipeline_dag.py
[2026-07-13T13:03:34.813+0000] {processor.py:840} INFO - DAG(s) 'crypto_daily_pipeline' retrieved from /opt/airflow/dags/crypto_pipeline_dag.py
[2026-07-13T13:03:34.833+0000] {logging_mixin.py:188} INFO - [2026-07-13T13:03:34.832+0000] {dag.py:3089} INFO - Sync 1 DAGs
[2026-07-13T13:03:34.844+0000] {logging_mixin.py:188} INFO - [2026-07-13T13:03:34.844+0000] {dag.py:3947} INFO - Setting next_dagrun for crypto_daily_pipeline to 2026-07-12 00:00:00+00:00, run_after=2026-07-13 00:00:00+00:00
[2026-07-13T13:03:34.851+0000] {processor.py:183} INFO - Processing /opt/airflow/dags/crypto_pipeline_dag.py took 0.054 seconds
[2026-07-13T13:04:05.007+0000] {processor.py:161} INFO - Started process (PID=767) to work on /opt/airflow/dags/crypto_pipeline_dag.py
[2026-07-13T13:04:05.008+0000] {processor.py:830} INFO - Processing file /opt/airflow/dags/crypto_pipeline_dag.py for tasks to queue
[2026-07-13T13:04:05.010+0000] {logging_mixin.py:188} INFO - [2026-07-13T13:04:05.010+0000] {dagbag.py:545} INFO - Filling up the DagBag from /opt/airflow/dags/crypto_pipeline_dag.py
[2026-07-13T13:04:05.020+0000] {processor.py:840} INFO - DAG(s) 'crypto_daily_pipeline' retrieved from /opt/airflow/dags/crypto_pipeline_dag.py
[2026-07-13T13:04:05.040+0000] {logging_mixin.py:188} INFO - [2026-07-13T13:04:05.040+0000] {dag.py:3089} INFO - Sync 1 DAGs
[2026-07-13T13:04:05.053+0000] {logging_mixin.py:188} INFO - [2026-07-13T13:04:05.052+0000] {dag.py:3947} INFO - Setting next_dagrun for crypto_daily_pipeline to 2026-07-12 00:00:00+00:00, run_after=2026-07-13 00:00:00+00:00
[2026-07-13T13:04:05.061+0000] {processor.py:183} INFO - Processing /opt/airflow/dags/crypto_pipeline_dag.py took 0.058 seconds
[2026-07-13T13:04:35.236+0000] {processor.py:161} INFO - Started process (PID=772) to work on /opt/airflow/dags/crypto_pipeline_dag.py
[2026-07-13T13:04:35.239+0000] {processor.py:830} INFO - Processing file /opt/airflow/dags/crypto_pipeline_dag.py for tasks to queue
[2026-07-13T13:04:35.243+0000] {logging_mixin.py:188} INFO - [2026-07-13T13:04:35.242+0000] {dagbag.py:545} INFO - Filling up the DagBag from /opt/airflow/dags/crypto_pipeline_dag.py
[2026-07-13T13:04:35.259+0000] {processor.py:840} INFO - DAG(s) 'crypto_daily_pipeline' retrieved from /opt/airflow/dags/crypto_pipeline_dag.py
[2026-07-13T13:04:35.286+0000] {logging_mixin.py:188} INFO - [2026-07-13T13:04:35.286+0000] {dag.py:3089} INFO - Sync 1 DAGs
[2026-07-13T13:04:35.300+0000] {logging_mixin.py:188} INFO - [2026-07-13T13:04:35.300+0000] {dag.py:3947} INFO - Setting next_dagrun for crypto_daily_pipeline to 2026-07-12 00:00:00+00:00, run_after=2026-07-13 00:00:00+00:00
[2026-07-13T13:04:35.310+0000] {processor.py:183} INFO - Processing /opt/airflow/dags/crypto_pipeline_dag.py took 0.086 seconds
[2026-07-13T13:05:05.444+0000] {processor.py:161} INFO - Started process (PID=777) to work on /opt/airflow/dags/crypto_pipeline_dag.py
[2026-07-13T13:05:05.445+0000] {processor.py:830} INFO - Processing file /opt/airflow/dags/crypto_pipeline_dag.py for tasks to queue
[2026-07-13T13:05:05.446+0000] {logging_mixin.py:188} INFO - [2026-07-13T13:05:05.446+0000] {dagbag.py:545} INFO - Filling up the DagBag from /opt/airflow/dags/crypto_pipeline_dag.py
[2026-07-13T13:05:05.457+0000] {processor.py:840} INFO - DAG(s) 'crypto_daily_pipeline' retrieved from /opt/airflow/dags/crypto_pipeline_dag.py
[2026-07-13T13:05:05.475+0000] {logging_mixin.py:188} INFO - [2026-07-13T13:05:05.475+0000] {dag.py:3089} INFO - Sync 1 DAGs
[2026-07-13T13:05:05.485+0000] {logging_mixin.py:188} INFO - [2026-07-13T13:05:05.485+0000] {dag.py:3947} INFO - Setting next_dagrun for crypto_daily_pipeline to 2026-07-12 00:00:00+00:00, run_after=2026-07-13 00:00:00+00:00
[2026-07-13T13:05:05.491+0000] {processor.py:183} INFO - Processing /opt/airflow/dags/crypto_pipeline_dag.py took 0.053 seconds
[2026-07-13T13:05:35.658+0000] {processor.py:161} INFO - Started process (PID=782) to work on /opt/airflow/dags/crypto_pipeline_dag.py
[2026-07-13T13:05:35.659+0000] {processor.py:830} INFO - Processing file /opt/airflow/dags/crypto_pipeline_dag.py for tasks to queue
[2026-07-13T13:05:35.661+0000] {logging_mixin.py:188} INFO - [2026-07-13T13:05:35.661+0000] {dagbag.py:545} INFO - Filling up the DagBag from /opt/airflow/dags/crypto_pipeline_dag.py
[2026-07-13T13:05:35.671+0000] {processor.py:840} INFO - DAG(s) 'crypto_daily_pipeline' retrieved from /opt/airflow/dags/crypto_pipeline_dag.py
[2026-07-13T13:05:35.690+0000] {logging_mixin.py:188} INFO - [2026-07-13T13:05:35.689+0000] {dag.py:3089} INFO - Sync 1 DAGs
[2026-07-13T13:05:35.700+0000] {logging_mixin.py:188} INFO - [2026-07-13T13:05:35.700+0000] {dag.py:3947} INFO - Setting next_dagrun for crypto_daily_pipeline to 2026-07-12 00:00:00+00:00, run_after=2026-07-13 00:00:00+00:00
[2026-07-13T13:05:35.706+0000] {processor.py:183} INFO - Processing /opt/airflow/dags/crypto_pipeline_dag.py took 0.053 seconds
[2026-07-13T13:06:05.890+0000] {processor.py:161} INFO - Started process (PID=787) to work on /opt/airflow/dags/crypto_pipeline_dag.py
[2026-07-13T13:06:05.891+0000] {processor.py:830} INFO - Processing file /opt/airflow/dags/crypto_pipeline_dag.py for tasks to queue
[2026-07-13T13:06:05.893+0000] {logging_mixin.py:188} INFO - [2026-07-13T13:06:05.893+0000] {dagbag.py:545} INFO - Filling up the DagBag from /opt/airflow/dags/crypto_pipeline_dag.py
[2026-07-13T13:06:05.902+0000] {processor.py:840} INFO - DAG(s) 'crypto_daily_pipeline' retrieved from /opt/airflow/dags/crypto_pipeline_dag.py
[2026-07-13T13:06:05.922+0000] {logging_mixin.py:188} INFO - [2026-07-13T13:06:05.922+0000] {dag.py:3089} INFO - Sync 1 DAGs
[2026-07-13T13:06:05.931+0000] {logging_mixin.py:188} INFO - [2026-07-13T13:06:05.931+0000] {dag.py:3947} INFO - Setting next_dagrun for crypto_daily_pipeline to 2026-07-12 00:00:00+00:00, run_after=2026-07-13 00:00:00+00:00
[2026-07-13T13:06:05.937+0000] {processor.py:183} INFO - Processing /opt/airflow/dags/crypto_pipeline_dag.py took 0.052 seconds
[2026-07-13T13:06:36.101+0000] {processor.py:161} INFO - Started process (PID=792) to work on /opt/airflow/dags/crypto_pipeline_dag.py
[2026-07-13T13:06:36.102+0000] {processor.py:830} INFO - Processing file /opt/airflow/dags/crypto_pipeline_dag.py for tasks to queue
[2026-07-13T13:06:36.104+0000] {logging_mixin.py:188} INFO - [2026-07-13T13:06:36.104+0000] {dagbag.py:545} INFO - Filling up the DagBag from /opt/airflow/dags/crypto_pipeline_dag.py
[2026-07-13T13:06:36.115+0000] {processor.py:840} INFO - DAG(s) 'crypto_daily_pipeline' retrieved from /opt/airflow/dags/crypto_pipeline_dag.py
[2026-07-13T13:06:36.136+0000] {logging_mixin.py:188} INFO - [2026-07-13T13:06:36.135+0000] {dag.py:3089} INFO - Sync 1 DAGs
[2026-07-13T13:06:36.146+0000] {logging_mixin.py:188} INFO - [2026-07-13T13:06:36.146+0000] {dag.py:3947} INFO - Setting next_dagrun for crypto_daily_pipeline to 2026-07-12 00:00:00+00:00, run_after=2026-07-13 00:00:00+00:00
[2026-07-13T13:06:36.152+0000] {processor.py:183} INFO - Processing /opt/airflow/dags/crypto_pipeline_dag.py took 0.056 seconds
[2026-07-13T13:07:06.332+0000] {processor.py:161} INFO - Started process (PID=797) to work on /opt/airflow/dags/crypto_pipeline_dag.py
[2026-07-13T13:07:06.333+0000] {processor.py:830} INFO - Processing file /opt/airflow/dags/crypto_pipeline_dag.py for tasks to queue
[2026-07-13T13:07:06.335+0000] {logging_mixin.py:188} INFO - [2026-07-13T13:07:06.335+0000] {dagbag.py:545} INFO - Filling up the DagBag from /opt/airflow/dags/crypto_pipeline_dag.py
[2026-07-13T13:07:06.344+0000] {processor.py:840} INFO - DAG(s) 'crypto_daily_pipeline' retrieved from /opt/airflow/dags/crypto_pipeline_dag.py
[2026-07-13T13:07:06.363+0000] {logging_mixin.py:188} INFO - [2026-07-13T13:07:06.362+0000] {dag.py:3089} INFO - Sync 1 DAGs
[2026-07-13T13:07:06.373+0000] {logging_mixin.py:188} INFO - [2026-07-13T13:07:06.373+0000] {dag.py:3947} INFO - Setting next_dagrun for crypto_daily_pipeline to 2026-07-12 00:00:00+00:00, run_after=2026-07-13 00:00:00+00:00
[2026-07-13T13:07:06.379+0000] {processor.py:183} INFO - Processing /opt/airflow/dags/crypto_pipeline_dag.py took 0.050 seconds
[2026-07-13T13:07:36.528+0000] {processor.py:161} INFO - Started process (PID=802) to work on /opt/airflow/dags/crypto_pipeline_dag.py
[2026-07-13T13:07:36.530+0000] {processor.py:830} INFO - Processing file /opt/airflow/dags/crypto_pipeline_dag.py for tasks to queue
[2026-07-13T13:07:36.532+0000] {logging_mixin.py:188} INFO - [2026-07-13T13:07:36.531+0000] {dagbag.py:545} INFO - Filling up the DagBag from /opt/airflow/dags/crypto_pipeline_dag.py
[2026-07-13T13:07:36.540+0000] {processor.py:840} INFO - DAG(s) 'crypto_daily_pipeline' retrieved from /opt/airflow/dags/crypto_pipeline_dag.py
[2026-07-13T13:07:36.565+0000] {logging_mixin.py:188} INFO - [2026-07-13T13:07:36.564+0000] {dag.py:3089} INFO - Sync 1 DAGs
[2026-07-13T13:07:36.575+0000] {logging_mixin.py:188} INFO - [2026-07-13T13:07:36.575+0000] {dag.py:3947} INFO - Setting next_dagrun for crypto_daily_pipeline to 2026-07-12 00:00:00+00:00, run_after=2026-07-13 00:00:00+00:00
[2026-07-13T13:07:36.581+0000] {processor.py:183} INFO - Processing /opt/airflow/dags/crypto_pipeline_dag.py took 0.058 seconds
[2026-07-13T13:08:06.743+0000] {processor.py:161} INFO - Started process (PID=807) to work on /opt/airflow/dags/crypto_pipeline_dag.py
[2026-07-13T13:08:06.744+0000] {processor.py:830} INFO - Processing file /opt/airflow/dags/crypto_pipeline_dag.py for tasks to queue
[2026-07-13T13:08:06.746+0000] {logging_mixin.py:188} INFO - [2026-07-13T13:08:06.746+0000] {dagbag.py:545} INFO - Filling up the DagBag from /opt/airflow/dags/crypto_pipeline_dag.py
[2026-07-13T13:08:06.755+0000] {processor.py:840} INFO - DAG(s) 'crypto_daily_pipeline' retrieved from /opt/airflow/dags/crypto_pipeline_dag.py
[2026-07-13T13:08:06.775+0000] {logging_mixin.py:188} INFO - [2026-07-13T13:08:06.775+0000] {dag.py:3089} INFO - Sync 1 DAGs
[2026-07-13T13:08:06.787+0000] {logging_mixin.py:188} INFO - [2026-07-13T13:08:06.787+0000] {dag.py:3947} INFO - Setting next_dagrun for crypto_daily_pipeline to 2026-07-12 00:00:00+00:00, run_after=2026-07-13 00:00:00+00:00
[2026-07-13T13:08:06.794+0000] {processor.py:183} INFO - Processing /opt/airflow/dags/crypto_pipeline_dag.py took 0.055 seconds
[2026-07-13T13:08:36.982+0000] {processor.py:161} INFO - Started process (PID=812) to work on /opt/airflow/dags/crypto_pipeline_dag.py
[2026-07-13T13:08:36.983+0000] {processor.py:830} INFO - Processing file /opt/airflow/dags/crypto_pipeline_dag.py for tasks to queue
[2026-07-13T13:08:36.986+0000] {logging_mixin.py:188} INFO - [2026-07-13T13:08:36.986+0000] {dagbag.py:545} INFO - Filling up the DagBag from /opt/airflow/dags/crypto_pipeline_dag.py
[2026-07-13T13:08:36.996+0000] {processor.py:840} INFO - DAG(s) 'crypto_daily_pipeline' retrieved from /opt/airflow/dags/crypto_pipeline_dag.py
[2026-07-13T13:08:37.017+0000] {logging_mixin.py:188} INFO - [2026-07-13T13:08:37.016+0000] {dag.py:3089} INFO - Sync 1 DAGs
[2026-07-13T13:08:37.027+0000] {logging_mixin.py:188} INFO - [2026-07-13T13:08:37.027+0000] {dag.py:3947} INFO - Setting next_dagrun for crypto_daily_pipeline to 2026-07-12 00:00:00+00:00, run_after=2026-07-13 00:00:00+00:00
[2026-07-13T13:08:37.033+0000] {processor.py:183} INFO - Processing /opt/airflow/dags/crypto_pipeline_dag.py took 0.056 seconds
[2026-07-13T13:09:07.215+0000] {processor.py:161} INFO - Started process (PID=817) to work on /opt/airflow/dags/crypto_pipeline_dag.py
[2026-07-13T13:09:07.218+0000] {processor.py:830} INFO - Processing file /opt/airflow/dags/crypto_pipeline_dag.py for tasks to queue
[2026-07-13T13:09:07.219+0000] {logging_mixin.py:188} INFO - [2026-07-13T13:09:07.219+0000] {dagbag.py:545} INFO - Filling up the DagBag from /opt/airflow/dags/crypto_pipeline_dag.py
[2026-07-13T13:09:07.227+0000] {processor.py:840} INFO - DAG(s) 'crypto_daily_pipeline' retrieved from /opt/airflow/dags/crypto_pipeline_dag.py
[2026-07-13T13:09:07.243+0000] {logging_mixin.py:188} INFO - [2026-07-13T13:09:07.243+0000] {dag.py:3089} INFO - Sync 1 DAGs
[2026-07-13T13:09:07.252+0000] {logging_mixin.py:188} INFO - [2026-07-13T13:09:07.252+0000] {dag.py:3947} INFO - Setting next_dagrun for crypto_daily_pipeline to 2026-07-12 00:00:00+00:00, run_after=2026-07-13 00:00:00+00:00
[2026-07-13T13:09:07.259+0000] {processor.py:183} INFO - Processing /opt/airflow/dags/crypto_pipeline_dag.py took 0.048 seconds
[2026-07-13T13:09:37.406+0000] {processor.py:161} INFO - Started process (PID=822) to work on /opt/airflow/dags/crypto_pipeline_dag.py
[2026-07-13T13:09:37.407+0000] {processor.py:830} INFO - Processing file /opt/airflow/dags/crypto_pipeline_dag.py for tasks to queue
[2026-07-13T13:09:37.408+0000] {logging_mixin.py:188} INFO - [2026-07-13T13:09:37.408+0000] {dagbag.py:545} INFO - Filling up the DagBag from /opt/airflow/dags/crypto_pipeline_dag.py
[2026-07-13T13:09:37.414+0000] {processor.py:840} INFO - DAG(s) 'crypto_daily_pipeline' retrieved from /opt/airflow/dags/crypto_pipeline_dag.py
[2026-07-13T13:09:37.425+0000] {logging_mixin.py:188} INFO - [2026-07-13T13:09:37.425+0000] {dag.py:3089} INFO - Sync 1 DAGs
[2026-07-13T13:09:37.432+0000] {logging_mixin.py:188} INFO - [2026-07-13T13:09:37.432+0000] {dag.py:3947} INFO - Setting next_dagrun for crypto_daily_pipeline to 2026-07-12 00:00:00+00:00, run_after=2026-07-13 00:00:00+00:00
[2026-07-13T13:09:37.437+0000] {processor.py:183} INFO - Processing /opt/airflow/dags/crypto_pipeline_dag.py took 0.035 seconds
[2026-07-13T13:10:07.585+0000] {processor.py:161} INFO - Started process (PID=827) to work on /opt/airflow/dags/crypto_pipeline_dag.py
[2026-07-13T13:10:07.586+0000] {processor.py:830} INFO - Processing file /opt/airflow/dags/crypto_pipeline_dag.py for tasks to queue
[2026-07-13T13:10:07.587+0000] {logging_mixin.py:188} INFO - [2026-07-13T13:10:07.587+0000] {dagbag.py:545} INFO - Filling up the DagBag from /opt/airflow/dags/crypto_pipeline_dag.py
[2026-07-13T13:10:07.592+0000] {processor.py:840} INFO - DAG(s) 'crypto_daily_pipeline' retrieved from /opt/airflow/dags/crypto_pipeline_dag.py
[2026-07-13T13:10:07.603+0000] {logging_mixin.py:188} INFO - [2026-07-13T13:10:07.603+0000] {dag.py:3089} INFO - Sync 1 DAGs
[2026-07-13T13:10:07.610+0000] {logging_mixin.py:188} INFO - [2026-07-13T13:10:07.609+0000] {dag.py:3947} INFO - Setting next_dagrun for crypto_daily_pipeline to 2026-07-12 00:00:00+00:00, run_after=2026-07-13 00:00:00+00:00
[2026-07-13T13:10:07.615+0000] {processor.py:183} INFO - Processing /opt/airflow/dags/crypto_pipeline_dag.py took 0.033 seconds
[2026-07-13T13:10:37.758+0000] {processor.py:161} INFO - Started process (PID=832) to work on /opt/airflow/dags/crypto_pipeline_dag.py
[2026-07-13T13:10:37.759+0000] {processor.py:830} INFO - Processing file /opt/airflow/dags/crypto_pipeline_dag.py for tasks to queue
[2026-07-13T13:10:37.760+0000] {logging_mixin.py:188} INFO - [2026-07-13T13:10:37.759+0000] {dagbag.py:545} INFO - Filling up the DagBag from /opt/airflow/dags/crypto_pipeline_dag.py
[2026-07-13T13:10:37.765+0000] {processor.py:840} INFO - DAG(s) 'crypto_daily_pipeline' retrieved from /opt/airflow/dags/crypto_pipeline_dag.py
[2026-07-13T13:10:37.776+0000] {logging_mixin.py:188} INFO - [2026-07-13T13:10:37.776+0000] {dag.py:3089} INFO - Sync 1 DAGs
[2026-07-13T13:10:37.783+0000] {logging_mixin.py:188} INFO - [2026-07-13T13:10:37.783+0000] {dag.py:3947} INFO - Setting next_dagrun for crypto_daily_pipeline to 2026-07-12 00:00:00+00:00, run_after=2026-07-13 00:00:00+00:00
[2026-07-13T13:10:37.788+0000] {processor.py:183} INFO - Processing /opt/airflow/dags/crypto_pipeline_dag.py took 0.034 seconds
[2026-07-13T13:11:07.969+0000] {processor.py:161} INFO - Started process (PID=837) to work on /opt/airflow/dags/crypto_pipeline_dag.py
[2026-07-13T13:11:07.969+0000] {processor.py:830} INFO - Processing file /opt/airflow/dags/crypto_pipeline_dag.py for tasks to queue
[2026-07-13T13:11:07.970+0000] {logging_mixin.py:188} INFO - [2026-07-13T13:11:07.970+0000] {dagbag.py:545} INFO - Filling up the DagBag from /opt/airflow/dags/crypto_pipeline_dag.py
[2026-07-13T13:11:07.976+0000] {processor.py:840} INFO - DAG(s) 'crypto_daily_pipeline' retrieved from /opt/airflow/dags/crypto_pipeline_dag.py
[2026-07-13T13:11:07.986+0000] {logging_mixin.py:188} INFO - [2026-07-13T13:11:07.986+0000] {dag.py:3089} INFO - Sync 1 DAGs
[2026-07-13T13:11:07.993+0000] {logging_mixin.py:188} INFO - [2026-07-13T13:11:07.993+0000] {dag.py:3947} INFO - Setting next_dagrun for crypto_daily_pipeline to 2026-07-12 00:00:00+00:00, run_after=2026-07-13 00:00:00+00:00
[2026-07-13T13:11:07.999+0000] {processor.py:183} INFO - Processing /opt/airflow/dags/crypto_pipeline_dag.py took 0.033 seconds
[2026-07-13T13:11:38.167+0000] {processor.py:161} INFO - Started process (PID=842) to work on /opt/airflow/dags/crypto_pipeline_dag.py
[2026-07-13T13:11:38.167+0000] {processor.py:830} INFO - Processing file /opt/airflow/dags/crypto_pipeline_dag.py for tasks to queue
[2026-07-13T13:11:38.168+0000] {logging_mixin.py:188} INFO - [2026-07-13T13:11:38.168+0000] {dagbag.py:545} INFO - Filling up the DagBag from /opt/airflow/dags/crypto_pipeline_dag.py
[2026-07-13T13:11:38.174+0000] {processor.py:840} INFO - DAG(s) 'crypto_daily_pipeline' retrieved from /opt/airflow/dags/crypto_pipeline_dag.py
[2026-07-13T13:11:38.184+0000] {logging_mixin.py:188} INFO - [2026-07-13T13:11:38.184+0000] {dag.py:3089} INFO - Sync 1 DAGs
[2026-07-13T13:11:38.190+0000] {logging_mixin.py:188} INFO - [2026-07-13T13:11:38.190+0000] {dag.py:3947} INFO - Setting next_dagrun for crypto_daily_pipeline to 2026-07-12 00:00:00+00:00, run_after=2026-07-13 00:00:00+00:00
[2026-07-13T13:11:38.196+0000] {processor.py:183} INFO - Processing /opt/airflow/dags/crypto_pipeline_dag.py took 0.033 seconds
[2026-07-13T13:12:08.405+0000] {processor.py:161} INFO - Started process (PID=847) to work on /opt/airflow/dags/crypto_pipeline_dag.py
[2026-07-13T13:12:08.406+0000] {processor.py:830} INFO - Processing file /opt/airflow/dags/crypto_pipeline_dag.py for tasks to queue
[2026-07-13T13:12:08.407+0000] {logging_mixin.py:188} INFO - [2026-07-13T13:12:08.407+0000] {dagbag.py:545} INFO - Filling up the DagBag from /opt/airflow/dags/crypto_pipeline_dag.py
[2026-07-13T13:12:08.412+0000] {processor.py:840} INFO - DAG(s) 'crypto_daily_pipeline' retrieved from /opt/airflow/dags/crypto_pipeline_dag.py
[2026-07-13T13:12:08.423+0000] {logging_mixin.py:188} INFO - [2026-07-13T13:12:08.423+0000] {dag.py:3089} INFO - Sync 1 DAGs
[2026-07-13T13:12:08.429+0000] {logging_mixin.py:188} INFO - [2026-07-13T13:12:08.429+0000] {dag.py:3947} INFO - Setting next_dagrun for crypto_daily_pipeline to 2026-07-12 00:00:00+00:00, run_after=2026-07-13 00:00:00+00:00
[2026-07-13T13:12:08.435+0000] {processor.py:183} INFO - Processing /opt/airflow/dags/crypto_pipeline_dag.py took 0.033 seconds
[2026-07-13T13:12:38.587+0000] {processor.py:161} INFO - Started process (PID=852) to work on /opt/airflow/dags/crypto_pipeline_dag.py
[2026-07-13T13:12:38.587+0000] {processor.py:830} INFO - Processing file /opt/airflow/dags/crypto_pipeline_dag.py for tasks to queue
[2026-07-13T13:12:38.589+0000] {logging_mixin.py:188} INFO - [2026-07-13T13:12:38.588+0000] {dagbag.py:545} INFO - Filling up the DagBag from /opt/airflow/dags/crypto_pipeline_dag.py
[2026-07-13T13:12:38.593+0000] {processor.py:840} INFO - DAG(s) 'crypto_daily_pipeline' retrieved from /opt/airflow/dags/crypto_pipeline_dag.py
[2026-07-13T13:12:38.604+0000] {logging_mixin.py:188} INFO - [2026-07-13T13:12:38.603+0000] {dag.py:3089} INFO - Sync 1 DAGs
[2026-07-13T13:12:38.611+0000] {logging_mixin.py:188} INFO - [2026-07-13T13:12:38.611+0000] {dag.py:3947} INFO - Setting next_dagrun for crypto_daily_pipeline to 2026-07-12 00:00:00+00:00, run_after=2026-07-13 00:00:00+00:00
[2026-07-13T13:12:38.616+0000] {processor.py:183} INFO - Processing /opt/airflow/dags/crypto_pipeline_dag.py took 0.032 seconds
[2026-07-13T13:13:08.775+0000] {processor.py:161} INFO - Started process (PID=857) to work on /opt/airflow/dags/crypto_pipeline_dag.py
[2026-07-13T13:13:08.775+0000] {processor.py:830} INFO - Processing file /opt/airflow/dags/crypto_pipeline_dag.py for tasks to queue
[2026-07-13T13:13:08.776+0000] {logging_mixin.py:188} INFO - [2026-07-13T13:13:08.776+0000] {dagbag.py:545} INFO - Filling up the DagBag from /opt/airflow/dags/crypto_pipeline_dag.py
[2026-07-13T13:13:08.782+0000] {processor.py:840} INFO - DAG(s) 'crypto_daily_pipeline' retrieved from /opt/airflow/dags/crypto_pipeline_dag.py
[2026-07-13T13:13:08.792+0000] {logging_mixin.py:188} INFO - [2026-07-13T13:13:08.792+0000] {dag.py:3089} INFO - Sync 1 DAGs
[2026-07-13T13:13:08.799+0000] {logging_mixin.py:188} INFO - [2026-07-13T13:13:08.799+0000] {dag.py:3947} INFO - Setting next_dagrun for crypto_daily_pipeline to 2026-07-12 00:00:00+00:00, run_after=2026-07-13 00:00:00+00:00
[2026-07-13T13:13:08.805+0000] {processor.py:183} INFO - Processing /opt/airflow/dags/crypto_pipeline_dag.py took 0.033 seconds
[2026-07-13T13:13:38.997+0000] {processor.py:161} INFO - Started process (PID=862) to work on /opt/airflow/dags/crypto_pipeline_dag.py
[2026-07-13T13:13:38.998+0000] {processor.py:830} INFO - Processing file /opt/airflow/dags/crypto_pipeline_dag.py for tasks to queue
[2026-07-13T13:13:38.999+0000] {logging_mixin.py:188} INFO - [2026-07-13T13:13:38.998+0000] {dagbag.py:545} INFO - Filling up the DagBag from /opt/airflow/dags/crypto_pipeline_dag.py
[2026-07-13T13:13:39.003+0000] {processor.py:840} INFO - DAG(s) 'crypto_daily_pipeline' retrieved from /opt/airflow/dags/crypto_pipeline_dag.py
[2026-07-13T13:13:39.014+0000] {logging_mixin.py:188} INFO - [2026-07-13T13:13:39.014+0000] {dag.py:3089} INFO - Sync 1 DAGs
[2026-07-13T13:13:39.021+0000] {logging_mixin.py:188} INFO - [2026-07-13T13:13:39.021+0000] {dag.py:3947} INFO - Setting next_dagrun for crypto_daily_pipeline to 2026-07-12 00:00:00+00:00, run_after=2026-07-13 00:00:00+00:00
[2026-07-13T13:13:39.026+0000] {processor.py:183} INFO - Processing /opt/airflow/dags/crypto_pipeline_dag.py took 0.033 seconds
[2026-07-13T13:16:05.010+0000] {processor.py:161} INFO - Started process (PID=867) to work on /opt/airflow/dags/crypto_pipeline_dag.py
[2026-07-13T13:16:05.011+0000] {processor.py:830} INFO - Processing file /opt/airflow/dags/crypto_pipeline_dag.py for tasks to queue
[2026-07-13T13:16:05.013+0000] {logging_mixin.py:188} INFO - [2026-07-13T13:16:05.012+0000] {dagbag.py:545} INFO - Filling up the DagBag from /opt/airflow/dags/crypto_pipeline_dag.py
[2026-07-13T13:16:05.022+0000] {processor.py:840} INFO - DAG(s) 'crypto_daily_pipeline' retrieved from /opt/airflow/dags/crypto_pipeline_dag.py
[2026-07-13T13:16:05.041+0000] {logging_mixin.py:188} INFO - [2026-07-13T13:16:05.041+0000] {dag.py:3089} INFO - Sync 1 DAGs
[2026-07-13T13:16:05.050+0000] {logging_mixin.py:188} INFO - [2026-07-13T13:16:05.050+0000] {dag.py:3947} INFO - Setting next_dagrun for crypto_daily_pipeline to 2026-07-12 00:00:00+00:00, run_after=2026-07-13 00:00:00+00:00
[2026-07-13T13:16:05.056+0000] {processor.py:183} INFO - Processing /opt/airflow/dags/crypto_pipeline_dag.py took 0.052 seconds
[2026-07-13T13:16:35.234+0000] {processor.py:161} INFO - Started process (PID=872) to work on /opt/airflow/dags/crypto_pipeline_dag.py
[2026-07-13T13:16:35.235+0000] {processor.py:830} INFO - Processing file /opt/airflow/dags/crypto_pipeline_dag.py for tasks to queue
[2026-07-13T13:16:35.237+0000] {logging_mixin.py:188} INFO - [2026-07-13T13:16:35.237+0000] {dagbag.py:545} INFO - Filling up the DagBag from /opt/airflow/dags/crypto_pipeline_dag.py
[2026-07-13T13:16:35.246+0000] {processor.py:840} INFO - DAG(s) 'crypto_daily_pipeline' retrieved from /opt/airflow/dags/crypto_pipeline_dag.py
[2026-07-13T13:16:35.265+0000] {logging_mixin.py:188} INFO - [2026-07-13T13:16:35.265+0000] {dag.py:3089} INFO - Sync 1 DAGs
[2026-07-13T13:16:35.275+0000] {logging_mixin.py:188} INFO - [2026-07-13T13:16:35.275+0000] {dag.py:3947} INFO - Setting next_dagrun for crypto_daily_pipeline to 2026-07-12 00:00:00+00:00, run_after=2026-07-13 00:00:00+00:00
[2026-07-13T13:16:35.282+0000] {processor.py:183} INFO - Processing /opt/airflow/dags/crypto_pipeline_dag.py took 0.052 seconds
[2026-07-13T13:17:05.438+0000] {processor.py:161} INFO - Started process (PID=877) to work on /opt/airflow/dags/crypto_pipeline_dag.py
[2026-07-13T13:17:05.439+0000] {processor.py:830} INFO - Processing file /opt/airflow/dags/crypto_pipeline_dag.py for tasks to queue
[2026-07-13T13:17:05.440+0000] {logging_mixin.py:188} INFO - [2026-07-13T13:17:05.440+0000] {dagbag.py:545} INFO - Filling up the DagBag from /opt/airflow/dags/crypto_pipeline_dag.py
[2026-07-13T13:17:05.449+0000] {processor.py:840} INFO - DAG(s) 'crypto_daily_pipeline' retrieved from /opt/airflow/dags/crypto_pipeline_dag.py
[2026-07-13T13:17:05.468+0000] {logging_mixin.py:188} INFO - [2026-07-13T13:17:05.468+0000] {dag.py:3089} INFO - Sync 1 DAGs
[2026-07-13T13:17:05.477+0000] {logging_mixin.py:188} INFO - [2026-07-13T13:17:05.477+0000] {dag.py:3947} INFO - Setting next_dagrun for crypto_daily_pipeline to 2026-07-12 00:00:00+00:00, run_after=2026-07-13 00:00:00+00:00
[2026-07-13T13:17:05.483+0000] {processor.py:183} INFO - Processing /opt/airflow/dags/crypto_pipeline_dag.py took 0.051 seconds
[2026-07-13T13:17:35.646+0000] {processor.py:161} INFO - Started process (PID=882) to work on /opt/airflow/dags/crypto_pipeline_dag.py
[2026-07-13T13:17:35.647+0000] {processor.py:830} INFO - Processing file /opt/airflow/dags/crypto_pipeline_dag.py for tasks to queue
[2026-07-13T13:17:35.648+0000] {logging_mixin.py:188} INFO - [2026-07-13T13:17:35.648+0000] {dagbag.py:545} INFO - Filling up the DagBag from /opt/airflow/dags/crypto_pipeline_dag.py
[2026-07-13T13:17:35.656+0000] {processor.py:840} INFO - DAG(s) 'crypto_daily_pipeline' retrieved from /opt/airflow/dags/crypto_pipeline_dag.py
[2026-07-13T13:17:35.673+0000] {logging_mixin.py:188} INFO - [2026-07-13T13:17:35.673+0000] {dag.py:3089} INFO - Sync 1 DAGs
[2026-07-13T13:17:35.683+0000] {logging_mixin.py:188} INFO - [2026-07-13T13:17:35.683+0000] {dag.py:3947} INFO - Setting next_dagrun for crypto_daily_pipeline to 2026-07-12 00:00:00+00:00, run_after=2026-07-13 00:00:00+00:00
[2026-07-13T13:17:35.689+0000] {processor.py:183} INFO - Processing /opt/airflow/dags/crypto_pipeline_dag.py took 0.048 seconds
[2026-07-13T13:18:05.836+0000] {processor.py:161} INFO - Started process (PID=887) to work on /opt/airflow/dags/crypto_pipeline_dag.py
[2026-07-13T13:18:05.837+0000] {processor.py:830} INFO - Processing file /opt/airflow/dags/crypto_pipeline_dag.py for tasks to queue
[2026-07-13T13:18:05.838+0000] {logging_mixin.py:188} INFO - [2026-07-13T13:18:05.838+0000] {dagbag.py:545} INFO - Filling up the DagBag from /opt/airflow/dags/crypto_pipeline_dag.py
[2026-07-13T13:18:05.847+0000] {processor.py:840} INFO - DAG(s) 'crypto_daily_pipeline' retrieved from /opt/airflow/dags/crypto_pipeline_dag.py
[2026-07-13T13:18:05.863+0000] {logging_mixin.py:188} INFO - [2026-07-13T13:18:05.863+0000] {dag.py:3089} INFO - Sync 1 DAGs
[2026-07-13T13:18:05.872+0000] {logging_mixin.py:188} INFO - [2026-07-13T13:18:05.872+0000] {dag.py:3947} INFO - Setting next_dagrun for crypto_daily_pipeline to 2026-07-12 00:00:00+00:00, run_after=2026-07-13 00:00:00+00:00
[2026-07-13T13:18:05.879+0000] {processor.py:183} INFO - Processing /opt/airflow/dags/crypto_pipeline_dag.py took 0.047 seconds
[2026-07-13T13:18:36.067+0000] {processor.py:161} INFO - Started process (PID=892) to work on /opt/airflow/dags/crypto_pipeline_dag.py
[2026-07-13T13:18:36.067+0000] {processor.py:830} INFO - Processing file /opt/airflow/dags/crypto_pipeline_dag.py for tasks to queue
[2026-07-13T13:18:36.069+0000] {logging_mixin.py:188} INFO - [2026-07-13T13:18:36.069+0000] {dagbag.py:545} INFO - Filling up the DagBag from /opt/airflow/dags/crypto_pipeline_dag.py
[2026-07-13T13:18:36.078+0000] {processor.py:840} INFO - DAG(s) 'crypto_daily_pipeline' retrieved from /opt/airflow/dags/crypto_pipeline_dag.py
[2026-07-13T13:18:36.096+0000] {logging_mixin.py:188} INFO - [2026-07-13T13:18:36.096+0000] {dag.py:3089} INFO - Sync 1 DAGs
[2026-07-13T13:18:36.105+0000] {logging_mixin.py:188} INFO - [2026-07-13T13:18:36.105+0000] {dag.py:3947} INFO - Setting next_dagrun for crypto_daily_pipeline to 2026-07-12 00:00:00+00:00, run_after=2026-07-13 00:00:00+00:00
[2026-07-13T13:18:36.112+0000] {processor.py:183} INFO - Processing /opt/airflow/dags/crypto_pipeline_dag.py took 0.049 seconds
[2026-07-13T13:19:06.248+0000] {processor.py:161} INFO - Started process (PID=897) to work on /opt/airflow/dags/crypto_pipeline_dag.py
[2026-07-13T13:19:06.250+0000] {processor.py:830} INFO - Processing file /opt/airflow/dags/crypto_pipeline_dag.py for tasks to queue
[2026-07-13T13:19:06.253+0000] {logging_mixin.py:188} INFO - [2026-07-13T13:19:06.252+0000] {dagbag.py:545} INFO - Filling up the DagBag from /opt/airflow/dags/crypto_pipeline_dag.py
[2026-07-13T13:19:06.262+0000] {processor.py:840} INFO - DAG(s) 'crypto_daily_pipeline' retrieved from /opt/airflow/dags/crypto_pipeline_dag.py
[2026-07-13T13:19:06.278+0000] {logging_mixin.py:188} INFO - [2026-07-13T13:19:06.278+0000] {dag.py:3089} INFO - Sync 1 DAGs
[2026-07-13T13:19:06.287+0000] {logging_mixin.py:188} INFO - [2026-07-13T13:19:06.287+0000] {dag.py:3947} INFO - Setting next_dagrun for crypto_daily_pipeline to 2026-07-12 00:00:00+00:00, run_after=2026-07-13 00:00:00+00:00
[2026-07-13T13:19:06.294+0000] {processor.py:183} INFO - Processing /opt/airflow/dags/crypto_pipeline_dag.py took 0.050 seconds
[2026-07-13T13:19:36.466+0000] {processor.py:161} INFO - Started process (PID=902) to work on /opt/airflow/dags/crypto_pipeline_dag.py
[2026-07-13T13:19:36.467+0000] {processor.py:830} INFO - Processing file /opt/airflow/dags/crypto_pipeline_dag.py for tasks to queue
[2026-07-13T13:19:36.470+0000] {logging_mixin.py:188} INFO - [2026-07-13T13:19:36.469+0000] {dagbag.py:545} INFO - Filling up the DagBag from /opt/airflow/dags/crypto_pipeline_dag.py
[2026-07-13T13:19:36.479+0000] {processor.py:840} INFO - DAG(s) 'crypto_daily_pipeline' retrieved from /opt/airflow/dags/crypto_pipeline_dag.py
[2026-07-13T13:19:36.499+0000] {logging_mixin.py:188} INFO - [2026-07-13T13:19:36.499+0000] {dag.py:3089} INFO - Sync 1 DAGs
[2026-07-13T13:19:36.509+0000] {logging_mixin.py:188} INFO - [2026-07-13T13:19:36.509+0000] {dag.py:3947} INFO - Setting next_dagrun for crypto_daily_pipeline to 2026-07-12 00:00:00+00:00, run_after=2026-07-13 00:00:00+00:00
[2026-07-13T13:19:36.515+0000] {processor.py:183} INFO - Processing /opt/airflow/dags/crypto_pipeline_dag.py took 0.054 seconds
[2026-07-13T13:20:06.687+0000] {processor.py:161} INFO - Started process (PID=907) to work on /opt/airflow/dags/crypto_pipeline_dag.py
[2026-07-13T13:20:06.687+0000] {processor.py:830} INFO - Processing file /opt/airflow/dags/crypto_pipeline_dag.py for tasks to queue
[2026-07-13T13:20:06.689+0000] {logging_mixin.py:188} INFO - [2026-07-13T13:20:06.688+0000] {dagbag.py:545} INFO - Filling up the DagBag from /opt/airflow/dags/crypto_pipeline_dag.py
[2026-07-13T13:20:06.697+0000] {processor.py:840} INFO - DAG(s) 'crypto_daily_pipeline' retrieved from /opt/airflow/dags/crypto_pipeline_dag.py
[2026-07-13T13:20:06.714+0000] {logging_mixin.py:188} INFO - [2026-07-13T13:20:06.714+0000] {dag.py:3089} INFO - Sync 1 DAGs
[2026-07-13T13:20:06.724+0000] {logging_mixin.py:188} INFO - [2026-07-13T13:20:06.724+0000] {dag.py:3947} INFO - Setting next_dagrun for crypto_daily_pipeline to 2026-07-12 00:00:00+00:00, run_after=2026-07-13 00:00:00+00:00
[2026-07-13T13:20:06.730+0000] {processor.py:183} INFO - Processing /opt/airflow/dags/crypto_pipeline_dag.py took 0.049 seconds
[2026-07-13T13:20:36.912+0000] {processor.py:161} INFO - Started process (PID=912) to work on /opt/airflow/dags/crypto_pipeline_dag.py
[2026-07-13T13:20:36.912+0000] {processor.py:830} INFO - Processing file /opt/airflow/dags/crypto_pipeline_dag.py for tasks to queue
[2026-07-13T13:20:36.914+0000] {logging_mixin.py:188} INFO - [2026-07-13T13:20:36.913+0000] {dagbag.py:545} INFO - Filling up the DagBag from /opt/airflow/dags/crypto_pipeline_dag.py
[2026-07-13T13:20:36.923+0000] {processor.py:840} INFO - DAG(s) 'crypto_daily_pipeline' retrieved from /opt/airflow/dags/crypto_pipeline_dag.py
[2026-07-13T13:20:36.942+0000] {logging_mixin.py:188} INFO - [2026-07-13T13:20:36.942+0000] {dag.py:3089} INFO - Sync 1 DAGs
[2026-07-13T13:20:36.951+0000] {logging_mixin.py:188} INFO - [2026-07-13T13:20:36.951+0000] {dag.py:3947} INFO - Setting next_dagrun for crypto_daily_pipeline to 2026-07-12 00:00:00+00:00, run_after=2026-07-13 00:00:00+00:00
[2026-07-13T13:20:36.957+0000] {processor.py:183} INFO - Processing /opt/airflow/dags/crypto_pipeline_dag.py took 0.050 seconds
[2026-07-13T13:21:07.120+0000] {processor.py:161} INFO - Started process (PID=917) to work on /opt/airflow/dags/crypto_pipeline_dag.py
[2026-07-13T13:21:07.121+0000] {processor.py:830} INFO - Processing file /opt/airflow/dags/crypto_pipeline_dag.py for tasks to queue
[2026-07-13T13:21:07.124+0000] {logging_mixin.py:188} INFO - [2026-07-13T13:21:07.123+0000] {dagbag.py:545} INFO - Filling up the DagBag from /opt/airflow/dags/crypto_pipeline_dag.py
[2026-07-13T13:21:07.132+0000] {processor.py:840} INFO - DAG(s) 'crypto_daily_pipeline' retrieved from /opt/airflow/dags/crypto_pipeline_dag.py
[2026-07-13T13:21:07.151+0000] {logging_mixin.py:188} INFO - [2026-07-13T13:21:07.151+0000] {dag.py:3089} INFO - Sync 1 DAGs
[2026-07-13T13:21:07.160+0000] {logging_mixin.py:188} INFO - [2026-07-13T13:21:07.160+0000] {dag.py:3947} INFO - Setting next_dagrun for crypto_daily_pipeline to 2026-07-12 00:00:00+00:00, run_after=2026-07-13 00:00:00+00:00
[2026-07-13T13:21:07.166+0000] {processor.py:183} INFO - Processing /opt/airflow/dags/crypto_pipeline_dag.py took 0.050 seconds
[2026-07-13T13:21:37.349+0000] {processor.py:161} INFO - Started process (PID=922) to work on /opt/airflow/dags/crypto_pipeline_dag.py
[2026-07-13T13:21:37.350+0000] {processor.py:830} INFO - Processing file /opt/airflow/dags/crypto_pipeline_dag.py for tasks to queue
[2026-07-13T13:21:37.352+0000] {logging_mixin.py:188} INFO - [2026-07-13T13:21:37.351+0000] {dagbag.py:545} INFO - Filling up the DagBag from /opt/airflow/dags/crypto_pipeline_dag.py
[2026-07-13T13:21:37.360+0000] {processor.py:840} INFO - DAG(s) 'crypto_daily_pipeline' retrieved from /opt/airflow/dags/crypto_pipeline_dag.py
[2026-07-13T13:21:37.379+0000] {logging_mixin.py:188} INFO - [2026-07-13T13:21:37.378+0000] {dag.py:3089} INFO - Sync 1 DAGs
[2026-07-13T13:21:37.388+0000] {logging_mixin.py:188} INFO - [2026-07-13T13:21:37.388+0000] {dag.py:3947} INFO - Setting next_dagrun for crypto_daily_pipeline to 2026-07-12 00:00:00+00:00, run_after=2026-07-13 00:00:00+00:00
[2026-07-13T13:21:37.397+0000] {processor.py:183} INFO - Processing /opt/airflow/dags/crypto_pipeline_dag.py took 0.053 seconds
[2026-07-13T13:22:07.573+0000] {processor.py:161} INFO - Started process (PID=927) to work on /opt/airflow/dags/crypto_pipeline_dag.py
[2026-07-13T13:22:07.574+0000] {processor.py:830} INFO - Processing file /opt/airflow/dags/crypto_pipeline_dag.py for tasks to queue
[2026-07-13T13:22:07.575+0000] {logging_mixin.py:188} INFO - [2026-07-13T13:22:07.575+0000] {dagbag.py:545} INFO - Filling up the DagBag from /opt/airflow/dags/crypto_pipeline_dag.py
[2026-07-13T13:22:07.583+0000] {processor.py:840} INFO - DAG(s) 'crypto_daily_pipeline' retrieved from /opt/airflow/dags/crypto_pipeline_dag.py
[2026-07-13T13:22:07.601+0000] {logging_mixin.py:188} INFO - [2026-07-13T13:22:07.601+0000] {dag.py:3089} INFO - Sync 1 DAGs
[2026-07-13T13:22:07.611+0000] {logging_mixin.py:188} INFO - [2026-07-13T13:22:07.611+0000] {dag.py:3947} INFO - Setting next_dagrun for crypto_daily_pipeline to 2026-07-12 00:00:00+00:00, run_after=2026-07-13 00:00:00+00:00
[2026-07-13T13:22:07.617+0000] {processor.py:183} INFO - Processing /opt/airflow/dags/crypto_pipeline_dag.py took 0.050 seconds
[2026-07-13T13:22:37.795+0000] {processor.py:161} INFO - Started process (PID=932) to work on /opt/airflow/dags/crypto_pipeline_dag.py
[2026-07-13T13:22:37.796+0000] {processor.py:830} INFO - Processing file /opt/airflow/dags/crypto_pipeline_dag.py for tasks to queue
[2026-07-13T13:22:37.797+0000] {logging_mixin.py:188} INFO - [2026-07-13T13:22:37.797+0000] {dagbag.py:545} INFO - Filling up the DagBag from /opt/airflow/dags/crypto_pipeline_dag.py
[2026-07-13T13:22:37.805+0000] {processor.py:840} INFO - DAG(s) 'crypto_daily_pipeline' retrieved from /opt/airflow/dags/crypto_pipeline_dag.py
[2026-07-13T13:22:37.823+0000] {logging_mixin.py:188} INFO - [2026-07-13T13:22:37.823+0000] {dag.py:3089} INFO - Sync 1 DAGs
[2026-07-13T13:22:37.832+0000] {logging_mixin.py:188} INFO - [2026-07-13T13:22:37.832+0000] {dag.py:3947} INFO - Setting next_dagrun for crypto_daily_pipeline to 2026-07-12 00:00:00+00:00, run_after=2026-07-13 00:00:00+00:00
[2026-07-13T13:22:37.838+0000] {processor.py:183} INFO - Processing /opt/airflow/dags/crypto_pipeline_dag.py took 0.049 seconds
[2026-07-13T13:23:07.997+0000] {processor.py:161} INFO - Started process (PID=937) to work on /opt/airflow/dags/crypto_pipeline_dag.py
[2026-07-13T13:23:07.997+0000] {processor.py:830} INFO - Processing file /opt/airflow/dags/crypto_pipeline_dag.py for tasks to queue
[2026-07-13T13:23:07.999+0000] {logging_mixin.py:188} INFO - [2026-07-13T13:23:07.998+0000] {dagbag.py:545} INFO - Filling up the DagBag from /opt/airflow/dags/crypto_pipeline_dag.py
[2026-07-13T13:23:08.008+0000] {processor.py:840} INFO - DAG(s) 'crypto_daily_pipeline' retrieved from /opt/airflow/dags/crypto_pipeline_dag.py
[2026-07-13T13:23:08.026+0000] {logging_mixin.py:188} INFO - [2026-07-13T13:23:08.026+0000] {dag.py:3089} INFO - Sync 1 DAGs
[2026-07-13T13:23:08.036+0000] {logging_mixin.py:188} INFO - [2026-07-13T13:23:08.036+0000] {dag.py:3947} INFO - Setting next_dagrun for crypto_daily_pipeline to 2026-07-12 00:00:00+00:00, run_after=2026-07-13 00:00:00+00:00
[2026-07-13T13:23:08.041+0000] {processor.py:183} INFO - Processing /opt/airflow/dags/crypto_pipeline_dag.py took 0.049 seconds
[2026-07-13T13:23:38.235+0000] {processor.py:161} INFO - Started process (PID=942) to work on /opt/airflow/dags/crypto_pipeline_dag.py
[2026-07-13T13:23:38.235+0000] {processor.py:830} INFO - Processing file /opt/airflow/dags/crypto_pipeline_dag.py for tasks to queue
[2026-07-13T13:23:38.237+0000] {logging_mixin.py:188} INFO - [2026-07-13T13:23:38.236+0000] {dagbag.py:545} INFO - Filling up the DagBag from /opt/airflow/dags/crypto_pipeline_dag.py
[2026-07-13T13:23:38.247+0000] {processor.py:840} INFO - DAG(s) 'crypto_daily_pipeline' retrieved from /opt/airflow/dags/crypto_pipeline_dag.py
[2026-07-13T13:23:38.265+0000] {logging_mixin.py:188} INFO - [2026-07-13T13:23:38.265+0000] {dag.py:3089} INFO - Sync 1 DAGs
[2026-07-13T13:23:38.275+0000] {logging_mixin.py:188} INFO - [2026-07-13T13:23:38.275+0000] {dag.py:3947} INFO - Setting next_dagrun for crypto_daily_pipeline to 2026-07-12 00:00:00+00:00, run_after=2026-07-13 00:00:00+00:00
[2026-07-13T13:23:38.281+0000] {processor.py:183} INFO - Processing /opt/airflow/dags/crypto_pipeline_dag.py took 0.050 seconds
[2026-07-13T13:24:08.457+0000] {processor.py:161} INFO - Started process (PID=947) to work on /opt/airflow/dags/crypto_pipeline_dag.py
[2026-07-13T13:24:08.458+0000] {processor.py:830} INFO - Processing file /opt/airflow/dags/crypto_pipeline_dag.py for tasks to queue
[2026-07-13T13:24:08.459+0000] {logging_mixin.py:188} INFO - [2026-07-13T13:24:08.459+0000] {dagbag.py:545} INFO - Filling up the DagBag from /opt/airflow/dags/crypto_pipeline_dag.py
[2026-07-13T13:24:08.468+0000] {processor.py:840} INFO - DAG(s) 'crypto_daily_pipeline' retrieved from /opt/airflow/dags/crypto_pipeline_dag.py
[2026-07-13T13:24:08.486+0000] {logging_mixin.py:188} INFO - [2026-07-13T13:24:08.486+0000] {dag.py:3089} INFO - Sync 1 DAGs
[2026-07-13T13:24:08.495+0000] {logging_mixin.py:188} INFO - [2026-07-13T13:24:08.495+0000] {dag.py:3947} INFO - Setting next_dagrun for crypto_daily_pipeline to 2026-07-12 00:00:00+00:00, run_after=2026-07-13 00:00:00+00:00
[2026-07-13T13:24:08.501+0000] {processor.py:183} INFO - Processing /opt/airflow/dags/crypto_pipeline_dag.py took 0.049 seconds
[2026-07-13T13:24:38.678+0000] {processor.py:161} INFO - Started process (PID=952) to work on /opt/airflow/dags/crypto_pipeline_dag.py
[2026-07-13T13:24:38.678+0000] {processor.py:830} INFO - Processing file /opt/airflow/dags/crypto_pipeline_dag.py for tasks to queue
[2026-07-13T13:24:38.680+0000] {logging_mixin.py:188} INFO - [2026-07-13T13:24:38.679+0000] {dagbag.py:545} INFO - Filling up the DagBag from /opt/airflow/dags/crypto_pipeline_dag.py
[2026-07-13T13:24:38.688+0000] {processor.py:840} INFO - DAG(s) 'crypto_daily_pipeline' retrieved from /opt/airflow/dags/crypto_pipeline_dag.py
[2026-07-13T13:24:38.705+0000] {logging_mixin.py:188} INFO - [2026-07-13T13:24:38.704+0000] {dag.py:3089} INFO - Sync 1 DAGs
[2026-07-13T13:24:38.715+0000] {logging_mixin.py:188} INFO - [2026-07-13T13:24:38.714+0000] {dag.py:3947} INFO - Setting next_dagrun for crypto_daily_pipeline to 2026-07-12 00:00:00+00:00, run_after=2026-07-13 00:00:00+00:00
[2026-07-13T13:24:38.721+0000] {processor.py:183} INFO - Processing /opt/airflow/dags/crypto_pipeline_dag.py took 0.048 seconds
[2026-07-13T13:25:08.863+0000] {processor.py:161} INFO - Started process (PID=957) to work on /opt/airflow/dags/crypto_pipeline_dag.py
[2026-07-13T13:25:08.864+0000] {processor.py:830} INFO - Processing file /opt/airflow/dags/crypto_pipeline_dag.py for tasks to queue
[2026-07-13T13:25:08.865+0000] {logging_mixin.py:188} INFO - [2026-07-13T13:25:08.865+0000] {dagbag.py:545} INFO - Filling up the DagBag from /opt/airflow/dags/crypto_pipeline_dag.py
[2026-07-13T13:25:08.873+0000] {processor.py:840} INFO - DAG(s) 'crypto_daily_pipeline' retrieved from /opt/airflow/dags/crypto_pipeline_dag.py
[2026-07-13T13:25:08.886+0000] {logging_mixin.py:188} INFO - [2026-07-13T13:25:08.886+0000] {dag.py:3089} INFO - Sync 1 DAGs
[2026-07-13T13:25:08.896+0000] {logging_mixin.py:188} INFO - [2026-07-13T13:25:08.896+0000] {dag.py:3947} INFO - Setting next_dagrun for crypto_daily_pipeline to 2026-07-12 00:00:00+00:00, run_after=2026-07-13 00:00:00+00:00
[2026-07-13T13:25:08.904+0000] {processor.py:183} INFO - Processing /opt/airflow/dags/crypto_pipeline_dag.py took 0.045 seconds
[2026-07-13T13:25:39.066+0000] {processor.py:161} INFO - Started process (PID=962) to work on /opt/airflow/dags/crypto_pipeline_dag.py
[2026-07-13T13:25:39.066+0000] {processor.py:830} INFO - Processing file /opt/airflow/dags/crypto_pipeline_dag.py for tasks to queue
[2026-07-13T13:25:39.067+0000] {logging_mixin.py:188} INFO - [2026-07-13T13:25:39.067+0000] {dagbag.py:545} INFO - Filling up the DagBag from /opt/airflow/dags/crypto_pipeline_dag.py
[2026-07-13T13:25:39.071+0000] {processor.py:840} INFO - DAG(s) 'crypto_daily_pipeline' retrieved from /opt/airflow/dags/crypto_pipeline_dag.py
[2026-07-13T13:25:39.084+0000] {logging_mixin.py:188} INFO - [2026-07-13T13:25:39.084+0000] {dag.py:3089} INFO - Sync 1 DAGs
[2026-07-13T13:25:39.092+0000] {logging_mixin.py:188} INFO - [2026-07-13T13:25:39.092+0000] {dag.py:3947} INFO - Setting next_dagrun for crypto_daily_pipeline to 2026-07-12 00:00:00+00:00, run_after=2026-07-13 00:00:00+00:00
[2026-07-13T13:25:39.097+0000] {processor.py:183} INFO - Processing /opt/airflow/dags/crypto_pipeline_dag.py took 0.034 seconds
[2026-07-13T13:26:09.322+0000] {processor.py:161} INFO - Started process (PID=967) to work on /opt/airflow/dags/crypto_pipeline_dag.py
[2026-07-13T13:26:09.322+0000] {processor.py:830} INFO - Processing file /opt/airflow/dags/crypto_pipeline_dag.py for tasks to queue
[2026-07-13T13:26:09.324+0000] {logging_mixin.py:188} INFO - [2026-07-13T13:26:09.324+0000] {dagbag.py:545} INFO - Filling up the DagBag from /opt/airflow/dags/crypto_pipeline_dag.py
[2026-07-13T13:26:09.334+0000] {processor.py:840} INFO - DAG(s) 'crypto_daily_pipeline' retrieved from /opt/airflow/dags/crypto_pipeline_dag.py
[2026-07-13T13:26:09.353+0000] {logging_mixin.py:188} INFO - [2026-07-13T13:26:09.353+0000] {dag.py:3089} INFO - Sync 1 DAGs
[2026-07-13T13:26:09.363+0000] {logging_mixin.py:188} INFO - [2026-07-13T13:26:09.363+0000] {dag.py:3947} INFO - Setting next_dagrun for crypto_daily_pipeline to 2026-07-12 00:00:00+00:00, run_after=2026-07-13 00:00:00+00:00
[2026-07-13T13:26:09.370+0000] {processor.py:183} INFO - Processing /opt/airflow/dags/crypto_pipeline_dag.py took 0.053 seconds
[2026-07-13T13:26:39.520+0000] {processor.py:161} INFO - Started process (PID=972) to work on /opt/airflow/dags/crypto_pipeline_dag.py
[2026-07-13T13:26:39.520+0000] {processor.py:830} INFO - Processing file /opt/airflow/dags/crypto_pipeline_dag.py for tasks to queue
[2026-07-13T13:26:39.523+0000] {logging_mixin.py:188} INFO - [2026-07-13T13:26:39.523+0000] {dagbag.py:545} INFO - Filling up the DagBag from /opt/airflow/dags/crypto_pipeline_dag.py
[2026-07-13T13:26:39.534+0000] {processor.py:840} INFO - DAG(s) 'crypto_daily_pipeline' retrieved from /opt/airflow/dags/crypto_pipeline_dag.py
[2026-07-13T13:26:39.552+0000] {logging_mixin.py:188} INFO - [2026-07-13T13:26:39.552+0000] {dag.py:3089} INFO - Sync 1 DAGs
[2026-07-13T13:26:39.562+0000] {logging_mixin.py:188} INFO - [2026-07-13T13:26:39.562+0000] {dag.py:3947} INFO - Setting next_dagrun for crypto_daily_pipeline to 2026-07-12 00:00:00+00:00, run_after=2026-07-13 00:00:00+00:00
[2026-07-13T13:26:39.569+0000] {processor.py:183} INFO - Processing /opt/airflow/dags/crypto_pipeline_dag.py took 0.054 seconds
[2026-07-13T13:27:09.757+0000] {processor.py:161} INFO - Started process (PID=977) to work on /opt/airflow/dags/crypto_pipeline_dag.py
[2026-07-13T13:27:09.758+0000] {processor.py:830} INFO - Processing file /opt/airflow/dags/crypto_pipeline_dag.py for tasks to queue
[2026-07-13T13:27:09.760+0000] {logging_mixin.py:188} INFO - [2026-07-13T13:27:09.760+0000] {dagbag.py:545} INFO - Filling up the DagBag from /opt/airflow/dags/crypto_pipeline_dag.py
[2026-07-13T13:27:09.770+0000] {processor.py:840} INFO - DAG(s) 'crypto_daily_pipeline' retrieved from /opt/airflow/dags/crypto_pipeline_dag.py
[2026-07-13T13:27:09.790+0000] {logging_mixin.py:188} INFO - [2026-07-13T13:27:09.790+0000] {dag.py:3089} INFO - Sync 1 DAGs
[2026-07-13T13:27:09.799+0000] {logging_mixin.py:188} INFO - [2026-07-13T13:27:09.799+0000] {dag.py:3947} INFO - Setting next_dagrun for crypto_daily_pipeline to 2026-07-12 00:00:00+00:00, run_after=2026-07-13 00:00:00+00:00
[2026-07-13T13:27:09.805+0000] {processor.py:183} INFO - Processing /opt/airflow/dags/crypto_pipeline_dag.py took 0.054 seconds
[2026-07-13T13:27:39.977+0000] {processor.py:161} INFO - Started process (PID=982) to work on /opt/airflow/dags/crypto_pipeline_dag.py
[2026-07-13T13:27:39.978+0000] {processor.py:830} INFO - Processing file /opt/airflow/dags/crypto_pipeline_dag.py for tasks to queue
[2026-07-13T13:27:39.980+0000] {logging_mixin.py:188} INFO - [2026-07-13T13:27:39.979+0000] {dagbag.py:545} INFO - Filling up the DagBag from /opt/airflow/dags/crypto_pipeline_dag.py
[2026-07-13T13:27:39.989+0000] {processor.py:840} INFO - DAG(s) 'crypto_daily_pipeline' retrieved from /opt/airflow/dags/crypto_pipeline_dag.py
[2026-07-13T13:27:40.004+0000] {logging_mixin.py:188} INFO - [2026-07-13T13:27:40.004+0000] {dag.py:3089} INFO - Sync 1 DAGs
[2026-07-13T13:27:40.013+0000] {logging_mixin.py:188} INFO - [2026-07-13T13:27:40.013+0000] {dag.py:3947} INFO - Setting next_dagrun for crypto_daily_pipeline to 2026-07-12 00:00:00+00:00, run_after=2026-07-13 00:00:00+00:00
[2026-07-13T13:27:40.019+0000] {processor.py:183} INFO - Processing /opt/airflow/dags/crypto_pipeline_dag.py took 0.047 seconds
[2026-07-13T13:28:10.190+0000] {processor.py:161} INFO - Started process (PID=987) to work on /opt/airflow/dags/crypto_pipeline_dag.py
[2026-07-13T13:28:10.192+0000] {processor.py:830} INFO - Processing file /opt/airflow/dags/crypto_pipeline_dag.py for tasks to queue
[2026-07-13T13:28:10.195+0000] {logging_mixin.py:188} INFO - [2026-07-13T13:28:10.194+0000] {dagbag.py:545} INFO - Filling up the DagBag from /opt/airflow/dags/crypto_pipeline_dag.py
[2026-07-13T13:28:10.210+0000] {processor.py:840} INFO - DAG(s) 'crypto_daily_pipeline' retrieved from /opt/airflow/dags/crypto_pipeline_dag.py
[2026-07-13T13:28:10.234+0000] {logging_mixin.py:188} INFO - [2026-07-13T13:28:10.234+0000] {dag.py:3089} INFO - Sync 1 DAGs
[2026-07-13T13:28:10.246+0000] {logging_mixin.py:188} INFO - [2026-07-13T13:28:10.246+0000] {dag.py:3947} INFO - Setting next_dagrun for crypto_daily_pipeline to 2026-07-12 00:00:00+00:00, run_after=2026-07-13 00:00:00+00:00
[2026-07-13T13:28:10.255+0000] {processor.py:183} INFO - Processing /opt/airflow/dags/crypto_pipeline_dag.py took 0.074 seconds
[2026-07-13T13:28:40.391+0000] {processor.py:161} INFO - Started process (PID=992) to work on /opt/airflow/dags/crypto_pipeline_dag.py
[2026-07-13T13:28:40.392+0000] {processor.py:830} INFO - Processing file /opt/airflow/dags/crypto_pipeline_dag.py for tasks to queue
[2026-07-13T13:28:40.393+0000] {logging_mixin.py:188} INFO - [2026-07-13T13:28:40.393+0000] {dagbag.py:545} INFO - Filling up the DagBag from /opt/airflow/dags/crypto_pipeline_dag.py
[2026-07-13T13:28:40.404+0000] {processor.py:840} INFO - DAG(s) 'crypto_daily_pipeline' retrieved from /opt/airflow/dags/crypto_pipeline_dag.py
[2026-07-13T13:28:40.422+0000] {logging_mixin.py:188} INFO - [2026-07-13T13:28:40.422+0000] {dag.py:3089} INFO - Sync 1 DAGs
[2026-07-13T13:28:40.431+0000] {logging_mixin.py:188} INFO - [2026-07-13T13:28:40.431+0000] {dag.py:3947} INFO - Setting next_dagrun for crypto_daily_pipeline to 2026-07-12 00:00:00+00:00, run_after=2026-07-13 00:00:00+00:00
[2026-07-13T13:28:40.436+0000] {processor.py:183} INFO - Processing /opt/airflow/dags/crypto_pipeline_dag.py took 0.051 seconds
[2026-07-13T13:28:52.492+0000] {processor.py:161} INFO - Started process (PID=997) to work on /opt/airflow/dags/crypto_pipeline_dag.py
[2026-07-13T13:28:52.492+0000] {processor.py:830} INFO - Processing file /opt/airflow/dags/crypto_pipeline_dag.py for tasks to queue
[2026-07-13T13:28:52.494+0000] {logging_mixin.py:188} INFO - [2026-07-13T13:28:52.494+0000] {dagbag.py:545} INFO - Filling up the DagBag from /opt/airflow/dags/crypto_pipeline_dag.py
[2026-07-13T13:28:52.506+0000] {processor.py:840} INFO - DAG(s) 'crypto_daily_pipeline' retrieved from /opt/airflow/dags/crypto_pipeline_dag.py
[2026-07-13T13:28:52.560+0000] {logging_mixin.py:188} INFO - [2026-07-13T13:28:52.560+0000] {dag.py:3089} INFO - Sync 1 DAGs
[2026-07-13T13:28:52.566+0000] {logging_mixin.py:188} INFO - [2026-07-13T13:28:52.566+0000] {dag.py:3947} INFO - Setting next_dagrun for crypto_daily_pipeline to 2026-07-12 00:00:00+00:00, run_after=2026-07-13 00:00:00+00:00
[2026-07-13T13:28:52.573+0000] {processor.py:183} INFO - Processing /opt/airflow/dags/crypto_pipeline_dag.py took 0.085 seconds
[2026-07-13T13:29:22.698+0000] {processor.py:161} INFO - Started process (PID=1002) to work on /opt/airflow/dags/crypto_pipeline_dag.py
[2026-07-13T13:29:22.698+0000] {processor.py:830} INFO - Processing file /opt/airflow/dags/crypto_pipeline_dag.py for tasks to queue
[2026-07-13T13:29:22.701+0000] {logging_mixin.py:188} INFO - [2026-07-13T13:29:22.700+0000] {dagbag.py:545} INFO - Filling up the DagBag from /opt/airflow/dags/crypto_pipeline_dag.py
[2026-07-13T13:29:22.715+0000] {processor.py:840} INFO - DAG(s) 'crypto_daily_pipeline' retrieved from /opt/airflow/dags/crypto_pipeline_dag.py
[2026-07-13T13:29:22.734+0000] {logging_mixin.py:188} INFO - [2026-07-13T13:29:22.734+0000] {dag.py:3089} INFO - Sync 1 DAGs
[2026-07-13T13:29:22.743+0000] {logging_mixin.py:188} INFO - [2026-07-13T13:29:22.743+0000] {dag.py:3947} INFO - Setting next_dagrun for crypto_daily_pipeline to 2026-07-12 00:00:00+00:00, run_after=2026-07-13 00:00:00+00:00
[2026-07-13T13:29:22.749+0000] {processor.py:183} INFO - Processing /opt/airflow/dags/crypto_pipeline_dag.py took 0.055 seconds
[2026-07-13T13:29:52.955+0000] {processor.py:161} INFO - Started process (PID=1081) to work on /opt/airflow/dags/crypto_pipeline_dag.py
[2026-07-13T13:29:52.958+0000] {processor.py:830} INFO - Processing file /opt/airflow/dags/crypto_pipeline_dag.py for tasks to queue
[2026-07-13T13:29:52.960+0000] {logging_mixin.py:188} INFO - [2026-07-13T13:29:52.959+0000] {dagbag.py:545} INFO - Filling up the DagBag from /opt/airflow/dags/crypto_pipeline_dag.py
[2026-07-13T13:29:52.973+0000] {processor.py:840} INFO - DAG(s) 'crypto_daily_pipeline' retrieved from /opt/airflow/dags/crypto_pipeline_dag.py
[2026-07-13T13:29:53.000+0000] {logging_mixin.py:188} INFO - [2026-07-13T13:29:53.000+0000] {dag.py:3089} INFO - Sync 1 DAGs
[2026-07-13T13:29:53.015+0000] {logging_mixin.py:188} INFO - [2026-07-13T13:29:53.015+0000] {dag.py:3947} INFO - Setting next_dagrun for crypto_daily_pipeline to 2026-07-13 00:00:00+00:00, run_after=2026-07-14 00:00:00+00:00
[2026-07-13T13:29:53.020+0000] {processor.py:183} INFO - Processing /opt/airflow/dags/crypto_pipeline_dag.py took 0.079 seconds
[2026-07-13T13:30:23.157+0000] {processor.py:161} INFO - Started process (PID=1086) to work on /opt/airflow/dags/crypto_pipeline_dag.py
[2026-07-13T13:30:23.157+0000] {processor.py:830} INFO - Processing file /opt/airflow/dags/crypto_pipeline_dag.py for tasks to queue
[2026-07-13T13:30:23.159+0000] {logging_mixin.py:188} INFO - [2026-07-13T13:30:23.159+0000] {dagbag.py:545} INFO - Filling up the DagBag from /opt/airflow/dags/crypto_pipeline_dag.py
[2026-07-13T13:30:23.167+0000] {processor.py:840} INFO - DAG(s) 'crypto_daily_pipeline' retrieved from /opt/airflow/dags/crypto_pipeline_dag.py
[2026-07-13T13:30:23.188+0000] {logging_mixin.py:188} INFO - [2026-07-13T13:30:23.188+0000] {dag.py:3089} INFO - Sync 1 DAGs
[2026-07-13T13:30:23.197+0000] {logging_mixin.py:188} INFO - [2026-07-13T13:30:23.197+0000] {dag.py:3947} INFO - Setting next_dagrun for crypto_daily_pipeline to 2026-07-13 00:00:00+00:00, run_after=2026-07-14 00:00:00+00:00
[2026-07-13T13:30:23.208+0000] {processor.py:183} INFO - Processing /opt/airflow/dags/crypto_pipeline_dag.py took 0.058 seconds
[2026-07-13T13:30:53.396+0000] {processor.py:161} INFO - Started process (PID=1091) to work on /opt/airflow/dags/crypto_pipeline_dag.py
[2026-07-13T13:30:53.397+0000] {processor.py:830} INFO - Processing file /opt/airflow/dags/crypto_pipeline_dag.py for tasks to queue
[2026-07-13T13:30:53.400+0000] {logging_mixin.py:188} INFO - [2026-07-13T13:30:53.399+0000] {dagbag.py:545} INFO - Filling up the DagBag from /opt/airflow/dags/crypto_pipeline_dag.py
[2026-07-13T13:30:53.412+0000] {processor.py:840} INFO - DAG(s) 'crypto_daily_pipeline' retrieved from /opt/airflow/dags/crypto_pipeline_dag.py
[2026-07-13T13:30:53.436+0000] {logging_mixin.py:188} INFO - [2026-07-13T13:30:53.436+0000] {dag.py:3089} INFO - Sync 1 DAGs
[2026-07-13T13:30:53.445+0000] {logging_mixin.py:188} INFO - [2026-07-13T13:30:53.445+0000] {dag.py:3947} INFO - Setting next_dagrun for crypto_daily_pipeline to 2026-07-13 00:00:00+00:00, run_after=2026-07-14 00:00:00+00:00
[2026-07-13T13:30:53.451+0000] {processor.py:183} INFO - Processing /opt/airflow/dags/crypto_pipeline_dag.py took 0.063 seconds
[2026-07-13T13:31:23.604+0000] {processor.py:161} INFO - Started process (PID=1096) to work on /opt/airflow/dags/crypto_pipeline_dag.py
[2026-07-13T13:31:23.605+0000] {processor.py:830} INFO - Processing file /opt/airflow/dags/crypto_pipeline_dag.py for tasks to queue
[2026-07-13T13:31:23.606+0000] {logging_mixin.py:188} INFO - [2026-07-13T13:31:23.606+0000] {dagbag.py:545} INFO - Filling up the DagBag from /opt/airflow/dags/crypto_pipeline_dag.py
[2026-07-13T13:31:23.619+0000] {processor.py:840} INFO - DAG(s) 'crypto_daily_pipeline' retrieved from /opt/airflow/dags/crypto_pipeline_dag.py
[2026-07-13T13:31:23.640+0000] {logging_mixin.py:188} INFO - [2026-07-13T13:31:23.639+0000] {dag.py:3089} INFO - Sync 1 DAGs
[2026-07-13T13:31:23.649+0000] {logging_mixin.py:188} INFO - [2026-07-13T13:31:23.649+0000] {dag.py:3947} INFO - Setting next_dagrun for crypto_daily_pipeline to 2026-07-13 00:00:00+00:00, run_after=2026-07-14 00:00:00+00:00
[2026-07-13T13:31:23.655+0000] {processor.py:183} INFO - Processing /opt/airflow/dags/crypto_pipeline_dag.py took 0.055 seconds
[2026-07-13T13:31:53.810+0000] {processor.py:161} INFO - Started process (PID=1101) to work on /opt/airflow/dags/crypto_pipeline_dag.py
[2026-07-13T13:31:53.811+0000] {processor.py:830} INFO - Processing file /opt/airflow/dags/crypto_pipeline_dag.py for tasks to queue
[2026-07-13T13:31:53.812+0000] {logging_mixin.py:188} INFO - [2026-07-13T13:31:53.812+0000] {dagbag.py:545} INFO - Filling up the DagBag from /opt/airflow/dags/crypto_pipeline_dag.py
[2026-07-13T13:31:53.821+0000] {processor.py:840} INFO - DAG(s) 'crypto_daily_pipeline' retrieved from /opt/airflow/dags/crypto_pipeline_dag.py
[2026-07-13T13:31:53.839+0000] {logging_mixin.py:188} INFO - [2026-07-13T13:31:53.839+0000] {dag.py:3089} INFO - Sync 1 DAGs
[2026-07-13T13:31:53.848+0000] {logging_mixin.py:188} INFO - [2026-07-13T13:31:53.848+0000] {dag.py:3947} INFO - Setting next_dagrun for crypto_daily_pipeline to 2026-07-13 00:00:00+00:00, run_after=2026-07-14 00:00:00+00:00
[2026-07-13T13:31:53.855+0000] {processor.py:183} INFO - Processing /opt/airflow/dags/crypto_pipeline_dag.py took 0.049 seconds
[2026-07-13T13:32:24.024+0000] {processor.py:161} INFO - Started process (PID=1106) to work on /opt/airflow/dags/crypto_pipeline_dag.py
[2026-07-13T13:32:24.025+0000] {processor.py:830} INFO - Processing file /opt/airflow/dags/crypto_pipeline_dag.py for tasks to queue
[2026-07-13T13:32:24.026+0000] {logging_mixin.py:188} INFO - [2026-07-13T13:32:24.026+0000] {dagbag.py:545} INFO - Filling up the DagBag from /opt/airflow/dags/crypto_pipeline_dag.py
[2026-07-13T13:32:24.035+0000] {processor.py:840} INFO - DAG(s) 'crypto_daily_pipeline' retrieved from /opt/airflow/dags/crypto_pipeline_dag.py
[2026-07-13T13:32:24.053+0000] {logging_mixin.py:188} INFO - [2026-07-13T13:32:24.052+0000] {dag.py:3089} INFO - Sync 1 DAGs
[2026-07-13T13:32:24.062+0000] {logging_mixin.py:188} INFO - [2026-07-13T13:32:24.062+0000] {dag.py:3947} INFO - Setting next_dagrun for crypto_daily_pipeline to 2026-07-13 00:00:00+00:00, run_after=2026-07-14 00:00:00+00:00
[2026-07-13T13:32:24.068+0000] {processor.py:183} INFO - Processing /opt/airflow/dags/crypto_pipeline_dag.py took 0.050 seconds
[2026-07-13T13:32:54.212+0000] {processor.py:161} INFO - Started process (PID=1111) to work on /opt/airflow/dags/crypto_pipeline_dag.py
[2026-07-13T13:32:54.213+0000] {processor.py:830} INFO - Processing file /opt/airflow/dags/crypto_pipeline_dag.py for tasks to queue
[2026-07-13T13:32:54.215+0000] {logging_mixin.py:188} INFO - [2026-07-13T13:32:54.214+0000] {dagbag.py:545} INFO - Filling up the DagBag from /opt/airflow/dags/crypto_pipeline_dag.py
[2026-07-13T13:32:54.225+0000] {processor.py:840} INFO - DAG(s) 'crypto_daily_pipeline' retrieved from /opt/airflow/dags/crypto_pipeline_dag.py
[2026-07-13T13:32:54.243+0000] {logging_mixin.py:188} INFO - [2026-07-13T13:32:54.243+0000] {dag.py:3089} INFO - Sync 1 DAGs
[2026-07-13T13:32:54.254+0000] {logging_mixin.py:188} INFO - [2026-07-13T13:32:54.254+0000] {dag.py:3947} INFO - Setting next_dagrun for crypto_daily_pipeline to 2026-07-13 00:00:00+00:00, run_after=2026-07-14 00:00:00+00:00
[2026-07-13T13:32:54.260+0000] {processor.py:183} INFO - Processing /opt/airflow/dags/crypto_pipeline_dag.py took 0.055 seconds
[2026-07-13T13:33:24.467+0000] {processor.py:161} INFO - Started process (PID=1116) to work on /opt/airflow/dags/crypto_pipeline_dag.py
[2026-07-13T13:33:24.469+0000] {processor.py:830} INFO - Processing file /opt/airflow/dags/crypto_pipeline_dag.py for tasks to queue
[2026-07-13T13:33:24.471+0000] {logging_mixin.py:188} INFO - [2026-07-13T13:33:24.471+0000] {dagbag.py:545} INFO - Filling up the DagBag from /opt/airflow/dags/crypto_pipeline_dag.py
[2026-07-13T13:33:24.485+0000] {processor.py:840} INFO - DAG(s) 'crypto_daily_pipeline' retrieved from /opt/airflow/dags/crypto_pipeline_dag.py
[2026-07-13T13:33:24.508+0000] {logging_mixin.py:188} INFO - [2026-07-13T13:33:24.508+0000] {dag.py:3089} INFO - Sync 1 DAGs
[2026-07-13T13:33:24.518+0000] {logging_mixin.py:188} INFO - [2026-07-13T13:33:24.518+0000] {dag.py:3947} INFO - Setting next_dagrun for crypto_daily_pipeline to 2026-07-13 00:00:00+00:00, run_after=2026-07-14 00:00:00+00:00
[2026-07-13T13:33:24.526+0000] {processor.py:183} INFO - Processing /opt/airflow/dags/crypto_pipeline_dag.py took 0.067 seconds
[2026-07-13T13:33:54.683+0000] {processor.py:161} INFO - Started process (PID=1121) to work on /opt/airflow/dags/crypto_pipeline_dag.py
[2026-07-13T13:33:54.684+0000] {processor.py:830} INFO - Processing file /opt/airflow/dags/crypto_pipeline_dag.py for tasks to queue
[2026-07-13T13:33:54.686+0000] {logging_mixin.py:188} INFO - [2026-07-13T13:33:54.685+0000] {dagbag.py:545} INFO - Filling up the DagBag from /opt/airflow/dags/crypto_pipeline_dag.py
[2026-07-13T13:33:54.696+0000] {processor.py:840} INFO - DAG(s) 'crypto_daily_pipeline' retrieved from /opt/airflow/dags/crypto_pipeline_dag.py
[2026-07-13T13:33:54.715+0000] {logging_mixin.py:188} INFO - [2026-07-13T13:33:54.715+0000] {dag.py:3089} INFO - Sync 1 DAGs
[2026-07-13T13:33:54.726+0000] {logging_mixin.py:188} INFO - [2026-07-13T13:33:54.726+0000] {dag.py:3947} INFO - Setting next_dagrun for crypto_daily_pipeline to 2026-07-13 00:00:00+00:00, run_after=2026-07-14 00:00:00+00:00
[2026-07-13T13:33:54.734+0000] {processor.py:183} INFO - Processing /opt/airflow/dags/crypto_pipeline_dag.py took 0.058 seconds
[2026-07-13T13:34:24.906+0000] {processor.py:161} INFO - Started process (PID=1126) to work on /opt/airflow/dags/crypto_pipeline_dag.py
[2026-07-13T13:34:24.907+0000] {processor.py:830} INFO - Processing file /opt/airflow/dags/crypto_pipeline_dag.py for tasks to queue
[2026-07-13T13:34:24.908+0000] {logging_mixin.py:188} INFO - [2026-07-13T13:34:24.908+0000] {dagbag.py:545} INFO - Filling up the DagBag from /opt/airflow/dags/crypto_pipeline_dag.py
[2026-07-13T13:34:24.916+0000] {processor.py:840} INFO - DAG(s) 'crypto_daily_pipeline' retrieved from /opt/airflow/dags/crypto_pipeline_dag.py
[2026-07-13T13:34:24.961+0000] {logging_mixin.py:188} INFO - [2026-07-13T13:34:24.961+0000] {dag.py:3089} INFO - Sync 1 DAGs
[2026-07-13T13:34:24.998+0000] {logging_mixin.py:188} INFO - [2026-07-13T13:34:24.998+0000] {dag.py:3947} INFO - Setting next_dagrun for crypto_daily_pipeline to 2026-07-13 00:00:00+00:00, run_after=2026-07-14 00:00:00+00:00
[2026-07-13T13:34:25.014+0000] {processor.py:183} INFO - Processing /opt/airflow/dags/crypto_pipeline_dag.py took 0.116 seconds
[2026-07-13T13:34:55.163+0000] {processor.py:161} INFO - Started process (PID=1154) to work on /opt/airflow/dags/crypto_pipeline_dag.py
[2026-07-13T13:34:55.164+0000] {processor.py:830} INFO - Processing file /opt/airflow/dags/crypto_pipeline_dag.py for tasks to queue
[2026-07-13T13:34:55.167+0000] {logging_mixin.py:188} INFO - [2026-07-13T13:34:55.167+0000] {dagbag.py:545} INFO - Filling up the DagBag from /opt/airflow/dags/crypto_pipeline_dag.py
[2026-07-13T13:34:55.178+0000] {processor.py:840} INFO - DAG(s) 'crypto_daily_pipeline' retrieved from /opt/airflow/dags/crypto_pipeline_dag.py
[2026-07-13T13:34:55.199+0000] {logging_mixin.py:188} INFO - [2026-07-13T13:34:55.199+0000] {dag.py:3089} INFO - Sync 1 DAGs
[2026-07-13T13:34:55.208+0000] {logging_mixin.py:188} INFO - [2026-07-13T13:34:55.208+0000] {dag.py:3947} INFO - Setting next_dagrun for crypto_daily_pipeline to 2026-07-13 00:00:00+00:00, run_after=2026-07-14 00:00:00+00:00
[2026-07-13T13:34:55.214+0000] {processor.py:183} INFO - Processing /opt/airflow/dags/crypto_pipeline_dag.py took 0.059 seconds
[2026-07-13T13:35:25.394+0000] {processor.py:161} INFO - Started process (PID=1159) to work on /opt/airflow/dags/crypto_pipeline_dag.py
[2026-07-13T13:35:25.394+0000] {processor.py:830} INFO - Processing file /opt/airflow/dags/crypto_pipeline_dag.py for tasks to queue
[2026-07-13T13:35:25.397+0000] {logging_mixin.py:188} INFO - [2026-07-13T13:35:25.397+0000] {dagbag.py:545} INFO - Filling up the DagBag from /opt/airflow/dags/crypto_pipeline_dag.py
[2026-07-13T13:35:25.406+0000] {processor.py:840} INFO - DAG(s) 'crypto_daily_pipeline' retrieved from /opt/airflow/dags/crypto_pipeline_dag.py
[2026-07-13T13:35:25.424+0000] {logging_mixin.py:188} INFO - [2026-07-13T13:35:25.424+0000] {dag.py:3089} INFO - Sync 1 DAGs
[2026-07-13T13:35:25.433+0000] {logging_mixin.py:188} INFO - [2026-07-13T13:35:25.433+0000] {dag.py:3947} INFO - Setting next_dagrun for crypto_daily_pipeline to 2026-07-13 00:00:00+00:00, run_after=2026-07-14 00:00:00+00:00
[2026-07-13T13:35:25.439+0000] {processor.py:183} INFO - Processing /opt/airflow/dags/crypto_pipeline_dag.py took 0.050 seconds
[2026-07-13T13:35:55.600+0000] {processor.py:161} INFO - Started process (PID=1164) to work on /opt/airflow/dags/crypto_pipeline_dag.py
[2026-07-13T13:35:55.601+0000] {processor.py:830} INFO - Processing file /opt/airflow/dags/crypto_pipeline_dag.py for tasks to queue
[2026-07-13T13:35:55.603+0000] {logging_mixin.py:188} INFO - [2026-07-13T13:35:55.603+0000] {dagbag.py:545} INFO - Filling up the DagBag from /opt/airflow/dags/crypto_pipeline_dag.py
[2026-07-13T13:35:55.612+0000] {processor.py:840} INFO - DAG(s) 'crypto_daily_pipeline' retrieved from /opt/airflow/dags/crypto_pipeline_dag.py
[2026-07-13T13:35:55.630+0000] {logging_mixin.py:188} INFO - [2026-07-13T13:35:55.630+0000] {dag.py:3089} INFO - Sync 1 DAGs
[2026-07-13T13:35:55.639+0000] {logging_mixin.py:188} INFO - [2026-07-13T13:35:55.639+0000] {dag.py:3947} INFO - Setting next_dagrun for crypto_daily_pipeline to 2026-07-13 00:00:00+00:00, run_after=2026-07-14 00:00:00+00:00
[2026-07-13T13:35:55.645+0000] {processor.py:183} INFO - Processing /opt/airflow/dags/crypto_pipeline_dag.py took 0.049 seconds
[2026-07-13T13:36:25.827+0000] {processor.py:161} INFO - Started process (PID=1169) to work on /opt/airflow/dags/crypto_pipeline_dag.py
[2026-07-13T13:36:25.828+0000] {processor.py:830} INFO - Processing file /opt/airflow/dags/crypto_pipeline_dag.py for tasks to queue
[2026-07-13T13:36:25.830+0000] {logging_mixin.py:188} INFO - [2026-07-13T13:36:25.830+0000] {dagbag.py:545} INFO - Filling up the DagBag from /opt/airflow/dags/crypto_pipeline_dag.py
[2026-07-13T13:36:25.839+0000] {processor.py:840} INFO - DAG(s) 'crypto_daily_pipeline' retrieved from /opt/airflow/dags/crypto_pipeline_dag.py
[2026-07-13T13:36:25.856+0000] {logging_mixin.py:188} INFO - [2026-07-13T13:36:25.856+0000] {dag.py:3089} INFO - Sync 1 DAGs
[2026-07-13T13:36:25.866+0000] {logging_mixin.py:188} INFO - [2026-07-13T13:36:25.866+0000] {dag.py:3947} INFO - Setting next_dagrun for crypto_daily_pipeline to 2026-07-13 00:00:00+00:00, run_after=2026-07-14 00:00:00+00:00
[2026-07-13T13:36:25.872+0000] {processor.py:183} INFO - Processing /opt/airflow/dags/crypto_pipeline_dag.py took 0.050 seconds
[2026-07-13T13:36:56.033+0000] {processor.py:161} INFO - Started process (PID=1174) to work on /opt/airflow/dags/crypto_pipeline_dag.py
[2026-07-13T13:36:56.034+0000] {processor.py:830} INFO - Processing file /opt/airflow/dags/crypto_pipeline_dag.py for tasks to queue
[2026-07-13T13:36:56.037+0000] {logging_mixin.py:188} INFO - [2026-07-13T13:36:56.036+0000] {dagbag.py:545} INFO - Filling up the DagBag from /opt/airflow/dags/crypto_pipeline_dag.py
[2026-07-13T13:36:56.046+0000] {processor.py:840} INFO - DAG(s) 'crypto_daily_pipeline' retrieved from /opt/airflow/dags/crypto_pipeline_dag.py
[2026-07-13T13:36:56.065+0000] {logging_mixin.py:188} INFO - [2026-07-13T13:36:56.065+0000] {dag.py:3089} INFO - Sync 1 DAGs
[2026-07-13T13:36:56.075+0000] {logging_mixin.py:188} INFO - [2026-07-13T13:36:56.075+0000] {dag.py:3947} INFO - Setting next_dagrun for crypto_daily_pipeline to 2026-07-13 00:00:00+00:00, run_after=2026-07-14 00:00:00+00:00
[2026-07-13T13:36:56.081+0000] {processor.py:183} INFO - Processing /opt/airflow/dags/crypto_pipeline_dag.py took 0.051 seconds
[2026-07-13T13:37:26.257+0000] {processor.py:161} INFO - Started process (PID=1179) to work on /opt/airflow/dags/crypto_pipeline_dag.py
[2026-07-13T13:37:26.258+0000] {processor.py:830} INFO - Processing file /opt/airflow/dags/crypto_pipeline_dag.py for tasks to queue
[2026-07-13T13:37:26.261+0000] {logging_mixin.py:188} INFO - [2026-07-13T13:37:26.260+0000] {dagbag.py:545} INFO - Filling up the DagBag from /opt/airflow/dags/crypto_pipeline_dag.py
[2026-07-13T13:37:26.270+0000] {processor.py:840} INFO - DAG(s) 'crypto_daily_pipeline' retrieved from /opt/airflow/dags/crypto_pipeline_dag.py
[2026-07-13T13:37:26.288+0000] {logging_mixin.py:188} INFO - [2026-07-13T13:37:26.288+0000] {dag.py:3089} INFO - Sync 1 DAGs
[2026-07-13T13:37:26.297+0000] {logging_mixin.py:188} INFO - [2026-07-13T13:37:26.297+0000] {dag.py:3947} INFO - Setting next_dagrun for crypto_daily_pipeline to 2026-07-13 00:00:00+00:00, run_after=2026-07-14 00:00:00+00:00
[2026-07-13T13:37:26.303+0000] {processor.py:183} INFO - Processing /opt/airflow/dags/crypto_pipeline_dag.py took 0.050 seconds
[2026-07-13T13:37:56.468+0000] {processor.py:161} INFO - Started process (PID=1184) to work on /opt/airflow/dags/crypto_pipeline_dag.py
[2026-07-13T13:37:56.469+0000] {processor.py:830} INFO - Processing file /opt/airflow/dags/crypto_pipeline_dag.py for tasks to queue
[2026-07-13T13:37:56.470+0000] {logging_mixin.py:188} INFO - [2026-07-13T13:37:56.470+0000] {dagbag.py:545} INFO - Filling up the DagBag from /opt/airflow/dags/crypto_pipeline_dag.py
[2026-07-13T13:37:56.479+0000] {processor.py:840} INFO - DAG(s) 'crypto_daily_pipeline' retrieved from /opt/airflow/dags/crypto_pipeline_dag.py
[2026-07-13T13:37:56.498+0000] {logging_mixin.py:188} INFO - [2026-07-13T13:37:56.498+0000] {dag.py:3089} INFO - Sync 1 DAGs
[2026-07-13T13:37:56.507+0000] {logging_mixin.py:188} INFO - [2026-07-13T13:37:56.507+0000] {dag.py:3947} INFO - Setting next_dagrun for crypto_daily_pipeline to 2026-07-13 00:00:00+00:00, run_after=2026-07-14 00:00:00+00:00
[2026-07-13T13:37:56.514+0000] {processor.py:183} INFO - Processing /opt/airflow/dags/crypto_pipeline_dag.py took 0.051 seconds
[2026-07-13T13:38:26.691+0000] {processor.py:161} INFO - Started process (PID=1189) to work on /opt/airflow/dags/crypto_pipeline_dag.py
[2026-07-13T13:38:26.692+0000] {processor.py:830} INFO - Processing file /opt/airflow/dags/crypto_pipeline_dag.py for tasks to queue
[2026-07-13T13:38:26.693+0000] {logging_mixin.py:188} INFO - [2026-07-13T13:38:26.693+0000] {dagbag.py:545} INFO - Filling up the DagBag from /opt/airflow/dags/crypto_pipeline_dag.py
[2026-07-13T13:38:26.704+0000] {processor.py:840} INFO - DAG(s) 'crypto_daily_pipeline' retrieved from /opt/airflow/dags/crypto_pipeline_dag.py
[2026-07-13T13:38:26.721+0000] {logging_mixin.py:188} INFO - [2026-07-13T13:38:26.721+0000] {dag.py:3089} INFO - Sync 1 DAGs
[2026-07-13T13:38:26.730+0000] {logging_mixin.py:188} INFO - [2026-07-13T13:38:26.730+0000] {dag.py:3947} INFO - Setting next_dagrun for crypto_daily_pipeline to 2026-07-13 00:00:00+00:00, run_after=2026-07-14 00:00:00+00:00
[2026-07-13T13:38:26.735+0000] {processor.py:183} INFO - Processing /opt/airflow/dags/crypto_pipeline_dag.py took 0.051 seconds
[2026-07-13T13:38:56.909+0000] {processor.py:161} INFO - Started process (PID=1194) to work on /opt/airflow/dags/crypto_pipeline_dag.py
[2026-07-13T13:38:56.910+0000] {processor.py:830} INFO - Processing file /opt/airflow/dags/crypto_pipeline_dag.py for tasks to queue
[2026-07-13T13:38:56.913+0000] {logging_mixin.py:188} INFO - [2026-07-13T13:38:56.912+0000] {dagbag.py:545} INFO - Filling up the DagBag from /opt/airflow/dags/crypto_pipeline_dag.py
[2026-07-13T13:38:56.922+0000] {processor.py:840} INFO - DAG(s) 'crypto_daily_pipeline' retrieved from /opt/airflow/dags/crypto_pipeline_dag.py
[2026-07-13T13:38:56.941+0000] {logging_mixin.py:188} INFO - [2026-07-13T13:38:56.940+0000] {dag.py:3089} INFO - Sync 1 DAGs
[2026-07-13T13:38:56.949+0000] {logging_mixin.py:188} INFO - [2026-07-13T13:38:56.949+0000] {dag.py:3947} INFO - Setting next_dagrun for crypto_daily_pipeline to 2026-07-13 00:00:00+00:00, run_after=2026-07-14 00:00:00+00:00
[2026-07-13T13:38:56.955+0000] {processor.py:183} INFO - Processing /opt/airflow/dags/crypto_pipeline_dag.py took 0.053 seconds
[2026-07-13T13:39:27.134+0000] {processor.py:161} INFO - Started process (PID=1199) to work on /opt/airflow/dags/crypto_pipeline_dag.py
[2026-07-13T13:39:27.135+0000] {processor.py:830} INFO - Processing file /opt/airflow/dags/crypto_pipeline_dag.py for tasks to queue
[2026-07-13T13:39:27.137+0000] {logging_mixin.py:188} INFO - [2026-07-13T13:39:27.137+0000] {dagbag.py:545} INFO - Filling up the DagBag from /opt/airflow/dags/crypto_pipeline_dag.py
[2026-07-13T13:39:27.147+0000] {processor.py:840} INFO - DAG(s) 'crypto_daily_pipeline' retrieved from /opt/airflow/dags/crypto_pipeline_dag.py
[2026-07-13T13:39:27.167+0000] {logging_mixin.py:188} INFO - [2026-07-13T13:39:27.167+0000] {dag.py:3089} INFO - Sync 1 DAGs
[2026-07-13T13:39:27.175+0000] {logging_mixin.py:188} INFO - [2026-07-13T13:39:27.175+0000] {dag.py:3947} INFO - Setting next_dagrun for crypto_daily_pipeline to 2026-07-13 00:00:00+00:00, run_after=2026-07-14 00:00:00+00:00
[2026-07-13T13:39:27.181+0000] {processor.py:183} INFO - Processing /opt/airflow/dags/crypto_pipeline_dag.py took 0.054 seconds
[2026-07-13T13:39:57.349+0000] {processor.py:161} INFO - Started process (PID=1204) to work on /opt/airflow/dags/crypto_pipeline_dag.py
[2026-07-13T13:39:57.351+0000] {processor.py:830} INFO - Processing file /opt/airflow/dags/crypto_pipeline_dag.py for tasks to queue
[2026-07-13T13:39:57.354+0000] {logging_mixin.py:188} INFO - [2026-07-13T13:39:57.353+0000] {dagbag.py:545} INFO - Filling up the DagBag from /opt/airflow/dags/crypto_pipeline_dag.py
[2026-07-13T13:39:57.365+0000] {processor.py:840} INFO - DAG(s) 'crypto_daily_pipeline' retrieved from /opt/airflow/dags/crypto_pipeline_dag.py
[2026-07-13T13:39:57.385+0000] {logging_mixin.py:188} INFO - [2026-07-13T13:39:57.385+0000] {dag.py:3089} INFO - Sync 1 DAGs
[2026-07-13T13:39:57.396+0000] {logging_mixin.py:188} INFO - [2026-07-13T13:39:57.396+0000] {dag.py:3947} INFO - Setting next_dagrun for crypto_daily_pipeline to 2026-07-13 00:00:00+00:00, run_after=2026-07-14 00:00:00+00:00
[2026-07-13T13:39:57.402+0000] {processor.py:183} INFO - Processing /opt/airflow/dags/crypto_pipeline_dag.py took 0.059 seconds
[2026-07-13T13:40:27.559+0000] {processor.py:161} INFO - Started process (PID=1209) to work on /opt/airflow/dags/crypto_pipeline_dag.py
[2026-07-13T13:40:27.560+0000] {processor.py:830} INFO - Processing file /opt/airflow/dags/crypto_pipeline_dag.py for tasks to queue
[2026-07-13T13:40:27.562+0000] {logging_mixin.py:188} INFO - [2026-07-13T13:40:27.562+0000] {dagbag.py:545} INFO - Filling up the DagBag from /opt/airflow/dags/crypto_pipeline_dag.py
[2026-07-13T13:40:27.571+0000] {processor.py:840} INFO - DAG(s) 'crypto_daily_pipeline' retrieved from /opt/airflow/dags/crypto_pipeline_dag.py
[2026-07-13T13:40:27.588+0000] {logging_mixin.py:188} INFO - [2026-07-13T13:40:27.588+0000] {dag.py:3089} INFO - Sync 1 DAGs
[2026-07-13T13:40:27.598+0000] {logging_mixin.py:188} INFO - [2026-07-13T13:40:27.598+0000] {dag.py:3947} INFO - Setting next_dagrun for crypto_daily_pipeline to 2026-07-13 00:00:00+00:00, run_after=2026-07-14 00:00:00+00:00
[2026-07-13T13:40:27.603+0000] {processor.py:183} INFO - Processing /opt/airflow/dags/crypto_pipeline_dag.py took 0.051 seconds
[2026-07-13T13:40:57.763+0000] {processor.py:161} INFO - Started process (PID=1214) to work on /opt/airflow/dags/crypto_pipeline_dag.py
[2026-07-13T13:40:57.763+0000] {processor.py:830} INFO - Processing file /opt/airflow/dags/crypto_pipeline_dag.py for tasks to queue
[2026-07-13T13:40:57.765+0000] {logging_mixin.py:188} INFO - [2026-07-13T13:40:57.765+0000] {dagbag.py:545} INFO - Filling up the DagBag from /opt/airflow/dags/crypto_pipeline_dag.py
[2026-07-13T13:40:57.778+0000] {processor.py:840} INFO - DAG(s) 'crypto_daily_pipeline' retrieved from /opt/airflow/dags/crypto_pipeline_dag.py
[2026-07-13T13:40:57.798+0000] {logging_mixin.py:188} INFO - [2026-07-13T13:40:57.798+0000] {dag.py:3089} INFO - Sync 1 DAGs
[2026-07-13T13:40:57.808+0000] {logging_mixin.py:188} INFO - [2026-07-13T13:40:57.808+0000] {dag.py:3947} INFO - Setting next_dagrun for crypto_daily_pipeline to 2026-07-13 00:00:00+00:00, run_after=2026-07-14 00:00:00+00:00
[2026-07-13T13:40:57.813+0000] {processor.py:183} INFO - Processing /opt/airflow/dags/crypto_pipeline_dag.py took 0.056 seconds
[2026-07-13T13:41:27.954+0000] {processor.py:161} INFO - Started process (PID=1219) to work on /opt/airflow/dags/crypto_pipeline_dag.py
[2026-07-13T13:41:27.955+0000] {processor.py:830} INFO - Processing file /opt/airflow/dags/crypto_pipeline_dag.py for tasks to queue
[2026-07-13T13:41:27.956+0000] {logging_mixin.py:188} INFO - [2026-07-13T13:41:27.956+0000] {dagbag.py:545} INFO - Filling up the DagBag from /opt/airflow/dags/crypto_pipeline_dag.py
[2026-07-13T13:41:27.964+0000] {processor.py:840} INFO - DAG(s) 'crypto_daily_pipeline' retrieved from /opt/airflow/dags/crypto_pipeline_dag.py
[2026-07-13T13:41:27.978+0000] {logging_mixin.py:188} INFO - [2026-07-13T13:41:27.978+0000] {dag.py:3089} INFO - Sync 1 DAGs
[2026-07-13T13:41:27.986+0000] {logging_mixin.py:188} INFO - [2026-07-13T13:41:27.986+0000] {dag.py:3947} INFO - Setting next_dagrun for crypto_daily_pipeline to 2026-07-13 00:00:00+00:00, run_after=2026-07-14 00:00:00+00:00
[2026-07-13T13:41:27.993+0000] {processor.py:183} INFO - Processing /opt/airflow/dags/crypto_pipeline_dag.py took 0.044 seconds
[2026-07-13T13:41:58.170+0000] {processor.py:161} INFO - Started process (PID=1224) to work on /opt/airflow/dags/crypto_pipeline_dag.py
[2026-07-13T13:41:58.171+0000] {processor.py:830} INFO - Processing file /opt/airflow/dags/crypto_pipeline_dag.py for tasks to queue
[2026-07-13T13:41:58.172+0000] {logging_mixin.py:188} INFO - [2026-07-13T13:41:58.172+0000] {dagbag.py:545} INFO - Filling up the DagBag from /opt/airflow/dags/crypto_pipeline_dag.py
[2026-07-13T13:41:58.177+0000] {processor.py:840} INFO - DAG(s) 'crypto_daily_pipeline' retrieved from /opt/airflow/dags/crypto_pipeline_dag.py
[2026-07-13T13:41:58.189+0000] {logging_mixin.py:188} INFO - [2026-07-13T13:41:58.189+0000] {dag.py:3089} INFO - Sync 1 DAGs
[2026-07-13T13:41:58.197+0000] {logging_mixin.py:188} INFO - [2026-07-13T13:41:58.197+0000] {dag.py:3947} INFO - Setting next_dagrun for crypto_daily_pipeline to 2026-07-13 00:00:00+00:00, run_after=2026-07-14 00:00:00+00:00
[2026-07-13T13:41:58.203+0000] {processor.py:183} INFO - Processing /opt/airflow/dags/crypto_pipeline_dag.py took 0.036 seconds
[2026-07-13T13:42:28.354+0000] {processor.py:161} INFO - Started process (PID=1229) to work on /opt/airflow/dags/crypto_pipeline_dag.py
[2026-07-13T13:42:28.354+0000] {processor.py:830} INFO - Processing file /opt/airflow/dags/crypto_pipeline_dag.py for tasks to queue
[2026-07-13T13:42:28.355+0000] {logging_mixin.py:188} INFO - [2026-07-13T13:42:28.355+0000] {dagbag.py:545} INFO - Filling up the DagBag from /opt/airflow/dags/crypto_pipeline_dag.py
[2026-07-13T13:42:28.360+0000] {processor.py:840} INFO - DAG(s) 'crypto_daily_pipeline' retrieved from /opt/airflow/dags/crypto_pipeline_dag.py
[2026-07-13T13:42:28.371+0000] {logging_mixin.py:188} INFO - [2026-07-13T13:42:28.371+0000] {dag.py:3089} INFO - Sync 1 DAGs
[2026-07-13T13:42:28.378+0000] {logging_mixin.py:188} INFO - [2026-07-13T13:42:28.378+0000] {dag.py:3947} INFO - Setting next_dagrun for crypto_daily_pipeline to 2026-07-13 00:00:00+00:00, run_after=2026-07-14 00:00:00+00:00
[2026-07-13T13:42:28.384+0000] {processor.py:183} INFO - Processing /opt/airflow/dags/crypto_pipeline_dag.py took 0.034 seconds
[2026-07-13T13:42:58.537+0000] {processor.py:161} INFO - Started process (PID=1234) to work on /opt/airflow/dags/crypto_pipeline_dag.py
[2026-07-13T13:42:58.538+0000] {processor.py:830} INFO - Processing file /opt/airflow/dags/crypto_pipeline_dag.py for tasks to queue
[2026-07-13T13:42:58.539+0000] {logging_mixin.py:188} INFO - [2026-07-13T13:42:58.538+0000] {dagbag.py:545} INFO - Filling up the DagBag from /opt/airflow/dags/crypto_pipeline_dag.py
[2026-07-13T13:42:58.544+0000] {processor.py:840} INFO - DAG(s) 'crypto_daily_pipeline' retrieved from /opt/airflow/dags/crypto_pipeline_dag.py
[2026-07-13T13:42:58.555+0000] {logging_mixin.py:188} INFO - [2026-07-13T13:42:58.555+0000] {dag.py:3089} INFO - Sync 1 DAGs
[2026-07-13T13:42:58.562+0000] {logging_mixin.py:188} INFO - [2026-07-13T13:42:58.562+0000] {dag.py:3947} INFO - Setting next_dagrun for crypto_daily_pipeline to 2026-07-13 00:00:00+00:00, run_after=2026-07-14 00:00:00+00:00
[2026-07-13T13:42:58.568+0000] {processor.py:183} INFO - Processing /opt/airflow/dags/crypto_pipeline_dag.py took 0.034 seconds
[2026-07-13T13:43:28.755+0000] {processor.py:161} INFO - Started process (PID=1239) to work on /opt/airflow/dags/crypto_pipeline_dag.py
[2026-07-13T13:43:28.756+0000] {processor.py:830} INFO - Processing file /opt/airflow/dags/crypto_pipeline_dag.py for tasks to queue
[2026-07-13T13:43:28.756+0000] {logging_mixin.py:188} INFO - [2026-07-13T13:43:28.756+0000] {dagbag.py:545} INFO - Filling up the DagBag from /opt/airflow/dags/crypto_pipeline_dag.py
[2026-07-13T13:43:28.761+0000] {processor.py:840} INFO - DAG(s) 'crypto_daily_pipeline' retrieved from /opt/airflow/dags/crypto_pipeline_dag.py
[2026-07-13T13:43:28.773+0000] {logging_mixin.py:188} INFO - [2026-07-13T13:43:28.773+0000] {dag.py:3089} INFO - Sync 1 DAGs
[2026-07-13T13:43:28.780+0000] {logging_mixin.py:188} INFO - [2026-07-13T13:43:28.780+0000] {dag.py:3947} INFO - Setting next_dagrun for crypto_daily_pipeline to 2026-07-13 00:00:00+00:00, run_after=2026-07-14 00:00:00+00:00
[2026-07-13T13:43:28.786+0000] {processor.py:183} INFO - Processing /opt/airflow/dags/crypto_pipeline_dag.py took 0.034 seconds
[2026-07-13T13:43:58.948+0000] {processor.py:161} INFO - Started process (PID=1244) to work on /opt/airflow/dags/crypto_pipeline_dag.py
[2026-07-13T13:43:58.949+0000] {processor.py:830} INFO - Processing file /opt/airflow/dags/crypto_pipeline_dag.py for tasks to queue
[2026-07-13T13:43:58.950+0000] {logging_mixin.py:188} INFO - [2026-07-13T13:43:58.949+0000] {dagbag.py:545} INFO - Filling up the DagBag from /opt/airflow/dags/crypto_pipeline_dag.py
[2026-07-13T13:43:58.955+0000] {processor.py:840} INFO - DAG(s) 'crypto_daily_pipeline' retrieved from /opt/airflow/dags/crypto_pipeline_dag.py
[2026-07-13T13:43:58.965+0000] {logging_mixin.py:188} INFO - [2026-07-13T13:43:58.965+0000] {dag.py:3089} INFO - Sync 1 DAGs
[2026-07-13T13:43:58.972+0000] {logging_mixin.py:188} INFO - [2026-07-13T13:43:58.972+0000] {dag.py:3947} INFO - Setting next_dagrun for crypto_daily_pipeline to 2026-07-13 00:00:00+00:00, run_after=2026-07-14 00:00:00+00:00
[2026-07-13T13:43:58.978+0000] {processor.py:183} INFO - Processing /opt/airflow/dags/crypto_pipeline_dag.py took 0.033 seconds
[2026-07-13T13:44:29.147+0000] {processor.py:161} INFO - Started process (PID=1249) to work on /opt/airflow/dags/crypto_pipeline_dag.py
[2026-07-13T13:44:29.148+0000] {processor.py:830} INFO - Processing file /opt/airflow/dags/crypto_pipeline_dag.py for tasks to queue
[2026-07-13T13:44:29.149+0000] {logging_mixin.py:188} INFO - [2026-07-13T13:44:29.149+0000] {dagbag.py:545} INFO - Filling up the DagBag from /opt/airflow/dags/crypto_pipeline_dag.py
[2026-07-13T13:44:29.154+0000] {processor.py:840} INFO - DAG(s) 'crypto_daily_pipeline' retrieved from /opt/airflow/dags/crypto_pipeline_dag.py
[2026-07-13T13:44:29.164+0000] {logging_mixin.py:188} INFO - [2026-07-13T13:44:29.164+0000] {dag.py:3089} INFO - Sync 1 DAGs
[2026-07-13T13:44:29.171+0000] {logging_mixin.py:188} INFO - [2026-07-13T13:44:29.171+0000] {dag.py:3947} INFO - Setting next_dagrun for crypto_daily_pipeline to 2026-07-13 00:00:00+00:00, run_after=2026-07-14 00:00:00+00:00
[2026-07-13T13:44:29.177+0000] {processor.py:183} INFO - Processing /opt/airflow/dags/crypto_pipeline_dag.py took 0.033 seconds
[2026-07-13T13:44:59.317+0000] {processor.py:161} INFO - Started process (PID=1254) to work on /opt/airflow/dags/crypto_pipeline_dag.py
[2026-07-13T13:44:59.317+0000] {processor.py:830} INFO - Processing file /opt/airflow/dags/crypto_pipeline_dag.py for tasks to queue
[2026-07-13T13:44:59.318+0000] {logging_mixin.py:188} INFO - [2026-07-13T13:44:59.318+0000] {dagbag.py:545} INFO - Filling up the DagBag from /opt/airflow/dags/crypto_pipeline_dag.py
[2026-07-13T13:44:59.323+0000] {processor.py:840} INFO - DAG(s) 'crypto_daily_pipeline' retrieved from /opt/airflow/dags/crypto_pipeline_dag.py
[2026-07-13T13:44:59.333+0000] {logging_mixin.py:188} INFO - [2026-07-13T13:44:59.333+0000] {dag.py:3089} INFO - Sync 1 DAGs
[2026-07-13T13:44:59.340+0000] {logging_mixin.py:188} INFO - [2026-07-13T13:44:59.340+0000] {dag.py:3947} INFO - Setting next_dagrun for crypto_daily_pipeline to 2026-07-13 00:00:00+00:00, run_after=2026-07-14 00:00:00+00:00
[2026-07-13T13:44:59.346+0000] {processor.py:183} INFO - Processing /opt/airflow/dags/crypto_pipeline_dag.py took 0.031 seconds
[2026-07-13T13:45:29.515+0000] {processor.py:161} INFO - Started process (PID=1259) to work on /opt/airflow/dags/crypto_pipeline_dag.py
[2026-07-13T13:45:29.516+0000] {processor.py:830} INFO - Processing file /opt/airflow/dags/crypto_pipeline_dag.py for tasks to queue
[2026-07-13T13:45:29.517+0000] {logging_mixin.py:188} INFO - [2026-07-13T13:45:29.517+0000] {dagbag.py:545} INFO - Filling up the DagBag from /opt/airflow/dags/crypto_pipeline_dag.py
[2026-07-13T13:45:29.522+0000] {processor.py:840} INFO - DAG(s) 'crypto_daily_pipeline' retrieved from /opt/airflow/dags/crypto_pipeline_dag.py
[2026-07-13T13:45:29.533+0000] {logging_mixin.py:188} INFO - [2026-07-13T13:45:29.533+0000] {dag.py:3089} INFO - Sync 1 DAGs
[2026-07-13T13:45:29.540+0000] {logging_mixin.py:188} INFO - [2026-07-13T13:45:29.540+0000] {dag.py:3947} INFO - Setting next_dagrun for crypto_daily_pipeline to 2026-07-13 00:00:00+00:00, run_after=2026-07-14 00:00:00+00:00
[2026-07-13T13:45:29.546+0000] {processor.py:183} INFO - Processing /opt/airflow/dags/crypto_pipeline_dag.py took 0.033 seconds
[2026-07-13T13:45:59.700+0000] {processor.py:161} INFO - Started process (PID=1264) to work on /opt/airflow/dags/crypto_pipeline_dag.py
[2026-07-13T13:45:59.701+0000] {processor.py:830} INFO - Processing file /opt/airflow/dags/crypto_pipeline_dag.py for tasks to queue
[2026-07-13T13:45:59.702+0000] {logging_mixin.py:188} INFO - [2026-07-13T13:45:59.701+0000] {dagbag.py:545} INFO - Filling up the DagBag from /opt/airflow/dags/crypto_pipeline_dag.py
[2026-07-13T13:45:59.707+0000] {processor.py:840} INFO - DAG(s) 'crypto_daily_pipeline' retrieved from /opt/airflow/dags/crypto_pipeline_dag.py
[2026-07-13T13:45:59.717+0000] {logging_mixin.py:188} INFO - [2026-07-13T13:45:59.717+0000] {dag.py:3089} INFO - Sync 1 DAGs
[2026-07-13T13:45:59.724+0000] {logging_mixin.py:188} INFO - [2026-07-13T13:45:59.724+0000] {dag.py:3947} INFO - Setting next_dagrun for crypto_daily_pipeline to 2026-07-13 00:00:00+00:00, run_after=2026-07-14 00:00:00+00:00
[2026-07-13T13:45:59.730+0000] {processor.py:183} INFO - Processing /opt/airflow/dags/crypto_pipeline_dag.py took 0.033 seconds
[2026-07-13T13:46:29.912+0000] {processor.py:161} INFO - Started process (PID=1269) to work on /opt/airflow/dags/crypto_pipeline_dag.py
[2026-07-13T13:46:29.912+0000] {processor.py:830} INFO - Processing file /opt/airflow/dags/crypto_pipeline_dag.py for tasks to queue
[2026-07-13T13:46:29.913+0000] {logging_mixin.py:188} INFO - [2026-07-13T13:46:29.913+0000] {dagbag.py:545} INFO - Filling up the DagBag from /opt/airflow/dags/crypto_pipeline_dag.py
[2026-07-13T13:46:29.918+0000] {processor.py:840} INFO - DAG(s) 'crypto_daily_pipeline' retrieved from /opt/airflow/dags/crypto_pipeline_dag.py
[2026-07-13T13:46:29.930+0000] {logging_mixin.py:188} INFO - [2026-07-13T13:46:29.930+0000] {dag.py:3089} INFO - Sync 1 DAGs
[2026-07-13T13:46:29.937+0000] {logging_mixin.py:188} INFO - [2026-07-13T13:46:29.937+0000] {dag.py:3947} INFO - Setting next_dagrun for crypto_daily_pipeline to 2026-07-13 00:00:00+00:00, run_after=2026-07-14 00:00:00+00:00
[2026-07-13T13:46:29.943+0000] {processor.py:183} INFO - Processing /opt/airflow/dags/crypto_pipeline_dag.py took 0.035 seconds
[2026-07-13T13:47:00.107+0000] {processor.py:161} INFO - Started process (PID=1274) to work on /opt/airflow/dags/crypto_pipeline_dag.py
[2026-07-13T13:47:00.108+0000] {processor.py:830} INFO - Processing file /opt/airflow/dags/crypto_pipeline_dag.py for tasks to queue
[2026-07-13T13:47:00.109+0000] {logging_mixin.py:188} INFO - [2026-07-13T13:47:00.109+0000] {dagbag.py:545} INFO - Filling up the DagBag from /opt/airflow/dags/crypto_pipeline_dag.py
[2026-07-13T13:47:00.116+0000] {processor.py:840} INFO - DAG(s) 'crypto_daily_pipeline' retrieved from /opt/airflow/dags/crypto_pipeline_dag.py
[2026-07-13T13:47:00.128+0000] {logging_mixin.py:188} INFO - [2026-07-13T13:47:00.128+0000] {dag.py:3089} INFO - Sync 1 DAGs
[2026-07-13T13:47:00.135+0000] {logging_mixin.py:188} INFO - [2026-07-13T13:47:00.135+0000] {dag.py:3947} INFO - Setting next_dagrun for crypto_daily_pipeline to 2026-07-13 00:00:00+00:00, run_after=2026-07-14 00:00:00+00:00
[2026-07-13T13:47:00.141+0000] {processor.py:183} INFO - Processing /opt/airflow/dags/crypto_pipeline_dag.py took 0.037 seconds
[2026-07-13T13:47:30.297+0000] {processor.py:161} INFO - Started process (PID=1279) to work on /opt/airflow/dags/crypto_pipeline_dag.py
[2026-07-13T13:47:30.297+0000] {processor.py:830} INFO - Processing file /opt/airflow/dags/crypto_pipeline_dag.py for tasks to queue
[2026-07-13T13:47:30.298+0000] {logging_mixin.py:188} INFO - [2026-07-13T13:47:30.298+0000] {dagbag.py:545} INFO - Filling up the DagBag from /opt/airflow/dags/crypto_pipeline_dag.py
[2026-07-13T13:47:30.303+0000] {processor.py:840} INFO - DAG(s) 'crypto_daily_pipeline' retrieved from /opt/airflow/dags/crypto_pipeline_dag.py
[2026-07-13T13:47:30.313+0000] {logging_mixin.py:188} INFO - [2026-07-13T13:47:30.313+0000] {dag.py:3089} INFO - Sync 1 DAGs
[2026-07-13T13:47:30.321+0000] {logging_mixin.py:188} INFO - [2026-07-13T13:47:30.321+0000] {dag.py:3947} INFO - Setting next_dagrun for crypto_daily_pipeline to 2026-07-13 00:00:00+00:00, run_after=2026-07-14 00:00:00+00:00
[2026-07-13T13:47:30.326+0000] {processor.py:183} INFO - Processing /opt/airflow/dags/crypto_pipeline_dag.py took 0.033 seconds
[2026-07-13T13:48:00.468+0000] {processor.py:161} INFO - Started process (PID=1284) to work on /opt/airflow/dags/crypto_pipeline_dag.py
[2026-07-13T13:48:00.469+0000] {processor.py:830} INFO - Processing file /opt/airflow/dags/crypto_pipeline_dag.py for tasks to queue
[2026-07-13T13:48:00.470+0000] {logging_mixin.py:188} INFO - [2026-07-13T13:48:00.469+0000] {dagbag.py:545} INFO - Filling up the DagBag from /opt/airflow/dags/crypto_pipeline_dag.py
[2026-07-13T13:48:00.475+0000] {processor.py:840} INFO - DAG(s) 'crypto_daily_pipeline' retrieved from /opt/airflow/dags/crypto_pipeline_dag.py
[2026-07-13T13:48:00.487+0000] {logging_mixin.py:188} INFO - [2026-07-13T13:48:00.487+0000] {dag.py:3089} INFO - Sync 1 DAGs
[2026-07-13T13:48:00.495+0000] {logging_mixin.py:188} INFO - [2026-07-13T13:48:00.495+0000] {dag.py:3947} INFO - Setting next_dagrun for crypto_daily_pipeline to 2026-07-13 00:00:00+00:00, run_after=2026-07-14 00:00:00+00:00
[2026-07-13T13:48:00.501+0000] {processor.py:183} INFO - Processing /opt/airflow/dags/crypto_pipeline_dag.py took 0.036 seconds
[2026-07-13T13:48:30.642+0000] {processor.py:161} INFO - Started process (PID=1289) to work on /opt/airflow/dags/crypto_pipeline_dag.py
[2026-07-13T13:48:30.643+0000] {processor.py:830} INFO - Processing file /opt/airflow/dags/crypto_pipeline_dag.py for tasks to queue
[2026-07-13T13:48:30.644+0000] {logging_mixin.py:188} INFO - [2026-07-13T13:48:30.643+0000] {dagbag.py:545} INFO - Filling up the DagBag from /opt/airflow/dags/crypto_pipeline_dag.py
[2026-07-13T13:48:30.649+0000] {processor.py:840} INFO - DAG(s) 'crypto_daily_pipeline' retrieved from /opt/airflow/dags/crypto_pipeline_dag.py
[2026-07-13T13:48:30.659+0000] {logging_mixin.py:188} INFO - [2026-07-13T13:48:30.659+0000] {dag.py:3089} INFO - Sync 1 DAGs
[2026-07-13T13:48:30.667+0000] {logging_mixin.py:188} INFO - [2026-07-13T13:48:30.667+0000] {dag.py:3947} INFO - Setting next_dagrun for crypto_daily_pipeline to 2026-07-13 00:00:00+00:00, run_after=2026-07-14 00:00:00+00:00
[2026-07-13T13:48:30.673+0000] {processor.py:183} INFO - Processing /opt/airflow/dags/crypto_pipeline_dag.py took 0.034 seconds
[2026-07-13T13:49:00.828+0000] {processor.py:161} INFO - Started process (PID=1294) to work on /opt/airflow/dags/crypto_pipeline_dag.py
[2026-07-13T13:49:00.829+0000] {processor.py:830} INFO - Processing file /opt/airflow/dags/crypto_pipeline_dag.py for tasks to queue
[2026-07-13T13:49:00.830+0000] {logging_mixin.py:188} INFO - [2026-07-13T13:49:00.829+0000] {dagbag.py:545} INFO - Filling up the DagBag from /opt/airflow/dags/crypto_pipeline_dag.py
[2026-07-13T13:49:00.834+0000] {processor.py:840} INFO - DAG(s) 'crypto_daily_pipeline' retrieved from /opt/airflow/dags/crypto_pipeline_dag.py
[2026-07-13T13:49:00.845+0000] {logging_mixin.py:188} INFO - [2026-07-13T13:49:00.845+0000] {dag.py:3089} INFO - Sync 1 DAGs
[2026-07-13T13:49:00.853+0000] {logging_mixin.py:188} INFO - [2026-07-13T13:49:00.853+0000] {dag.py:3947} INFO - Setting next_dagrun for crypto_daily_pipeline to 2026-07-13 00:00:00+00:00, run_after=2026-07-14 00:00:00+00:00
[2026-07-13T13:49:00.860+0000] {processor.py:183} INFO - Processing /opt/airflow/dags/crypto_pipeline_dag.py took 0.040 seconds
[2026-07-13T13:49:31.000+0000] {processor.py:161} INFO - Started process (PID=1299) to work on /opt/airflow/dags/crypto_pipeline_dag.py
[2026-07-13T13:49:31.001+0000] {processor.py:830} INFO - Processing file /opt/airflow/dags/crypto_pipeline_dag.py for tasks to queue
[2026-07-13T13:49:31.002+0000] {logging_mixin.py:188} INFO - [2026-07-13T13:49:31.002+0000] {dagbag.py:545} INFO - Filling up the DagBag from /opt/airflow/dags/crypto_pipeline_dag.py
[2026-07-13T13:49:31.007+0000] {processor.py:840} INFO - DAG(s) 'crypto_daily_pipeline' retrieved from /opt/airflow/dags/crypto_pipeline_dag.py
[2026-07-13T13:49:31.018+0000] {logging_mixin.py:188} INFO - [2026-07-13T13:49:31.018+0000] {dag.py:3089} INFO - Sync 1 DAGs
[2026-07-13T13:49:31.025+0000] {logging_mixin.py:188} INFO - [2026-07-13T13:49:31.024+0000] {dag.py:3947} INFO - Setting next_dagrun for crypto_daily_pipeline to 2026-07-13 00:00:00+00:00, run_after=2026-07-14 00:00:00+00:00
[2026-07-13T13:49:31.030+0000] {processor.py:183} INFO - Processing /opt/airflow/dags/crypto_pipeline_dag.py took 0.033 seconds
[2026-07-13T13:50:01.185+0000] {processor.py:161} INFO - Started process (PID=1304) to work on /opt/airflow/dags/crypto_pipeline_dag.py
[2026-07-13T13:50:01.185+0000] {processor.py:830} INFO - Processing file /opt/airflow/dags/crypto_pipeline_dag.py for tasks to queue
[2026-07-13T13:50:01.186+0000] {logging_mixin.py:188} INFO - [2026-07-13T13:50:01.186+0000] {dagbag.py:545} INFO - Filling up the DagBag from /opt/airflow/dags/crypto_pipeline_dag.py
[2026-07-13T13:50:01.192+0000] {processor.py:840} INFO - DAG(s) 'crypto_daily_pipeline' retrieved from /opt/airflow/dags/crypto_pipeline_dag.py
[2026-07-13T13:50:01.203+0000] {logging_mixin.py:188} INFO - [2026-07-13T13:50:01.203+0000] {dag.py:3089} INFO - Sync 1 DAGs
[2026-07-13T13:50:01.210+0000] {logging_mixin.py:188} INFO - [2026-07-13T13:50:01.210+0000] {dag.py:3947} INFO - Setting next_dagrun for crypto_daily_pipeline to 2026-07-13 00:00:00+00:00, run_after=2026-07-14 00:00:00+00:00
[2026-07-13T13:50:01.216+0000] {processor.py:183} INFO - Processing /opt/airflow/dags/crypto_pipeline_dag.py took 0.037 seconds
[2026-07-13T13:50:31.378+0000] {processor.py:161} INFO - Started process (PID=1309) to work on /opt/airflow/dags/crypto_pipeline_dag.py
[2026-07-13T13:50:31.379+0000] {processor.py:830} INFO - Processing file /opt/airflow/dags/crypto_pipeline_dag.py for tasks to queue
[2026-07-13T13:50:31.380+0000] {logging_mixin.py:188} INFO - [2026-07-13T13:50:31.380+0000] {dagbag.py:545} INFO - Filling up the DagBag from /opt/airflow/dags/crypto_pipeline_dag.py
[2026-07-13T13:50:31.385+0000] {processor.py:840} INFO - DAG(s) 'crypto_daily_pipeline' retrieved from /opt/airflow/dags/crypto_pipeline_dag.py
[2026-07-13T13:50:31.395+0000] {logging_mixin.py:188} INFO - [2026-07-13T13:50:31.395+0000] {dag.py:3089} INFO - Sync 1 DAGs
[2026-07-13T13:50:31.402+0000] {logging_mixin.py:188} INFO - [2026-07-13T13:50:31.402+0000] {dag.py:3947} INFO - Setting next_dagrun for crypto_daily_pipeline to 2026-07-13 00:00:00+00:00, run_after=2026-07-14 00:00:00+00:00
[2026-07-13T13:50:31.407+0000] {processor.py:183} INFO - Processing /opt/airflow/dags/crypto_pipeline_dag.py took 0.032 seconds
[2026-07-13T13:51:01.552+0000] {processor.py:161} INFO - Started process (PID=1314) to work on /opt/airflow/dags/crypto_pipeline_dag.py
[2026-07-13T13:51:01.552+0000] {processor.py:830} INFO - Processing file /opt/airflow/dags/crypto_pipeline_dag.py for tasks to queue
[2026-07-13T13:51:01.554+0000] {logging_mixin.py:188} INFO - [2026-07-13T13:51:01.554+0000] {dagbag.py:545} INFO - Filling up the DagBag from /opt/airflow/dags/crypto_pipeline_dag.py
[2026-07-13T13:51:01.561+0000] {processor.py:840} INFO - DAG(s) 'crypto_daily_pipeline' retrieved from /opt/airflow/dags/crypto_pipeline_dag.py
[2026-07-13T13:51:01.576+0000] {logging_mixin.py:188} INFO - [2026-07-13T13:51:01.576+0000] {dag.py:3089} INFO - Sync 1 DAGs
[2026-07-13T13:51:01.585+0000] {logging_mixin.py:188} INFO - [2026-07-13T13:51:01.585+0000] {dag.py:3947} INFO - Setting next_dagrun for crypto_daily_pipeline to 2026-07-13 00:00:00+00:00, run_after=2026-07-14 00:00:00+00:00
[2026-07-13T13:51:01.592+0000] {processor.py:183} INFO - Processing /opt/airflow/dags/crypto_pipeline_dag.py took 0.043 seconds
[2026-07-13T13:51:31.731+0000] {processor.py:161} INFO - Started process (PID=1319) to work on /opt/airflow/dags/crypto_pipeline_dag.py
[2026-07-13T13:51:31.731+0000] {processor.py:830} INFO - Processing file /opt/airflow/dags/crypto_pipeline_dag.py for tasks to queue
[2026-07-13T13:51:31.732+0000] {logging_mixin.py:188} INFO - [2026-07-13T13:51:31.732+0000] {dagbag.py:545} INFO - Filling up the DagBag from /opt/airflow/dags/crypto_pipeline_dag.py
[2026-07-13T13:51:31.737+0000] {processor.py:840} INFO - DAG(s) 'crypto_daily_pipeline' retrieved from /opt/airflow/dags/crypto_pipeline_dag.py
[2026-07-13T13:51:31.748+0000] {logging_mixin.py:188} INFO - [2026-07-13T13:51:31.748+0000] {dag.py:3089} INFO - Sync 1 DAGs
[2026-07-13T13:51:31.755+0000] {logging_mixin.py:188} INFO - [2026-07-13T13:51:31.755+0000] {dag.py:3947} INFO - Setting next_dagrun for crypto_daily_pipeline to 2026-07-13 00:00:00+00:00, run_after=2026-07-14 00:00:00+00:00
[2026-07-13T13:51:31.761+0000] {processor.py:183} INFO - Processing /opt/airflow/dags/crypto_pipeline_dag.py took 0.033 seconds
[2026-07-13T13:52:01.946+0000] {processor.py:161} INFO - Started process (PID=1324) to work on /opt/airflow/dags/crypto_pipeline_dag.py
[2026-07-13T13:52:01.946+0000] {processor.py:830} INFO - Processing file /opt/airflow/dags/crypto_pipeline_dag.py for tasks to queue
[2026-07-13T13:52:01.947+0000] {logging_mixin.py:188} INFO - [2026-07-13T13:52:01.947+0000] {dagbag.py:545} INFO - Filling up the DagBag from /opt/airflow/dags/crypto_pipeline_dag.py
[2026-07-13T13:52:01.952+0000] {processor.py:840} INFO - DAG(s) 'crypto_daily_pipeline' retrieved from /opt/airflow/dags/crypto_pipeline_dag.py
[2026-07-13T13:52:01.963+0000] {logging_mixin.py:188} INFO - [2026-07-13T13:52:01.963+0000] {dag.py:3089} INFO - Sync 1 DAGs
[2026-07-13T13:52:01.970+0000] {logging_mixin.py:188} INFO - [2026-07-13T13:52:01.970+0000] {dag.py:3947} INFO - Setting next_dagrun for crypto_daily_pipeline to 2026-07-13 00:00:00+00:00, run_after=2026-07-14 00:00:00+00:00
[2026-07-13T13:52:01.976+0000] {processor.py:183} INFO - Processing /opt/airflow/dags/crypto_pipeline_dag.py took 0.033 seconds
[2026-07-13T13:52:32.172+0000] {processor.py:161} INFO - Started process (PID=1329) to work on /opt/airflow/dags/crypto_pipeline_dag.py
[2026-07-13T13:52:32.173+0000] {processor.py:830} INFO - Processing file /opt/airflow/dags/crypto_pipeline_dag.py for tasks to queue
[2026-07-13T13:52:32.174+0000] {logging_mixin.py:188} INFO - [2026-07-13T13:52:32.173+0000] {dagbag.py:545} INFO - Filling up the DagBag from /opt/airflow/dags/crypto_pipeline_dag.py
[2026-07-13T13:52:32.178+0000] {processor.py:840} INFO - DAG(s) 'crypto_daily_pipeline' retrieved from /opt/airflow/dags/crypto_pipeline_dag.py
[2026-07-13T13:52:32.189+0000] {logging_mixin.py:188} INFO - [2026-07-13T13:52:32.189+0000] {dag.py:3089} INFO - Sync 1 DAGs
[2026-07-13T13:52:32.196+0000] {logging_mixin.py:188} INFO - [2026-07-13T13:52:32.196+0000] {dag.py:3947} INFO - Setting next_dagrun for crypto_daily_pipeline to 2026-07-13 00:00:00+00:00, run_after=2026-07-14 00:00:00+00:00
[2026-07-13T13:52:32.201+0000] {processor.py:183} INFO - Processing /opt/airflow/dags/crypto_pipeline_dag.py took 0.033 seconds
[2026-07-13T13:53:02.389+0000] {processor.py:161} INFO - Started process (PID=1334) to work on /opt/airflow/dags/crypto_pipeline_dag.py
[2026-07-13T13:53:02.389+0000] {processor.py:830} INFO - Processing file /opt/airflow/dags/crypto_pipeline_dag.py for tasks to queue
[2026-07-13T13:53:02.390+0000] {logging_mixin.py:188} INFO - [2026-07-13T13:53:02.390+0000] {dagbag.py:545} INFO - Filling up the DagBag from /opt/airflow/dags/crypto_pipeline_dag.py
[2026-07-13T13:53:02.395+0000] {processor.py:840} INFO - DAG(s) 'crypto_daily_pipeline' retrieved from /opt/airflow/dags/crypto_pipeline_dag.py
[2026-07-13T13:53:02.406+0000] {logging_mixin.py:188} INFO - [2026-07-13T13:53:02.406+0000] {dag.py:3089} INFO - Sync 1 DAGs
[2026-07-13T13:53:02.413+0000] {logging_mixin.py:188} INFO - [2026-07-13T13:53:02.413+0000] {dag.py:3947} INFO - Setting next_dagrun for crypto_daily_pipeline to 2026-07-13 00:00:00+00:00, run_after=2026-07-14 00:00:00+00:00
[2026-07-13T13:53:02.419+0000] {processor.py:183} INFO - Processing /opt/airflow/dags/crypto_pipeline_dag.py took 0.033 seconds
[2026-07-13T13:53:32.579+0000] {processor.py:161} INFO - Started process (PID=1339) to work on /opt/airflow/dags/crypto_pipeline_dag.py
[2026-07-13T13:53:32.579+0000] {processor.py:830} INFO - Processing file /opt/airflow/dags/crypto_pipeline_dag.py for tasks to queue
[2026-07-13T13:53:32.580+0000] {logging_mixin.py:188} INFO - [2026-07-13T13:53:32.580+0000] {dagbag.py:545} INFO - Filling up the DagBag from /opt/airflow/dags/crypto_pipeline_dag.py
[2026-07-13T13:53:32.584+0000] {processor.py:840} INFO - DAG(s) 'crypto_daily_pipeline' retrieved from /opt/airflow/dags/crypto_pipeline_dag.py
[2026-07-13T13:53:32.595+0000] {logging_mixin.py:188} INFO - [2026-07-13T13:53:32.595+0000] {dag.py:3089} INFO - Sync 1 DAGs
[2026-07-13T13:53:32.601+0000] {logging_mixin.py:188} INFO - [2026-07-13T13:53:32.601+0000] {dag.py:3947} INFO - Setting next_dagrun for crypto_daily_pipeline to 2026-07-13 00:00:00+00:00, run_after=2026-07-14 00:00:00+00:00
[2026-07-13T13:53:32.607+0000] {processor.py:183} INFO - Processing /opt/airflow/dags/crypto_pipeline_dag.py took 0.031 seconds
[2026-07-13T13:54:02.756+0000] {processor.py:161} INFO - Started process (PID=1344) to work on /opt/airflow/dags/crypto_pipeline_dag.py
[2026-07-13T13:54:02.757+0000] {processor.py:830} INFO - Processing file /opt/airflow/dags/crypto_pipeline_dag.py for tasks to queue
[2026-07-13T13:54:02.758+0000] {logging_mixin.py:188} INFO - [2026-07-13T13:54:02.758+0000] {dagbag.py:545} INFO - Filling up the DagBag from /opt/airflow/dags/crypto_pipeline_dag.py
[2026-07-13T13:54:02.764+0000] {processor.py:840} INFO - DAG(s) 'crypto_daily_pipeline' retrieved from /opt/airflow/dags/crypto_pipeline_dag.py
[2026-07-13T13:54:02.774+0000] {logging_mixin.py:188} INFO - [2026-07-13T13:54:02.774+0000] {dag.py:3089} INFO - Sync 1 DAGs
[2026-07-13T13:54:02.781+0000] {logging_mixin.py:188} INFO - [2026-07-13T13:54:02.781+0000] {dag.py:3947} INFO - Setting next_dagrun for crypto_daily_pipeline to 2026-07-13 00:00:00+00:00, run_after=2026-07-14 00:00:00+00:00
[2026-07-13T13:54:02.787+0000] {processor.py:183} INFO - Processing /opt/airflow/dags/crypto_pipeline_dag.py took 0.034 seconds
[2026-07-13T13:54:32.941+0000] {processor.py:161} INFO - Started process (PID=1349) to work on /opt/airflow/dags/crypto_pipeline_dag.py
[2026-07-13T13:54:32.942+0000] {processor.py:830} INFO - Processing file /opt/airflow/dags/crypto_pipeline_dag.py for tasks to queue
[2026-07-13T13:54:32.943+0000] {logging_mixin.py:188} INFO - [2026-07-13T13:54:32.943+0000] {dagbag.py:545} INFO - Filling up the DagBag from /opt/airflow/dags/crypto_pipeline_dag.py
[2026-07-13T13:54:32.948+0000] {processor.py:840} INFO - DAG(s) 'crypto_daily_pipeline' retrieved from /opt/airflow/dags/crypto_pipeline_dag.py
[2026-07-13T13:54:32.959+0000] {logging_mixin.py:188} INFO - [2026-07-13T13:54:32.959+0000] {dag.py:3089} INFO - Sync 1 DAGs
[2026-07-13T13:54:32.966+0000] {logging_mixin.py:188} INFO - [2026-07-13T13:54:32.966+0000] {dag.py:3947} INFO - Setting next_dagrun for crypto_daily_pipeline to 2026-07-13 00:00:00+00:00, run_after=2026-07-14 00:00:00+00:00
[2026-07-13T13:54:32.971+0000] {processor.py:183} INFO - Processing /opt/airflow/dags/crypto_pipeline_dag.py took 0.033 seconds
[2026-07-13T13:55:03.142+0000] {processor.py:161} INFO - Started process (PID=1354) to work on /opt/airflow/dags/crypto_pipeline_dag.py
[2026-07-13T13:55:03.142+0000] {processor.py:830} INFO - Processing file /opt/airflow/dags/crypto_pipeline_dag.py for tasks to queue
[2026-07-13T13:55:03.143+0000] {logging_mixin.py:188} INFO - [2026-07-13T13:55:03.143+0000] {dagbag.py:545} INFO - Filling up the DagBag from /opt/airflow/dags/crypto_pipeline_dag.py
[2026-07-13T13:55:03.148+0000] {processor.py:840} INFO - DAG(s) 'crypto_daily_pipeline' retrieved from /opt/airflow/dags/crypto_pipeline_dag.py
[2026-07-13T13:55:03.159+0000] {logging_mixin.py:188} INFO - [2026-07-13T13:55:03.159+0000] {dag.py:3089} INFO - Sync 1 DAGs
[2026-07-13T13:55:03.166+0000] {logging_mixin.py:188} INFO - [2026-07-13T13:55:03.166+0000] {dag.py:3947} INFO - Setting next_dagrun for crypto_daily_pipeline to 2026-07-13 00:00:00+00:00, run_after=2026-07-14 00:00:00+00:00
[2026-07-13T13:55:03.172+0000] {processor.py:183} INFO - Processing /opt/airflow/dags/crypto_pipeline_dag.py took 0.033 seconds
[2026-07-13T13:55:33.353+0000] {processor.py:161} INFO - Started process (PID=1359) to work on /opt/airflow/dags/crypto_pipeline_dag.py
[2026-07-13T13:55:33.354+0000] {processor.py:830} INFO - Processing file /opt/airflow/dags/crypto_pipeline_dag.py for tasks to queue
[2026-07-13T13:55:33.355+0000] {logging_mixin.py:188} INFO - [2026-07-13T13:55:33.355+0000] {dagbag.py:545} INFO - Filling up the DagBag from /opt/airflow/dags/crypto_pipeline_dag.py
[2026-07-13T13:55:33.361+0000] {processor.py:840} INFO - DAG(s) 'crypto_daily_pipeline' retrieved from /opt/airflow/dags/crypto_pipeline_dag.py
[2026-07-13T13:55:33.372+0000] {logging_mixin.py:188} INFO - [2026-07-13T13:55:33.371+0000] {dag.py:3089} INFO - Sync 1 DAGs
[2026-07-13T13:55:33.379+0000] {logging_mixin.py:188} INFO - [2026-07-13T13:55:33.378+0000] {dag.py:3947} INFO - Setting next_dagrun for crypto_daily_pipeline to 2026-07-13 00:00:00+00:00, run_after=2026-07-14 00:00:00+00:00
[2026-07-13T13:55:33.384+0000] {processor.py:183} INFO - Processing /opt/airflow/dags/crypto_pipeline_dag.py took 0.034 seconds
[2026-07-13T13:56:03.549+0000] {processor.py:161} INFO - Started process (PID=1364) to work on /opt/airflow/dags/crypto_pipeline_dag.py
[2026-07-13T13:56:03.550+0000] {processor.py:830} INFO - Processing file /opt/airflow/dags/crypto_pipeline_dag.py for tasks to queue
[2026-07-13T13:56:03.551+0000] {logging_mixin.py:188} INFO - [2026-07-13T13:56:03.550+0000] {dagbag.py:545} INFO - Filling up the DagBag from /opt/airflow/dags/crypto_pipeline_dag.py
[2026-07-13T13:56:03.556+0000] {processor.py:840} INFO - DAG(s) 'crypto_daily_pipeline' retrieved from /opt/airflow/dags/crypto_pipeline_dag.py
[2026-07-13T13:56:03.567+0000] {logging_mixin.py:188} INFO - [2026-07-13T13:56:03.567+0000] {dag.py:3089} INFO - Sync 1 DAGs
[2026-07-13T13:56:03.574+0000] {logging_mixin.py:188} INFO - [2026-07-13T13:56:03.574+0000] {dag.py:3947} INFO - Setting next_dagrun for crypto_daily_pipeline to 2026-07-13 00:00:00+00:00, run_after=2026-07-14 00:00:00+00:00
[2026-07-13T13:56:03.579+0000] {processor.py:183} INFO - Processing /opt/airflow/dags/crypto_pipeline_dag.py took 0.033 seconds
[2026-07-13T13:56:33.749+0000] {processor.py:161} INFO - Started process (PID=1369) to work on /opt/airflow/dags/crypto_pipeline_dag.py
[2026-07-13T13:56:33.749+0000] {processor.py:830} INFO - Processing file /opt/airflow/dags/crypto_pipeline_dag.py for tasks to queue
[2026-07-13T13:56:33.750+0000] {logging_mixin.py:188} INFO - [2026-07-13T13:56:33.750+0000] {dagbag.py:545} INFO - Filling up the DagBag from /opt/airflow/dags/crypto_pipeline_dag.py
[2026-07-13T13:56:33.757+0000] {processor.py:840} INFO - DAG(s) 'crypto_daily_pipeline' retrieved from /opt/airflow/dags/crypto_pipeline_dag.py
[2026-07-13T13:56:33.773+0000] {logging_mixin.py:188} INFO - [2026-07-13T13:56:33.773+0000] {dag.py:3089} INFO - Sync 1 DAGs
[2026-07-13T13:56:33.786+0000] {logging_mixin.py:188} INFO - [2026-07-13T13:56:33.786+0000] {dag.py:3947} INFO - Setting next_dagrun for crypto_daily_pipeline to 2026-07-13 00:00:00+00:00, run_after=2026-07-14 00:00:00+00:00
[2026-07-13T13:56:33.793+0000] {processor.py:183} INFO - Processing /opt/airflow/dags/crypto_pipeline_dag.py took 0.048 seconds
[2026-07-13T14:00:41.601+0000] {processor.py:161} INFO - Started process (PID=1374) to work on /opt/airflow/dags/crypto_pipeline_dag.py
[2026-07-13T14:00:41.602+0000] {processor.py:830} INFO - Processing file /opt/airflow/dags/crypto_pipeline_dag.py for tasks to queue
[2026-07-13T14:00:41.604+0000] {logging_mixin.py:188} INFO - [2026-07-13T14:00:41.604+0000] {dagbag.py:545} INFO - Filling up the DagBag from /opt/airflow/dags/crypto_pipeline_dag.py
[2026-07-13T14:00:41.616+0000] {processor.py:840} INFO - DAG(s) 'crypto_daily_pipeline' retrieved from /opt/airflow/dags/crypto_pipeline_dag.py
[2026-07-13T14:00:41.637+0000] {logging_mixin.py:188} INFO - [2026-07-13T14:00:41.637+0000] {dag.py:3089} INFO - Sync 1 DAGs
[2026-07-13T14:00:41.647+0000] {logging_mixin.py:188} INFO - [2026-07-13T14:00:41.647+0000] {dag.py:3947} INFO - Setting next_dagrun for crypto_daily_pipeline to 2026-07-13 00:00:00+00:00, run_after=2026-07-14 00:00:00+00:00
[2026-07-13T14:00:41.653+0000] {processor.py:183} INFO - Processing /opt/airflow/dags/crypto_pipeline_dag.py took 0.059 seconds
[2026-07-13T14:01:11.832+0000] {processor.py:161} INFO - Started process (PID=1379) to work on /opt/airflow/dags/crypto_pipeline_dag.py
[2026-07-13T14:01:11.834+0000] {processor.py:830} INFO - Processing file /opt/airflow/dags/crypto_pipeline_dag.py for tasks to queue
[2026-07-13T14:01:11.835+0000] {logging_mixin.py:188} INFO - [2026-07-13T14:01:11.835+0000] {dagbag.py:545} INFO - Filling up the DagBag from /opt/airflow/dags/crypto_pipeline_dag.py
[2026-07-13T14:01:11.844+0000] {processor.py:840} INFO - DAG(s) 'crypto_daily_pipeline' retrieved from /opt/airflow/dags/crypto_pipeline_dag.py
[2026-07-13T14:01:11.861+0000] {logging_mixin.py:188} INFO - [2026-07-13T14:01:11.861+0000] {dag.py:3089} INFO - Sync 1 DAGs
[2026-07-13T14:01:11.870+0000] {logging_mixin.py:188} INFO - [2026-07-13T14:01:11.870+0000] {dag.py:3947} INFO - Setting next_dagrun for crypto_daily_pipeline to 2026-07-13 00:00:00+00:00, run_after=2026-07-14 00:00:00+00:00
[2026-07-13T14:01:11.877+0000] {processor.py:183} INFO - Processing /opt/airflow/dags/crypto_pipeline_dag.py took 0.051 seconds
[2026-07-13T14:01:42.027+0000] {processor.py:161} INFO - Started process (PID=1384) to work on /opt/airflow/dags/crypto_pipeline_dag.py
[2026-07-13T14:01:42.028+0000] {processor.py:830} INFO - Processing file /opt/airflow/dags/crypto_pipeline_dag.py for tasks to queue
[2026-07-13T14:01:42.030+0000] {logging_mixin.py:188} INFO - [2026-07-13T14:01:42.029+0000] {dagbag.py:545} INFO - Filling up the DagBag from /opt/airflow/dags/crypto_pipeline_dag.py
[2026-07-13T14:01:42.040+0000] {processor.py:840} INFO - DAG(s) 'crypto_daily_pipeline' retrieved from /opt/airflow/dags/crypto_pipeline_dag.py
[2026-07-13T14:01:42.060+0000] {logging_mixin.py:188} INFO - [2026-07-13T14:01:42.060+0000] {dag.py:3089} INFO - Sync 1 DAGs
[2026-07-13T14:01:42.069+0000] {logging_mixin.py:188} INFO - [2026-07-13T14:01:42.069+0000] {dag.py:3947} INFO - Setting next_dagrun for crypto_daily_pipeline to 2026-07-13 00:00:00+00:00, run_after=2026-07-14 00:00:00+00:00
[2026-07-13T14:01:42.075+0000] {processor.py:183} INFO - Processing /opt/airflow/dags/crypto_pipeline_dag.py took 0.054 seconds
[2026-07-13T14:02:12.211+0000] {processor.py:161} INFO - Started process (PID=1389) to work on /opt/airflow/dags/crypto_pipeline_dag.py
[2026-07-13T14:02:12.212+0000] {processor.py:830} INFO - Processing file /opt/airflow/dags/crypto_pipeline_dag.py for tasks to queue
[2026-07-13T14:02:12.213+0000] {logging_mixin.py:188} INFO - [2026-07-13T14:02:12.213+0000] {dagbag.py:545} INFO - Filling up the DagBag from /opt/airflow/dags/crypto_pipeline_dag.py
[2026-07-13T14:02:12.223+0000] {processor.py:840} INFO - DAG(s) 'crypto_daily_pipeline' retrieved from /opt/airflow/dags/crypto_pipeline_dag.py
[2026-07-13T14:02:12.239+0000] {logging_mixin.py:188} INFO - [2026-07-13T14:02:12.239+0000] {dag.py:3089} INFO - Sync 1 DAGs
[2026-07-13T14:02:12.247+0000] {logging_mixin.py:188} INFO - [2026-07-13T14:02:12.247+0000] {dag.py:3947} INFO - Setting next_dagrun for crypto_daily_pipeline to 2026-07-13 00:00:00+00:00, run_after=2026-07-14 00:00:00+00:00
[2026-07-13T14:02:12.254+0000] {processor.py:183} INFO - Processing /opt/airflow/dags/crypto_pipeline_dag.py took 0.050 seconds
[2026-07-13T14:02:42.418+0000] {processor.py:161} INFO - Started process (PID=1394) to work on /opt/airflow/dags/crypto_pipeline_dag.py
[2026-07-13T14:02:42.419+0000] {processor.py:830} INFO - Processing file /opt/airflow/dags/crypto_pipeline_dag.py for tasks to queue
[2026-07-13T14:02:42.420+0000] {logging_mixin.py:188} INFO - [2026-07-13T14:02:42.420+0000] {dagbag.py:545} INFO - Filling up the DagBag from /opt/airflow/dags/crypto_pipeline_dag.py
[2026-07-13T14:02:42.429+0000] {processor.py:840} INFO - DAG(s) 'crypto_daily_pipeline' retrieved from /opt/airflow/dags/crypto_pipeline_dag.py
[2026-07-13T14:02:42.448+0000] {logging_mixin.py:188} INFO - [2026-07-13T14:02:42.447+0000] {dag.py:3089} INFO - Sync 1 DAGs
[2026-07-13T14:02:42.458+0000] {logging_mixin.py:188} INFO - [2026-07-13T14:02:42.457+0000] {dag.py:3947} INFO - Setting next_dagrun for crypto_daily_pipeline to 2026-07-13 00:00:00+00:00, run_after=2026-07-14 00:00:00+00:00
[2026-07-13T14:02:42.464+0000] {processor.py:183} INFO - Processing /opt/airflow/dags/crypto_pipeline_dag.py took 0.050 seconds
[2026-07-13T14:03:12.610+0000] {processor.py:161} INFO - Started process (PID=1399) to work on /opt/airflow/dags/crypto_pipeline_dag.py
[2026-07-13T14:03:12.611+0000] {processor.py:830} INFO - Processing file /opt/airflow/dags/crypto_pipeline_dag.py for tasks to queue
[2026-07-13T14:03:12.613+0000] {logging_mixin.py:188} INFO - [2026-07-13T14:03:12.613+0000] {dagbag.py:545} INFO - Filling up the DagBag from /opt/airflow/dags/crypto_pipeline_dag.py
[2026-07-13T14:03:12.622+0000] {processor.py:840} INFO - DAG(s) 'crypto_daily_pipeline' retrieved from /opt/airflow/dags/crypto_pipeline_dag.py
[2026-07-13T14:03:12.640+0000] {logging_mixin.py:188} INFO - [2026-07-13T14:03:12.640+0000] {dag.py:3089} INFO - Sync 1 DAGs
[2026-07-13T14:03:12.649+0000] {logging_mixin.py:188} INFO - [2026-07-13T14:03:12.649+0000] {dag.py:3947} INFO - Setting next_dagrun for crypto_daily_pipeline to 2026-07-13 00:00:00+00:00, run_after=2026-07-14 00:00:00+00:00
[2026-07-13T14:03:12.655+0000] {processor.py:183} INFO - Processing /opt/airflow/dags/crypto_pipeline_dag.py took 0.051 seconds
[2026-07-13T14:03:42.835+0000] {processor.py:161} INFO - Started process (PID=1404) to work on /opt/airflow/dags/crypto_pipeline_dag.py
[2026-07-13T14:03:42.836+0000] {processor.py:830} INFO - Processing file /opt/airflow/dags/crypto_pipeline_dag.py for tasks to queue
[2026-07-13T14:03:42.838+0000] {logging_mixin.py:188} INFO - [2026-07-13T14:03:42.838+0000] {dagbag.py:545} INFO - Filling up the DagBag from /opt/airflow/dags/crypto_pipeline_dag.py
[2026-07-13T14:03:42.850+0000] {processor.py:840} INFO - DAG(s) 'crypto_daily_pipeline' retrieved from /opt/airflow/dags/crypto_pipeline_dag.py
[2026-07-13T14:03:42.870+0000] {logging_mixin.py:188} INFO - [2026-07-13T14:03:42.870+0000] {dag.py:3089} INFO - Sync 1 DAGs
[2026-07-13T14:03:42.879+0000] {logging_mixin.py:188} INFO - [2026-07-13T14:03:42.879+0000] {dag.py:3947} INFO - Setting next_dagrun for crypto_daily_pipeline to 2026-07-13 00:00:00+00:00, run_after=2026-07-14 00:00:00+00:00
[2026-07-13T14:03:42.885+0000] {processor.py:183} INFO - Processing /opt/airflow/dags/crypto_pipeline_dag.py took 0.056 seconds
[2026-07-13T14:04:13.040+0000] {processor.py:161} INFO - Started process (PID=1409) to work on /opt/airflow/dags/crypto_pipeline_dag.py
[2026-07-13T14:04:13.041+0000] {processor.py:830} INFO - Processing file /opt/airflow/dags/crypto_pipeline_dag.py for tasks to queue
[2026-07-13T14:04:13.042+0000] {logging_mixin.py:188} INFO - [2026-07-13T14:04:13.042+0000] {dagbag.py:545} INFO - Filling up the DagBag from /opt/airflow/dags/crypto_pipeline_dag.py
[2026-07-13T14:04:13.052+0000] {processor.py:840} INFO - DAG(s) 'crypto_daily_pipeline' retrieved from /opt/airflow/dags/crypto_pipeline_dag.py
[2026-07-13T14:04:13.070+0000] {logging_mixin.py:188} INFO - [2026-07-13T14:04:13.070+0000] {dag.py:3089} INFO - Sync 1 DAGs
[2026-07-13T14:04:13.079+0000] {logging_mixin.py:188} INFO - [2026-07-13T14:04:13.079+0000] {dag.py:3947} INFO - Setting next_dagrun for crypto_daily_pipeline to 2026-07-13 00:00:00+00:00, run_after=2026-07-14 00:00:00+00:00
[2026-07-13T14:04:13.085+0000] {processor.py:183} INFO - Processing /opt/airflow/dags/crypto_pipeline_dag.py took 0.051 seconds
[2026-07-13T14:04:43.249+0000] {processor.py:161} INFO - Started process (PID=1414) to work on /opt/airflow/dags/crypto_pipeline_dag.py
[2026-07-13T14:04:43.250+0000] {processor.py:830} INFO - Processing file /opt/airflow/dags/crypto_pipeline_dag.py for tasks to queue
[2026-07-13T14:04:43.251+0000] {logging_mixin.py:188} INFO - [2026-07-13T14:04:43.251+0000] {dagbag.py:545} INFO - Filling up the DagBag from /opt/airflow/dags/crypto_pipeline_dag.py
[2026-07-13T14:04:43.260+0000] {processor.py:840} INFO - DAG(s) 'crypto_daily_pipeline' retrieved from /opt/airflow/dags/crypto_pipeline_dag.py
[2026-07-13T14:04:43.277+0000] {logging_mixin.py:188} INFO - [2026-07-13T14:04:43.277+0000] {dag.py:3089} INFO - Sync 1 DAGs
[2026-07-13T14:04:43.287+0000] {logging_mixin.py:188} INFO - [2026-07-13T14:04:43.287+0000] {dag.py:3947} INFO - Setting next_dagrun for crypto_daily_pipeline to 2026-07-13 00:00:00+00:00, run_after=2026-07-14 00:00:00+00:00
[2026-07-13T14:04:43.293+0000] {processor.py:183} INFO - Processing /opt/airflow/dags/crypto_pipeline_dag.py took 0.049 seconds
[2026-07-13T14:05:13.456+0000] {processor.py:161} INFO - Started process (PID=1419) to work on /opt/airflow/dags/crypto_pipeline_dag.py
[2026-07-13T14:05:13.457+0000] {processor.py:830} INFO - Processing file /opt/airflow/dags/crypto_pipeline_dag.py for tasks to queue
[2026-07-13T14:05:13.459+0000] {logging_mixin.py:188} INFO - [2026-07-13T14:05:13.459+0000] {dagbag.py:545} INFO - Filling up the DagBag from /opt/airflow/dags/crypto_pipeline_dag.py
[2026-07-13T14:05:13.468+0000] {processor.py:840} INFO - DAG(s) 'crypto_daily_pipeline' retrieved from /opt/airflow/dags/crypto_pipeline_dag.py
[2026-07-13T14:05:13.486+0000] {logging_mixin.py:188} INFO - [2026-07-13T14:05:13.486+0000] {dag.py:3089} INFO - Sync 1 DAGs
[2026-07-13T14:05:13.495+0000] {logging_mixin.py:188} INFO - [2026-07-13T14:05:13.495+0000] {dag.py:3947} INFO - Setting next_dagrun for crypto_daily_pipeline to 2026-07-13 00:00:00+00:00, run_after=2026-07-14 00:00:00+00:00
[2026-07-13T14:05:13.501+0000] {processor.py:183} INFO - Processing /opt/airflow/dags/crypto_pipeline_dag.py took 0.050 seconds
[2026-07-13T14:05:43.686+0000] {processor.py:161} INFO - Started process (PID=1424) to work on /opt/airflow/dags/crypto_pipeline_dag.py
[2026-07-13T14:05:43.686+0000] {processor.py:830} INFO - Processing file /opt/airflow/dags/crypto_pipeline_dag.py for tasks to queue
[2026-07-13T14:05:43.688+0000] {logging_mixin.py:188} INFO - [2026-07-13T14:05:43.687+0000] {dagbag.py:545} INFO - Filling up the DagBag from /opt/airflow/dags/crypto_pipeline_dag.py
[2026-07-13T14:05:43.696+0000] {processor.py:840} INFO - DAG(s) 'crypto_daily_pipeline' retrieved from /opt/airflow/dags/crypto_pipeline_dag.py
[2026-07-13T14:05:43.712+0000] {logging_mixin.py:188} INFO - [2026-07-13T14:05:43.712+0000] {dag.py:3089} INFO - Sync 1 DAGs
[2026-07-13T14:05:43.721+0000] {logging_mixin.py:188} INFO - [2026-07-13T14:05:43.721+0000] {dag.py:3947} INFO - Setting next_dagrun for crypto_daily_pipeline to 2026-07-13 00:00:00+00:00, run_after=2026-07-14 00:00:00+00:00
[2026-07-13T14:05:43.726+0000] {processor.py:183} INFO - Processing /opt/airflow/dags/crypto_pipeline_dag.py took 0.045 seconds
[2026-07-13T14:06:13.892+0000] {processor.py:161} INFO - Started process (PID=1429) to work on /opt/airflow/dags/crypto_pipeline_dag.py
[2026-07-13T14:06:13.893+0000] {processor.py:830} INFO - Processing file /opt/airflow/dags/crypto_pipeline_dag.py for tasks to queue
[2026-07-13T14:06:13.894+0000] {logging_mixin.py:188} INFO - [2026-07-13T14:06:13.894+0000] {dagbag.py:545} INFO - Filling up the DagBag from /opt/airflow/dags/crypto_pipeline_dag.py
[2026-07-13T14:06:13.903+0000] {processor.py:840} INFO - DAG(s) 'crypto_daily_pipeline' retrieved from /opt/airflow/dags/crypto_pipeline_dag.py
[2026-07-13T14:06:13.920+0000] {logging_mixin.py:188} INFO - [2026-07-13T14:06:13.920+0000] {dag.py:3089} INFO - Sync 1 DAGs
[2026-07-13T14:06:13.929+0000] {logging_mixin.py:188} INFO - [2026-07-13T14:06:13.929+0000] {dag.py:3947} INFO - Setting next_dagrun for crypto_daily_pipeline to 2026-07-13 00:00:00+00:00, run_after=2026-07-14 00:00:00+00:00
[2026-07-13T14:06:13.935+0000] {processor.py:183} INFO - Processing /opt/airflow/dags/crypto_pipeline_dag.py took 0.049 seconds
[2026-07-13T14:06:44.094+0000] {processor.py:161} INFO - Started process (PID=1434) to work on /opt/airflow/dags/crypto_pipeline_dag.py
[2026-07-13T14:06:44.096+0000] {processor.py:830} INFO - Processing file /opt/airflow/dags/crypto_pipeline_dag.py for tasks to queue
[2026-07-13T14:06:44.097+0000] {logging_mixin.py:188} INFO - [2026-07-13T14:06:44.097+0000] {dagbag.py:545} INFO - Filling up the DagBag from /opt/airflow/dags/crypto_pipeline_dag.py
[2026-07-13T14:06:44.104+0000] {processor.py:840} INFO - DAG(s) 'crypto_daily_pipeline' retrieved from /opt/airflow/dags/crypto_pipeline_dag.py
[2026-07-13T14:06:44.119+0000] {logging_mixin.py:188} INFO - [2026-07-13T14:06:44.119+0000] {dag.py:3089} INFO - Sync 1 DAGs
[2026-07-13T14:06:44.127+0000] {logging_mixin.py:188} INFO - [2026-07-13T14:06:44.127+0000] {dag.py:3947} INFO - Setting next_dagrun for crypto_daily_pipeline to 2026-07-13 00:00:00+00:00, run_after=2026-07-14 00:00:00+00:00
[2026-07-13T14:06:44.133+0000] {processor.py:183} INFO - Processing /opt/airflow/dags/crypto_pipeline_dag.py took 0.044 seconds
[2026-07-13T14:07:14.302+0000] {processor.py:161} INFO - Started process (PID=1439) to work on /opt/airflow/dags/crypto_pipeline_dag.py
[2026-07-13T14:07:14.303+0000] {processor.py:830} INFO - Processing file /opt/airflow/dags/crypto_pipeline_dag.py for tasks to queue
[2026-07-13T14:07:14.304+0000] {logging_mixin.py:188} INFO - [2026-07-13T14:07:14.304+0000] {dagbag.py:545} INFO - Filling up the DagBag from /opt/airflow/dags/crypto_pipeline_dag.py
[2026-07-13T14:07:14.313+0000] {processor.py:840} INFO - DAG(s) 'crypto_daily_pipeline' retrieved from /opt/airflow/dags/crypto_pipeline_dag.py
[2026-07-13T14:07:14.330+0000] {logging_mixin.py:188} INFO - [2026-07-13T14:07:14.330+0000] {dag.py:3089} INFO - Sync 1 DAGs
[2026-07-13T14:07:14.340+0000] {logging_mixin.py:188} INFO - [2026-07-13T14:07:14.340+0000] {dag.py:3947} INFO - Setting next_dagrun for crypto_daily_pipeline to 2026-07-13 00:00:00+00:00, run_after=2026-07-14 00:00:00+00:00
[2026-07-13T14:07:14.346+0000] {processor.py:183} INFO - Processing /opt/airflow/dags/crypto_pipeline_dag.py took 0.050 seconds
[2026-07-13T14:07:44.511+0000] {processor.py:161} INFO - Started process (PID=1444) to work on /opt/airflow/dags/crypto_pipeline_dag.py
[2026-07-13T14:07:44.512+0000] {processor.py:830} INFO - Processing file /opt/airflow/dags/crypto_pipeline_dag.py for tasks to queue
[2026-07-13T14:07:44.514+0000] {logging_mixin.py:188} INFO - [2026-07-13T14:07:44.513+0000] {dagbag.py:545} INFO - Filling up the DagBag from /opt/airflow/dags/crypto_pipeline_dag.py
[2026-07-13T14:07:44.523+0000] {processor.py:840} INFO - DAG(s) 'crypto_daily_pipeline' retrieved from /opt/airflow/dags/crypto_pipeline_dag.py
[2026-07-13T14:07:44.540+0000] {logging_mixin.py:188} INFO - [2026-07-13T14:07:44.540+0000] {dag.py:3089} INFO - Sync 1 DAGs
[2026-07-13T14:07:44.550+0000] {logging_mixin.py:188} INFO - [2026-07-13T14:07:44.550+0000] {dag.py:3947} INFO - Setting next_dagrun for crypto_daily_pipeline to 2026-07-13 00:00:00+00:00, run_after=2026-07-14 00:00:00+00:00
[2026-07-13T14:07:44.556+0000] {processor.py:183} INFO - Processing /opt/airflow/dags/crypto_pipeline_dag.py took 0.051 seconds
[2026-07-13T14:08:14.723+0000] {processor.py:161} INFO - Started process (PID=1449) to work on /opt/airflow/dags/crypto_pipeline_dag.py
[2026-07-13T14:08:14.724+0000] {processor.py:830} INFO - Processing file /opt/airflow/dags/crypto_pipeline_dag.py for tasks to queue
[2026-07-13T14:08:14.726+0000] {logging_mixin.py:188} INFO - [2026-07-13T14:08:14.726+0000] {dagbag.py:545} INFO - Filling up the DagBag from /opt/airflow/dags/crypto_pipeline_dag.py
[2026-07-13T14:08:14.734+0000] {processor.py:840} INFO - DAG(s) 'crypto_daily_pipeline' retrieved from /opt/airflow/dags/crypto_pipeline_dag.py
[2026-07-13T14:08:14.751+0000] {logging_mixin.py:188} INFO - [2026-07-13T14:08:14.751+0000] {dag.py:3089} INFO - Sync 1 DAGs
[2026-07-13T14:08:14.761+0000] {logging_mixin.py:188} INFO - [2026-07-13T14:08:14.760+0000] {dag.py:3947} INFO - Setting next_dagrun for crypto_daily_pipeline to 2026-07-13 00:00:00+00:00, run_after=2026-07-14 00:00:00+00:00
[2026-07-13T14:08:14.766+0000] {processor.py:183} INFO - Processing /opt/airflow/dags/crypto_pipeline_dag.py took 0.049 seconds
[2026-07-13T14:08:44.923+0000] {processor.py:161} INFO - Started process (PID=1454) to work on /opt/airflow/dags/crypto_pipeline_dag.py
[2026-07-13T14:08:44.924+0000] {processor.py:830} INFO - Processing file /opt/airflow/dags/crypto_pipeline_dag.py for tasks to queue
[2026-07-13T14:08:44.926+0000] {logging_mixin.py:188} INFO - [2026-07-13T14:08:44.926+0000] {dagbag.py:545} INFO - Filling up the DagBag from /opt/airflow/dags/crypto_pipeline_dag.py
[2026-07-13T14:08:44.935+0000] {processor.py:840} INFO - DAG(s) 'crypto_daily_pipeline' retrieved from /opt/airflow/dags/crypto_pipeline_dag.py
[2026-07-13T14:08:44.953+0000] {logging_mixin.py:188} INFO - [2026-07-13T14:08:44.952+0000] {dag.py:3089} INFO - Sync 1 DAGs
[2026-07-13T14:08:44.962+0000] {logging_mixin.py:188} INFO - [2026-07-13T14:08:44.962+0000] {dag.py:3947} INFO - Setting next_dagrun for crypto_daily_pipeline to 2026-07-13 00:00:00+00:00, run_after=2026-07-14 00:00:00+00:00
[2026-07-13T14:08:44.968+0000] {processor.py:183} INFO - Processing /opt/airflow/dags/crypto_pipeline_dag.py took 0.049 seconds
[2026-07-13T14:09:15.129+0000] {processor.py:161} INFO - Started process (PID=1459) to work on /opt/airflow/dags/crypto_pipeline_dag.py
[2026-07-13T14:09:15.130+0000] {processor.py:830} INFO - Processing file /opt/airflow/dags/crypto_pipeline_dag.py for tasks to queue
[2026-07-13T14:09:15.131+0000] {logging_mixin.py:188} INFO - [2026-07-13T14:09:15.131+0000] {dagbag.py:545} INFO - Filling up the DagBag from /opt/airflow/dags/crypto_pipeline_dag.py
[2026-07-13T14:09:15.139+0000] {processor.py:840} INFO - DAG(s) 'crypto_daily_pipeline' retrieved from /opt/airflow/dags/crypto_pipeline_dag.py
[2026-07-13T14:09:15.157+0000] {logging_mixin.py:188} INFO - [2026-07-13T14:09:15.157+0000] {dag.py:3089} INFO - Sync 1 DAGs
[2026-07-13T14:09:15.166+0000] {logging_mixin.py:188} INFO - [2026-07-13T14:09:15.166+0000] {dag.py:3947} INFO - Setting next_dagrun for crypto_daily_pipeline to 2026-07-13 00:00:00+00:00, run_after=2026-07-14 00:00:00+00:00
[2026-07-13T14:09:15.172+0000] {processor.py:183} INFO - Processing /opt/airflow/dags/crypto_pipeline_dag.py took 0.048 seconds
[2026-07-13T14:09:45.324+0000] {processor.py:161} INFO - Started process (PID=1464) to work on /opt/airflow/dags/crypto_pipeline_dag.py
[2026-07-13T14:09:45.324+0000] {processor.py:830} INFO - Processing file /opt/airflow/dags/crypto_pipeline_dag.py for tasks to queue
[2026-07-13T14:09:45.326+0000] {logging_mixin.py:188} INFO - [2026-07-13T14:09:45.325+0000] {dagbag.py:545} INFO - Filling up the DagBag from /opt/airflow/dags/crypto_pipeline_dag.py
[2026-07-13T14:09:45.334+0000] {processor.py:840} INFO - DAG(s) 'crypto_daily_pipeline' retrieved from /opt/airflow/dags/crypto_pipeline_dag.py
[2026-07-13T14:09:45.350+0000] {logging_mixin.py:188} INFO - [2026-07-13T14:09:45.350+0000] {dag.py:3089} INFO - Sync 1 DAGs
[2026-07-13T14:09:45.359+0000] {logging_mixin.py:188} INFO - [2026-07-13T14:09:45.358+0000] {dag.py:3947} INFO - Setting next_dagrun for crypto_daily_pipeline to 2026-07-13 00:00:00+00:00, run_after=2026-07-14 00:00:00+00:00
[2026-07-13T14:09:45.364+0000] {processor.py:183} INFO - Processing /opt/airflow/dags/crypto_pipeline_dag.py took 0.046 seconds
[2026-07-13T14:10:15.539+0000] {processor.py:161} INFO - Started process (PID=1469) to work on /opt/airflow/dags/crypto_pipeline_dag.py
[2026-07-13T14:10:15.539+0000] {processor.py:830} INFO - Processing file /opt/airflow/dags/crypto_pipeline_dag.py for tasks to queue
[2026-07-13T14:10:15.541+0000] {logging_mixin.py:188} INFO - [2026-07-13T14:10:15.540+0000] {dagbag.py:545} INFO - Filling up the DagBag from /opt/airflow/dags/crypto_pipeline_dag.py
[2026-07-13T14:10:15.549+0000] {processor.py:840} INFO - DAG(s) 'crypto_daily_pipeline' retrieved from /opt/airflow/dags/crypto_pipeline_dag.py
[2026-07-13T14:10:15.565+0000] {logging_mixin.py:188} INFO - [2026-07-13T14:10:15.565+0000] {dag.py:3089} INFO - Sync 1 DAGs
[2026-07-13T14:10:15.575+0000] {logging_mixin.py:188} INFO - [2026-07-13T14:10:15.575+0000] {dag.py:3947} INFO - Setting next_dagrun for crypto_daily_pipeline to 2026-07-13 00:00:00+00:00, run_after=2026-07-14 00:00:00+00:00
[2026-07-13T14:10:15.581+0000] {processor.py:183} INFO - Processing /opt/airflow/dags/crypto_pipeline_dag.py took 0.046 seconds
[2026-07-13T14:10:45.744+0000] {processor.py:161} INFO - Started process (PID=1474) to work on /opt/airflow/dags/crypto_pipeline_dag.py
[2026-07-13T14:10:45.745+0000] {processor.py:830} INFO - Processing file /opt/airflow/dags/crypto_pipeline_dag.py for tasks to queue
[2026-07-13T14:10:45.746+0000] {logging_mixin.py:188} INFO - [2026-07-13T14:10:45.746+0000] {dagbag.py:545} INFO - Filling up the DagBag from /opt/airflow/dags/crypto_pipeline_dag.py
[2026-07-13T14:10:45.754+0000] {processor.py:840} INFO - DAG(s) 'crypto_daily_pipeline' retrieved from /opt/airflow/dags/crypto_pipeline_dag.py
[2026-07-13T14:10:45.772+0000] {logging_mixin.py:188} INFO - [2026-07-13T14:10:45.772+0000] {dag.py:3089} INFO - Sync 1 DAGs
[2026-07-13T14:10:45.781+0000] {logging_mixin.py:188} INFO - [2026-07-13T14:10:45.781+0000] {dag.py:3947} INFO - Setting next_dagrun for crypto_daily_pipeline to 2026-07-13 00:00:00+00:00, run_after=2026-07-14 00:00:00+00:00
[2026-07-13T14:10:45.787+0000] {processor.py:183} INFO - Processing /opt/airflow/dags/crypto_pipeline_dag.py took 0.048 seconds
[2026-07-13T14:11:15.959+0000] {processor.py:161} INFO - Started process (PID=1479) to work on /opt/airflow/dags/crypto_pipeline_dag.py
[2026-07-13T14:11:15.960+0000] {processor.py:830} INFO - Processing file /opt/airflow/dags/crypto_pipeline_dag.py for tasks to queue
[2026-07-13T14:11:15.961+0000] {logging_mixin.py:188} INFO - [2026-07-13T14:11:15.961+0000] {dagbag.py:545} INFO - Filling up the DagBag from /opt/airflow/dags/crypto_pipeline_dag.py
[2026-07-13T14:11:15.970+0000] {processor.py:840} INFO - DAG(s) 'crypto_daily_pipeline' retrieved from /opt/airflow/dags/crypto_pipeline_dag.py
[2026-07-13T14:11:15.987+0000] {logging_mixin.py:188} INFO - [2026-07-13T14:11:15.987+0000] {dag.py:3089} INFO - Sync 1 DAGs
[2026-07-13T14:11:15.996+0000] {logging_mixin.py:188} INFO - [2026-07-13T14:11:15.996+0000] {dag.py:3947} INFO - Setting next_dagrun for crypto_daily_pipeline to 2026-07-13 00:00:00+00:00, run_after=2026-07-14 00:00:00+00:00
[2026-07-13T14:11:16.003+0000] {processor.py:183} INFO - Processing /opt/airflow/dags/crypto_pipeline_dag.py took 0.049 seconds
[2026-07-13T14:11:46.146+0000] {processor.py:161} INFO - Started process (PID=1484) to work on /opt/airflow/dags/crypto_pipeline_dag.py
[2026-07-13T14:11:46.147+0000] {processor.py:830} INFO - Processing file /opt/airflow/dags/crypto_pipeline_dag.py for tasks to queue
[2026-07-13T14:11:46.149+0000] {logging_mixin.py:188} INFO - [2026-07-13T14:11:46.149+0000] {dagbag.py:545} INFO - Filling up the DagBag from /opt/airflow/dags/crypto_pipeline_dag.py
[2026-07-13T14:11:46.158+0000] {processor.py:840} INFO - DAG(s) 'crypto_daily_pipeline' retrieved from /opt/airflow/dags/crypto_pipeline_dag.py
[2026-07-13T14:11:46.175+0000] {logging_mixin.py:188} INFO - [2026-07-13T14:11:46.175+0000] {dag.py:3089} INFO - Sync 1 DAGs
[2026-07-13T14:11:46.184+0000] {logging_mixin.py:188} INFO - [2026-07-13T14:11:46.184+0000] {dag.py:3947} INFO - Setting next_dagrun for crypto_daily_pipeline to 2026-07-13 00:00:00+00:00, run_after=2026-07-14 00:00:00+00:00
[2026-07-13T14:11:46.190+0000] {processor.py:183} INFO - Processing /opt/airflow/dags/crypto_pipeline_dag.py took 0.047 seconds
[2026-07-13T14:12:16.352+0000] {processor.py:161} INFO - Started process (PID=1489) to work on /opt/airflow/dags/crypto_pipeline_dag.py
[2026-07-13T14:12:16.353+0000] {processor.py:830} INFO - Processing file /opt/airflow/dags/crypto_pipeline_dag.py for tasks to queue
[2026-07-13T14:12:16.354+0000] {logging_mixin.py:188} INFO - [2026-07-13T14:12:16.354+0000] {dagbag.py:545} INFO - Filling up the DagBag from /opt/airflow/dags/crypto_pipeline_dag.py
[2026-07-13T14:12:16.364+0000] {processor.py:840} INFO - DAG(s) 'crypto_daily_pipeline' retrieved from /opt/airflow/dags/crypto_pipeline_dag.py
[2026-07-13T14:12:16.383+0000] {logging_mixin.py:188} INFO - [2026-07-13T14:12:16.382+0000] {dag.py:3089} INFO - Sync 1 DAGs
[2026-07-13T14:12:16.392+0000] {logging_mixin.py:188} INFO - [2026-07-13T14:12:16.392+0000] {dag.py:3947} INFO - Setting next_dagrun for crypto_daily_pipeline to 2026-07-13 00:00:00+00:00, run_after=2026-07-14 00:00:00+00:00
[2026-07-13T14:12:16.398+0000] {processor.py:183} INFO - Processing /opt/airflow/dags/crypto_pipeline_dag.py took 0.052 seconds
[2026-07-13T14:12:46.565+0000] {processor.py:161} INFO - Started process (PID=1494) to work on /opt/airflow/dags/crypto_pipeline_dag.py
[2026-07-13T14:12:46.566+0000] {processor.py:830} INFO - Processing file /opt/airflow/dags/crypto_pipeline_dag.py for tasks to queue
[2026-07-13T14:12:46.567+0000] {logging_mixin.py:188} INFO - [2026-07-13T14:12:46.567+0000] {dagbag.py:545} INFO - Filling up the DagBag from /opt/airflow/dags/crypto_pipeline_dag.py
[2026-07-13T14:12:46.576+0000] {processor.py:840} INFO - DAG(s) 'crypto_daily_pipeline' retrieved from /opt/airflow/dags/crypto_pipeline_dag.py
[2026-07-13T14:12:46.591+0000] {logging_mixin.py:188} INFO - [2026-07-13T14:12:46.591+0000] {dag.py:3089} INFO - Sync 1 DAGs
[2026-07-13T14:12:46.600+0000] {logging_mixin.py:188} INFO - [2026-07-13T14:12:46.600+0000] {dag.py:3947} INFO - Setting next_dagrun for crypto_daily_pipeline to 2026-07-13 00:00:00+00:00, run_after=2026-07-14 00:00:00+00:00
[2026-07-13T14:12:46.607+0000] {processor.py:183} INFO - Processing /opt/airflow/dags/crypto_pipeline_dag.py took 0.047 seconds
[2026-07-13T14:13:16.765+0000] {processor.py:161} INFO - Started process (PID=1499) to work on /opt/airflow/dags/crypto_pipeline_dag.py
[2026-07-13T14:13:16.766+0000] {processor.py:830} INFO - Processing file /opt/airflow/dags/crypto_pipeline_dag.py for tasks to queue
[2026-07-13T14:13:16.767+0000] {logging_mixin.py:188} INFO - [2026-07-13T14:13:16.767+0000] {dagbag.py:545} INFO - Filling up the DagBag from /opt/airflow/dags/crypto_pipeline_dag.py
[2026-07-13T14:13:16.776+0000] {processor.py:840} INFO - DAG(s) 'crypto_daily_pipeline' retrieved from /opt/airflow/dags/crypto_pipeline_dag.py
[2026-07-13T14:13:16.793+0000] {logging_mixin.py:188} INFO - [2026-07-13T14:13:16.793+0000] {dag.py:3089} INFO - Sync 1 DAGs
[2026-07-13T14:13:16.803+0000] {logging_mixin.py:188} INFO - [2026-07-13T14:13:16.803+0000] {dag.py:3947} INFO - Setting next_dagrun for crypto_daily_pipeline to 2026-07-13 00:00:00+00:00, run_after=2026-07-14 00:00:00+00:00
[2026-07-13T14:13:16.809+0000] {processor.py:183} INFO - Processing /opt/airflow/dags/crypto_pipeline_dag.py took 0.049 seconds
[2026-07-13T14:13:46.974+0000] {processor.py:161} INFO - Started process (PID=1504) to work on /opt/airflow/dags/crypto_pipeline_dag.py
[2026-07-13T14:13:46.976+0000] {processor.py:830} INFO - Processing file /opt/airflow/dags/crypto_pipeline_dag.py for tasks to queue
[2026-07-13T14:13:46.977+0000] {logging_mixin.py:188} INFO - [2026-07-13T14:13:46.977+0000] {dagbag.py:545} INFO - Filling up the DagBag from /opt/airflow/dags/crypto_pipeline_dag.py
[2026-07-13T14:13:46.988+0000] {processor.py:840} INFO - DAG(s) 'crypto_daily_pipeline' retrieved from /opt/airflow/dags/crypto_pipeline_dag.py
[2026-07-13T14:13:47.008+0000] {logging_mixin.py:188} INFO - [2026-07-13T14:13:47.008+0000] {dag.py:3089} INFO - Sync 1 DAGs
[2026-07-13T14:13:47.019+0000] {logging_mixin.py:188} INFO - [2026-07-13T14:13:47.019+0000] {dag.py:3947} INFO - Setting next_dagrun for crypto_daily_pipeline to 2026-07-13 00:00:00+00:00, run_after=2026-07-14 00:00:00+00:00
[2026-07-13T14:13:47.025+0000] {processor.py:183} INFO - Processing /opt/airflow/dags/crypto_pipeline_dag.py took 0.056 seconds
[2026-07-13T14:14:17.197+0000] {processor.py:161} INFO - Started process (PID=1509) to work on /opt/airflow/dags/crypto_pipeline_dag.py
[2026-07-13T14:14:17.198+0000] {processor.py:830} INFO - Processing file /opt/airflow/dags/crypto_pipeline_dag.py for tasks to queue
[2026-07-13T14:14:17.200+0000] {logging_mixin.py:188} INFO - [2026-07-13T14:14:17.199+0000] {dagbag.py:545} INFO - Filling up the DagBag from /opt/airflow/dags/crypto_pipeline_dag.py
[2026-07-13T14:14:17.209+0000] {processor.py:840} INFO - DAG(s) 'crypto_daily_pipeline' retrieved from /opt/airflow/dags/crypto_pipeline_dag.py
[2026-07-13T14:14:17.226+0000] {logging_mixin.py:188} INFO - [2026-07-13T14:14:17.226+0000] {dag.py:3089} INFO - Sync 1 DAGs
[2026-07-13T14:14:17.236+0000] {logging_mixin.py:188} INFO - [2026-07-13T14:14:17.236+0000] {dag.py:3947} INFO - Setting next_dagrun for crypto_daily_pipeline to 2026-07-13 00:00:00+00:00, run_after=2026-07-14 00:00:00+00:00
[2026-07-13T14:14:17.242+0000] {processor.py:183} INFO - Processing /opt/airflow/dags/crypto_pipeline_dag.py took 0.050 seconds
[2026-07-13T14:14:47.394+0000] {processor.py:161} INFO - Started process (PID=1514) to work on /opt/airflow/dags/crypto_pipeline_dag.py
[2026-07-13T14:14:47.395+0000] {processor.py:830} INFO - Processing file /opt/airflow/dags/crypto_pipeline_dag.py for tasks to queue
[2026-07-13T14:14:47.397+0000] {logging_mixin.py:188} INFO - [2026-07-13T14:14:47.397+0000] {dagbag.py:545} INFO - Filling up the DagBag from /opt/airflow/dags/crypto_pipeline_dag.py
[2026-07-13T14:14:47.406+0000] {processor.py:840} INFO - DAG(s) 'crypto_daily_pipeline' retrieved from /opt/airflow/dags/crypto_pipeline_dag.py
[2026-07-13T14:14:47.425+0000] {logging_mixin.py:188} INFO - [2026-07-13T14:14:47.425+0000] {dag.py:3089} INFO - Sync 1 DAGs
[2026-07-13T14:14:47.433+0000] {logging_mixin.py:188} INFO - [2026-07-13T14:14:47.433+0000] {dag.py:3947} INFO - Setting next_dagrun for crypto_daily_pipeline to 2026-07-13 00:00:00+00:00, run_after=2026-07-14 00:00:00+00:00
[2026-07-13T14:14:47.439+0000] {processor.py:183} INFO - Processing /opt/airflow/dags/crypto_pipeline_dag.py took 0.049 seconds
[2026-07-13T14:15:17.605+0000] {processor.py:161} INFO - Started process (PID=1519) to work on /opt/airflow/dags/crypto_pipeline_dag.py
[2026-07-13T14:15:17.606+0000] {processor.py:830} INFO - Processing file /opt/airflow/dags/crypto_pipeline_dag.py for tasks to queue
[2026-07-13T14:15:17.607+0000] {logging_mixin.py:188} INFO - [2026-07-13T14:15:17.607+0000] {dagbag.py:545} INFO - Filling up the DagBag from /opt/airflow/dags/crypto_pipeline_dag.py
[2026-07-13T14:15:17.616+0000] {processor.py:840} INFO - DAG(s) 'crypto_daily_pipeline' retrieved from /opt/airflow/dags/crypto_pipeline_dag.py
[2026-07-13T14:15:17.634+0000] {logging_mixin.py:188} INFO - [2026-07-13T14:15:17.634+0000] {dag.py:3089} INFO - Sync 1 DAGs
[2026-07-13T14:15:17.642+0000] {logging_mixin.py:188} INFO - [2026-07-13T14:15:17.642+0000] {dag.py:3947} INFO - Setting next_dagrun for crypto_daily_pipeline to 2026-07-13 00:00:00+00:00, run_after=2026-07-14 00:00:00+00:00
[2026-07-13T14:15:17.648+0000] {processor.py:183} INFO - Processing /opt/airflow/dags/crypto_pipeline_dag.py took 0.047 seconds
[2026-07-13T14:15:47.835+0000] {processor.py:161} INFO - Started process (PID=1524) to work on /opt/airflow/dags/crypto_pipeline_dag.py
[2026-07-13T14:15:47.836+0000] {processor.py:830} INFO - Processing file /opt/airflow/dags/crypto_pipeline_dag.py for tasks to queue
[2026-07-13T14:15:47.838+0000] {logging_mixin.py:188} INFO - [2026-07-13T14:15:47.838+0000] {dagbag.py:545} INFO - Filling up the DagBag from /opt/airflow/dags/crypto_pipeline_dag.py
[2026-07-13T14:15:47.847+0000] {processor.py:840} INFO - DAG(s) 'crypto_daily_pipeline' retrieved from /opt/airflow/dags/crypto_pipeline_dag.py
[2026-07-13T14:15:47.863+0000] {logging_mixin.py:188} INFO - [2026-07-13T14:15:47.863+0000] {dag.py:3089} INFO - Sync 1 DAGs
[2026-07-13T14:15:47.871+0000] {logging_mixin.py:188} INFO - [2026-07-13T14:15:47.871+0000] {dag.py:3947} INFO - Setting next_dagrun for crypto_daily_pipeline to 2026-07-13 00:00:00+00:00, run_after=2026-07-14 00:00:00+00:00
[2026-07-13T14:15:47.878+0000] {processor.py:183} INFO - Processing /opt/airflow/dags/crypto_pipeline_dag.py took 0.048 seconds
[2026-07-13T14:16:18.054+0000] {processor.py:161} INFO - Started process (PID=1529) to work on /opt/airflow/dags/crypto_pipeline_dag.py
[2026-07-13T14:16:18.055+0000] {processor.py:830} INFO - Processing file /opt/airflow/dags/crypto_pipeline_dag.py for tasks to queue
[2026-07-13T14:16:18.057+0000] {logging_mixin.py:188} INFO - [2026-07-13T14:16:18.057+0000] {dagbag.py:545} INFO - Filling up the DagBag from /opt/airflow/dags/crypto_pipeline_dag.py
[2026-07-13T14:16:18.066+0000] {processor.py:840} INFO - DAG(s) 'crypto_daily_pipeline' retrieved from /opt/airflow/dags/crypto_pipeline_dag.py
[2026-07-13T14:16:18.084+0000] {logging_mixin.py:188} INFO - [2026-07-13T14:16:18.084+0000] {dag.py:3089} INFO - Sync 1 DAGs
[2026-07-13T14:16:18.093+0000] {logging_mixin.py:188} INFO - [2026-07-13T14:16:18.093+0000] {dag.py:3947} INFO - Setting next_dagrun for crypto_daily_pipeline to 2026-07-13 00:00:00+00:00, run_after=2026-07-14 00:00:00+00:00
[2026-07-13T14:16:18.098+0000] {processor.py:183} INFO - Processing /opt/airflow/dags/crypto_pipeline_dag.py took 0.049 seconds
[2026-07-13T14:16:48.267+0000] {processor.py:161} INFO - Started process (PID=1534) to work on /opt/airflow/dags/crypto_pipeline_dag.py
[2026-07-13T14:16:48.268+0000] {processor.py:830} INFO - Processing file /opt/airflow/dags/crypto_pipeline_dag.py for tasks to queue
[2026-07-13T14:16:48.269+0000] {logging_mixin.py:188} INFO - [2026-07-13T14:16:48.269+0000] {dagbag.py:545} INFO - Filling up the DagBag from /opt/airflow/dags/crypto_pipeline_dag.py
[2026-07-13T14:16:48.278+0000] {processor.py:840} INFO - DAG(s) 'crypto_daily_pipeline' retrieved from /opt/airflow/dags/crypto_pipeline_dag.py
[2026-07-13T14:16:48.296+0000] {logging_mixin.py:188} INFO - [2026-07-13T14:16:48.295+0000] {dag.py:3089} INFO - Sync 1 DAGs
[2026-07-13T14:16:48.305+0000] {logging_mixin.py:188} INFO - [2026-07-13T14:16:48.305+0000] {dag.py:3947} INFO - Setting next_dagrun for crypto_daily_pipeline to 2026-07-13 00:00:00+00:00, run_after=2026-07-14 00:00:00+00:00
[2026-07-13T14:16:48.311+0000] {processor.py:183} INFO - Processing /opt/airflow/dags/crypto_pipeline_dag.py took 0.050 seconds
[2026-07-13T14:17:18.466+0000] {processor.py:161} INFO - Started process (PID=1539) to work on /opt/airflow/dags/crypto_pipeline_dag.py
[2026-07-13T14:17:18.467+0000] {processor.py:830} INFO - Processing file /opt/airflow/dags/crypto_pipeline_dag.py for tasks to queue
[2026-07-13T14:17:18.468+0000] {logging_mixin.py:188} INFO - [2026-07-13T14:17:18.468+0000] {dagbag.py:545} INFO - Filling up the DagBag from /opt/airflow/dags/crypto_pipeline_dag.py
[2026-07-13T14:17:18.477+0000] {processor.py:840} INFO - DAG(s) 'crypto_daily_pipeline' retrieved from /opt/airflow/dags/crypto_pipeline_dag.py
[2026-07-13T14:17:18.495+0000] {logging_mixin.py:188} INFO - [2026-07-13T14:17:18.495+0000] {dag.py:3089} INFO - Sync 1 DAGs
[2026-07-13T14:17:18.505+0000] {logging_mixin.py:188} INFO - [2026-07-13T14:17:18.504+0000] {dag.py:3947} INFO - Setting next_dagrun for crypto_daily_pipeline to 2026-07-13 00:00:00+00:00, run_after=2026-07-14 00:00:00+00:00
[2026-07-13T14:17:18.511+0000] {processor.py:183} INFO - Processing /opt/airflow/dags/crypto_pipeline_dag.py took 0.051 seconds
[2026-07-13T14:17:48.672+0000] {processor.py:161} INFO - Started process (PID=1544) to work on /opt/airflow/dags/crypto_pipeline_dag.py
[2026-07-13T14:17:48.673+0000] {processor.py:830} INFO - Processing file /opt/airflow/dags/crypto_pipeline_dag.py for tasks to queue
[2026-07-13T14:17:48.675+0000] {logging_mixin.py:188} INFO - [2026-07-13T14:17:48.675+0000] {dagbag.py:545} INFO - Filling up the DagBag from /opt/airflow/dags/crypto_pipeline_dag.py
[2026-07-13T14:17:48.683+0000] {processor.py:840} INFO - DAG(s) 'crypto_daily_pipeline' retrieved from /opt/airflow/dags/crypto_pipeline_dag.py
[2026-07-13T14:17:48.700+0000] {logging_mixin.py:188} INFO - [2026-07-13T14:17:48.700+0000] {dag.py:3089} INFO - Sync 1 DAGs
[2026-07-13T14:17:48.709+0000] {logging_mixin.py:188} INFO - [2026-07-13T14:17:48.709+0000] {dag.py:3947} INFO - Setting next_dagrun for crypto_daily_pipeline to 2026-07-13 00:00:00+00:00, run_after=2026-07-14 00:00:00+00:00
[2026-07-13T14:17:48.715+0000] {processor.py:183} INFO - Processing /opt/airflow/dags/crypto_pipeline_dag.py took 0.049 seconds
[2026-07-13T14:18:18.879+0000] {processor.py:161} INFO - Started process (PID=1549) to work on /opt/airflow/dags/crypto_pipeline_dag.py
[2026-07-13T14:18:18.880+0000] {processor.py:830} INFO - Processing file /opt/airflow/dags/crypto_pipeline_dag.py for tasks to queue
[2026-07-13T14:18:18.881+0000] {logging_mixin.py:188} INFO - [2026-07-13T14:18:18.881+0000] {dagbag.py:545} INFO - Filling up the DagBag from /opt/airflow/dags/crypto_pipeline_dag.py
[2026-07-13T14:18:18.891+0000] {processor.py:840} INFO - DAG(s) 'crypto_daily_pipeline' retrieved from /opt/airflow/dags/crypto_pipeline_dag.py
[2026-07-13T14:18:18.909+0000] {logging_mixin.py:188} INFO - [2026-07-13T14:18:18.908+0000] {dag.py:3089} INFO - Sync 1 DAGs
[2026-07-13T14:18:18.918+0000] {logging_mixin.py:188} INFO - [2026-07-13T14:18:18.918+0000] {dag.py:3947} INFO - Setting next_dagrun for crypto_daily_pipeline to 2026-07-13 00:00:00+00:00, run_after=2026-07-14 00:00:00+00:00
[2026-07-13T14:18:18.924+0000] {processor.py:183} INFO - Processing /opt/airflow/dags/crypto_pipeline_dag.py took 0.049 seconds
[2026-07-13T14:18:49.080+0000] {processor.py:161} INFO - Started process (PID=1554) to work on /opt/airflow/dags/crypto_pipeline_dag.py
[2026-07-13T14:18:49.082+0000] {processor.py:830} INFO - Processing file /opt/airflow/dags/crypto_pipeline_dag.py for tasks to queue
[2026-07-13T14:18:49.083+0000] {logging_mixin.py:188} INFO - [2026-07-13T14:18:49.083+0000] {dagbag.py:545} INFO - Filling up the DagBag from /opt/airflow/dags/crypto_pipeline_dag.py
[2026-07-13T14:18:49.093+0000] {processor.py:840} INFO - DAG(s) 'crypto_daily_pipeline' retrieved from /opt/airflow/dags/crypto_pipeline_dag.py
[2026-07-13T14:18:49.109+0000] {logging_mixin.py:188} INFO - [2026-07-13T14:18:49.109+0000] {dag.py:3089} INFO - Sync 1 DAGs
[2026-07-13T14:18:49.118+0000] {logging_mixin.py:188} INFO - [2026-07-13T14:18:49.118+0000] {dag.py:3947} INFO - Setting next_dagrun for crypto_daily_pipeline to 2026-07-13 00:00:00+00:00, run_after=2026-07-14 00:00:00+00:00
[2026-07-13T14:18:49.124+0000] {processor.py:183} INFO - Processing /opt/airflow/dags/crypto_pipeline_dag.py took 0.049 seconds
[2026-07-13T14:19:19.290+0000] {processor.py:161} INFO - Started process (PID=1559) to work on /opt/airflow/dags/crypto_pipeline_dag.py
[2026-07-13T14:19:19.291+0000] {processor.py:830} INFO - Processing file /opt/airflow/dags/crypto_pipeline_dag.py for tasks to queue
[2026-07-13T14:19:19.293+0000] {logging_mixin.py:188} INFO - [2026-07-13T14:19:19.293+0000] {dagbag.py:545} INFO - Filling up the DagBag from /opt/airflow/dags/crypto_pipeline_dag.py
[2026-07-13T14:19:19.302+0000] {processor.py:840} INFO - DAG(s) 'crypto_daily_pipeline' retrieved from /opt/airflow/dags/crypto_pipeline_dag.py
[2026-07-13T14:19:19.319+0000] {logging_mixin.py:188} INFO - [2026-07-13T14:19:19.319+0000] {dag.py:3089} INFO - Sync 1 DAGs
[2026-07-13T14:19:19.330+0000] {logging_mixin.py:188} INFO - [2026-07-13T14:19:19.330+0000] {dag.py:3947} INFO - Setting next_dagrun for crypto_daily_pipeline to 2026-07-13 00:00:00+00:00, run_after=2026-07-14 00:00:00+00:00
[2026-07-13T14:19:19.336+0000] {processor.py:183} INFO - Processing /opt/airflow/dags/crypto_pipeline_dag.py took 0.051 seconds
[2026-07-13T14:19:49.486+0000] {processor.py:161} INFO - Started process (PID=1564) to work on /opt/airflow/dags/crypto_pipeline_dag.py
[2026-07-13T14:19:49.487+0000] {processor.py:830} INFO - Processing file /opt/airflow/dags/crypto_pipeline_dag.py for tasks to queue
[2026-07-13T14:19:49.488+0000] {logging_mixin.py:188} INFO - [2026-07-13T14:19:49.488+0000] {dagbag.py:545} INFO - Filling up the DagBag from /opt/airflow/dags/crypto_pipeline_dag.py
[2026-07-13T14:19:49.497+0000] {processor.py:840} INFO - DAG(s) 'crypto_daily_pipeline' retrieved from /opt/airflow/dags/crypto_pipeline_dag.py
[2026-07-13T14:19:49.514+0000] {logging_mixin.py:188} INFO - [2026-07-13T14:19:49.514+0000] {dag.py:3089} INFO - Sync 1 DAGs
[2026-07-13T14:19:49.522+0000] {logging_mixin.py:188} INFO - [2026-07-13T14:19:49.522+0000] {dag.py:3947} INFO - Setting next_dagrun for crypto_daily_pipeline to 2026-07-13 00:00:00+00:00, run_after=2026-07-14 00:00:00+00:00
[2026-07-13T14:19:49.528+0000] {processor.py:183} INFO - Processing /opt/airflow/dags/crypto_pipeline_dag.py took 0.047 seconds
[2026-07-13T14:20:19.704+0000] {processor.py:161} INFO - Started process (PID=1569) to work on /opt/airflow/dags/crypto_pipeline_dag.py
[2026-07-13T14:20:19.704+0000] {processor.py:830} INFO - Processing file /opt/airflow/dags/crypto_pipeline_dag.py for tasks to queue
[2026-07-13T14:20:19.706+0000] {logging_mixin.py:188} INFO - [2026-07-13T14:20:19.706+0000] {dagbag.py:545} INFO - Filling up the DagBag from /opt/airflow/dags/crypto_pipeline_dag.py
[2026-07-13T14:20:19.715+0000] {processor.py:840} INFO - DAG(s) 'crypto_daily_pipeline' retrieved from /opt/airflow/dags/crypto_pipeline_dag.py
[2026-07-13T14:20:19.734+0000] {logging_mixin.py:188} INFO - [2026-07-13T14:20:19.734+0000] {dag.py:3089} INFO - Sync 1 DAGs
[2026-07-13T14:20:19.742+0000] {logging_mixin.py:188} INFO - [2026-07-13T14:20:19.742+0000] {dag.py:3947} INFO - Setting next_dagrun for crypto_daily_pipeline to 2026-07-13 00:00:00+00:00, run_after=2026-07-14 00:00:00+00:00
[2026-07-13T14:20:19.748+0000] {processor.py:183} INFO - Processing /opt/airflow/dags/crypto_pipeline_dag.py took 0.049 seconds
[2026-07-13T14:20:49.936+0000] {processor.py:161} INFO - Started process (PID=1574) to work on /opt/airflow/dags/crypto_pipeline_dag.py
[2026-07-13T14:20:49.937+0000] {processor.py:830} INFO - Processing file /opt/airflow/dags/crypto_pipeline_dag.py for tasks to queue
[2026-07-13T14:20:49.938+0000] {logging_mixin.py:188} INFO - [2026-07-13T14:20:49.938+0000] {dagbag.py:545} INFO - Filling up the DagBag from /opt/airflow/dags/crypto_pipeline_dag.py
[2026-07-13T14:20:49.947+0000] {processor.py:840} INFO - DAG(s) 'crypto_daily_pipeline' retrieved from /opt/airflow/dags/crypto_pipeline_dag.py
[2026-07-13T14:20:49.961+0000] {logging_mixin.py:188} INFO - [2026-07-13T14:20:49.961+0000] {dag.py:3089} INFO - Sync 1 DAGs
[2026-07-13T14:20:49.970+0000] {logging_mixin.py:188} INFO - [2026-07-13T14:20:49.970+0000] {dag.py:3947} INFO - Setting next_dagrun for crypto_daily_pipeline to 2026-07-13 00:00:00+00:00, run_after=2026-07-14 00:00:00+00:00
[2026-07-13T14:20:49.976+0000] {processor.py:183} INFO - Processing /opt/airflow/dags/crypto_pipeline_dag.py took 0.044 seconds
[2026-07-13T14:21:20.140+0000] {processor.py:161} INFO - Started process (PID=1579) to work on /opt/airflow/dags/crypto_pipeline_dag.py
[2026-07-13T14:21:20.141+0000] {processor.py:830} INFO - Processing file /opt/airflow/dags/crypto_pipeline_dag.py for tasks to queue
[2026-07-13T14:21:20.142+0000] {logging_mixin.py:188} INFO - [2026-07-13T14:21:20.142+0000] {dagbag.py:545} INFO - Filling up the DagBag from /opt/airflow/dags/crypto_pipeline_dag.py
[2026-07-13T14:21:20.150+0000] {processor.py:840} INFO - DAG(s) 'crypto_daily_pipeline' retrieved from /opt/airflow/dags/crypto_pipeline_dag.py
[2026-07-13T14:21:20.167+0000] {logging_mixin.py:188} INFO - [2026-07-13T14:21:20.167+0000] {dag.py:3089} INFO - Sync 1 DAGs
[2026-07-13T14:21:20.175+0000] {logging_mixin.py:188} INFO - [2026-07-13T14:21:20.175+0000] {dag.py:3947} INFO - Setting next_dagrun for crypto_daily_pipeline to 2026-07-13 00:00:00+00:00, run_after=2026-07-14 00:00:00+00:00
[2026-07-13T14:21:20.181+0000] {processor.py:183} INFO - Processing /opt/airflow/dags/crypto_pipeline_dag.py took 0.046 seconds
[2026-07-13T14:21:50.325+0000] {processor.py:161} INFO - Started process (PID=1584) to work on /opt/airflow/dags/crypto_pipeline_dag.py
[2026-07-13T14:21:50.326+0000] {processor.py:830} INFO - Processing file /opt/airflow/dags/crypto_pipeline_dag.py for tasks to queue
[2026-07-13T14:21:50.326+0000] {logging_mixin.py:188} INFO - [2026-07-13T14:21:50.326+0000] {dagbag.py:545} INFO - Filling up the DagBag from /opt/airflow/dags/crypto_pipeline_dag.py
[2026-07-13T14:21:50.332+0000] {processor.py:840} INFO - DAG(s) 'crypto_daily_pipeline' retrieved from /opt/airflow/dags/crypto_pipeline_dag.py
[2026-07-13T14:21:50.351+0000] {logging_mixin.py:188} INFO - [2026-07-13T14:21:50.351+0000] {dag.py:3089} INFO - Sync 1 DAGs
[2026-07-13T14:21:50.371+0000] {logging_mixin.py:188} INFO - [2026-07-13T14:21:50.371+0000] {dag.py:3947} INFO - Setting next_dagrun for crypto_daily_pipeline to 2026-07-13 00:00:00+00:00, run_after=2026-07-14 00:00:00+00:00
[2026-07-13T14:21:50.378+0000] {processor.py:183} INFO - Processing /opt/airflow/dags/crypto_pipeline_dag.py took 0.057 seconds
[2026-07-13T14:22:20.512+0000] {processor.py:161} INFO - Started process (PID=1589) to work on /opt/airflow/dags/crypto_pipeline_dag.py
[2026-07-13T14:22:20.513+0000] {processor.py:830} INFO - Processing file /opt/airflow/dags/crypto_pipeline_dag.py for tasks to queue
[2026-07-13T14:22:20.515+0000] {logging_mixin.py:188} INFO - [2026-07-13T14:22:20.514+0000] {dagbag.py:545} INFO - Filling up the DagBag from /opt/airflow/dags/crypto_pipeline_dag.py
[2026-07-13T14:22:20.522+0000] {processor.py:840} INFO - DAG(s) 'crypto_daily_pipeline' retrieved from /opt/airflow/dags/crypto_pipeline_dag.py
[2026-07-13T14:22:20.538+0000] {logging_mixin.py:188} INFO - [2026-07-13T14:22:20.538+0000] {dag.py:3089} INFO - Sync 1 DAGs
[2026-07-13T14:22:20.547+0000] {logging_mixin.py:188} INFO - [2026-07-13T14:22:20.547+0000] {dag.py:3947} INFO - Setting next_dagrun for crypto_daily_pipeline to 2026-07-13 00:00:00+00:00, run_after=2026-07-14 00:00:00+00:00
[2026-07-13T14:22:20.553+0000] {processor.py:183} INFO - Processing /opt/airflow/dags/crypto_pipeline_dag.py took 0.045 seconds
[2026-07-13T14:22:50.743+0000] {processor.py:161} INFO - Started process (PID=1594) to work on /opt/airflow/dags/crypto_pipeline_dag.py
[2026-07-13T14:22:50.744+0000] {processor.py:830} INFO - Processing file /opt/airflow/dags/crypto_pipeline_dag.py for tasks to queue
[2026-07-13T14:22:50.746+0000] {logging_mixin.py:188} INFO - [2026-07-13T14:22:50.746+0000] {dagbag.py:545} INFO - Filling up the DagBag from /opt/airflow/dags/crypto_pipeline_dag.py
[2026-07-13T14:22:50.758+0000] {processor.py:840} INFO - DAG(s) 'crypto_daily_pipeline' retrieved from /opt/airflow/dags/crypto_pipeline_dag.py
[2026-07-13T14:22:50.775+0000] {logging_mixin.py:188} INFO - [2026-07-13T14:22:50.775+0000] {dag.py:3089} INFO - Sync 1 DAGs
[2026-07-13T14:22:50.784+0000] {logging_mixin.py:188} INFO - [2026-07-13T14:22:50.784+0000] {dag.py:3947} INFO - Setting next_dagrun for crypto_daily_pipeline to 2026-07-13 00:00:00+00:00, run_after=2026-07-14 00:00:00+00:00
[2026-07-13T14:22:50.790+0000] {processor.py:183} INFO - Processing /opt/airflow/dags/crypto_pipeline_dag.py took 0.055 seconds
[2026-07-13T14:23:20.955+0000] {processor.py:161} INFO - Started process (PID=1599) to work on /opt/airflow/dags/crypto_pipeline_dag.py
[2026-07-13T14:23:20.957+0000] {processor.py:830} INFO - Processing file /opt/airflow/dags/crypto_pipeline_dag.py for tasks to queue
[2026-07-13T14:23:20.958+0000] {logging_mixin.py:188} INFO - [2026-07-13T14:23:20.958+0000] {dagbag.py:545} INFO - Filling up the DagBag from /opt/airflow/dags/crypto_pipeline_dag.py
[2026-07-13T14:23:20.966+0000] {processor.py:840} INFO - DAG(s) 'crypto_daily_pipeline' retrieved from /opt/airflow/dags/crypto_pipeline_dag.py
[2026-07-13T14:23:20.984+0000] {logging_mixin.py:188} INFO - [2026-07-13T14:23:20.984+0000] {dag.py:3089} INFO - Sync 1 DAGs
[2026-07-13T14:23:20.994+0000] {logging_mixin.py:188} INFO - [2026-07-13T14:23:20.994+0000] {dag.py:3947} INFO - Setting next_dagrun for crypto_daily_pipeline to 2026-07-13 00:00:00+00:00, run_after=2026-07-14 00:00:00+00:00
[2026-07-13T14:23:21.001+0000] {processor.py:183} INFO - Processing /opt/airflow/dags/crypto_pipeline_dag.py took 0.051 seconds
[2026-07-13T14:23:51.153+0000] {processor.py:161} INFO - Started process (PID=1604) to work on /opt/airflow/dags/crypto_pipeline_dag.py
[2026-07-13T14:23:51.154+0000] {processor.py:830} INFO - Processing file /opt/airflow/dags/crypto_pipeline_dag.py for tasks to queue
[2026-07-13T14:23:51.156+0000] {logging_mixin.py:188} INFO - [2026-07-13T14:23:51.155+0000] {dagbag.py:545} INFO - Filling up the DagBag from /opt/airflow/dags/crypto_pipeline_dag.py
[2026-07-13T14:23:51.166+0000] {processor.py:840} INFO - DAG(s) 'crypto_daily_pipeline' retrieved from /opt/airflow/dags/crypto_pipeline_dag.py
[2026-07-13T14:23:51.184+0000] {logging_mixin.py:188} INFO - [2026-07-13T14:23:51.184+0000] {dag.py:3089} INFO - Sync 1 DAGs
[2026-07-13T14:23:51.194+0000] {logging_mixin.py:188} INFO - [2026-07-13T14:23:51.193+0000] {dag.py:3947} INFO - Setting next_dagrun for crypto_daily_pipeline to 2026-07-13 00:00:00+00:00, run_after=2026-07-14 00:00:00+00:00
[2026-07-13T14:23:51.200+0000] {processor.py:183} INFO - Processing /opt/airflow/dags/crypto_pipeline_dag.py took 0.053 seconds
[2026-07-13T14:24:21.346+0000] {processor.py:161} INFO - Started process (PID=1609) to work on /opt/airflow/dags/crypto_pipeline_dag.py
[2026-07-13T14:24:21.347+0000] {processor.py:830} INFO - Processing file /opt/airflow/dags/crypto_pipeline_dag.py for tasks to queue
[2026-07-13T14:24:21.348+0000] {logging_mixin.py:188} INFO - [2026-07-13T14:24:21.348+0000] {dagbag.py:545} INFO - Filling up the DagBag from /opt/airflow/dags/crypto_pipeline_dag.py
[2026-07-13T14:24:21.359+0000] {processor.py:840} INFO - DAG(s) 'crypto_daily_pipeline' retrieved from /opt/airflow/dags/crypto_pipeline_dag.py
[2026-07-13T14:24:21.378+0000] {logging_mixin.py:188} INFO - [2026-07-13T14:24:21.378+0000] {dag.py:3089} INFO - Sync 1 DAGs
[2026-07-13T14:24:21.388+0000] {logging_mixin.py:188} INFO - [2026-07-13T14:24:21.388+0000] {dag.py:3947} INFO - Setting next_dagrun for crypto_daily_pipeline to 2026-07-13 00:00:00+00:00, run_after=2026-07-14 00:00:00+00:00
[2026-07-13T14:24:21.396+0000] {processor.py:183} INFO - Processing /opt/airflow/dags/crypto_pipeline_dag.py took 0.055 seconds
[2026-07-13T14:24:51.546+0000] {processor.py:161} INFO - Started process (PID=1614) to work on /opt/airflow/dags/crypto_pipeline_dag.py
[2026-07-13T14:24:51.547+0000] {processor.py:830} INFO - Processing file /opt/airflow/dags/crypto_pipeline_dag.py for tasks to queue
[2026-07-13T14:24:51.548+0000] {logging_mixin.py:188} INFO - [2026-07-13T14:24:51.548+0000] {dagbag.py:545} INFO - Filling up the DagBag from /opt/airflow/dags/crypto_pipeline_dag.py
[2026-07-13T14:24:51.557+0000] {processor.py:840} INFO - DAG(s) 'crypto_daily_pipeline' retrieved from /opt/airflow/dags/crypto_pipeline_dag.py
[2026-07-13T14:24:51.575+0000] {logging_mixin.py:188} INFO - [2026-07-13T14:24:51.575+0000] {dag.py:3089} INFO - Sync 1 DAGs
[2026-07-13T14:24:51.583+0000] {logging_mixin.py:188} INFO - [2026-07-13T14:24:51.582+0000] {dag.py:3947} INFO - Setting next_dagrun for crypto_daily_pipeline to 2026-07-13 00:00:00+00:00, run_after=2026-07-14 00:00:00+00:00
[2026-07-13T14:24:51.589+0000] {processor.py:183} INFO - Processing /opt/airflow/dags/crypto_pipeline_dag.py took 0.048 seconds
[2026-07-13T14:25:21.765+0000] {processor.py:161} INFO - Started process (PID=1619) to work on /opt/airflow/dags/crypto_pipeline_dag.py
[2026-07-13T14:25:21.765+0000] {processor.py:830} INFO - Processing file /opt/airflow/dags/crypto_pipeline_dag.py for tasks to queue
[2026-07-13T14:25:21.767+0000] {logging_mixin.py:188} INFO - [2026-07-13T14:25:21.767+0000] {dagbag.py:545} INFO - Filling up the DagBag from /opt/airflow/dags/crypto_pipeline_dag.py
[2026-07-13T14:25:21.776+0000] {processor.py:840} INFO - DAG(s) 'crypto_daily_pipeline' retrieved from /opt/airflow/dags/crypto_pipeline_dag.py
[2026-07-13T14:25:21.793+0000] {logging_mixin.py:188} INFO - [2026-07-13T14:25:21.793+0000] {dag.py:3089} INFO - Sync 1 DAGs
[2026-07-13T14:25:21.803+0000] {logging_mixin.py:188} INFO - [2026-07-13T14:25:21.803+0000] {dag.py:3947} INFO - Setting next_dagrun for crypto_daily_pipeline to 2026-07-13 00:00:00+00:00, run_after=2026-07-14 00:00:00+00:00
[2026-07-13T14:25:21.809+0000] {processor.py:183} INFO - Processing /opt/airflow/dags/crypto_pipeline_dag.py took 0.049 seconds
[2026-07-13T14:25:51.984+0000] {processor.py:161} INFO - Started process (PID=1624) to work on /opt/airflow/dags/crypto_pipeline_dag.py
[2026-07-13T14:25:51.985+0000] {processor.py:830} INFO - Processing file /opt/airflow/dags/crypto_pipeline_dag.py for tasks to queue
[2026-07-13T14:25:51.986+0000] {logging_mixin.py:188} INFO - [2026-07-13T14:25:51.986+0000] {dagbag.py:545} INFO - Filling up the DagBag from /opt/airflow/dags/crypto_pipeline_dag.py
[2026-07-13T14:25:51.995+0000] {processor.py:840} INFO - DAG(s) 'crypto_daily_pipeline' retrieved from /opt/airflow/dags/crypto_pipeline_dag.py
[2026-07-13T14:25:52.013+0000] {logging_mixin.py:188} INFO - [2026-07-13T14:25:52.012+0000] {dag.py:3089} INFO - Sync 1 DAGs
[2026-07-13T14:25:52.022+0000] {logging_mixin.py:188} INFO - [2026-07-13T14:25:52.022+0000] {dag.py:3947} INFO - Setting next_dagrun for crypto_daily_pipeline to 2026-07-13 00:00:00+00:00, run_after=2026-07-14 00:00:00+00:00
[2026-07-13T14:25:52.028+0000] {processor.py:183} INFO - Processing /opt/airflow/dags/crypto_pipeline_dag.py took 0.048 seconds
[2026-07-13T14:26:22.180+0000] {processor.py:161} INFO - Started process (PID=1629) to work on /opt/airflow/dags/crypto_pipeline_dag.py
[2026-07-13T14:26:22.181+0000] {processor.py:830} INFO - Processing file /opt/airflow/dags/crypto_pipeline_dag.py for tasks to queue
[2026-07-13T14:26:22.182+0000] {logging_mixin.py:188} INFO - [2026-07-13T14:26:22.182+0000] {dagbag.py:545} INFO - Filling up the DagBag from /opt/airflow/dags/crypto_pipeline_dag.py
[2026-07-13T14:26:22.192+0000] {processor.py:840} INFO - DAG(s) 'crypto_daily_pipeline' retrieved from /opt/airflow/dags/crypto_pipeline_dag.py
[2026-07-13T14:26:22.210+0000] {logging_mixin.py:188} INFO - [2026-07-13T14:26:22.210+0000] {dag.py:3089} INFO - Sync 1 DAGs
[2026-07-13T14:26:22.220+0000] {logging_mixin.py:188} INFO - [2026-07-13T14:26:22.220+0000] {dag.py:3947} INFO - Setting next_dagrun for crypto_daily_pipeline to 2026-07-13 00:00:00+00:00, run_after=2026-07-14 00:00:00+00:00
[2026-07-13T14:26:22.226+0000] {processor.py:183} INFO - Processing /opt/airflow/dags/crypto_pipeline_dag.py took 0.050 seconds
[2026-07-13T14:26:52.391+0000] {processor.py:161} INFO - Started process (PID=1634) to work on /opt/airflow/dags/crypto_pipeline_dag.py
[2026-07-13T14:26:52.391+0000] {processor.py:830} INFO - Processing file /opt/airflow/dags/crypto_pipeline_dag.py for tasks to queue
[2026-07-13T14:26:52.393+0000] {logging_mixin.py:188} INFO - [2026-07-13T14:26:52.393+0000] {dagbag.py:545} INFO - Filling up the DagBag from /opt/airflow/dags/crypto_pipeline_dag.py
[2026-07-13T14:26:52.402+0000] {processor.py:840} INFO - DAG(s) 'crypto_daily_pipeline' retrieved from /opt/airflow/dags/crypto_pipeline_dag.py
[2026-07-13T14:26:52.420+0000] {logging_mixin.py:188} INFO - [2026-07-13T14:26:52.420+0000] {dag.py:3089} INFO - Sync 1 DAGs
[2026-07-13T14:26:52.429+0000] {logging_mixin.py:188} INFO - [2026-07-13T14:26:52.429+0000] {dag.py:3947} INFO - Setting next_dagrun for crypto_daily_pipeline to 2026-07-13 00:00:00+00:00, run_after=2026-07-14 00:00:00+00:00
[2026-07-13T14:26:52.435+0000] {processor.py:183} INFO - Processing /opt/airflow/dags/crypto_pipeline_dag.py took 0.049 seconds
[2026-07-13T14:27:22.578+0000] {processor.py:161} INFO - Started process (PID=1639) to work on /opt/airflow/dags/crypto_pipeline_dag.py
[2026-07-13T14:27:22.580+0000] {processor.py:830} INFO - Processing file /opt/airflow/dags/crypto_pipeline_dag.py for tasks to queue
[2026-07-13T14:27:22.582+0000] {logging_mixin.py:188} INFO - [2026-07-13T14:27:22.582+0000] {dagbag.py:545} INFO - Filling up the DagBag from /opt/airflow/dags/crypto_pipeline_dag.py
[2026-07-13T14:27:22.589+0000] {processor.py:840} INFO - DAG(s) 'crypto_daily_pipeline' retrieved from /opt/airflow/dags/crypto_pipeline_dag.py
[2026-07-13T14:27:22.603+0000] {logging_mixin.py:188} INFO - [2026-07-13T14:27:22.602+0000] {dag.py:3089} INFO - Sync 1 DAGs
[2026-07-13T14:27:22.610+0000] {logging_mixin.py:188} INFO - [2026-07-13T14:27:22.610+0000] {dag.py:3947} INFO - Setting next_dagrun for crypto_daily_pipeline to 2026-07-13 00:00:00+00:00, run_after=2026-07-14 00:00:00+00:00
[2026-07-13T14:27:22.615+0000] {processor.py:183} INFO - Processing /opt/airflow/dags/crypto_pipeline_dag.py took 0.042 seconds
[2026-07-13T14:27:52.795+0000] {processor.py:161} INFO - Started process (PID=1644) to work on /opt/airflow/dags/crypto_pipeline_dag.py
[2026-07-13T14:27:52.795+0000] {processor.py:830} INFO - Processing file /opt/airflow/dags/crypto_pipeline_dag.py for tasks to queue
[2026-07-13T14:27:52.797+0000] {logging_mixin.py:188} INFO - [2026-07-13T14:27:52.797+0000] {dagbag.py:545} INFO - Filling up the DagBag from /opt/airflow/dags/crypto_pipeline_dag.py
[2026-07-13T14:27:52.806+0000] {processor.py:840} INFO - DAG(s) 'crypto_daily_pipeline' retrieved from /opt/airflow/dags/crypto_pipeline_dag.py
[2026-07-13T14:27:52.824+0000] {logging_mixin.py:188} INFO - [2026-07-13T14:27:52.824+0000] {dag.py:3089} INFO - Sync 1 DAGs
[2026-07-13T14:27:52.833+0000] {logging_mixin.py:188} INFO - [2026-07-13T14:27:52.833+0000] {dag.py:3947} INFO - Setting next_dagrun for crypto_daily_pipeline to 2026-07-13 00:00:00+00:00, run_after=2026-07-14 00:00:00+00:00
[2026-07-13T14:27:52.840+0000] {processor.py:183} INFO - Processing /opt/airflow/dags/crypto_pipeline_dag.py took 0.050 seconds
[2026-07-13T14:28:23.000+0000] {processor.py:161} INFO - Started process (PID=1649) to work on /opt/airflow/dags/crypto_pipeline_dag.py
[2026-07-13T14:28:23.001+0000] {processor.py:830} INFO - Processing file /opt/airflow/dags/crypto_pipeline_dag.py for tasks to queue
[2026-07-13T14:28:23.002+0000] {logging_mixin.py:188} INFO - [2026-07-13T14:28:23.002+0000] {dagbag.py:545} INFO - Filling up the DagBag from /opt/airflow/dags/crypto_pipeline_dag.py
[2026-07-13T14:28:23.011+0000] {processor.py:840} INFO - DAG(s) 'crypto_daily_pipeline' retrieved from /opt/airflow/dags/crypto_pipeline_dag.py
[2026-07-13T14:28:23.028+0000] {logging_mixin.py:188} INFO - [2026-07-13T14:28:23.028+0000] {dag.py:3089} INFO - Sync 1 DAGs
[2026-07-13T14:28:23.038+0000] {logging_mixin.py:188} INFO - [2026-07-13T14:28:23.038+0000] {dag.py:3947} INFO - Setting next_dagrun for crypto_daily_pipeline to 2026-07-13 00:00:00+00:00, run_after=2026-07-14 00:00:00+00:00
[2026-07-13T14:28:23.044+0000] {processor.py:183} INFO - Processing /opt/airflow/dags/crypto_pipeline_dag.py took 0.049 seconds
[2026-07-13T14:28:53.206+0000] {processor.py:161} INFO - Started process (PID=1654) to work on /opt/airflow/dags/crypto_pipeline_dag.py
[2026-07-13T14:28:53.207+0000] {processor.py:830} INFO - Processing file /opt/airflow/dags/crypto_pipeline_dag.py for tasks to queue
[2026-07-13T14:28:53.209+0000] {logging_mixin.py:188} INFO - [2026-07-13T14:28:53.208+0000] {dagbag.py:545} INFO - Filling up the DagBag from /opt/airflow/dags/crypto_pipeline_dag.py
[2026-07-13T14:28:53.218+0000] {processor.py:840} INFO - DAG(s) 'crypto_daily_pipeline' retrieved from /opt/airflow/dags/crypto_pipeline_dag.py
[2026-07-13T14:28:53.235+0000] {logging_mixin.py:188} INFO - [2026-07-13T14:28:53.235+0000] {dag.py:3089} INFO - Sync 1 DAGs
[2026-07-13T14:28:53.245+0000] {logging_mixin.py:188} INFO - [2026-07-13T14:28:53.245+0000] {dag.py:3947} INFO - Setting next_dagrun for crypto_daily_pipeline to 2026-07-13 00:00:00+00:00, run_after=2026-07-14 00:00:00+00:00
[2026-07-13T14:28:53.250+0000] {processor.py:183} INFO - Processing /opt/airflow/dags/crypto_pipeline_dag.py took 0.049 seconds
[2026-07-13T14:29:23.411+0000] {processor.py:161} INFO - Started process (PID=1659) to work on /opt/airflow/dags/crypto_pipeline_dag.py
[2026-07-13T14:29:23.412+0000] {processor.py:830} INFO - Processing file /opt/airflow/dags/crypto_pipeline_dag.py for tasks to queue
[2026-07-13T14:29:23.414+0000] {logging_mixin.py:188} INFO - [2026-07-13T14:29:23.413+0000] {dagbag.py:545} INFO - Filling up the DagBag from /opt/airflow/dags/crypto_pipeline_dag.py
[2026-07-13T14:29:23.423+0000] {processor.py:840} INFO - DAG(s) 'crypto_daily_pipeline' retrieved from /opt/airflow/dags/crypto_pipeline_dag.py
[2026-07-13T14:29:23.442+0000] {logging_mixin.py:188} INFO - [2026-07-13T14:29:23.441+0000] {dag.py:3089} INFO - Sync 1 DAGs
[2026-07-13T14:29:23.452+0000] {logging_mixin.py:188} INFO - [2026-07-13T14:29:23.452+0000] {dag.py:3947} INFO - Setting next_dagrun for crypto_daily_pipeline to 2026-07-13 00:00:00+00:00, run_after=2026-07-14 00:00:00+00:00
[2026-07-13T14:29:23.458+0000] {processor.py:183} INFO - Processing /opt/airflow/dags/crypto_pipeline_dag.py took 0.051 seconds
[2026-07-13T14:29:53.611+0000] {processor.py:161} INFO - Started process (PID=1664) to work on /opt/airflow/dags/crypto_pipeline_dag.py
[2026-07-13T14:29:53.612+0000] {processor.py:830} INFO - Processing file /opt/airflow/dags/crypto_pipeline_dag.py for tasks to queue
[2026-07-13T14:29:53.613+0000] {logging_mixin.py:188} INFO - [2026-07-13T14:29:53.613+0000] {dagbag.py:545} INFO - Filling up the DagBag from /opt/airflow/dags/crypto_pipeline_dag.py
[2026-07-13T14:29:53.618+0000] {processor.py:840} INFO - DAG(s) 'crypto_daily_pipeline' retrieved from /opt/airflow/dags/crypto_pipeline_dag.py
[2026-07-13T14:29:53.630+0000] {logging_mixin.py:188} INFO - [2026-07-13T14:29:53.630+0000] {dag.py:3089} INFO - Sync 1 DAGs
[2026-07-13T14:29:53.638+0000] {logging_mixin.py:188} INFO - [2026-07-13T14:29:53.638+0000] {dag.py:3947} INFO - Setting next_dagrun for crypto_daily_pipeline to 2026-07-13 00:00:00+00:00, run_after=2026-07-14 00:00:00+00:00
[2026-07-13T14:29:53.643+0000] {processor.py:183} INFO - Processing /opt/airflow/dags/crypto_pipeline_dag.py took 0.036 seconds
[2026-07-13T14:30:23.805+0000] {processor.py:161} INFO - Started process (PID=1669) to work on /opt/airflow/dags/crypto_pipeline_dag.py
[2026-07-13T14:30:23.806+0000] {processor.py:830} INFO - Processing file /opt/airflow/dags/crypto_pipeline_dag.py for tasks to queue
[2026-07-13T14:30:23.807+0000] {logging_mixin.py:188} INFO - [2026-07-13T14:30:23.807+0000] {dagbag.py:545} INFO - Filling up the DagBag from /opt/airflow/dags/crypto_pipeline_dag.py
[2026-07-13T14:30:23.812+0000] {processor.py:840} INFO - DAG(s) 'crypto_daily_pipeline' retrieved from /opt/airflow/dags/crypto_pipeline_dag.py
[2026-07-13T14:30:23.823+0000] {logging_mixin.py:188} INFO - [2026-07-13T14:30:23.823+0000] {dag.py:3089} INFO - Sync 1 DAGs
[2026-07-13T14:30:23.830+0000] {logging_mixin.py:188} INFO - [2026-07-13T14:30:23.830+0000] {dag.py:3947} INFO - Setting next_dagrun for crypto_daily_pipeline to 2026-07-13 00:00:00+00:00, run_after=2026-07-14 00:00:00+00:00
[2026-07-13T14:30:23.836+0000] {processor.py:183} INFO - Processing /opt/airflow/dags/crypto_pipeline_dag.py took 0.034 seconds
[2026-07-13T14:30:54.002+0000] {processor.py:161} INFO - Started process (PID=1674) to work on /opt/airflow/dags/crypto_pipeline_dag.py
[2026-07-13T14:30:54.002+0000] {processor.py:830} INFO - Processing file /opt/airflow/dags/crypto_pipeline_dag.py for tasks to queue
[2026-07-13T14:30:54.003+0000] {logging_mixin.py:188} INFO - [2026-07-13T14:30:54.003+0000] {dagbag.py:545} INFO - Filling up the DagBag from /opt/airflow/dags/crypto_pipeline_dag.py
[2026-07-13T14:30:54.008+0000] {processor.py:840} INFO - DAG(s) 'crypto_daily_pipeline' retrieved from /opt/airflow/dags/crypto_pipeline_dag.py
[2026-07-13T14:30:54.018+0000] {logging_mixin.py:188} INFO - [2026-07-13T14:30:54.018+0000] {dag.py:3089} INFO - Sync 1 DAGs
[2026-07-13T14:30:54.025+0000] {logging_mixin.py:188} INFO - [2026-07-13T14:30:54.025+0000] {dag.py:3947} INFO - Setting next_dagrun for crypto_daily_pipeline to 2026-07-13 00:00:00+00:00, run_after=2026-07-14 00:00:00+00:00
[2026-07-13T14:30:54.031+0000] {processor.py:183} INFO - Processing /opt/airflow/dags/crypto_pipeline_dag.py took 0.033 seconds
[2026-07-13T14:31:24.219+0000] {processor.py:161} INFO - Started process (PID=1679) to work on /opt/airflow/dags/crypto_pipeline_dag.py
[2026-07-13T14:31:24.220+0000] {processor.py:830} INFO - Processing file /opt/airflow/dags/crypto_pipeline_dag.py for tasks to queue
[2026-07-13T14:31:24.221+0000] {logging_mixin.py:188} INFO - [2026-07-13T14:31:24.221+0000] {dagbag.py:545} INFO - Filling up the DagBag from /opt/airflow/dags/crypto_pipeline_dag.py
[2026-07-13T14:31:24.228+0000] {processor.py:840} INFO - DAG(s) 'crypto_daily_pipeline' retrieved from /opt/airflow/dags/crypto_pipeline_dag.py
[2026-07-13T14:31:24.241+0000] {logging_mixin.py:188} INFO - [2026-07-13T14:31:24.241+0000] {dag.py:3089} INFO - Sync 1 DAGs
[2026-07-13T14:31:24.249+0000] {logging_mixin.py:188} INFO - [2026-07-13T14:31:24.249+0000] {dag.py:3947} INFO - Setting next_dagrun for crypto_daily_pipeline to 2026-07-13 00:00:00+00:00, run_after=2026-07-14 00:00:00+00:00
[2026-07-13T14:31:24.255+0000] {processor.py:183} INFO - Processing /opt/airflow/dags/crypto_pipeline_dag.py took 0.041 seconds
[2026-07-13T14:31:54.424+0000] {processor.py:161} INFO - Started process (PID=1684) to work on /opt/airflow/dags/crypto_pipeline_dag.py
[2026-07-13T14:31:54.425+0000] {processor.py:830} INFO - Processing file /opt/airflow/dags/crypto_pipeline_dag.py for tasks to queue
[2026-07-13T14:31:54.427+0000] {logging_mixin.py:188} INFO - [2026-07-13T14:31:54.426+0000] {dagbag.py:545} INFO - Filling up the DagBag from /opt/airflow/dags/crypto_pipeline_dag.py
[2026-07-13T14:31:54.432+0000] {processor.py:840} INFO - DAG(s) 'crypto_daily_pipeline' retrieved from /opt/airflow/dags/crypto_pipeline_dag.py
[2026-07-13T14:31:54.445+0000] {logging_mixin.py:188} INFO - [2026-07-13T14:31:54.445+0000] {dag.py:3089} INFO - Sync 1 DAGs
[2026-07-13T14:31:54.452+0000] {logging_mixin.py:188} INFO - [2026-07-13T14:31:54.452+0000] {dag.py:3947} INFO - Setting next_dagrun for crypto_daily_pipeline to 2026-07-13 00:00:00+00:00, run_after=2026-07-14 00:00:00+00:00
[2026-07-13T14:31:54.459+0000] {processor.py:183} INFO - Processing /opt/airflow/dags/crypto_pipeline_dag.py took 0.039 seconds
[2026-07-13T14:32:24.622+0000] {processor.py:161} INFO - Started process (PID=1689) to work on /opt/airflow/dags/crypto_pipeline_dag.py
[2026-07-13T14:32:24.623+0000] {processor.py:830} INFO - Processing file /opt/airflow/dags/crypto_pipeline_dag.py for tasks to queue
[2026-07-13T14:32:24.624+0000] {logging_mixin.py:188} INFO - [2026-07-13T14:32:24.624+0000] {dagbag.py:545} INFO - Filling up the DagBag from /opt/airflow/dags/crypto_pipeline_dag.py
[2026-07-13T14:32:24.629+0000] {processor.py:840} INFO - DAG(s) 'crypto_daily_pipeline' retrieved from /opt/airflow/dags/crypto_pipeline_dag.py
[2026-07-13T14:32:24.640+0000] {logging_mixin.py:188} INFO - [2026-07-13T14:32:24.640+0000] {dag.py:3089} INFO - Sync 1 DAGs
[2026-07-13T14:32:24.646+0000] {logging_mixin.py:188} INFO - [2026-07-13T14:32:24.646+0000] {dag.py:3947} INFO - Setting next_dagrun for crypto_daily_pipeline to 2026-07-13 00:00:00+00:00, run_after=2026-07-14 00:00:00+00:00
[2026-07-13T14:32:24.652+0000] {processor.py:183} INFO - Processing /opt/airflow/dags/crypto_pipeline_dag.py took 0.033 seconds
[2026-07-13T14:32:54.847+0000] {processor.py:161} INFO - Started process (PID=1694) to work on /opt/airflow/dags/crypto_pipeline_dag.py
[2026-07-13T14:32:54.848+0000] {processor.py:830} INFO - Processing file /opt/airflow/dags/crypto_pipeline_dag.py for tasks to queue
[2026-07-13T14:32:54.849+0000] {logging_mixin.py:188} INFO - [2026-07-13T14:32:54.849+0000] {dagbag.py:545} INFO - Filling up the DagBag from /opt/airflow/dags/crypto_pipeline_dag.py
[2026-07-13T14:32:54.854+0000] {processor.py:840} INFO - DAG(s) 'crypto_daily_pipeline' retrieved from /opt/airflow/dags/crypto_pipeline_dag.py
[2026-07-13T14:32:54.865+0000] {logging_mixin.py:188} INFO - [2026-07-13T14:32:54.865+0000] {dag.py:3089} INFO - Sync 1 DAGs
[2026-07-13T14:32:54.871+0000] {logging_mixin.py:188} INFO - [2026-07-13T14:32:54.871+0000] {dag.py:3947} INFO - Setting next_dagrun for crypto_daily_pipeline to 2026-07-13 00:00:00+00:00, run_after=2026-07-14 00:00:00+00:00
[2026-07-13T14:32:54.877+0000] {processor.py:183} INFO - Processing /opt/airflow/dags/crypto_pipeline_dag.py took 0.033 seconds
[2026-07-13T14:33:25.046+0000] {processor.py:161} INFO - Started process (PID=1699) to work on /opt/airflow/dags/crypto_pipeline_dag.py
[2026-07-13T14:33:25.046+0000] {processor.py:830} INFO - Processing file /opt/airflow/dags/crypto_pipeline_dag.py for tasks to queue
[2026-07-13T14:33:25.047+0000] {logging_mixin.py:188} INFO - [2026-07-13T14:33:25.047+0000] {dagbag.py:545} INFO - Filling up the DagBag from /opt/airflow/dags/crypto_pipeline_dag.py
[2026-07-13T14:33:25.052+0000] {processor.py:840} INFO - DAG(s) 'crypto_daily_pipeline' retrieved from /opt/airflow/dags/crypto_pipeline_dag.py
[2026-07-13T14:33:25.062+0000] {logging_mixin.py:188} INFO - [2026-07-13T14:33:25.062+0000] {dag.py:3089} INFO - Sync 1 DAGs
[2026-07-13T14:33:25.069+0000] {logging_mixin.py:188} INFO - [2026-07-13T14:33:25.069+0000] {dag.py:3947} INFO - Setting next_dagrun for crypto_daily_pipeline to 2026-07-13 00:00:00+00:00, run_after=2026-07-14 00:00:00+00:00
[2026-07-13T14:33:25.074+0000] {processor.py:183} INFO - Processing /opt/airflow/dags/crypto_pipeline_dag.py took 0.032 seconds
[2026-07-13T14:33:55.248+0000] {processor.py:161} INFO - Started process (PID=1704) to work on /opt/airflow/dags/crypto_pipeline_dag.py
[2026-07-13T14:33:55.249+0000] {processor.py:830} INFO - Processing file /opt/airflow/dags/crypto_pipeline_dag.py for tasks to queue
[2026-07-13T14:33:55.250+0000] {logging_mixin.py:188} INFO - [2026-07-13T14:33:55.250+0000] {dagbag.py:545} INFO - Filling up the DagBag from /opt/airflow/dags/crypto_pipeline_dag.py
[2026-07-13T14:33:55.255+0000] {processor.py:840} INFO - DAG(s) 'crypto_daily_pipeline' retrieved from /opt/airflow/dags/crypto_pipeline_dag.py
[2026-07-13T14:33:55.265+0000] {logging_mixin.py:188} INFO - [2026-07-13T14:33:55.265+0000] {dag.py:3089} INFO - Sync 1 DAGs
[2026-07-13T14:33:55.272+0000] {logging_mixin.py:188} INFO - [2026-07-13T14:33:55.272+0000] {dag.py:3947} INFO - Setting next_dagrun for crypto_daily_pipeline to 2026-07-13 00:00:00+00:00, run_after=2026-07-14 00:00:00+00:00
[2026-07-13T14:33:55.278+0000] {processor.py:183} INFO - Processing /opt/airflow/dags/crypto_pipeline_dag.py took 0.033 seconds
[2026-07-13T14:34:25.461+0000] {processor.py:161} INFO - Started process (PID=1709) to work on /opt/airflow/dags/crypto_pipeline_dag.py
[2026-07-13T14:34:25.461+0000] {processor.py:830} INFO - Processing file /opt/airflow/dags/crypto_pipeline_dag.py for tasks to queue
[2026-07-13T14:34:25.462+0000] {logging_mixin.py:188} INFO - [2026-07-13T14:34:25.462+0000] {dagbag.py:545} INFO - Filling up the DagBag from /opt/airflow/dags/crypto_pipeline_dag.py
[2026-07-13T14:34:25.466+0000] {processor.py:840} INFO - DAG(s) 'crypto_daily_pipeline' retrieved from /opt/airflow/dags/crypto_pipeline_dag.py
[2026-07-13T14:34:25.477+0000] {logging_mixin.py:188} INFO - [2026-07-13T14:34:25.477+0000] {dag.py:3089} INFO - Sync 1 DAGs
[2026-07-13T14:34:25.484+0000] {logging_mixin.py:188} INFO - [2026-07-13T14:34:25.484+0000] {dag.py:3947} INFO - Setting next_dagrun for crypto_daily_pipeline to 2026-07-13 00:00:00+00:00, run_after=2026-07-14 00:00:00+00:00
[2026-07-13T14:34:25.489+0000] {processor.py:183} INFO - Processing /opt/airflow/dags/crypto_pipeline_dag.py took 0.031 seconds
[2026-07-13T14:42:22.153+0000] {processor.py:161} INFO - Started process (PID=1714) to work on /opt/airflow/dags/crypto_pipeline_dag.py
[2026-07-13T14:42:22.153+0000] {processor.py:830} INFO - Processing file /opt/airflow/dags/crypto_pipeline_dag.py for tasks to queue
[2026-07-13T14:42:22.154+0000] {logging_mixin.py:188} INFO - [2026-07-13T14:42:22.154+0000] {dagbag.py:545} INFO - Filling up the DagBag from /opt/airflow/dags/crypto_pipeline_dag.py
[2026-07-13T14:42:22.160+0000] {processor.py:840} INFO - DAG(s) 'crypto_daily_pipeline' retrieved from /opt/airflow/dags/crypto_pipeline_dag.py
[2026-07-13T14:42:22.176+0000] {logging_mixin.py:188} INFO - [2026-07-13T14:42:22.175+0000] {dag.py:3089} INFO - Sync 1 DAGs
[2026-07-13T14:42:22.187+0000] {logging_mixin.py:188} INFO - [2026-07-13T14:42:22.187+0000] {dag.py:3947} INFO - Setting next_dagrun for crypto_daily_pipeline to 2026-07-13 00:00:00+00:00, run_after=2026-07-14 00:00:00+00:00
[2026-07-13T14:42:22.194+0000] {processor.py:183} INFO - Processing /opt/airflow/dags/crypto_pipeline_dag.py took 0.045 seconds
[2026-07-13T14:42:52.362+0000] {processor.py:161} INFO - Started process (PID=1719) to work on /opt/airflow/dags/crypto_pipeline_dag.py
[2026-07-13T14:42:52.363+0000] {processor.py:830} INFO - Processing file /opt/airflow/dags/crypto_pipeline_dag.py for tasks to queue
[2026-07-13T14:42:52.366+0000] {logging_mixin.py:188} INFO - [2026-07-13T14:42:52.365+0000] {dagbag.py:545} INFO - Filling up the DagBag from /opt/airflow/dags/crypto_pipeline_dag.py
[2026-07-13T14:42:52.379+0000] {processor.py:840} INFO - DAG(s) 'crypto_daily_pipeline' retrieved from /opt/airflow/dags/crypto_pipeline_dag.py
[2026-07-13T14:42:52.401+0000] {logging_mixin.py:188} INFO - [2026-07-13T14:42:52.401+0000] {dag.py:3089} INFO - Sync 1 DAGs
[2026-07-13T14:42:52.410+0000] {logging_mixin.py:188} INFO - [2026-07-13T14:42:52.410+0000] {dag.py:3947} INFO - Setting next_dagrun for crypto_daily_pipeline to 2026-07-13 00:00:00+00:00, run_after=2026-07-14 00:00:00+00:00
[2026-07-13T14:42:52.416+0000] {processor.py:183} INFO - Processing /opt/airflow/dags/crypto_pipeline_dag.py took 0.065 seconds
[2026-07-13T14:43:22.561+0000] {processor.py:161} INFO - Started process (PID=1724) to work on /opt/airflow/dags/crypto_pipeline_dag.py
[2026-07-13T14:43:22.562+0000] {processor.py:830} INFO - Processing file /opt/airflow/dags/crypto_pipeline_dag.py for tasks to queue
[2026-07-13T14:43:22.564+0000] {logging_mixin.py:188} INFO - [2026-07-13T14:43:22.563+0000] {dagbag.py:545} INFO - Filling up the DagBag from /opt/airflow/dags/crypto_pipeline_dag.py
[2026-07-13T14:43:22.572+0000] {processor.py:840} INFO - DAG(s) 'crypto_daily_pipeline' retrieved from /opt/airflow/dags/crypto_pipeline_dag.py
[2026-07-13T14:43:22.590+0000] {logging_mixin.py:188} INFO - [2026-07-13T14:43:22.590+0000] {dag.py:3089} INFO - Sync 1 DAGs
[2026-07-13T14:43:22.600+0000] {logging_mixin.py:188} INFO - [2026-07-13T14:43:22.600+0000] {dag.py:3947} INFO - Setting next_dagrun for crypto_daily_pipeline to 2026-07-13 00:00:00+00:00, run_after=2026-07-14 00:00:00+00:00
[2026-07-13T14:43:22.606+0000] {processor.py:183} INFO - Processing /opt/airflow/dags/crypto_pipeline_dag.py took 0.052 seconds
[2026-07-13T14:43:52.748+0000] {processor.py:161} INFO - Started process (PID=1729) to work on /opt/airflow/dags/crypto_pipeline_dag.py
[2026-07-13T14:43:52.749+0000] {processor.py:830} INFO - Processing file /opt/airflow/dags/crypto_pipeline_dag.py for tasks to queue
[2026-07-13T14:43:52.749+0000] {logging_mixin.py:188} INFO - [2026-07-13T14:43:52.749+0000] {dagbag.py:545} INFO - Filling up the DagBag from /opt/airflow/dags/crypto_pipeline_dag.py
[2026-07-13T14:43:52.753+0000] {processor.py:840} INFO - DAG(s) 'crypto_daily_pipeline' retrieved from /opt/airflow/dags/crypto_pipeline_dag.py
[2026-07-13T14:43:52.763+0000] {logging_mixin.py:188} INFO - [2026-07-13T14:43:52.763+0000] {dag.py:3089} INFO - Sync 1 DAGs
[2026-07-13T14:43:52.770+0000] {logging_mixin.py:188} INFO - [2026-07-13T14:43:52.770+0000] {dag.py:3947} INFO - Setting next_dagrun for crypto_daily_pipeline to 2026-07-13 00:00:00+00:00, run_after=2026-07-14 00:00:00+00:00
[2026-07-13T14:43:52.775+0000] {processor.py:183} INFO - Processing /opt/airflow/dags/crypto_pipeline_dag.py took 0.028 seconds
[2026-07-13T14:44:22.924+0000] {processor.py:161} INFO - Started process (PID=1734) to work on /opt/airflow/dags/crypto_pipeline_dag.py
[2026-07-13T14:44:22.924+0000] {processor.py:830} INFO - Processing file /opt/airflow/dags/crypto_pipeline_dag.py for tasks to queue
[2026-07-13T14:44:22.925+0000] {logging_mixin.py:188} INFO - [2026-07-13T14:44:22.925+0000] {dagbag.py:545} INFO - Filling up the DagBag from /opt/airflow/dags/crypto_pipeline_dag.py
[2026-07-13T14:44:22.932+0000] {processor.py:840} INFO - DAG(s) 'crypto_daily_pipeline' retrieved from /opt/airflow/dags/crypto_pipeline_dag.py
[2026-07-13T14:44:22.947+0000] {logging_mixin.py:188} INFO - [2026-07-13T14:44:22.947+0000] {dag.py:3089} INFO - Sync 1 DAGs
[2026-07-13T14:44:22.956+0000] {logging_mixin.py:188} INFO - [2026-07-13T14:44:22.956+0000] {dag.py:3947} INFO - Setting next_dagrun for crypto_daily_pipeline to 2026-07-13 00:00:00+00:00, run_after=2026-07-14 00:00:00+00:00
[2026-07-13T14:44:22.962+0000] {processor.py:183} INFO - Processing /opt/airflow/dags/crypto_pipeline_dag.py took 0.042 seconds
[2026-07-13T14:44:53.129+0000] {processor.py:161} INFO - Started process (PID=1739) to work on /opt/airflow/dags/crypto_pipeline_dag.py
[2026-07-13T14:44:53.130+0000] {processor.py:830} INFO - Processing file /opt/airflow/dags/crypto_pipeline_dag.py for tasks to queue
[2026-07-13T14:44:53.132+0000] {logging_mixin.py:188} INFO - [2026-07-13T14:44:53.132+0000] {dagbag.py:545} INFO - Filling up the DagBag from /opt/airflow/dags/crypto_pipeline_dag.py
[2026-07-13T14:44:53.141+0000] {processor.py:840} INFO - DAG(s) 'crypto_daily_pipeline' retrieved from /opt/airflow/dags/crypto_pipeline_dag.py
[2026-07-13T14:44:53.162+0000] {logging_mixin.py:188} INFO - [2026-07-13T14:44:53.162+0000] {dag.py:3089} INFO - Sync 1 DAGs
[2026-07-13T14:44:53.172+0000] {logging_mixin.py:188} INFO - [2026-07-13T14:44:53.172+0000] {dag.py:3947} INFO - Setting next_dagrun for crypto_daily_pipeline to 2026-07-13 00:00:00+00:00, run_after=2026-07-14 00:00:00+00:00
[2026-07-13T14:44:53.178+0000] {processor.py:183} INFO - Processing /opt/airflow/dags/crypto_pipeline_dag.py took 0.052 seconds
[2026-07-13T14:45:23.332+0000] {processor.py:161} INFO - Started process (PID=1744) to work on /opt/airflow/dags/crypto_pipeline_dag.py
[2026-07-13T14:45:23.332+0000] {processor.py:830} INFO - Processing file /opt/airflow/dags/crypto_pipeline_dag.py for tasks to queue
[2026-07-13T14:45:23.334+0000] {logging_mixin.py:188} INFO - [2026-07-13T14:45:23.334+0000] {dagbag.py:545} INFO - Filling up the DagBag from /opt/airflow/dags/crypto_pipeline_dag.py
[2026-07-13T14:45:23.342+0000] {processor.py:840} INFO - DAG(s) 'crypto_daily_pipeline' retrieved from /opt/airflow/dags/crypto_pipeline_dag.py
[2026-07-13T14:45:23.359+0000] {logging_mixin.py:188} INFO - [2026-07-13T14:45:23.359+0000] {dag.py:3089} INFO - Sync 1 DAGs
[2026-07-13T14:45:23.370+0000] {logging_mixin.py:188} INFO - [2026-07-13T14:45:23.370+0000] {dag.py:3947} INFO - Setting next_dagrun for crypto_daily_pipeline to 2026-07-13 00:00:00+00:00, run_after=2026-07-14 00:00:00+00:00
[2026-07-13T14:45:23.376+0000] {processor.py:183} INFO - Processing /opt/airflow/dags/crypto_pipeline_dag.py took 0.049 seconds
[2026-07-13T14:45:53.543+0000] {processor.py:161} INFO - Started process (PID=1749) to work on /opt/airflow/dags/crypto_pipeline_dag.py
[2026-07-13T14:45:53.543+0000] {processor.py:830} INFO - Processing file /opt/airflow/dags/crypto_pipeline_dag.py for tasks to queue
[2026-07-13T14:45:53.545+0000] {logging_mixin.py:188} INFO - [2026-07-13T14:45:53.544+0000] {dagbag.py:545} INFO - Filling up the DagBag from /opt/airflow/dags/crypto_pipeline_dag.py
[2026-07-13T14:45:53.555+0000] {processor.py:840} INFO - DAG(s) 'crypto_daily_pipeline' retrieved from /opt/airflow/dags/crypto_pipeline_dag.py
[2026-07-13T14:45:53.574+0000] {logging_mixin.py:188} INFO - [2026-07-13T14:45:53.574+0000] {dag.py:3089} INFO - Sync 1 DAGs
[2026-07-13T14:45:53.584+0000] {logging_mixin.py:188} INFO - [2026-07-13T14:45:53.584+0000] {dag.py:3947} INFO - Setting next_dagrun for crypto_daily_pipeline to 2026-07-13 00:00:00+00:00, run_after=2026-07-14 00:00:00+00:00
[2026-07-13T14:45:53.590+0000] {processor.py:183} INFO - Processing /opt/airflow/dags/crypto_pipeline_dag.py took 0.051 seconds
[2026-07-13T14:46:23.735+0000] {processor.py:161} INFO - Started process (PID=1754) to work on /opt/airflow/dags/crypto_pipeline_dag.py
[2026-07-13T14:46:23.736+0000] {processor.py:830} INFO - Processing file /opt/airflow/dags/crypto_pipeline_dag.py for tasks to queue
[2026-07-13T14:46:23.737+0000] {logging_mixin.py:188} INFO - [2026-07-13T14:46:23.737+0000] {dagbag.py:545} INFO - Filling up the DagBag from /opt/airflow/dags/crypto_pipeline_dag.py
[2026-07-13T14:46:23.744+0000] {processor.py:840} INFO - DAG(s) 'crypto_daily_pipeline' retrieved from /opt/airflow/dags/crypto_pipeline_dag.py
[2026-07-13T14:46:23.758+0000] {logging_mixin.py:188} INFO - [2026-07-13T14:46:23.758+0000] {dag.py:3089} INFO - Sync 1 DAGs
[2026-07-13T14:46:23.767+0000] {logging_mixin.py:188} INFO - [2026-07-13T14:46:23.767+0000] {dag.py:3947} INFO - Setting next_dagrun for crypto_daily_pipeline to 2026-07-13 00:00:00+00:00, run_after=2026-07-14 00:00:00+00:00
[2026-07-13T14:46:23.773+0000] {processor.py:183} INFO - Processing /opt/airflow/dags/crypto_pipeline_dag.py took 0.043 seconds
[2026-07-13T14:46:53.918+0000] {processor.py:161} INFO - Started process (PID=1759) to work on /opt/airflow/dags/crypto_pipeline_dag.py
[2026-07-13T14:46:53.919+0000] {processor.py:830} INFO - Processing file /opt/airflow/dags/crypto_pipeline_dag.py for tasks to queue
[2026-07-13T14:46:53.920+0000] {logging_mixin.py:188} INFO - [2026-07-13T14:46:53.920+0000] {dagbag.py:545} INFO - Filling up the DagBag from /opt/airflow/dags/crypto_pipeline_dag.py
[2026-07-13T14:46:53.929+0000] {processor.py:840} INFO - DAG(s) 'crypto_daily_pipeline' retrieved from /opt/airflow/dags/crypto_pipeline_dag.py
[2026-07-13T14:46:53.947+0000] {logging_mixin.py:188} INFO - [2026-07-13T14:46:53.947+0000] {dag.py:3089} INFO - Sync 1 DAGs
[2026-07-13T14:46:53.957+0000] {logging_mixin.py:188} INFO - [2026-07-13T14:46:53.957+0000] {dag.py:3947} INFO - Setting next_dagrun for crypto_daily_pipeline to 2026-07-13 00:00:00+00:00, run_after=2026-07-14 00:00:00+00:00
[2026-07-13T14:46:53.963+0000] {processor.py:183} INFO - Processing /opt/airflow/dags/crypto_pipeline_dag.py took 0.050 seconds
[2026-07-13T14:47:24.119+0000] {processor.py:161} INFO - Started process (PID=1764) to work on /opt/airflow/dags/crypto_pipeline_dag.py
[2026-07-13T14:47:24.119+0000] {processor.py:830} INFO - Processing file /opt/airflow/dags/crypto_pipeline_dag.py for tasks to queue
[2026-07-13T14:47:24.121+0000] {logging_mixin.py:188} INFO - [2026-07-13T14:47:24.120+0000] {dagbag.py:545} INFO - Filling up the DagBag from /opt/airflow/dags/crypto_pipeline_dag.py
[2026-07-13T14:47:24.129+0000] {processor.py:840} INFO - DAG(s) 'crypto_daily_pipeline' retrieved from /opt/airflow/dags/crypto_pipeline_dag.py
[2026-07-13T14:47:24.146+0000] {logging_mixin.py:188} INFO - [2026-07-13T14:47:24.146+0000] {dag.py:3089} INFO - Sync 1 DAGs
[2026-07-13T14:47:24.155+0000] {logging_mixin.py:188} INFO - [2026-07-13T14:47:24.155+0000] {dag.py:3947} INFO - Setting next_dagrun for crypto_daily_pipeline to 2026-07-13 00:00:00+00:00, run_after=2026-07-14 00:00:00+00:00
[2026-07-13T14:47:24.162+0000] {processor.py:183} INFO - Processing /opt/airflow/dags/crypto_pipeline_dag.py took 0.048 seconds
[2026-07-13T14:47:54.306+0000] {processor.py:161} INFO - Started process (PID=1769) to work on /opt/airflow/dags/crypto_pipeline_dag.py
[2026-07-13T14:47:54.307+0000] {processor.py:830} INFO - Processing file /opt/airflow/dags/crypto_pipeline_dag.py for tasks to queue
[2026-07-13T14:47:54.308+0000] {logging_mixin.py:188} INFO - [2026-07-13T14:47:54.308+0000] {dagbag.py:545} INFO - Filling up the DagBag from /opt/airflow/dags/crypto_pipeline_dag.py
[2026-07-13T14:47:54.317+0000] {processor.py:840} INFO - DAG(s) 'crypto_daily_pipeline' retrieved from /opt/airflow/dags/crypto_pipeline_dag.py
[2026-07-13T14:47:54.334+0000] {logging_mixin.py:188} INFO - [2026-07-13T14:47:54.333+0000] {dag.py:3089} INFO - Sync 1 DAGs
[2026-07-13T14:47:54.343+0000] {logging_mixin.py:188} INFO - [2026-07-13T14:47:54.343+0000] {dag.py:3947} INFO - Setting next_dagrun for crypto_daily_pipeline to 2026-07-13 00:00:00+00:00, run_after=2026-07-14 00:00:00+00:00
[2026-07-13T14:47:54.349+0000] {processor.py:183} INFO - Processing /opt/airflow/dags/crypto_pipeline_dag.py took 0.047 seconds
[2026-07-13T14:48:24.515+0000] {processor.py:161} INFO - Started process (PID=1774) to work on /opt/airflow/dags/crypto_pipeline_dag.py
[2026-07-13T14:48:24.516+0000] {processor.py:830} INFO - Processing file /opt/airflow/dags/crypto_pipeline_dag.py for tasks to queue
[2026-07-13T14:48:24.518+0000] {logging_mixin.py:188} INFO - [2026-07-13T14:48:24.517+0000] {dagbag.py:545} INFO - Filling up the DagBag from /opt/airflow/dags/crypto_pipeline_dag.py
[2026-07-13T14:48:24.526+0000] {processor.py:840} INFO - DAG(s) 'crypto_daily_pipeline' retrieved from /opt/airflow/dags/crypto_pipeline_dag.py
[2026-07-13T14:48:24.544+0000] {logging_mixin.py:188} INFO - [2026-07-13T14:48:24.544+0000] {dag.py:3089} INFO - Sync 1 DAGs
[2026-07-13T14:48:24.554+0000] {logging_mixin.py:188} INFO - [2026-07-13T14:48:24.554+0000] {dag.py:3947} INFO - Setting next_dagrun for crypto_daily_pipeline to 2026-07-13 00:00:00+00:00, run_after=2026-07-14 00:00:00+00:00
[2026-07-13T14:48:24.561+0000] {processor.py:183} INFO - Processing /opt/airflow/dags/crypto_pipeline_dag.py took 0.050 seconds
[2026-07-13T14:48:54.694+0000] {processor.py:161} INFO - Started process (PID=1779) to work on /opt/airflow/dags/crypto_pipeline_dag.py
[2026-07-13T14:48:54.695+0000] {processor.py:830} INFO - Processing file /opt/airflow/dags/crypto_pipeline_dag.py for tasks to queue
[2026-07-13T14:48:54.695+0000] {logging_mixin.py:188} INFO - [2026-07-13T14:48:54.695+0000] {dagbag.py:545} INFO - Filling up the DagBag from /opt/airflow/dags/crypto_pipeline_dag.py
[2026-07-13T14:48:54.701+0000] {processor.py:840} INFO - DAG(s) 'crypto_daily_pipeline' retrieved from /opt/airflow/dags/crypto_pipeline_dag.py
[2026-07-13T14:48:54.712+0000] {logging_mixin.py:188} INFO - [2026-07-13T14:48:54.712+0000] {dag.py:3089} INFO - Sync 1 DAGs
[2026-07-13T14:48:54.719+0000] {logging_mixin.py:188} INFO - [2026-07-13T14:48:54.719+0000] {dag.py:3947} INFO - Setting next_dagrun for crypto_daily_pipeline to 2026-07-13 00:00:00+00:00, run_after=2026-07-14 00:00:00+00:00
[2026-07-13T14:48:54.725+0000] {processor.py:183} INFO - Processing /opt/airflow/dags/crypto_pipeline_dag.py took 0.035 seconds
[2026-07-13T14:49:24.877+0000] {processor.py:161} INFO - Started process (PID=1784) to work on /opt/airflow/dags/crypto_pipeline_dag.py
[2026-07-13T14:49:24.878+0000] {processor.py:830} INFO - Processing file /opt/airflow/dags/crypto_pipeline_dag.py for tasks to queue
[2026-07-13T14:49:24.879+0000] {logging_mixin.py:188} INFO - [2026-07-13T14:49:24.878+0000] {dagbag.py:545} INFO - Filling up the DagBag from /opt/airflow/dags/crypto_pipeline_dag.py
[2026-07-13T14:49:24.883+0000] {processor.py:840} INFO - DAG(s) 'crypto_daily_pipeline' retrieved from /opt/airflow/dags/crypto_pipeline_dag.py
[2026-07-13T14:49:24.894+0000] {logging_mixin.py:188} INFO - [2026-07-13T14:49:24.894+0000] {dag.py:3089} INFO - Sync 1 DAGs
[2026-07-13T14:49:24.901+0000] {logging_mixin.py:188} INFO - [2026-07-13T14:49:24.901+0000] {dag.py:3947} INFO - Setting next_dagrun for crypto_daily_pipeline to 2026-07-13 00:00:00+00:00, run_after=2026-07-14 00:00:00+00:00
[2026-07-13T14:49:24.907+0000] {processor.py:183} INFO - Processing /opt/airflow/dags/crypto_pipeline_dag.py took 0.034 seconds
[2026-07-13T14:49:55.072+0000] {processor.py:161} INFO - Started process (PID=1789) to work on /opt/airflow/dags/crypto_pipeline_dag.py
[2026-07-13T14:49:55.072+0000] {processor.py:830} INFO - Processing file /opt/airflow/dags/crypto_pipeline_dag.py for tasks to queue
[2026-07-13T14:49:55.073+0000] {logging_mixin.py:188} INFO - [2026-07-13T14:49:55.073+0000] {dagbag.py:545} INFO - Filling up the DagBag from /opt/airflow/dags/crypto_pipeline_dag.py
[2026-07-13T14:49:55.079+0000] {processor.py:840} INFO - DAG(s) 'crypto_daily_pipeline' retrieved from /opt/airflow/dags/crypto_pipeline_dag.py
[2026-07-13T14:49:55.090+0000] {logging_mixin.py:188} INFO - [2026-07-13T14:49:55.090+0000] {dag.py:3089} INFO - Sync 1 DAGs
[2026-07-13T14:49:55.097+0000] {logging_mixin.py:188} INFO - [2026-07-13T14:49:55.097+0000] {dag.py:3947} INFO - Setting next_dagrun for crypto_daily_pipeline to 2026-07-13 00:00:00+00:00, run_after=2026-07-14 00:00:00+00:00
[2026-07-13T14:49:55.103+0000] {processor.py:183} INFO - Processing /opt/airflow/dags/crypto_pipeline_dag.py took 0.035 seconds
[2026-07-13T14:50:25.274+0000] {processor.py:161} INFO - Started process (PID=1794) to work on /opt/airflow/dags/crypto_pipeline_dag.py
[2026-07-13T14:50:25.274+0000] {processor.py:830} INFO - Processing file /opt/airflow/dags/crypto_pipeline_dag.py for tasks to queue
[2026-07-13T14:50:25.275+0000] {logging_mixin.py:188} INFO - [2026-07-13T14:50:25.275+0000] {dagbag.py:545} INFO - Filling up the DagBag from /opt/airflow/dags/crypto_pipeline_dag.py
[2026-07-13T14:50:25.281+0000] {processor.py:840} INFO - DAG(s) 'crypto_daily_pipeline' retrieved from /opt/airflow/dags/crypto_pipeline_dag.py
[2026-07-13T14:50:25.292+0000] {logging_mixin.py:188} INFO - [2026-07-13T14:50:25.291+0000] {dag.py:3089} INFO - Sync 1 DAGs
[2026-07-13T14:50:25.299+0000] {logging_mixin.py:188} INFO - [2026-07-13T14:50:25.299+0000] {dag.py:3947} INFO - Setting next_dagrun for crypto_daily_pipeline to 2026-07-13 00:00:00+00:00, run_after=2026-07-14 00:00:00+00:00
[2026-07-13T14:50:25.305+0000] {processor.py:183} INFO - Processing /opt/airflow/dags/crypto_pipeline_dag.py took 0.034 seconds
[2026-07-13T14:50:55.495+0000] {processor.py:161} INFO - Started process (PID=1799) to work on /opt/airflow/dags/crypto_pipeline_dag.py
[2026-07-13T14:50:55.495+0000] {processor.py:830} INFO - Processing file /opt/airflow/dags/crypto_pipeline_dag.py for tasks to queue
[2026-07-13T14:50:55.496+0000] {logging_mixin.py:188} INFO - [2026-07-13T14:50:55.496+0000] {dagbag.py:545} INFO - Filling up the DagBag from /opt/airflow/dags/crypto_pipeline_dag.py
[2026-07-13T14:50:55.502+0000] {processor.py:840} INFO - DAG(s) 'crypto_daily_pipeline' retrieved from /opt/airflow/dags/crypto_pipeline_dag.py
[2026-07-13T14:50:55.512+0000] {logging_mixin.py:188} INFO - [2026-07-13T14:50:55.512+0000] {dag.py:3089} INFO - Sync 1 DAGs
[2026-07-13T14:50:55.520+0000] {logging_mixin.py:188} INFO - [2026-07-13T14:50:55.520+0000] {dag.py:3947} INFO - Setting next_dagrun for crypto_daily_pipeline to 2026-07-13 00:00:00+00:00, run_after=2026-07-14 00:00:00+00:00
[2026-07-13T14:50:55.526+0000] {processor.py:183} INFO - Processing /opt/airflow/dags/crypto_pipeline_dag.py took 0.034 seconds
[2026-07-13T14:51:25.700+0000] {processor.py:161} INFO - Started process (PID=1804) to work on /opt/airflow/dags/crypto_pipeline_dag.py
[2026-07-13T14:51:25.701+0000] {processor.py:830} INFO - Processing file /opt/airflow/dags/crypto_pipeline_dag.py for tasks to queue
[2026-07-13T14:51:25.702+0000] {logging_mixin.py:188} INFO - [2026-07-13T14:51:25.702+0000] {dagbag.py:545} INFO - Filling up the DagBag from /opt/airflow/dags/crypto_pipeline_dag.py
[2026-07-13T14:51:25.706+0000] {processor.py:840} INFO - DAG(s) 'crypto_daily_pipeline' retrieved from /opt/airflow/dags/crypto_pipeline_dag.py
[2026-07-13T14:51:25.717+0000] {logging_mixin.py:188} INFO - [2026-07-13T14:51:25.717+0000] {dag.py:3089} INFO - Sync 1 DAGs
[2026-07-13T14:51:25.724+0000] {logging_mixin.py:188} INFO - [2026-07-13T14:51:25.724+0000] {dag.py:3947} INFO - Setting next_dagrun for crypto_daily_pipeline to 2026-07-13 00:00:00+00:00, run_after=2026-07-14 00:00:00+00:00
[2026-07-13T14:51:25.730+0000] {processor.py:183} INFO - Processing /opt/airflow/dags/crypto_pipeline_dag.py took 0.032 seconds
[2026-07-13T14:51:55.909+0000] {processor.py:161} INFO - Started process (PID=1809) to work on /opt/airflow/dags/crypto_pipeline_dag.py
[2026-07-13T14:51:55.910+0000] {processor.py:830} INFO - Processing file /opt/airflow/dags/crypto_pipeline_dag.py for tasks to queue
[2026-07-13T14:51:55.911+0000] {logging_mixin.py:188} INFO - [2026-07-13T14:51:55.911+0000] {dagbag.py:545} INFO - Filling up the DagBag from /opt/airflow/dags/crypto_pipeline_dag.py
[2026-07-13T14:51:55.916+0000] {processor.py:840} INFO - DAG(s) 'crypto_daily_pipeline' retrieved from /opt/airflow/dags/crypto_pipeline_dag.py
[2026-07-13T14:51:55.927+0000] {logging_mixin.py:188} INFO - [2026-07-13T14:51:55.927+0000] {dag.py:3089} INFO - Sync 1 DAGs
[2026-07-13T14:51:55.934+0000] {logging_mixin.py:188} INFO - [2026-07-13T14:51:55.934+0000] {dag.py:3947} INFO - Setting next_dagrun for crypto_daily_pipeline to 2026-07-13 00:00:00+00:00, run_after=2026-07-14 00:00:00+00:00
[2026-07-13T14:51:55.939+0000] {processor.py:183} INFO - Processing /opt/airflow/dags/crypto_pipeline_dag.py took 0.033 seconds
[2026-07-13T14:52:26.114+0000] {processor.py:161} INFO - Started process (PID=1814) to work on /opt/airflow/dags/crypto_pipeline_dag.py
[2026-07-13T14:52:26.115+0000] {processor.py:830} INFO - Processing file /opt/airflow/dags/crypto_pipeline_dag.py for tasks to queue
[2026-07-13T14:52:26.116+0000] {logging_mixin.py:188} INFO - [2026-07-13T14:52:26.116+0000] {dagbag.py:545} INFO - Filling up the DagBag from /opt/airflow/dags/crypto_pipeline_dag.py
[2026-07-13T14:52:26.121+0000] {processor.py:840} INFO - DAG(s) 'crypto_daily_pipeline' retrieved from /opt/airflow/dags/crypto_pipeline_dag.py
[2026-07-13T14:52:26.132+0000] {logging_mixin.py:188} INFO - [2026-07-13T14:52:26.132+0000] {dag.py:3089} INFO - Sync 1 DAGs
[2026-07-13T14:52:26.139+0000] {logging_mixin.py:188} INFO - [2026-07-13T14:52:26.139+0000] {dag.py:3947} INFO - Setting next_dagrun for crypto_daily_pipeline to 2026-07-13 00:00:00+00:00, run_after=2026-07-14 00:00:00+00:00
[2026-07-13T14:52:26.145+0000] {processor.py:183} INFO - Processing /opt/airflow/dags/crypto_pipeline_dag.py took 0.034 seconds
[2026-07-13T14:52:56.309+0000] {processor.py:161} INFO - Started process (PID=1819) to work on /opt/airflow/dags/crypto_pipeline_dag.py
[2026-07-13T14:52:56.310+0000] {processor.py:830} INFO - Processing file /opt/airflow/dags/crypto_pipeline_dag.py for tasks to queue
[2026-07-13T14:52:56.311+0000] {logging_mixin.py:188} INFO - [2026-07-13T14:52:56.311+0000] {dagbag.py:545} INFO - Filling up the DagBag from /opt/airflow/dags/crypto_pipeline_dag.py
[2026-07-13T14:52:56.316+0000] {processor.py:840} INFO - DAG(s) 'crypto_daily_pipeline' retrieved from /opt/airflow/dags/crypto_pipeline_dag.py
[2026-07-13T14:52:56.327+0000] {logging_mixin.py:188} INFO - [2026-07-13T14:52:56.327+0000] {dag.py:3089} INFO - Sync 1 DAGs
[2026-07-13T14:52:56.334+0000] {logging_mixin.py:188} INFO - [2026-07-13T14:52:56.333+0000] {dag.py:3947} INFO - Setting next_dagrun for crypto_daily_pipeline to 2026-07-13 00:00:00+00:00, run_after=2026-07-14 00:00:00+00:00
[2026-07-13T14:52:56.339+0000] {processor.py:183} INFO - Processing /opt/airflow/dags/crypto_pipeline_dag.py took 0.033 seconds
[2026-07-13T14:53:26.518+0000] {processor.py:161} INFO - Started process (PID=1824) to work on /opt/airflow/dags/crypto_pipeline_dag.py
[2026-07-13T14:53:26.519+0000] {processor.py:830} INFO - Processing file /opt/airflow/dags/crypto_pipeline_dag.py for tasks to queue
[2026-07-13T14:53:26.520+0000] {logging_mixin.py:188} INFO - [2026-07-13T14:53:26.520+0000] {dagbag.py:545} INFO - Filling up the DagBag from /opt/airflow/dags/crypto_pipeline_dag.py
[2026-07-13T14:53:26.527+0000] {processor.py:840} INFO - DAG(s) 'crypto_daily_pipeline' retrieved from /opt/airflow/dags/crypto_pipeline_dag.py
[2026-07-13T14:53:26.545+0000] {logging_mixin.py:188} INFO - [2026-07-13T14:53:26.545+0000] {dag.py:3089} INFO - Sync 1 DAGs
[2026-07-13T14:53:26.553+0000] {logging_mixin.py:188} INFO - [2026-07-13T14:53:26.553+0000] {dag.py:3947} INFO - Setting next_dagrun for crypto_daily_pipeline to 2026-07-13 00:00:00+00:00, run_after=2026-07-14 00:00:00+00:00
[2026-07-13T14:53:26.560+0000] {processor.py:183} INFO - Processing /opt/airflow/dags/crypto_pipeline_dag.py took 0.046 seconds
[2026-07-13T15:02:41.989+0000] {processor.py:161} INFO - Started process (PID=1829) to work on /opt/airflow/dags/crypto_pipeline_dag.py
[2026-07-13T15:02:41.989+0000] {processor.py:830} INFO - Processing file /opt/airflow/dags/crypto_pipeline_dag.py for tasks to queue
[2026-07-13T15:02:41.991+0000] {logging_mixin.py:188} INFO - [2026-07-13T15:02:41.990+0000] {dagbag.py:545} INFO - Filling up the DagBag from /opt/airflow/dags/crypto_pipeline_dag.py
[2026-07-13T15:02:41.996+0000] {processor.py:840} INFO - DAG(s) 'crypto_daily_pipeline' retrieved from /opt/airflow/dags/crypto_pipeline_dag.py
[2026-07-13T15:02:42.007+0000] {logging_mixin.py:188} INFO - [2026-07-13T15:02:42.007+0000] {dag.py:3089} INFO - Sync 1 DAGs
[2026-07-13T15:02:42.015+0000] {logging_mixin.py:188} INFO - [2026-07-13T15:02:42.015+0000] {dag.py:3947} INFO - Setting next_dagrun for crypto_daily_pipeline to 2026-07-13 00:00:00+00:00, run_after=2026-07-14 00:00:00+00:00
[2026-07-13T15:02:42.020+0000] {processor.py:183} INFO - Processing /opt/airflow/dags/crypto_pipeline_dag.py took 0.035 seconds
[2026-07-13T15:03:12.198+0000] {processor.py:161} INFO - Started process (PID=1834) to work on /opt/airflow/dags/crypto_pipeline_dag.py
[2026-07-13T15:03:12.199+0000] {processor.py:830} INFO - Processing file /opt/airflow/dags/crypto_pipeline_dag.py for tasks to queue
[2026-07-13T15:03:12.202+0000] {logging_mixin.py:188} INFO - [2026-07-13T15:03:12.201+0000] {dagbag.py:545} INFO - Filling up the DagBag from /opt/airflow/dags/crypto_pipeline_dag.py
[2026-07-13T15:03:12.211+0000] {processor.py:840} INFO - DAG(s) 'crypto_daily_pipeline' retrieved from /opt/airflow/dags/crypto_pipeline_dag.py
[2026-07-13T15:03:12.232+0000] {logging_mixin.py:188} INFO - [2026-07-13T15:03:12.232+0000] {dag.py:3089} INFO - Sync 1 DAGs
[2026-07-13T15:03:12.241+0000] {logging_mixin.py:188} INFO - [2026-07-13T15:03:12.241+0000] {dag.py:3947} INFO - Setting next_dagrun for crypto_daily_pipeline to 2026-07-13 00:00:00+00:00, run_after=2026-07-14 00:00:00+00:00
[2026-07-13T15:03:12.248+0000] {processor.py:183} INFO - Processing /opt/airflow/dags/crypto_pipeline_dag.py took 0.055 seconds
[2026-07-13T15:03:42.395+0000] {processor.py:161} INFO - Started process (PID=1839) to work on /opt/airflow/dags/crypto_pipeline_dag.py
[2026-07-13T15:03:42.396+0000] {processor.py:830} INFO - Processing file /opt/airflow/dags/crypto_pipeline_dag.py for tasks to queue
[2026-07-13T15:03:42.396+0000] {logging_mixin.py:188} INFO - [2026-07-13T15:03:42.396+0000] {dagbag.py:545} INFO - Filling up the DagBag from /opt/airflow/dags/crypto_pipeline_dag.py
[2026-07-13T15:03:42.400+0000] {processor.py:840} INFO - DAG(s) 'crypto_daily_pipeline' retrieved from /opt/airflow/dags/crypto_pipeline_dag.py
[2026-07-13T15:03:42.411+0000] {logging_mixin.py:188} INFO - [2026-07-13T15:03:42.411+0000] {dag.py:3089} INFO - Sync 1 DAGs
[2026-07-13T15:03:42.418+0000] {logging_mixin.py:188} INFO - [2026-07-13T15:03:42.418+0000] {dag.py:3947} INFO - Setting next_dagrun for crypto_daily_pipeline to 2026-07-13 00:00:00+00:00, run_after=2026-07-14 00:00:00+00:00
[2026-07-13T15:03:42.424+0000] {processor.py:183} INFO - Processing /opt/airflow/dags/crypto_pipeline_dag.py took 0.031 seconds
[2026-07-13T15:04:12.609+0000] {processor.py:161} INFO - Started process (PID=1844) to work on /opt/airflow/dags/crypto_pipeline_dag.py
[2026-07-13T15:04:12.611+0000] {processor.py:830} INFO - Processing file /opt/airflow/dags/crypto_pipeline_dag.py for tasks to queue
[2026-07-13T15:04:12.613+0000] {logging_mixin.py:188} INFO - [2026-07-13T15:04:12.612+0000] {dagbag.py:545} INFO - Filling up the DagBag from /opt/airflow/dags/crypto_pipeline_dag.py
[2026-07-13T15:04:12.622+0000] {processor.py:840} INFO - DAG(s) 'crypto_daily_pipeline' retrieved from /opt/airflow/dags/crypto_pipeline_dag.py
[2026-07-13T15:04:12.641+0000] {logging_mixin.py:188} INFO - [2026-07-13T15:04:12.640+0000] {dag.py:3089} INFO - Sync 1 DAGs
[2026-07-13T15:04:12.649+0000] {logging_mixin.py:188} INFO - [2026-07-13T15:04:12.649+0000] {dag.py:3947} INFO - Setting next_dagrun for crypto_daily_pipeline to 2026-07-13 00:00:00+00:00, run_after=2026-07-14 00:00:00+00:00
[2026-07-13T15:04:12.655+0000] {processor.py:183} INFO - Processing /opt/airflow/dags/crypto_pipeline_dag.py took 0.053 seconds
[2026-07-13T15:04:42.796+0000] {processor.py:161} INFO - Started process (PID=1849) to work on /opt/airflow/dags/crypto_pipeline_dag.py
[2026-07-13T15:04:42.797+0000] {processor.py:830} INFO - Processing file /opt/airflow/dags/crypto_pipeline_dag.py for tasks to queue
[2026-07-13T15:04:42.800+0000] {logging_mixin.py:188} INFO - [2026-07-13T15:04:42.800+0000] {dagbag.py:545} INFO - Filling up the DagBag from /opt/airflow/dags/crypto_pipeline_dag.py
[2026-07-13T15:04:42.813+0000] {processor.py:840} INFO - DAG(s) 'crypto_daily_pipeline' retrieved from /opt/airflow/dags/crypto_pipeline_dag.py
[2026-07-13T15:04:42.834+0000] {logging_mixin.py:188} INFO - [2026-07-13T15:04:42.834+0000] {dag.py:3089} INFO - Sync 1 DAGs
[2026-07-13T15:04:42.844+0000] {logging_mixin.py:188} INFO - [2026-07-13T15:04:42.844+0000] {dag.py:3947} INFO - Setting next_dagrun for crypto_daily_pipeline to 2026-07-13 00:00:00+00:00, run_after=2026-07-14 00:00:00+00:00
[2026-07-13T15:04:42.851+0000] {processor.py:183} INFO - Processing /opt/airflow/dags/crypto_pipeline_dag.py took 0.063 seconds
[2026-07-13T15:05:12.965+0000] {processor.py:161} INFO - Started process (PID=1854) to work on /opt/airflow/dags/crypto_pipeline_dag.py
[2026-07-13T15:05:12.966+0000] {processor.py:830} INFO - Processing file /opt/airflow/dags/crypto_pipeline_dag.py for tasks to queue
[2026-07-13T15:05:12.968+0000] {logging_mixin.py:188} INFO - [2026-07-13T15:05:12.968+0000] {dagbag.py:545} INFO - Filling up the DagBag from /opt/airflow/dags/crypto_pipeline_dag.py
[2026-07-13T15:05:12.978+0000] {processor.py:840} INFO - DAG(s) 'crypto_daily_pipeline' retrieved from /opt/airflow/dags/crypto_pipeline_dag.py
[2026-07-13T15:05:12.992+0000] {logging_mixin.py:188} INFO - [2026-07-13T15:05:12.992+0000] {dag.py:3089} INFO - Sync 1 DAGs
[2026-07-13T15:05:13.002+0000] {logging_mixin.py:188} INFO - [2026-07-13T15:05:13.002+0000] {dag.py:3947} INFO - Setting next_dagrun for crypto_daily_pipeline to 2026-07-13 00:00:00+00:00, run_after=2026-07-14 00:00:00+00:00
[2026-07-13T15:05:13.008+0000] {processor.py:183} INFO - Processing /opt/airflow/dags/crypto_pipeline_dag.py took 0.049 seconds
[2026-07-13T15:05:43.162+0000] {processor.py:161} INFO - Started process (PID=1859) to work on /opt/airflow/dags/crypto_pipeline_dag.py
[2026-07-13T15:05:43.163+0000] {processor.py:830} INFO - Processing file /opt/airflow/dags/crypto_pipeline_dag.py for tasks to queue
[2026-07-13T15:05:43.164+0000] {logging_mixin.py:188} INFO - [2026-07-13T15:05:43.164+0000] {dagbag.py:545} INFO - Filling up the DagBag from /opt/airflow/dags/crypto_pipeline_dag.py
[2026-07-13T15:05:43.173+0000] {processor.py:840} INFO - DAG(s) 'crypto_daily_pipeline' retrieved from /opt/airflow/dags/crypto_pipeline_dag.py
[2026-07-13T15:05:43.191+0000] {logging_mixin.py:188} INFO - [2026-07-13T15:05:43.191+0000] {dag.py:3089} INFO - Sync 1 DAGs
[2026-07-13T15:05:43.200+0000] {logging_mixin.py:188} INFO - [2026-07-13T15:05:43.199+0000] {dag.py:3947} INFO - Setting next_dagrun for crypto_daily_pipeline to 2026-07-13 00:00:00+00:00, run_after=2026-07-14 00:00:00+00:00
[2026-07-13T15:05:43.205+0000] {processor.py:183} INFO - Processing /opt/airflow/dags/crypto_pipeline_dag.py took 0.051 seconds
[2026-07-13T15:06:13.359+0000] {processor.py:161} INFO - Started process (PID=1864) to work on /opt/airflow/dags/crypto_pipeline_dag.py
[2026-07-13T15:06:13.359+0000] {processor.py:830} INFO - Processing file /opt/airflow/dags/crypto_pipeline_dag.py for tasks to queue
[2026-07-13T15:06:13.361+0000] {logging_mixin.py:188} INFO - [2026-07-13T15:06:13.361+0000] {dagbag.py:545} INFO - Filling up the DagBag from /opt/airflow/dags/crypto_pipeline_dag.py
[2026-07-13T15:06:13.370+0000] {processor.py:840} INFO - DAG(s) 'crypto_daily_pipeline' retrieved from /opt/airflow/dags/crypto_pipeline_dag.py
[2026-07-13T15:06:13.389+0000] {logging_mixin.py:188} INFO - [2026-07-13T15:06:13.388+0000] {dag.py:3089} INFO - Sync 1 DAGs
[2026-07-13T15:06:13.397+0000] {logging_mixin.py:188} INFO - [2026-07-13T15:06:13.397+0000] {dag.py:3947} INFO - Setting next_dagrun for crypto_daily_pipeline to 2026-07-13 00:00:00+00:00, run_after=2026-07-14 00:00:00+00:00
[2026-07-13T15:06:13.403+0000] {processor.py:183} INFO - Processing /opt/airflow/dags/crypto_pipeline_dag.py took 0.049 seconds
[2026-07-13T15:06:43.562+0000] {processor.py:161} INFO - Started process (PID=1869) to work on /opt/airflow/dags/crypto_pipeline_dag.py
[2026-07-13T15:06:43.563+0000] {processor.py:830} INFO - Processing file /opt/airflow/dags/crypto_pipeline_dag.py for tasks to queue
[2026-07-13T15:06:43.564+0000] {logging_mixin.py:188} INFO - [2026-07-13T15:06:43.564+0000] {dagbag.py:545} INFO - Filling up the DagBag from /opt/airflow/dags/crypto_pipeline_dag.py
[2026-07-13T15:06:43.574+0000] {processor.py:840} INFO - DAG(s) 'crypto_daily_pipeline' retrieved from /opt/airflow/dags/crypto_pipeline_dag.py
[2026-07-13T15:06:43.592+0000] {logging_mixin.py:188} INFO - [2026-07-13T15:06:43.591+0000] {dag.py:3089} INFO - Sync 1 DAGs
[2026-07-13T15:06:43.602+0000] {logging_mixin.py:188} INFO - [2026-07-13T15:06:43.602+0000] {dag.py:3947} INFO - Setting next_dagrun for crypto_daily_pipeline to 2026-07-13 00:00:00+00:00, run_after=2026-07-14 00:00:00+00:00
[2026-07-13T15:06:43.607+0000] {processor.py:183} INFO - Processing /opt/airflow/dags/crypto_pipeline_dag.py took 0.050 seconds
[2026-07-13T15:07:13.764+0000] {processor.py:161} INFO - Started process (PID=1874) to work on /opt/airflow/dags/crypto_pipeline_dag.py
[2026-07-13T15:07:13.765+0000] {processor.py:830} INFO - Processing file /opt/airflow/dags/crypto_pipeline_dag.py for tasks to queue
[2026-07-13T15:07:13.766+0000] {logging_mixin.py:188} INFO - [2026-07-13T15:07:13.766+0000] {dagbag.py:545} INFO - Filling up the DagBag from /opt/airflow/dags/crypto_pipeline_dag.py
[2026-07-13T15:07:13.776+0000] {processor.py:840} INFO - DAG(s) 'crypto_daily_pipeline' retrieved from /opt/airflow/dags/crypto_pipeline_dag.py
[2026-07-13T15:07:13.795+0000] {logging_mixin.py:188} INFO - [2026-07-13T15:07:13.795+0000] {dag.py:3089} INFO - Sync 1 DAGs
[2026-07-13T15:07:13.804+0000] {logging_mixin.py:188} INFO - [2026-07-13T15:07:13.804+0000] {dag.py:3947} INFO - Setting next_dagrun for crypto_daily_pipeline to 2026-07-13 00:00:00+00:00, run_after=2026-07-14 00:00:00+00:00
[2026-07-13T15:07:13.810+0000] {processor.py:183} INFO - Processing /opt/airflow/dags/crypto_pipeline_dag.py took 0.052 seconds
[2026-07-13T15:07:44.025+0000] {processor.py:161} INFO - Started process (PID=1879) to work on /opt/airflow/dags/crypto_pipeline_dag.py
[2026-07-13T15:07:44.027+0000] {processor.py:830} INFO - Processing file /opt/airflow/dags/crypto_pipeline_dag.py for tasks to queue
[2026-07-13T15:07:44.037+0000] {logging_mixin.py:188} INFO - [2026-07-13T15:07:44.036+0000] {dagbag.py:545} INFO - Filling up the DagBag from /opt/airflow/dags/crypto_pipeline_dag.py
[2026-07-13T15:07:44.057+0000] {processor.py:840} INFO - DAG(s) 'crypto_daily_pipeline' retrieved from /opt/airflow/dags/crypto_pipeline_dag.py
[2026-07-13T15:07:44.086+0000] {logging_mixin.py:188} INFO - [2026-07-13T15:07:44.085+0000] {dag.py:3089} INFO - Sync 1 DAGs
[2026-07-13T15:07:44.099+0000] {logging_mixin.py:188} INFO - [2026-07-13T15:07:44.099+0000] {dag.py:3947} INFO - Setting next_dagrun for crypto_daily_pipeline to 2026-07-13 00:00:00+00:00, run_after=2026-07-14 00:00:00+00:00
[2026-07-13T15:07:44.116+0000] {processor.py:183} INFO - Processing /opt/airflow/dags/crypto_pipeline_dag.py took 0.102 seconds
[2026-07-13T15:08:14.195+0000] {processor.py:161} INFO - Started process (PID=1884) to work on /opt/airflow/dags/crypto_pipeline_dag.py
[2026-07-13T15:08:14.196+0000] {processor.py:830} INFO - Processing file /opt/airflow/dags/crypto_pipeline_dag.py for tasks to queue
[2026-07-13T15:08:14.198+0000] {logging_mixin.py:188} INFO - [2026-07-13T15:08:14.198+0000] {dagbag.py:545} INFO - Filling up the DagBag from /opt/airflow/dags/crypto_pipeline_dag.py
[2026-07-13T15:08:14.210+0000] {processor.py:840} INFO - DAG(s) 'crypto_daily_pipeline' retrieved from /opt/airflow/dags/crypto_pipeline_dag.py
[2026-07-13T15:08:14.231+0000] {logging_mixin.py:188} INFO - [2026-07-13T15:08:14.231+0000] {dag.py:3089} INFO - Sync 1 DAGs
[2026-07-13T15:08:14.242+0000] {logging_mixin.py:188} INFO - [2026-07-13T15:08:14.242+0000] {dag.py:3947} INFO - Setting next_dagrun for crypto_daily_pipeline to 2026-07-13 00:00:00+00:00, run_after=2026-07-14 00:00:00+00:00
[2026-07-13T15:08:14.248+0000] {processor.py:183} INFO - Processing /opt/airflow/dags/crypto_pipeline_dag.py took 0.058 seconds
[2026-07-13T15:08:44.388+0000] {processor.py:161} INFO - Started process (PID=1889) to work on /opt/airflow/dags/crypto_pipeline_dag.py
[2026-07-13T15:08:44.389+0000] {processor.py:830} INFO - Processing file /opt/airflow/dags/crypto_pipeline_dag.py for tasks to queue
[2026-07-13T15:08:44.390+0000] {logging_mixin.py:188} INFO - [2026-07-13T15:08:44.390+0000] {dagbag.py:545} INFO - Filling up the DagBag from /opt/airflow/dags/crypto_pipeline_dag.py
[2026-07-13T15:08:44.400+0000] {processor.py:840} INFO - DAG(s) 'crypto_daily_pipeline' retrieved from /opt/airflow/dags/crypto_pipeline_dag.py
[2026-07-13T15:08:44.417+0000] {logging_mixin.py:188} INFO - [2026-07-13T15:08:44.417+0000] {dag.py:3089} INFO - Sync 1 DAGs
[2026-07-13T15:08:44.425+0000] {logging_mixin.py:188} INFO - [2026-07-13T15:08:44.425+0000] {dag.py:3947} INFO - Setting next_dagrun for crypto_daily_pipeline to 2026-07-13 00:00:00+00:00, run_after=2026-07-14 00:00:00+00:00
[2026-07-13T15:08:44.431+0000] {processor.py:183} INFO - Processing /opt/airflow/dags/crypto_pipeline_dag.py took 0.049 seconds
[2026-07-13T15:09:14.586+0000] {processor.py:161} INFO - Started process (PID=1894) to work on /opt/airflow/dags/crypto_pipeline_dag.py
[2026-07-13T15:09:14.587+0000] {processor.py:830} INFO - Processing file /opt/airflow/dags/crypto_pipeline_dag.py for tasks to queue
[2026-07-13T15:09:14.589+0000] {logging_mixin.py:188} INFO - [2026-07-13T15:09:14.589+0000] {dagbag.py:545} INFO - Filling up the DagBag from /opt/airflow/dags/crypto_pipeline_dag.py
[2026-07-13T15:09:14.599+0000] {processor.py:840} INFO - DAG(s) 'crypto_daily_pipeline' retrieved from /opt/airflow/dags/crypto_pipeline_dag.py
[2026-07-13T15:09:14.617+0000] {logging_mixin.py:188} INFO - [2026-07-13T15:09:14.617+0000] {dag.py:3089} INFO - Sync 1 DAGs
[2026-07-13T15:09:14.627+0000] {logging_mixin.py:188} INFO - [2026-07-13T15:09:14.626+0000] {dag.py:3947} INFO - Setting next_dagrun for crypto_daily_pipeline to 2026-07-13 00:00:00+00:00, run_after=2026-07-14 00:00:00+00:00
[2026-07-13T15:09:14.632+0000] {processor.py:183} INFO - Processing /opt/airflow/dags/crypto_pipeline_dag.py took 0.050 seconds
[2026-07-13T15:09:44.811+0000] {processor.py:161} INFO - Started process (PID=1899) to work on /opt/airflow/dags/crypto_pipeline_dag.py
[2026-07-13T15:09:44.815+0000] {processor.py:830} INFO - Processing file /opt/airflow/dags/crypto_pipeline_dag.py for tasks to queue
[2026-07-13T15:09:44.819+0000] {logging_mixin.py:188} INFO - [2026-07-13T15:09:44.818+0000] {dagbag.py:545} INFO - Filling up the DagBag from /opt/airflow/dags/crypto_pipeline_dag.py
[2026-07-13T15:09:44.835+0000] {processor.py:840} INFO - DAG(s) 'crypto_daily_pipeline' retrieved from /opt/airflow/dags/crypto_pipeline_dag.py
[2026-07-13T15:09:44.861+0000] {logging_mixin.py:188} INFO - [2026-07-13T15:09:44.861+0000] {dag.py:3089} INFO - Sync 1 DAGs
[2026-07-13T15:09:44.874+0000] {logging_mixin.py:188} INFO - [2026-07-13T15:09:44.873+0000] {dag.py:3947} INFO - Setting next_dagrun for crypto_daily_pipeline to 2026-07-13 00:00:00+00:00, run_after=2026-07-14 00:00:00+00:00
[2026-07-13T15:09:44.882+0000] {processor.py:183} INFO - Processing /opt/airflow/dags/crypto_pipeline_dag.py took 0.080 seconds
[2026-07-13T15:10:14.999+0000] {processor.py:161} INFO - Started process (PID=1904) to work on /opt/airflow/dags/crypto_pipeline_dag.py
[2026-07-13T15:10:15.000+0000] {processor.py:830} INFO - Processing file /opt/airflow/dags/crypto_pipeline_dag.py for tasks to queue
[2026-07-13T15:10:15.001+0000] {logging_mixin.py:188} INFO - [2026-07-13T15:10:15.001+0000] {dagbag.py:545} INFO - Filling up the DagBag from /opt/airflow/dags/crypto_pipeline_dag.py
[2026-07-13T15:10:15.006+0000] {processor.py:840} INFO - DAG(s) 'crypto_daily_pipeline' retrieved from /opt/airflow/dags/crypto_pipeline_dag.py
[2026-07-13T15:10:15.021+0000] {logging_mixin.py:188} INFO - [2026-07-13T15:10:15.021+0000] {dag.py:3089} INFO - Sync 1 DAGs
[2026-07-13T15:10:15.031+0000] {logging_mixin.py:188} INFO - [2026-07-13T15:10:15.031+0000] {dag.py:3947} INFO - Setting next_dagrun for crypto_daily_pipeline to 2026-07-13 00:00:00+00:00, run_after=2026-07-14 00:00:00+00:00
[2026-07-13T15:10:15.038+0000] {processor.py:183} INFO - Processing /opt/airflow/dags/crypto_pipeline_dag.py took 0.043 seconds
[2026-07-13T15:10:45.217+0000] {processor.py:161} INFO - Started process (PID=1909) to work on /opt/airflow/dags/crypto_pipeline_dag.py
[2026-07-13T15:10:45.217+0000] {processor.py:830} INFO - Processing file /opt/airflow/dags/crypto_pipeline_dag.py for tasks to queue
[2026-07-13T15:10:45.219+0000] {logging_mixin.py:188} INFO - [2026-07-13T15:10:45.219+0000] {dagbag.py:545} INFO - Filling up the DagBag from /opt/airflow/dags/crypto_pipeline_dag.py
[2026-07-13T15:10:45.228+0000] {processor.py:840} INFO - DAG(s) 'crypto_daily_pipeline' retrieved from /opt/airflow/dags/crypto_pipeline_dag.py
[2026-07-13T15:10:45.245+0000] {logging_mixin.py:188} INFO - [2026-07-13T15:10:45.245+0000] {dag.py:3089} INFO - Sync 1 DAGs
[2026-07-13T15:10:45.255+0000] {logging_mixin.py:188} INFO - [2026-07-13T15:10:45.255+0000] {dag.py:3947} INFO - Setting next_dagrun for crypto_daily_pipeline to 2026-07-13 00:00:00+00:00, run_after=2026-07-14 00:00:00+00:00
[2026-07-13T15:10:45.262+0000] {processor.py:183} INFO - Processing /opt/airflow/dags/crypto_pipeline_dag.py took 0.051 seconds
[2026-07-13T15:11:15.422+0000] {processor.py:161} INFO - Started process (PID=1914) to work on /opt/airflow/dags/crypto_pipeline_dag.py
[2026-07-13T15:11:15.423+0000] {processor.py:830} INFO - Processing file /opt/airflow/dags/crypto_pipeline_dag.py for tasks to queue
[2026-07-13T15:11:15.426+0000] {logging_mixin.py:188} INFO - [2026-07-13T15:11:15.425+0000] {dagbag.py:545} INFO - Filling up the DagBag from /opt/airflow/dags/crypto_pipeline_dag.py
[2026-07-13T15:11:15.444+0000] {processor.py:840} INFO - DAG(s) 'crypto_daily_pipeline' retrieved from /opt/airflow/dags/crypto_pipeline_dag.py
[2026-07-13T15:11:15.469+0000] {logging_mixin.py:188} INFO - [2026-07-13T15:11:15.468+0000] {dag.py:3089} INFO - Sync 1 DAGs
[2026-07-13T15:11:15.478+0000] {logging_mixin.py:188} INFO - [2026-07-13T15:11:15.478+0000] {dag.py:3947} INFO - Setting next_dagrun for crypto_daily_pipeline to 2026-07-13 00:00:00+00:00, run_after=2026-07-14 00:00:00+00:00
[2026-07-13T15:11:15.484+0000] {processor.py:183} INFO - Processing /opt/airflow/dags/crypto_pipeline_dag.py took 0.070 seconds
[2026-07-13T15:11:45.613+0000] {processor.py:161} INFO - Started process (PID=1919) to work on /opt/airflow/dags/crypto_pipeline_dag.py
[2026-07-13T15:11:45.614+0000] {processor.py:830} INFO - Processing file /opt/airflow/dags/crypto_pipeline_dag.py for tasks to queue
[2026-07-13T15:11:45.616+0000] {logging_mixin.py:188} INFO - [2026-07-13T15:11:45.615+0000] {dagbag.py:545} INFO - Filling up the DagBag from /opt/airflow/dags/crypto_pipeline_dag.py
[2026-07-13T15:11:45.625+0000] {processor.py:840} INFO - DAG(s) 'crypto_daily_pipeline' retrieved from /opt/airflow/dags/crypto_pipeline_dag.py
[2026-07-13T15:11:45.647+0000] {logging_mixin.py:188} INFO - [2026-07-13T15:11:45.647+0000] {dag.py:3089} INFO - Sync 1 DAGs
[2026-07-13T15:11:45.657+0000] {logging_mixin.py:188} INFO - [2026-07-13T15:11:45.657+0000] {dag.py:3947} INFO - Setting next_dagrun for crypto_daily_pipeline to 2026-07-13 00:00:00+00:00, run_after=2026-07-14 00:00:00+00:00
[2026-07-13T15:11:45.664+0000] {processor.py:183} INFO - Processing /opt/airflow/dags/crypto_pipeline_dag.py took 0.057 seconds
[2026-07-13T15:12:15.845+0000] {processor.py:161} INFO - Started process (PID=1924) to work on /opt/airflow/dags/crypto_pipeline_dag.py
[2026-07-13T15:12:15.846+0000] {processor.py:830} INFO - Processing file /opt/airflow/dags/crypto_pipeline_dag.py for tasks to queue
[2026-07-13T15:12:15.849+0000] {logging_mixin.py:188} INFO - [2026-07-13T15:12:15.848+0000] {dagbag.py:545} INFO - Filling up the DagBag from /opt/airflow/dags/crypto_pipeline_dag.py
[2026-07-13T15:12:15.862+0000] {processor.py:840} INFO - DAG(s) 'crypto_daily_pipeline' retrieved from /opt/airflow/dags/crypto_pipeline_dag.py
[2026-07-13T15:12:15.881+0000] {logging_mixin.py:188} INFO - [2026-07-13T15:12:15.880+0000] {dag.py:3089} INFO - Sync 1 DAGs
[2026-07-13T15:12:15.889+0000] {logging_mixin.py:188} INFO - [2026-07-13T15:12:15.889+0000] {dag.py:3947} INFO - Setting next_dagrun for crypto_daily_pipeline to 2026-07-13 00:00:00+00:00, run_after=2026-07-14 00:00:00+00:00
[2026-07-13T15:12:15.895+0000] {processor.py:183} INFO - Processing /opt/airflow/dags/crypto_pipeline_dag.py took 0.060 seconds
[2026-07-13T15:12:46.062+0000] {processor.py:161} INFO - Started process (PID=1929) to work on /opt/airflow/dags/crypto_pipeline_dag.py
[2026-07-13T15:12:46.063+0000] {processor.py:830} INFO - Processing file /opt/airflow/dags/crypto_pipeline_dag.py for tasks to queue
[2026-07-13T15:12:46.064+0000] {logging_mixin.py:188} INFO - [2026-07-13T15:12:46.064+0000] {dagbag.py:545} INFO - Filling up the DagBag from /opt/airflow/dags/crypto_pipeline_dag.py
[2026-07-13T15:12:46.077+0000] {processor.py:840} INFO - DAG(s) 'crypto_daily_pipeline' retrieved from /opt/airflow/dags/crypto_pipeline_dag.py
[2026-07-13T15:12:46.097+0000] {logging_mixin.py:188} INFO - [2026-07-13T15:12:46.097+0000] {dag.py:3089} INFO - Sync 1 DAGs
[2026-07-13T15:12:46.118+0000] {logging_mixin.py:188} INFO - [2026-07-13T15:12:46.118+0000] {dag.py:3947} INFO - Setting next_dagrun for crypto_daily_pipeline to 2026-07-13 00:00:00+00:00, run_after=2026-07-14 00:00:00+00:00
[2026-07-13T15:12:46.126+0000] {processor.py:183} INFO - Processing /opt/airflow/dags/crypto_pipeline_dag.py took 0.068 seconds
[2026-07-13T15:13:16.305+0000] {processor.py:161} INFO - Started process (PID=1934) to work on /opt/airflow/dags/crypto_pipeline_dag.py
[2026-07-13T15:13:16.313+0000] {processor.py:830} INFO - Processing file /opt/airflow/dags/crypto_pipeline_dag.py for tasks to queue
[2026-07-13T15:13:16.314+0000] {logging_mixin.py:188} INFO - [2026-07-13T15:13:16.314+0000] {dagbag.py:545} INFO - Filling up the DagBag from /opt/airflow/dags/crypto_pipeline_dag.py
[2026-07-13T15:13:16.321+0000] {processor.py:840} INFO - DAG(s) 'crypto_daily_pipeline' retrieved from /opt/airflow/dags/crypto_pipeline_dag.py
[2026-07-13T15:13:16.333+0000] {logging_mixin.py:188} INFO - [2026-07-13T15:13:16.333+0000] {dag.py:3089} INFO - Sync 1 DAGs
[2026-07-13T15:13:16.341+0000] {logging_mixin.py:188} INFO - [2026-07-13T15:13:16.341+0000] {dag.py:3947} INFO - Setting next_dagrun for crypto_daily_pipeline to 2026-07-13 00:00:00+00:00, run_after=2026-07-14 00:00:00+00:00
[2026-07-13T15:13:16.346+0000] {processor.py:183} INFO - Processing /opt/airflow/dags/crypto_pipeline_dag.py took 0.085 seconds
[2026-07-13T15:13:46.525+0000] {processor.py:161} INFO - Started process (PID=1939) to work on /opt/airflow/dags/crypto_pipeline_dag.py
[2026-07-13T15:13:46.526+0000] {processor.py:830} INFO - Processing file /opt/airflow/dags/crypto_pipeline_dag.py for tasks to queue
[2026-07-13T15:13:46.529+0000] {logging_mixin.py:188} INFO - [2026-07-13T15:13:46.529+0000] {dagbag.py:545} INFO - Filling up the DagBag from /opt/airflow/dags/crypto_pipeline_dag.py
[2026-07-13T15:13:46.545+0000] {processor.py:840} INFO - DAG(s) 'crypto_daily_pipeline' retrieved from /opt/airflow/dags/crypto_pipeline_dag.py
[2026-07-13T15:13:46.569+0000] {logging_mixin.py:188} INFO - [2026-07-13T15:13:46.569+0000] {dag.py:3089} INFO - Sync 1 DAGs
[2026-07-13T15:13:46.580+0000] {logging_mixin.py:188} INFO - [2026-07-13T15:13:46.579+0000] {dag.py:3947} INFO - Setting next_dagrun for crypto_daily_pipeline to 2026-07-13 00:00:00+00:00, run_after=2026-07-14 00:00:00+00:00
[2026-07-13T15:13:46.587+0000] {processor.py:183} INFO - Processing /opt/airflow/dags/crypto_pipeline_dag.py took 0.071 seconds
[2026-07-13T15:14:16.727+0000] {processor.py:161} INFO - Started process (PID=1944) to work on /opt/airflow/dags/crypto_pipeline_dag.py
[2026-07-13T15:14:16.729+0000] {processor.py:830} INFO - Processing file /opt/airflow/dags/crypto_pipeline_dag.py for tasks to queue
[2026-07-13T15:14:16.731+0000] {logging_mixin.py:188} INFO - [2026-07-13T15:14:16.731+0000] {dagbag.py:545} INFO - Filling up the DagBag from /opt/airflow/dags/crypto_pipeline_dag.py
[2026-07-13T15:14:16.742+0000] {processor.py:840} INFO - DAG(s) 'crypto_daily_pipeline' retrieved from /opt/airflow/dags/crypto_pipeline_dag.py
[2026-07-13T15:14:16.763+0000] {logging_mixin.py:188} INFO - [2026-07-13T15:14:16.763+0000] {dag.py:3089} INFO - Sync 1 DAGs
[2026-07-13T15:14:16.772+0000] {logging_mixin.py:188} INFO - [2026-07-13T15:14:16.772+0000] {dag.py:3947} INFO - Setting next_dagrun for crypto_daily_pipeline to 2026-07-13 00:00:00+00:00, run_after=2026-07-14 00:00:00+00:00
[2026-07-13T15:14:16.781+0000] {processor.py:183} INFO - Processing /opt/airflow/dags/crypto_pipeline_dag.py took 0.064 seconds
[2026-07-13T15:14:46.936+0000] {processor.py:161} INFO - Started process (PID=1949) to work on /opt/airflow/dags/crypto_pipeline_dag.py
[2026-07-13T15:14:46.937+0000] {processor.py:830} INFO - Processing file /opt/airflow/dags/crypto_pipeline_dag.py for tasks to queue
[2026-07-13T15:14:46.940+0000] {logging_mixin.py:188} INFO - [2026-07-13T15:14:46.939+0000] {dagbag.py:545} INFO - Filling up the DagBag from /opt/airflow/dags/crypto_pipeline_dag.py
[2026-07-13T15:14:46.952+0000] {processor.py:840} INFO - DAG(s) 'crypto_daily_pipeline' retrieved from /opt/airflow/dags/crypto_pipeline_dag.py
[2026-07-13T15:14:46.970+0000] {logging_mixin.py:188} INFO - [2026-07-13T15:14:46.970+0000] {dag.py:3089} INFO - Sync 1 DAGs
[2026-07-13T15:14:46.978+0000] {logging_mixin.py:188} INFO - [2026-07-13T15:14:46.978+0000] {dag.py:3947} INFO - Setting next_dagrun for crypto_daily_pipeline to 2026-07-13 00:00:00+00:00, run_after=2026-07-14 00:00:00+00:00
[2026-07-13T15:14:46.984+0000] {processor.py:183} INFO - Processing /opt/airflow/dags/crypto_pipeline_dag.py took 0.056 seconds
[2026-07-13T15:15:17.139+0000] {processor.py:161} INFO - Started process (PID=1954) to work on /opt/airflow/dags/crypto_pipeline_dag.py
[2026-07-13T15:15:17.140+0000] {processor.py:830} INFO - Processing file /opt/airflow/dags/crypto_pipeline_dag.py for tasks to queue
[2026-07-13T15:15:17.141+0000] {logging_mixin.py:188} INFO - [2026-07-13T15:15:17.141+0000] {dagbag.py:545} INFO - Filling up the DagBag from /opt/airflow/dags/crypto_pipeline_dag.py
[2026-07-13T15:15:17.152+0000] {processor.py:840} INFO - DAG(s) 'crypto_daily_pipeline' retrieved from /opt/airflow/dags/crypto_pipeline_dag.py
[2026-07-13T15:15:17.176+0000] {logging_mixin.py:188} INFO - [2026-07-13T15:15:17.176+0000] {dag.py:3089} INFO - Sync 1 DAGs
[2026-07-13T15:15:17.187+0000] {logging_mixin.py:188} INFO - [2026-07-13T15:15:17.187+0000] {dag.py:3947} INFO - Setting next_dagrun for crypto_daily_pipeline to 2026-07-13 00:00:00+00:00, run_after=2026-07-14 00:00:00+00:00
[2026-07-13T15:15:17.193+0000] {processor.py:183} INFO - Processing /opt/airflow/dags/crypto_pipeline_dag.py took 0.060 seconds
[2026-07-13T15:15:47.333+0000] {processor.py:161} INFO - Started process (PID=1959) to work on /opt/airflow/dags/crypto_pipeline_dag.py
[2026-07-13T15:15:47.334+0000] {processor.py:830} INFO - Processing file /opt/airflow/dags/crypto_pipeline_dag.py for tasks to queue
[2026-07-13T15:15:47.336+0000] {logging_mixin.py:188} INFO - [2026-07-13T15:15:47.335+0000] {dagbag.py:545} INFO - Filling up the DagBag from /opt/airflow/dags/crypto_pipeline_dag.py
[2026-07-13T15:15:47.347+0000] {processor.py:840} INFO - DAG(s) 'crypto_daily_pipeline' retrieved from /opt/airflow/dags/crypto_pipeline_dag.py
[2026-07-13T15:15:47.369+0000] {logging_mixin.py:188} INFO - [2026-07-13T15:15:47.369+0000] {dag.py:3089} INFO - Sync 1 DAGs
[2026-07-13T15:15:47.383+0000] {logging_mixin.py:188} INFO - [2026-07-13T15:15:47.383+0000] {dag.py:3947} INFO - Setting next_dagrun for crypto_daily_pipeline to 2026-07-13 00:00:00+00:00, run_after=2026-07-14 00:00:00+00:00
[2026-07-13T15:15:47.391+0000] {processor.py:183} INFO - Processing /opt/airflow/dags/crypto_pipeline_dag.py took 0.067 seconds
[2026-07-13T15:16:17.550+0000] {processor.py:161} INFO - Started process (PID=1964) to work on /opt/airflow/dags/crypto_pipeline_dag.py
[2026-07-13T15:16:17.551+0000] {processor.py:830} INFO - Processing file /opt/airflow/dags/crypto_pipeline_dag.py for tasks to queue
[2026-07-13T15:16:17.553+0000] {logging_mixin.py:188} INFO - [2026-07-13T15:16:17.553+0000] {dagbag.py:545} INFO - Filling up the DagBag from /opt/airflow/dags/crypto_pipeline_dag.py
[2026-07-13T15:16:17.565+0000] {processor.py:840} INFO - DAG(s) 'crypto_daily_pipeline' retrieved from /opt/airflow/dags/crypto_pipeline_dag.py
[2026-07-13T15:16:17.585+0000] {logging_mixin.py:188} INFO - [2026-07-13T15:16:17.585+0000] {dag.py:3089} INFO - Sync 1 DAGs
[2026-07-13T15:16:17.594+0000] {logging_mixin.py:188} INFO - [2026-07-13T15:16:17.594+0000] {dag.py:3947} INFO - Setting next_dagrun for crypto_daily_pipeline to 2026-07-13 00:00:00+00:00, run_after=2026-07-14 00:00:00+00:00
[2026-07-13T15:16:17.600+0000] {processor.py:183} INFO - Processing /opt/airflow/dags/crypto_pipeline_dag.py took 0.057 seconds
[2026-07-13T15:16:47.777+0000] {processor.py:161} INFO - Started process (PID=1969) to work on /opt/airflow/dags/crypto_pipeline_dag.py
[2026-07-13T15:16:47.779+0000] {processor.py:830} INFO - Processing file /opt/airflow/dags/crypto_pipeline_dag.py for tasks to queue
[2026-07-13T15:16:47.781+0000] {logging_mixin.py:188} INFO - [2026-07-13T15:16:47.781+0000] {dagbag.py:545} INFO - Filling up the DagBag from /opt/airflow/dags/crypto_pipeline_dag.py
[2026-07-13T15:16:47.794+0000] {processor.py:840} INFO - DAG(s) 'crypto_daily_pipeline' retrieved from /opt/airflow/dags/crypto_pipeline_dag.py
[2026-07-13T15:16:47.813+0000] {logging_mixin.py:188} INFO - [2026-07-13T15:16:47.812+0000] {dag.py:3089} INFO - Sync 1 DAGs
[2026-07-13T15:16:47.821+0000] {logging_mixin.py:188} INFO - [2026-07-13T15:16:47.821+0000] {dag.py:3947} INFO - Setting next_dagrun for crypto_daily_pipeline to 2026-07-13 00:00:00+00:00, run_after=2026-07-14 00:00:00+00:00
[2026-07-13T15:16:47.828+0000] {processor.py:183} INFO - Processing /opt/airflow/dags/crypto_pipeline_dag.py took 0.060 seconds
[2026-07-13T15:17:17.965+0000] {processor.py:161} INFO - Started process (PID=1974) to work on /opt/airflow/dags/crypto_pipeline_dag.py
[2026-07-13T15:17:17.967+0000] {processor.py:830} INFO - Processing file /opt/airflow/dags/crypto_pipeline_dag.py for tasks to queue
[2026-07-13T15:17:17.971+0000] {logging_mixin.py:188} INFO - [2026-07-13T15:17:17.968+0000] {dagbag.py:545} INFO - Filling up the DagBag from /opt/airflow/dags/crypto_pipeline_dag.py
[2026-07-13T15:17:17.983+0000] {processor.py:840} INFO - DAG(s) 'crypto_daily_pipeline' retrieved from /opt/airflow/dags/crypto_pipeline_dag.py
[2026-07-13T15:17:18.006+0000] {logging_mixin.py:188} INFO - [2026-07-13T15:17:18.006+0000] {dag.py:3089} INFO - Sync 1 DAGs
[2026-07-13T15:17:18.017+0000] {logging_mixin.py:188} INFO - [2026-07-13T15:17:18.017+0000] {dag.py:3947} INFO - Setting next_dagrun for crypto_daily_pipeline to 2026-07-13 00:00:00+00:00, run_after=2026-07-14 00:00:00+00:00
[2026-07-13T15:17:18.023+0000] {processor.py:183} INFO - Processing /opt/airflow/dags/crypto_pipeline_dag.py took 0.064 seconds
[2026-07-13T15:17:48.193+0000] {processor.py:161} INFO - Started process (PID=1979) to work on /opt/airflow/dags/crypto_pipeline_dag.py
[2026-07-13T15:17:48.194+0000] {processor.py:830} INFO - Processing file /opt/airflow/dags/crypto_pipeline_dag.py for tasks to queue
[2026-07-13T15:17:48.197+0000] {logging_mixin.py:188} INFO - [2026-07-13T15:17:48.196+0000] {dagbag.py:545} INFO - Filling up the DagBag from /opt/airflow/dags/crypto_pipeline_dag.py
[2026-07-13T15:17:48.206+0000] {processor.py:840} INFO - DAG(s) 'crypto_daily_pipeline' retrieved from /opt/airflow/dags/crypto_pipeline_dag.py
[2026-07-13T15:17:48.227+0000] {logging_mixin.py:188} INFO - [2026-07-13T15:17:48.227+0000] {dag.py:3089} INFO - Sync 1 DAGs
[2026-07-13T15:17:48.236+0000] {logging_mixin.py:188} INFO - [2026-07-13T15:17:48.236+0000] {dag.py:3947} INFO - Setting next_dagrun for crypto_daily_pipeline to 2026-07-13 00:00:00+00:00, run_after=2026-07-14 00:00:00+00:00
[2026-07-13T15:17:48.242+0000] {processor.py:183} INFO - Processing /opt/airflow/dags/crypto_pipeline_dag.py took 0.055 seconds
[2026-07-13T15:18:18.376+0000] {processor.py:161} INFO - Started process (PID=1984) to work on /opt/airflow/dags/crypto_pipeline_dag.py
[2026-07-13T15:18:18.378+0000] {processor.py:830} INFO - Processing file /opt/airflow/dags/crypto_pipeline_dag.py for tasks to queue
[2026-07-13T15:18:18.380+0000] {logging_mixin.py:188} INFO - [2026-07-13T15:18:18.380+0000] {dagbag.py:545} INFO - Filling up the DagBag from /opt/airflow/dags/crypto_pipeline_dag.py
[2026-07-13T15:18:18.393+0000] {processor.py:840} INFO - DAG(s) 'crypto_daily_pipeline' retrieved from /opt/airflow/dags/crypto_pipeline_dag.py
[2026-07-13T15:18:18.413+0000] {logging_mixin.py:188} INFO - [2026-07-13T15:18:18.413+0000] {dag.py:3089} INFO - Sync 1 DAGs
[2026-07-13T15:18:18.422+0000] {logging_mixin.py:188} INFO - [2026-07-13T15:18:18.422+0000] {dag.py:3947} INFO - Setting next_dagrun for crypto_daily_pipeline to 2026-07-13 00:00:00+00:00, run_after=2026-07-14 00:00:00+00:00
[2026-07-13T15:18:18.429+0000] {processor.py:183} INFO - Processing /opt/airflow/dags/crypto_pipeline_dag.py took 0.060 seconds
[2026-07-13T15:18:48.603+0000] {processor.py:161} INFO - Started process (PID=1989) to work on /opt/airflow/dags/crypto_pipeline_dag.py
[2026-07-13T15:18:48.604+0000] {processor.py:830} INFO - Processing file /opt/airflow/dags/crypto_pipeline_dag.py for tasks to queue
[2026-07-13T15:18:48.606+0000] {logging_mixin.py:188} INFO - [2026-07-13T15:18:48.606+0000] {dagbag.py:545} INFO - Filling up the DagBag from /opt/airflow/dags/crypto_pipeline_dag.py
[2026-07-13T15:18:48.614+0000] {processor.py:840} INFO - DAG(s) 'crypto_daily_pipeline' retrieved from /opt/airflow/dags/crypto_pipeline_dag.py
[2026-07-13T15:18:48.633+0000] {logging_mixin.py:188} INFO - [2026-07-13T15:18:48.633+0000] {dag.py:3089} INFO - Sync 1 DAGs
[2026-07-13T15:18:48.642+0000] {logging_mixin.py:188} INFO - [2026-07-13T15:18:48.642+0000] {dag.py:3947} INFO - Setting next_dagrun for crypto_daily_pipeline to 2026-07-13 00:00:00+00:00, run_after=2026-07-14 00:00:00+00:00
[2026-07-13T15:18:48.648+0000] {processor.py:183} INFO - Processing /opt/airflow/dags/crypto_pipeline_dag.py took 0.052 seconds
[2026-07-13T15:19:18.805+0000] {processor.py:161} INFO - Started process (PID=1994) to work on /opt/airflow/dags/crypto_pipeline_dag.py
[2026-07-13T15:19:18.806+0000] {processor.py:830} INFO - Processing file /opt/airflow/dags/crypto_pipeline_dag.py for tasks to queue
[2026-07-13T15:19:18.808+0000] {logging_mixin.py:188} INFO - [2026-07-13T15:19:18.808+0000] {dagbag.py:545} INFO - Filling up the DagBag from /opt/airflow/dags/crypto_pipeline_dag.py
[2026-07-13T15:19:18.817+0000] {processor.py:840} INFO - DAG(s) 'crypto_daily_pipeline' retrieved from /opt/airflow/dags/crypto_pipeline_dag.py
[2026-07-13T15:19:18.835+0000] {logging_mixin.py:188} INFO - [2026-07-13T15:19:18.835+0000] {dag.py:3089} INFO - Sync 1 DAGs
[2026-07-13T15:19:18.845+0000] {logging_mixin.py:188} INFO - [2026-07-13T15:19:18.845+0000] {dag.py:3947} INFO - Setting next_dagrun for crypto_daily_pipeline to 2026-07-13 00:00:00+00:00, run_after=2026-07-14 00:00:00+00:00
[2026-07-13T15:19:18.852+0000] {processor.py:183} INFO - Processing /opt/airflow/dags/crypto_pipeline_dag.py took 0.055 seconds
[2026-07-13T15:19:49.040+0000] {processor.py:161} INFO - Started process (PID=1999) to work on /opt/airflow/dags/crypto_pipeline_dag.py
[2026-07-13T15:19:49.042+0000] {processor.py:830} INFO - Processing file /opt/airflow/dags/crypto_pipeline_dag.py for tasks to queue
[2026-07-13T15:19:49.046+0000] {logging_mixin.py:188} INFO - [2026-07-13T15:19:49.045+0000] {dagbag.py:545} INFO - Filling up the DagBag from /opt/airflow/dags/crypto_pipeline_dag.py
[2026-07-13T15:19:49.062+0000] {processor.py:840} INFO - DAG(s) 'crypto_daily_pipeline' retrieved from /opt/airflow/dags/crypto_pipeline_dag.py
[2026-07-13T15:19:49.097+0000] {logging_mixin.py:188} INFO - [2026-07-13T15:19:49.097+0000] {dag.py:3089} INFO - Sync 1 DAGs
[2026-07-13T15:19:49.114+0000] {logging_mixin.py:188} INFO - [2026-07-13T15:19:49.114+0000] {dag.py:3947} INFO - Setting next_dagrun for crypto_daily_pipeline to 2026-07-13 00:00:00+00:00, run_after=2026-07-14 00:00:00+00:00
[2026-07-13T15:19:49.127+0000] {processor.py:183} INFO - Processing /opt/airflow/dags/crypto_pipeline_dag.py took 0.098 seconds
[2026-07-13T15:20:19.257+0000] {processor.py:161} INFO - Started process (PID=2004) to work on /opt/airflow/dags/crypto_pipeline_dag.py
[2026-07-13T15:20:19.259+0000] {processor.py:830} INFO - Processing file /opt/airflow/dags/crypto_pipeline_dag.py for tasks to queue
[2026-07-13T15:20:19.263+0000] {logging_mixin.py:188} INFO - [2026-07-13T15:20:19.262+0000] {dagbag.py:545} INFO - Filling up the DagBag from /opt/airflow/dags/crypto_pipeline_dag.py
[2026-07-13T15:20:19.276+0000] {processor.py:840} INFO - DAG(s) 'crypto_daily_pipeline' retrieved from /opt/airflow/dags/crypto_pipeline_dag.py
[2026-07-13T15:20:19.303+0000] {logging_mixin.py:188} INFO - [2026-07-13T15:20:19.303+0000] {dag.py:3089} INFO - Sync 1 DAGs
[2026-07-13T15:20:19.315+0000] {logging_mixin.py:188} INFO - [2026-07-13T15:20:19.314+0000] {dag.py:3947} INFO - Setting next_dagrun for crypto_daily_pipeline to 2026-07-13 00:00:00+00:00, run_after=2026-07-14 00:00:00+00:00
[2026-07-13T15:20:19.324+0000] {processor.py:183} INFO - Processing /opt/airflow/dags/crypto_pipeline_dag.py took 0.077 seconds
[2026-07-13T15:20:49.484+0000] {processor.py:161} INFO - Started process (PID=2009) to work on /opt/airflow/dags/crypto_pipeline_dag.py
[2026-07-13T15:20:49.485+0000] {processor.py:830} INFO - Processing file /opt/airflow/dags/crypto_pipeline_dag.py for tasks to queue
[2026-07-13T15:20:49.486+0000] {logging_mixin.py:188} INFO - [2026-07-13T15:20:49.485+0000] {dagbag.py:545} INFO - Filling up the DagBag from /opt/airflow/dags/crypto_pipeline_dag.py
[2026-07-13T15:20:49.493+0000] {processor.py:840} INFO - DAG(s) 'crypto_daily_pipeline' retrieved from /opt/airflow/dags/crypto_pipeline_dag.py
[2026-07-13T15:20:49.526+0000] {logging_mixin.py:188} INFO - [2026-07-13T15:20:49.526+0000] {dag.py:3089} INFO - Sync 1 DAGs
[2026-07-13T15:20:49.539+0000] {logging_mixin.py:188} INFO - [2026-07-13T15:20:49.539+0000] {dag.py:3947} INFO - Setting next_dagrun for crypto_daily_pipeline to 2026-07-13 00:00:00+00:00, run_after=2026-07-14 00:00:00+00:00
[2026-07-13T15:20:49.564+0000] {processor.py:183} INFO - Processing /opt/airflow/dags/crypto_pipeline_dag.py took 0.086 seconds
[2026-07-13T15:21:19.727+0000] {processor.py:161} INFO - Started process (PID=2014) to work on /opt/airflow/dags/crypto_pipeline_dag.py
[2026-07-13T15:21:19.729+0000] {processor.py:830} INFO - Processing file /opt/airflow/dags/crypto_pipeline_dag.py for tasks to queue
[2026-07-13T15:21:19.732+0000] {logging_mixin.py:188} INFO - [2026-07-13T15:21:19.731+0000] {dagbag.py:545} INFO - Filling up the DagBag from /opt/airflow/dags/crypto_pipeline_dag.py
[2026-07-13T15:21:19.747+0000] {processor.py:840} INFO - DAG(s) 'crypto_daily_pipeline' retrieved from /opt/airflow/dags/crypto_pipeline_dag.py
[2026-07-13T15:21:19.768+0000] {logging_mixin.py:188} INFO - [2026-07-13T15:21:19.767+0000] {dag.py:3089} INFO - Sync 1 DAGs
[2026-07-13T15:21:19.777+0000] {logging_mixin.py:188} INFO - [2026-07-13T15:21:19.777+0000] {dag.py:3947} INFO - Setting next_dagrun for crypto_daily_pipeline to 2026-07-13 00:00:00+00:00, run_after=2026-07-14 00:00:00+00:00
[2026-07-13T15:21:19.784+0000] {processor.py:183} INFO - Processing /opt/airflow/dags/crypto_pipeline_dag.py took 0.069 seconds
[2026-07-13T15:21:49.933+0000] {processor.py:161} INFO - Started process (PID=2019) to work on /opt/airflow/dags/crypto_pipeline_dag.py
[2026-07-13T15:21:49.934+0000] {processor.py:830} INFO - Processing file /opt/airflow/dags/crypto_pipeline_dag.py for tasks to queue
[2026-07-13T15:21:49.936+0000] {logging_mixin.py:188} INFO - [2026-07-13T15:21:49.936+0000] {dagbag.py:545} INFO - Filling up the DagBag from /opt/airflow/dags/crypto_pipeline_dag.py
[2026-07-13T15:21:49.946+0000] {processor.py:840} INFO - DAG(s) 'crypto_daily_pipeline' retrieved from /opt/airflow/dags/crypto_pipeline_dag.py
[2026-07-13T15:21:49.965+0000] {logging_mixin.py:188} INFO - [2026-07-13T15:21:49.965+0000] {dag.py:3089} INFO - Sync 1 DAGs
[2026-07-13T15:21:49.974+0000] {logging_mixin.py:188} INFO - [2026-07-13T15:21:49.974+0000] {dag.py:3947} INFO - Setting next_dagrun for crypto_daily_pipeline to 2026-07-13 00:00:00+00:00, run_after=2026-07-14 00:00:00+00:00
[2026-07-13T15:21:49.981+0000] {processor.py:183} INFO - Processing /opt/airflow/dags/crypto_pipeline_dag.py took 0.054 seconds
[2026-07-13T15:22:20.151+0000] {processor.py:161} INFO - Started process (PID=2024) to work on /opt/airflow/dags/crypto_pipeline_dag.py
[2026-07-13T15:22:20.152+0000] {processor.py:830} INFO - Processing file /opt/airflow/dags/crypto_pipeline_dag.py for tasks to queue
[2026-07-13T15:22:20.155+0000] {logging_mixin.py:188} INFO - [2026-07-13T15:22:20.154+0000] {dagbag.py:545} INFO - Filling up the DagBag from /opt/airflow/dags/crypto_pipeline_dag.py
[2026-07-13T15:22:20.171+0000] {processor.py:840} INFO - DAG(s) 'crypto_daily_pipeline' retrieved from /opt/airflow/dags/crypto_pipeline_dag.py
[2026-07-13T15:22:20.192+0000] {logging_mixin.py:188} INFO - [2026-07-13T15:22:20.192+0000] {dag.py:3089} INFO - Sync 1 DAGs
[2026-07-13T15:22:20.204+0000] {logging_mixin.py:188} INFO - [2026-07-13T15:22:20.204+0000] {dag.py:3947} INFO - Setting next_dagrun for crypto_daily_pipeline to 2026-07-13 00:00:00+00:00, run_after=2026-07-14 00:00:00+00:00
[2026-07-13T15:22:20.219+0000] {processor.py:183} INFO - Processing /opt/airflow/dags/crypto_pipeline_dag.py took 0.078 seconds
[2026-07-13T15:22:50.351+0000] {processor.py:161} INFO - Started process (PID=2029) to work on /opt/airflow/dags/crypto_pipeline_dag.py
[2026-07-13T15:22:50.352+0000] {processor.py:830} INFO - Processing file /opt/airflow/dags/crypto_pipeline_dag.py for tasks to queue
[2026-07-13T15:22:50.353+0000] {logging_mixin.py:188} INFO - [2026-07-13T15:22:50.353+0000] {dagbag.py:545} INFO - Filling up the DagBag from /opt/airflow/dags/crypto_pipeline_dag.py
[2026-07-13T15:22:50.360+0000] {processor.py:840} INFO - DAG(s) 'crypto_daily_pipeline' retrieved from /opt/airflow/dags/crypto_pipeline_dag.py
[2026-07-13T15:22:50.379+0000] {logging_mixin.py:188} INFO - [2026-07-13T15:22:50.379+0000] {dag.py:3089} INFO - Sync 1 DAGs
[2026-07-13T15:22:50.387+0000] {logging_mixin.py:188} INFO - [2026-07-13T15:22:50.387+0000] {dag.py:3947} INFO - Setting next_dagrun for crypto_daily_pipeline to 2026-07-13 00:00:00+00:00, run_after=2026-07-14 00:00:00+00:00
[2026-07-13T15:22:50.393+0000] {processor.py:183} INFO - Processing /opt/airflow/dags/crypto_pipeline_dag.py took 0.046 seconds
[2026-07-13T15:23:20.552+0000] {processor.py:161} INFO - Started process (PID=2034) to work on /opt/airflow/dags/crypto_pipeline_dag.py
[2026-07-13T15:23:20.553+0000] {processor.py:830} INFO - Processing file /opt/airflow/dags/crypto_pipeline_dag.py for tasks to queue
[2026-07-13T15:23:20.555+0000] {logging_mixin.py:188} INFO - [2026-07-13T15:23:20.555+0000] {dagbag.py:545} INFO - Filling up the DagBag from /opt/airflow/dags/crypto_pipeline_dag.py
[2026-07-13T15:23:20.566+0000] {processor.py:840} INFO - DAG(s) 'crypto_daily_pipeline' retrieved from /opt/airflow/dags/crypto_pipeline_dag.py
[2026-07-13T15:23:20.586+0000] {logging_mixin.py:188} INFO - [2026-07-13T15:23:20.586+0000] {dag.py:3089} INFO - Sync 1 DAGs
[2026-07-13T15:23:20.598+0000] {logging_mixin.py:188} INFO - [2026-07-13T15:23:20.598+0000] {dag.py:3947} INFO - Setting next_dagrun for crypto_daily_pipeline to 2026-07-13 00:00:00+00:00, run_after=2026-07-14 00:00:00+00:00
[2026-07-13T15:23:20.604+0000] {processor.py:183} INFO - Processing /opt/airflow/dags/crypto_pipeline_dag.py took 0.057 seconds
[2026-07-13T15:23:50.783+0000] {processor.py:161} INFO - Started process (PID=2039) to work on /opt/airflow/dags/crypto_pipeline_dag.py
[2026-07-13T15:23:50.784+0000] {processor.py:830} INFO - Processing file /opt/airflow/dags/crypto_pipeline_dag.py for tasks to queue
[2026-07-13T15:23:50.787+0000] {logging_mixin.py:188} INFO - [2026-07-13T15:23:50.786+0000] {dagbag.py:545} INFO - Filling up the DagBag from /opt/airflow/dags/crypto_pipeline_dag.py
[2026-07-13T15:23:50.799+0000] {processor.py:840} INFO - DAG(s) 'crypto_daily_pipeline' retrieved from /opt/airflow/dags/crypto_pipeline_dag.py
[2026-07-13T15:23:50.820+0000] {logging_mixin.py:188} INFO - [2026-07-13T15:23:50.820+0000] {dag.py:3089} INFO - Sync 1 DAGs
[2026-07-13T15:23:50.830+0000] {logging_mixin.py:188} INFO - [2026-07-13T15:23:50.830+0000] {dag.py:3947} INFO - Setting next_dagrun for crypto_daily_pipeline to 2026-07-13 00:00:00+00:00, run_after=2026-07-14 00:00:00+00:00
[2026-07-13T15:23:50.836+0000] {processor.py:183} INFO - Processing /opt/airflow/dags/crypto_pipeline_dag.py took 0.061 seconds
[2026-07-13T15:24:20.979+0000] {processor.py:161} INFO - Started process (PID=2044) to work on /opt/airflow/dags/crypto_pipeline_dag.py
[2026-07-13T15:24:20.980+0000] {processor.py:830} INFO - Processing file /opt/airflow/dags/crypto_pipeline_dag.py for tasks to queue
[2026-07-13T15:24:20.982+0000] {logging_mixin.py:188} INFO - [2026-07-13T15:24:20.982+0000] {dagbag.py:545} INFO - Filling up the DagBag from /opt/airflow/dags/crypto_pipeline_dag.py
[2026-07-13T15:24:20.993+0000] {processor.py:840} INFO - DAG(s) 'crypto_daily_pipeline' retrieved from /opt/airflow/dags/crypto_pipeline_dag.py
[2026-07-13T15:24:21.013+0000] {logging_mixin.py:188} INFO - [2026-07-13T15:24:21.013+0000] {dag.py:3089} INFO - Sync 1 DAGs
[2026-07-13T15:24:21.023+0000] {logging_mixin.py:188} INFO - [2026-07-13T15:24:21.023+0000] {dag.py:3947} INFO - Setting next_dagrun for crypto_daily_pipeline to 2026-07-13 00:00:00+00:00, run_after=2026-07-14 00:00:00+00:00
[2026-07-13T15:24:21.030+0000] {processor.py:183} INFO - Processing /opt/airflow/dags/crypto_pipeline_dag.py took 0.056 seconds
[2026-07-13T15:24:51.202+0000] {processor.py:161} INFO - Started process (PID=2049) to work on /opt/airflow/dags/crypto_pipeline_dag.py
[2026-07-13T15:24:51.202+0000] {processor.py:830} INFO - Processing file /opt/airflow/dags/crypto_pipeline_dag.py for tasks to queue
[2026-07-13T15:24:51.204+0000] {logging_mixin.py:188} INFO - [2026-07-13T15:24:51.204+0000] {dagbag.py:545} INFO - Filling up the DagBag from /opt/airflow/dags/crypto_pipeline_dag.py
[2026-07-13T15:24:51.213+0000] {processor.py:840} INFO - DAG(s) 'crypto_daily_pipeline' retrieved from /opt/airflow/dags/crypto_pipeline_dag.py
[2026-07-13T15:24:51.231+0000] {logging_mixin.py:188} INFO - [2026-07-13T15:24:51.231+0000] {dag.py:3089} INFO - Sync 1 DAGs
[2026-07-13T15:24:51.240+0000] {logging_mixin.py:188} INFO - [2026-07-13T15:24:51.240+0000] {dag.py:3947} INFO - Setting next_dagrun for crypto_daily_pipeline to 2026-07-13 00:00:00+00:00, run_after=2026-07-14 00:00:00+00:00
[2026-07-13T15:24:51.246+0000] {processor.py:183} INFO - Processing /opt/airflow/dags/crypto_pipeline_dag.py took 0.050 seconds
[2026-07-13T15:25:21.405+0000] {processor.py:161} INFO - Started process (PID=2054) to work on /opt/airflow/dags/crypto_pipeline_dag.py
[2026-07-13T15:25:21.406+0000] {processor.py:830} INFO - Processing file /opt/airflow/dags/crypto_pipeline_dag.py for tasks to queue
[2026-07-13T15:25:21.407+0000] {logging_mixin.py:188} INFO - [2026-07-13T15:25:21.407+0000] {dagbag.py:545} INFO - Filling up the DagBag from /opt/airflow/dags/crypto_pipeline_dag.py
[2026-07-13T15:25:21.417+0000] {processor.py:840} INFO - DAG(s) 'crypto_daily_pipeline' retrieved from /opt/airflow/dags/crypto_pipeline_dag.py
[2026-07-13T15:25:21.436+0000] {logging_mixin.py:188} INFO - [2026-07-13T15:25:21.436+0000] {dag.py:3089} INFO - Sync 1 DAGs
[2026-07-13T15:25:21.445+0000] {logging_mixin.py:188} INFO - [2026-07-13T15:25:21.445+0000] {dag.py:3947} INFO - Setting next_dagrun for crypto_daily_pipeline to 2026-07-13 00:00:00+00:00, run_after=2026-07-14 00:00:00+00:00
[2026-07-13T15:25:21.451+0000] {processor.py:183} INFO - Processing /opt/airflow/dags/crypto_pipeline_dag.py took 0.051 seconds
[2026-07-13T15:25:51.611+0000] {processor.py:161} INFO - Started process (PID=2059) to work on /opt/airflow/dags/crypto_pipeline_dag.py
[2026-07-13T15:25:51.612+0000] {processor.py:830} INFO - Processing file /opt/airflow/dags/crypto_pipeline_dag.py for tasks to queue
[2026-07-13T15:25:51.614+0000] {logging_mixin.py:188} INFO - [2026-07-13T15:25:51.614+0000] {dagbag.py:545} INFO - Filling up the DagBag from /opt/airflow/dags/crypto_pipeline_dag.py
[2026-07-13T15:25:51.623+0000] {processor.py:840} INFO - DAG(s) 'crypto_daily_pipeline' retrieved from /opt/airflow/dags/crypto_pipeline_dag.py
[2026-07-13T15:25:51.641+0000] {logging_mixin.py:188} INFO - [2026-07-13T15:25:51.641+0000] {dag.py:3089} INFO - Sync 1 DAGs
[2026-07-13T15:25:51.650+0000] {logging_mixin.py:188} INFO - [2026-07-13T15:25:51.650+0000] {dag.py:3947} INFO - Setting next_dagrun for crypto_daily_pipeline to 2026-07-13 00:00:00+00:00, run_after=2026-07-14 00:00:00+00:00
[2026-07-13T15:25:51.656+0000] {processor.py:183} INFO - Processing /opt/airflow/dags/crypto_pipeline_dag.py took 0.051 seconds
[2026-07-13T15:26:21.803+0000] {processor.py:161} INFO - Started process (PID=2064) to work on /opt/airflow/dags/crypto_pipeline_dag.py
[2026-07-13T15:26:21.804+0000] {processor.py:830} INFO - Processing file /opt/airflow/dags/crypto_pipeline_dag.py for tasks to queue
[2026-07-13T15:26:21.806+0000] {logging_mixin.py:188} INFO - [2026-07-13T15:26:21.806+0000] {dagbag.py:545} INFO - Filling up the DagBag from /opt/airflow/dags/crypto_pipeline_dag.py
[2026-07-13T15:26:21.816+0000] {processor.py:840} INFO - DAG(s) 'crypto_daily_pipeline' retrieved from /opt/airflow/dags/crypto_pipeline_dag.py
[2026-07-13T15:26:21.835+0000] {logging_mixin.py:188} INFO - [2026-07-13T15:26:21.835+0000] {dag.py:3089} INFO - Sync 1 DAGs
[2026-07-13T15:26:21.844+0000] {logging_mixin.py:188} INFO - [2026-07-13T15:26:21.844+0000] {dag.py:3947} INFO - Setting next_dagrun for crypto_daily_pipeline to 2026-07-13 00:00:00+00:00, run_after=2026-07-14 00:00:00+00:00
[2026-07-13T15:26:21.850+0000] {processor.py:183} INFO - Processing /opt/airflow/dags/crypto_pipeline_dag.py took 0.051 seconds
[2026-07-13T15:26:52.025+0000] {processor.py:161} INFO - Started process (PID=2069) to work on /opt/airflow/dags/crypto_pipeline_dag.py
[2026-07-13T15:26:52.026+0000] {processor.py:830} INFO - Processing file /opt/airflow/dags/crypto_pipeline_dag.py for tasks to queue
[2026-07-13T15:26:52.028+0000] {logging_mixin.py:188} INFO - [2026-07-13T15:26:52.027+0000] {dagbag.py:545} INFO - Filling up the DagBag from /opt/airflow/dags/crypto_pipeline_dag.py
[2026-07-13T15:26:52.039+0000] {processor.py:840} INFO - DAG(s) 'crypto_daily_pipeline' retrieved from /opt/airflow/dags/crypto_pipeline_dag.py
[2026-07-13T15:26:52.059+0000] {logging_mixin.py:188} INFO - [2026-07-13T15:26:52.059+0000] {dag.py:3089} INFO - Sync 1 DAGs
[2026-07-13T15:26:52.068+0000] {logging_mixin.py:188} INFO - [2026-07-13T15:26:52.068+0000] {dag.py:3947} INFO - Setting next_dagrun for crypto_daily_pipeline to 2026-07-13 00:00:00+00:00, run_after=2026-07-14 00:00:00+00:00
[2026-07-13T15:26:52.074+0000] {processor.py:183} INFO - Processing /opt/airflow/dags/crypto_pipeline_dag.py took 0.056 seconds
[2026-07-13T15:27:22.224+0000] {processor.py:161} INFO - Started process (PID=2074) to work on /opt/airflow/dags/crypto_pipeline_dag.py
[2026-07-13T15:27:22.225+0000] {processor.py:830} INFO - Processing file /opt/airflow/dags/crypto_pipeline_dag.py for tasks to queue
[2026-07-13T15:27:22.228+0000] {logging_mixin.py:188} INFO - [2026-07-13T15:27:22.228+0000] {dagbag.py:545} INFO - Filling up the DagBag from /opt/airflow/dags/crypto_pipeline_dag.py
[2026-07-13T15:27:22.239+0000] {processor.py:840} INFO - DAG(s) 'crypto_daily_pipeline' retrieved from /opt/airflow/dags/crypto_pipeline_dag.py
[2026-07-13T15:27:22.258+0000] {logging_mixin.py:188} INFO - [2026-07-13T15:27:22.258+0000] {dag.py:3089} INFO - Sync 1 DAGs
[2026-07-13T15:27:22.267+0000] {logging_mixin.py:188} INFO - [2026-07-13T15:27:22.267+0000] {dag.py:3947} INFO - Setting next_dagrun for crypto_daily_pipeline to 2026-07-13 00:00:00+00:00, run_after=2026-07-14 00:00:00+00:00
[2026-07-13T15:27:22.274+0000] {processor.py:183} INFO - Processing /opt/airflow/dags/crypto_pipeline_dag.py took 0.057 seconds
[2026-07-13T15:27:52.431+0000] {processor.py:161} INFO - Started process (PID=2079) to work on /opt/airflow/dags/crypto_pipeline_dag.py
[2026-07-13T15:27:52.432+0000] {processor.py:830} INFO - Processing file /opt/airflow/dags/crypto_pipeline_dag.py for tasks to queue
[2026-07-13T15:27:52.432+0000] {logging_mixin.py:188} INFO - [2026-07-13T15:27:52.432+0000] {dagbag.py:545} INFO - Filling up the DagBag from /opt/airflow/dags/crypto_pipeline_dag.py
[2026-07-13T15:27:52.438+0000] {processor.py:840} INFO - DAG(s) 'crypto_daily_pipeline' retrieved from /opt/airflow/dags/crypto_pipeline_dag.py
[2026-07-13T15:27:52.450+0000] {logging_mixin.py:188} INFO - [2026-07-13T15:27:52.449+0000] {dag.py:3089} INFO - Sync 1 DAGs
[2026-07-13T15:27:52.457+0000] {logging_mixin.py:188} INFO - [2026-07-13T15:27:52.457+0000] {dag.py:3947} INFO - Setting next_dagrun for crypto_daily_pipeline to 2026-07-13 00:00:00+00:00, run_after=2026-07-14 00:00:00+00:00
[2026-07-13T15:27:52.463+0000] {processor.py:183} INFO - Processing /opt/airflow/dags/crypto_pipeline_dag.py took 0.034 seconds
[2026-07-13T15:28:22.625+0000] {processor.py:161} INFO - Started process (PID=2084) to work on /opt/airflow/dags/crypto_pipeline_dag.py
[2026-07-13T15:28:22.626+0000] {processor.py:830} INFO - Processing file /opt/airflow/dags/crypto_pipeline_dag.py for tasks to queue
[2026-07-13T15:28:22.628+0000] {logging_mixin.py:188} INFO - [2026-07-13T15:28:22.628+0000] {dagbag.py:545} INFO - Filling up the DagBag from /opt/airflow/dags/crypto_pipeline_dag.py
[2026-07-13T15:28:22.640+0000] {processor.py:840} INFO - DAG(s) 'crypto_daily_pipeline' retrieved from /opt/airflow/dags/crypto_pipeline_dag.py
[2026-07-13T15:28:22.661+0000] {logging_mixin.py:188} INFO - [2026-07-13T15:28:22.660+0000] {dag.py:3089} INFO - Sync 1 DAGs
[2026-07-13T15:28:22.670+0000] {logging_mixin.py:188} INFO - [2026-07-13T15:28:22.670+0000] {dag.py:3947} INFO - Setting next_dagrun for crypto_daily_pipeline to 2026-07-13 00:00:00+00:00, run_after=2026-07-14 00:00:00+00:00
[2026-07-13T15:28:22.676+0000] {processor.py:183} INFO - Processing /opt/airflow/dags/crypto_pipeline_dag.py took 0.056 seconds
[2026-07-13T15:28:52.837+0000] {processor.py:161} INFO - Started process (PID=2089) to work on /opt/airflow/dags/crypto_pipeline_dag.py
[2026-07-13T15:28:52.838+0000] {processor.py:830} INFO - Processing file /opt/airflow/dags/crypto_pipeline_dag.py for tasks to queue
[2026-07-13T15:28:52.839+0000] {logging_mixin.py:188} INFO - [2026-07-13T15:28:52.839+0000] {dagbag.py:545} INFO - Filling up the DagBag from /opt/airflow/dags/crypto_pipeline_dag.py
[2026-07-13T15:28:52.848+0000] {processor.py:840} INFO - DAG(s) 'crypto_daily_pipeline' retrieved from /opt/airflow/dags/crypto_pipeline_dag.py
[2026-07-13T15:28:52.867+0000] {logging_mixin.py:188} INFO - [2026-07-13T15:28:52.867+0000] {dag.py:3089} INFO - Sync 1 DAGs
[2026-07-13T15:28:52.878+0000] {logging_mixin.py:188} INFO - [2026-07-13T15:28:52.878+0000] {dag.py:3947} INFO - Setting next_dagrun for crypto_daily_pipeline to 2026-07-13 00:00:00+00:00, run_after=2026-07-14 00:00:00+00:00
[2026-07-13T15:28:52.886+0000] {processor.py:183} INFO - Processing /opt/airflow/dags/crypto_pipeline_dag.py took 0.054 seconds
[2026-07-13T15:29:23.005+0000] {processor.py:161} INFO - Started process (PID=2094) to work on /opt/airflow/dags/crypto_pipeline_dag.py
[2026-07-13T15:29:23.006+0000] {processor.py:830} INFO - Processing file /opt/airflow/dags/crypto_pipeline_dag.py for tasks to queue
[2026-07-13T15:29:23.007+0000] {logging_mixin.py:188} INFO - [2026-07-13T15:29:23.007+0000] {dagbag.py:545} INFO - Filling up the DagBag from /opt/airflow/dags/crypto_pipeline_dag.py
[2026-07-13T15:29:23.017+0000] {processor.py:840} INFO - DAG(s) 'crypto_daily_pipeline' retrieved from /opt/airflow/dags/crypto_pipeline_dag.py
[2026-07-13T15:29:23.033+0000] {logging_mixin.py:188} INFO - [2026-07-13T15:29:23.032+0000] {dag.py:3089} INFO - Sync 1 DAGs
[2026-07-13T15:29:23.042+0000] {logging_mixin.py:188} INFO - [2026-07-13T15:29:23.041+0000] {dag.py:3947} INFO - Setting next_dagrun for crypto_daily_pipeline to 2026-07-13 00:00:00+00:00, run_after=2026-07-14 00:00:00+00:00
[2026-07-13T15:29:23.049+0000] {processor.py:183} INFO - Processing /opt/airflow/dags/crypto_pipeline_dag.py took 0.047 seconds
[2026-07-13T15:29:53.212+0000] {processor.py:161} INFO - Started process (PID=2099) to work on /opt/airflow/dags/crypto_pipeline_dag.py
[2026-07-13T15:29:53.213+0000] {processor.py:830} INFO - Processing file /opt/airflow/dags/crypto_pipeline_dag.py for tasks to queue
[2026-07-13T15:29:53.214+0000] {logging_mixin.py:188} INFO - [2026-07-13T15:29:53.214+0000] {dagbag.py:545} INFO - Filling up the DagBag from /opt/airflow/dags/crypto_pipeline_dag.py
[2026-07-13T15:29:53.220+0000] {processor.py:840} INFO - DAG(s) 'crypto_daily_pipeline' retrieved from /opt/airflow/dags/crypto_pipeline_dag.py
[2026-07-13T15:29:53.232+0000] {logging_mixin.py:188} INFO - [2026-07-13T15:29:53.232+0000] {dag.py:3089} INFO - Sync 1 DAGs
[2026-07-13T15:29:53.241+0000] {logging_mixin.py:188} INFO - [2026-07-13T15:29:53.241+0000] {dag.py:3947} INFO - Setting next_dagrun for crypto_daily_pipeline to 2026-07-13 00:00:00+00:00, run_after=2026-07-14 00:00:00+00:00
[2026-07-13T15:29:53.250+0000] {processor.py:183} INFO - Processing /opt/airflow/dags/crypto_pipeline_dag.py took 0.041 seconds
[2026-07-13T15:30:23.395+0000] {processor.py:161} INFO - Started process (PID=2104) to work on /opt/airflow/dags/crypto_pipeline_dag.py
[2026-07-13T15:30:23.396+0000] {processor.py:830} INFO - Processing file /opt/airflow/dags/crypto_pipeline_dag.py for tasks to queue
[2026-07-13T15:30:23.397+0000] {logging_mixin.py:188} INFO - [2026-07-13T15:30:23.397+0000] {dagbag.py:545} INFO - Filling up the DagBag from /opt/airflow/dags/crypto_pipeline_dag.py
[2026-07-13T15:30:23.404+0000] {processor.py:840} INFO - DAG(s) 'crypto_daily_pipeline' retrieved from /opt/airflow/dags/crypto_pipeline_dag.py
[2026-07-13T15:30:23.419+0000] {logging_mixin.py:188} INFO - [2026-07-13T15:30:23.419+0000] {dag.py:3089} INFO - Sync 1 DAGs
[2026-07-13T15:30:23.427+0000] {logging_mixin.py:188} INFO - [2026-07-13T15:30:23.427+0000] {dag.py:3947} INFO - Setting next_dagrun for crypto_daily_pipeline to 2026-07-13 00:00:00+00:00, run_after=2026-07-14 00:00:00+00:00
[2026-07-13T15:30:23.433+0000] {processor.py:183} INFO - Processing /opt/airflow/dags/crypto_pipeline_dag.py took 0.041 seconds
[2026-07-13T15:30:53.586+0000] {processor.py:161} INFO - Started process (PID=2109) to work on /opt/airflow/dags/crypto_pipeline_dag.py
[2026-07-13T15:30:53.587+0000] {processor.py:830} INFO - Processing file /opt/airflow/dags/crypto_pipeline_dag.py for tasks to queue
[2026-07-13T15:30:53.588+0000] {logging_mixin.py:188} INFO - [2026-07-13T15:30:53.588+0000] {dagbag.py:545} INFO - Filling up the DagBag from /opt/airflow/dags/crypto_pipeline_dag.py
[2026-07-13T15:30:53.594+0000] {processor.py:840} INFO - DAG(s) 'crypto_daily_pipeline' retrieved from /opt/airflow/dags/crypto_pipeline_dag.py
[2026-07-13T15:30:53.605+0000] {logging_mixin.py:188} INFO - [2026-07-13T15:30:53.605+0000] {dag.py:3089} INFO - Sync 1 DAGs
[2026-07-13T15:30:53.613+0000] {logging_mixin.py:188} INFO - [2026-07-13T15:30:53.613+0000] {dag.py:3947} INFO - Setting next_dagrun for crypto_daily_pipeline to 2026-07-13 00:00:00+00:00, run_after=2026-07-14 00:00:00+00:00
[2026-07-13T15:30:53.619+0000] {processor.py:183} INFO - Processing /opt/airflow/dags/crypto_pipeline_dag.py took 0.036 seconds
[2026-07-13T15:31:23.775+0000] {processor.py:161} INFO - Started process (PID=2114) to work on /opt/airflow/dags/crypto_pipeline_dag.py
[2026-07-13T15:31:23.776+0000] {processor.py:830} INFO - Processing file /opt/airflow/dags/crypto_pipeline_dag.py for tasks to queue
[2026-07-13T15:31:23.777+0000] {logging_mixin.py:188} INFO - [2026-07-13T15:31:23.777+0000] {dagbag.py:545} INFO - Filling up the DagBag from /opt/airflow/dags/crypto_pipeline_dag.py
[2026-07-13T15:31:23.785+0000] {processor.py:840} INFO - DAG(s) 'crypto_daily_pipeline' retrieved from /opt/airflow/dags/crypto_pipeline_dag.py
[2026-07-13T15:31:23.800+0000] {logging_mixin.py:188} INFO - [2026-07-13T15:31:23.800+0000] {dag.py:3089} INFO - Sync 1 DAGs
[2026-07-13T15:31:23.809+0000] {logging_mixin.py:188} INFO - [2026-07-13T15:31:23.809+0000] {dag.py:3947} INFO - Setting next_dagrun for crypto_daily_pipeline to 2026-07-13 00:00:00+00:00, run_after=2026-07-14 00:00:00+00:00
[2026-07-13T15:31:23.815+0000] {processor.py:183} INFO - Processing /opt/airflow/dags/crypto_pipeline_dag.py took 0.044 seconds
[2026-07-13T15:31:53.942+0000] {processor.py:161} INFO - Started process (PID=2119) to work on /opt/airflow/dags/crypto_pipeline_dag.py
[2026-07-13T15:31:53.942+0000] {processor.py:830} INFO - Processing file /opt/airflow/dags/crypto_pipeline_dag.py for tasks to queue
[2026-07-13T15:31:53.943+0000] {logging_mixin.py:188} INFO - [2026-07-13T15:31:53.943+0000] {dagbag.py:545} INFO - Filling up the DagBag from /opt/airflow/dags/crypto_pipeline_dag.py
[2026-07-13T15:31:53.949+0000] {processor.py:840} INFO - DAG(s) 'crypto_daily_pipeline' retrieved from /opt/airflow/dags/crypto_pipeline_dag.py
[2026-07-13T15:31:53.961+0000] {logging_mixin.py:188} INFO - [2026-07-13T15:31:53.961+0000] {dag.py:3089} INFO - Sync 1 DAGs
[2026-07-13T15:31:53.968+0000] {logging_mixin.py:188} INFO - [2026-07-13T15:31:53.968+0000] {dag.py:3947} INFO - Setting next_dagrun for crypto_daily_pipeline to 2026-07-13 00:00:00+00:00, run_after=2026-07-14 00:00:00+00:00
[2026-07-13T15:31:53.974+0000] {processor.py:183} INFO - Processing /opt/airflow/dags/crypto_pipeline_dag.py took 0.035 seconds
[2026-07-13T15:32:24.151+0000] {processor.py:161} INFO - Started process (PID=2124) to work on /opt/airflow/dags/crypto_pipeline_dag.py
[2026-07-13T15:32:24.151+0000] {processor.py:830} INFO - Processing file /opt/airflow/dags/crypto_pipeline_dag.py for tasks to queue
[2026-07-13T15:32:24.152+0000] {logging_mixin.py:188} INFO - [2026-07-13T15:32:24.152+0000] {dagbag.py:545} INFO - Filling up the DagBag from /opt/airflow/dags/crypto_pipeline_dag.py
[2026-07-13T15:32:24.157+0000] {processor.py:840} INFO - DAG(s) 'crypto_daily_pipeline' retrieved from /opt/airflow/dags/crypto_pipeline_dag.py
[2026-07-13T15:32:24.169+0000] {logging_mixin.py:188} INFO - [2026-07-13T15:32:24.169+0000] {dag.py:3089} INFO - Sync 1 DAGs
[2026-07-13T15:32:24.177+0000] {logging_mixin.py:188} INFO - [2026-07-13T15:32:24.177+0000] {dag.py:3947} INFO - Setting next_dagrun for crypto_daily_pipeline to 2026-07-13 00:00:00+00:00, run_after=2026-07-14 00:00:00+00:00
[2026-07-13T15:32:24.184+0000] {processor.py:183} INFO - Processing /opt/airflow/dags/crypto_pipeline_dag.py took 0.037 seconds
[2026-07-13T15:32:54.330+0000] {processor.py:161} INFO - Started process (PID=2129) to work on /opt/airflow/dags/crypto_pipeline_dag.py
[2026-07-13T15:32:54.331+0000] {processor.py:830} INFO - Processing file /opt/airflow/dags/crypto_pipeline_dag.py for tasks to queue
[2026-07-13T15:32:54.332+0000] {logging_mixin.py:188} INFO - [2026-07-13T15:32:54.332+0000] {dagbag.py:545} INFO - Filling up the DagBag from /opt/airflow/dags/crypto_pipeline_dag.py
[2026-07-13T15:32:54.337+0000] {processor.py:840} INFO - DAG(s) 'crypto_daily_pipeline' retrieved from /opt/airflow/dags/crypto_pipeline_dag.py
[2026-07-13T15:32:54.348+0000] {logging_mixin.py:188} INFO - [2026-07-13T15:32:54.348+0000] {dag.py:3089} INFO - Sync 1 DAGs
[2026-07-13T15:32:54.356+0000] {logging_mixin.py:188} INFO - [2026-07-13T15:32:54.356+0000] {dag.py:3947} INFO - Setting next_dagrun for crypto_daily_pipeline to 2026-07-13 00:00:00+00:00, run_after=2026-07-14 00:00:00+00:00
[2026-07-13T15:32:54.362+0000] {processor.py:183} INFO - Processing /opt/airflow/dags/crypto_pipeline_dag.py took 0.035 seconds
[2026-07-13T15:33:24.521+0000] {processor.py:161} INFO - Started process (PID=2134) to work on /opt/airflow/dags/crypto_pipeline_dag.py
[2026-07-13T15:33:24.522+0000] {processor.py:830} INFO - Processing file /opt/airflow/dags/crypto_pipeline_dag.py for tasks to queue
[2026-07-13T15:33:24.523+0000] {logging_mixin.py:188} INFO - [2026-07-13T15:33:24.523+0000] {dagbag.py:545} INFO - Filling up the DagBag from /opt/airflow/dags/crypto_pipeline_dag.py
[2026-07-13T15:33:24.529+0000] {processor.py:840} INFO - DAG(s) 'crypto_daily_pipeline' retrieved from /opt/airflow/dags/crypto_pipeline_dag.py
[2026-07-13T15:33:24.540+0000] {logging_mixin.py:188} INFO - [2026-07-13T15:33:24.540+0000] {dag.py:3089} INFO - Sync 1 DAGs
[2026-07-13T15:33:24.548+0000] {logging_mixin.py:188} INFO - [2026-07-13T15:33:24.548+0000] {dag.py:3947} INFO - Setting next_dagrun for crypto_daily_pipeline to 2026-07-13 00:00:00+00:00, run_after=2026-07-14 00:00:00+00:00
[2026-07-13T15:33:24.554+0000] {processor.py:183} INFO - Processing /opt/airflow/dags/crypto_pipeline_dag.py took 0.037 seconds
[2026-07-13T15:33:54.696+0000] {processor.py:161} INFO - Started process (PID=2139) to work on /opt/airflow/dags/crypto_pipeline_dag.py
[2026-07-13T15:33:54.697+0000] {processor.py:830} INFO - Processing file /opt/airflow/dags/crypto_pipeline_dag.py for tasks to queue
[2026-07-13T15:33:54.698+0000] {logging_mixin.py:188} INFO - [2026-07-13T15:33:54.698+0000] {dagbag.py:545} INFO - Filling up the DagBag from /opt/airflow/dags/crypto_pipeline_dag.py
[2026-07-13T15:33:54.704+0000] {processor.py:840} INFO - DAG(s) 'crypto_daily_pipeline' retrieved from /opt/airflow/dags/crypto_pipeline_dag.py
[2026-07-13T15:33:54.718+0000] {logging_mixin.py:188} INFO - [2026-07-13T15:33:54.718+0000] {dag.py:3089} INFO - Sync 1 DAGs
[2026-07-13T15:33:54.726+0000] {logging_mixin.py:188} INFO - [2026-07-13T15:33:54.726+0000] {dag.py:3947} INFO - Setting next_dagrun for crypto_daily_pipeline to 2026-07-13 00:00:00+00:00, run_after=2026-07-14 00:00:00+00:00
[2026-07-13T15:33:54.732+0000] {processor.py:183} INFO - Processing /opt/airflow/dags/crypto_pipeline_dag.py took 0.040 seconds
[2026-07-13T15:34:24.881+0000] {processor.py:161} INFO - Started process (PID=2144) to work on /opt/airflow/dags/crypto_pipeline_dag.py
[2026-07-13T15:34:24.882+0000] {processor.py:830} INFO - Processing file /opt/airflow/dags/crypto_pipeline_dag.py for tasks to queue
[2026-07-13T15:34:24.883+0000] {logging_mixin.py:188} INFO - [2026-07-13T15:34:24.883+0000] {dagbag.py:545} INFO - Filling up the DagBag from /opt/airflow/dags/crypto_pipeline_dag.py
[2026-07-13T15:34:24.892+0000] {processor.py:840} INFO - DAG(s) 'crypto_daily_pipeline' retrieved from /opt/airflow/dags/crypto_pipeline_dag.py
[2026-07-13T15:34:24.909+0000] {logging_mixin.py:188} INFO - [2026-07-13T15:34:24.909+0000] {dag.py:3089} INFO - Sync 1 DAGs
[2026-07-13T15:34:24.919+0000] {logging_mixin.py:188} INFO - [2026-07-13T15:34:24.919+0000] {dag.py:3947} INFO - Setting next_dagrun for crypto_daily_pipeline to 2026-07-13 00:00:00+00:00, run_after=2026-07-14 00:00:00+00:00
[2026-07-13T15:34:24.926+0000] {processor.py:183} INFO - Processing /opt/airflow/dags/crypto_pipeline_dag.py took 0.050 seconds
[2026-07-13T15:34:55.057+0000] {processor.py:161} INFO - Started process (PID=2149) to work on /opt/airflow/dags/crypto_pipeline_dag.py
[2026-07-13T15:34:55.057+0000] {processor.py:830} INFO - Processing file /opt/airflow/dags/crypto_pipeline_dag.py for tasks to queue
[2026-07-13T15:34:55.059+0000] {logging_mixin.py:188} INFO - [2026-07-13T15:34:55.059+0000] {dagbag.py:545} INFO - Filling up the DagBag from /opt/airflow/dags/crypto_pipeline_dag.py
[2026-07-13T15:34:55.063+0000] {processor.py:840} INFO - DAG(s) 'crypto_daily_pipeline' retrieved from /opt/airflow/dags/crypto_pipeline_dag.py
[2026-07-13T15:34:55.074+0000] {logging_mixin.py:188} INFO - [2026-07-13T15:34:55.074+0000] {dag.py:3089} INFO - Sync 1 DAGs
[2026-07-13T15:34:55.082+0000] {logging_mixin.py:188} INFO - [2026-07-13T15:34:55.081+0000] {dag.py:3947} INFO - Setting next_dagrun for crypto_daily_pipeline to 2026-07-13 00:00:00+00:00, run_after=2026-07-14 00:00:00+00:00
[2026-07-13T15:34:55.087+0000] {processor.py:183} INFO - Processing /opt/airflow/dags/crypto_pipeline_dag.py took 0.034 seconds
[2026-07-13T15:35:25.233+0000] {processor.py:161} INFO - Started process (PID=2154) to work on /opt/airflow/dags/crypto_pipeline_dag.py
[2026-07-13T15:35:25.233+0000] {processor.py:830} INFO - Processing file /opt/airflow/dags/crypto_pipeline_dag.py for tasks to queue
[2026-07-13T15:35:25.235+0000] {logging_mixin.py:188} INFO - [2026-07-13T15:35:25.234+0000] {dagbag.py:545} INFO - Filling up the DagBag from /opt/airflow/dags/crypto_pipeline_dag.py
[2026-07-13T15:35:25.240+0000] {processor.py:840} INFO - DAG(s) 'crypto_daily_pipeline' retrieved from /opt/airflow/dags/crypto_pipeline_dag.py
[2026-07-13T15:35:25.252+0000] {logging_mixin.py:188} INFO - [2026-07-13T15:35:25.252+0000] {dag.py:3089} INFO - Sync 1 DAGs
[2026-07-13T15:35:25.260+0000] {logging_mixin.py:188} INFO - [2026-07-13T15:35:25.260+0000] {dag.py:3947} INFO - Setting next_dagrun for crypto_daily_pipeline to 2026-07-13 00:00:00+00:00, run_after=2026-07-14 00:00:00+00:00
[2026-07-13T15:35:25.266+0000] {processor.py:183} INFO - Processing /opt/airflow/dags/crypto_pipeline_dag.py took 0.037 seconds
[2026-07-13T15:35:55.396+0000] {processor.py:161} INFO - Started process (PID=2159) to work on /opt/airflow/dags/crypto_pipeline_dag.py
[2026-07-13T15:35:55.397+0000] {processor.py:830} INFO - Processing file /opt/airflow/dags/crypto_pipeline_dag.py for tasks to queue
[2026-07-13T15:35:55.398+0000] {logging_mixin.py:188} INFO - [2026-07-13T15:35:55.398+0000] {dagbag.py:545} INFO - Filling up the DagBag from /opt/airflow/dags/crypto_pipeline_dag.py
[2026-07-13T15:35:55.403+0000] {processor.py:840} INFO - DAG(s) 'crypto_daily_pipeline' retrieved from /opt/airflow/dags/crypto_pipeline_dag.py
[2026-07-13T15:35:55.416+0000] {logging_mixin.py:188} INFO - [2026-07-13T15:35:55.416+0000] {dag.py:3089} INFO - Sync 1 DAGs
[2026-07-13T15:35:55.424+0000] {logging_mixin.py:188} INFO - [2026-07-13T15:35:55.424+0000] {dag.py:3947} INFO - Setting next_dagrun for crypto_daily_pipeline to 2026-07-13 00:00:00+00:00, run_after=2026-07-14 00:00:00+00:00
[2026-07-13T15:35:55.430+0000] {processor.py:183} INFO - Processing /opt/airflow/dags/crypto_pipeline_dag.py took 0.038 seconds
[2026-07-13T15:36:25.580+0000] {processor.py:161} INFO - Started process (PID=2164) to work on /opt/airflow/dags/crypto_pipeline_dag.py
[2026-07-13T15:36:25.583+0000] {processor.py:830} INFO - Processing file /opt/airflow/dags/crypto_pipeline_dag.py for tasks to queue
[2026-07-13T15:36:25.584+0000] {logging_mixin.py:188} INFO - [2026-07-13T15:36:25.584+0000] {dagbag.py:545} INFO - Filling up the DagBag from /opt/airflow/dags/crypto_pipeline_dag.py
[2026-07-13T15:36:25.589+0000] {processor.py:840} INFO - DAG(s) 'crypto_daily_pipeline' retrieved from /opt/airflow/dags/crypto_pipeline_dag.py
[2026-07-13T15:36:25.599+0000] {logging_mixin.py:188} INFO - [2026-07-13T15:36:25.599+0000] {dag.py:3089} INFO - Sync 1 DAGs
[2026-07-13T15:36:25.607+0000] {logging_mixin.py:188} INFO - [2026-07-13T15:36:25.607+0000] {dag.py:3947} INFO - Setting next_dagrun for crypto_daily_pipeline to 2026-07-13 00:00:00+00:00, run_after=2026-07-14 00:00:00+00:00
[2026-07-13T15:36:25.612+0000] {processor.py:183} INFO - Processing /opt/airflow/dags/crypto_pipeline_dag.py took 0.036 seconds
[2026-07-13T15:36:55.747+0000] {processor.py:161} INFO - Started process (PID=2169) to work on /opt/airflow/dags/crypto_pipeline_dag.py
[2026-07-13T15:36:55.748+0000] {processor.py:830} INFO - Processing file /opt/airflow/dags/crypto_pipeline_dag.py for tasks to queue
[2026-07-13T15:36:55.749+0000] {logging_mixin.py:188} INFO - [2026-07-13T15:36:55.748+0000] {dagbag.py:545} INFO - Filling up the DagBag from /opt/airflow/dags/crypto_pipeline_dag.py
[2026-07-13T15:36:55.754+0000] {processor.py:840} INFO - DAG(s) 'crypto_daily_pipeline' retrieved from /opt/airflow/dags/crypto_pipeline_dag.py
[2026-07-13T15:36:55.766+0000] {logging_mixin.py:188} INFO - [2026-07-13T15:36:55.765+0000] {dag.py:3089} INFO - Sync 1 DAGs
[2026-07-13T15:36:55.773+0000] {logging_mixin.py:188} INFO - [2026-07-13T15:36:55.773+0000] {dag.py:3947} INFO - Setting next_dagrun for crypto_daily_pipeline to 2026-07-13 00:00:00+00:00, run_after=2026-07-14 00:00:00+00:00
[2026-07-13T15:36:55.778+0000] {processor.py:183} INFO - Processing /opt/airflow/dags/crypto_pipeline_dag.py took 0.035 seconds
[2026-07-13T15:37:25.933+0000] {processor.py:161} INFO - Started process (PID=2174) to work on /opt/airflow/dags/crypto_pipeline_dag.py
[2026-07-13T15:37:25.933+0000] {processor.py:830} INFO - Processing file /opt/airflow/dags/crypto_pipeline_dag.py for tasks to queue
[2026-07-13T15:37:25.935+0000] {logging_mixin.py:188} INFO - [2026-07-13T15:37:25.935+0000] {dagbag.py:545} INFO - Filling up the DagBag from /opt/airflow/dags/crypto_pipeline_dag.py
[2026-07-13T15:37:25.943+0000] {processor.py:840} INFO - DAG(s) 'crypto_daily_pipeline' retrieved from /opt/airflow/dags/crypto_pipeline_dag.py
[2026-07-13T15:37:25.959+0000] {logging_mixin.py:188} INFO - [2026-07-13T15:37:25.959+0000] {dag.py:3089} INFO - Sync 1 DAGs
[2026-07-13T15:37:25.971+0000] {logging_mixin.py:188} INFO - [2026-07-13T15:37:25.971+0000] {dag.py:3947} INFO - Setting next_dagrun for crypto_daily_pipeline to 2026-07-13 00:00:00+00:00, run_after=2026-07-14 00:00:00+00:00
[2026-07-13T15:37:25.978+0000] {processor.py:183} INFO - Processing /opt/airflow/dags/crypto_pipeline_dag.py took 0.050 seconds
[2026-07-13T15:37:56.116+0000] {processor.py:161} INFO - Started process (PID=2179) to work on /opt/airflow/dags/crypto_pipeline_dag.py
[2026-07-13T15:37:56.117+0000] {processor.py:830} INFO - Processing file /opt/airflow/dags/crypto_pipeline_dag.py for tasks to queue
[2026-07-13T15:37:56.118+0000] {logging_mixin.py:188} INFO - [2026-07-13T15:37:56.118+0000] {dagbag.py:545} INFO - Filling up the DagBag from /opt/airflow/dags/crypto_pipeline_dag.py
[2026-07-13T15:37:56.123+0000] {processor.py:840} INFO - DAG(s) 'crypto_daily_pipeline' retrieved from /opt/airflow/dags/crypto_pipeline_dag.py
[2026-07-13T15:37:56.135+0000] {logging_mixin.py:188} INFO - [2026-07-13T15:37:56.135+0000] {dag.py:3089} INFO - Sync 1 DAGs
[2026-07-13T15:37:56.142+0000] {logging_mixin.py:188} INFO - [2026-07-13T15:37:56.142+0000] {dag.py:3947} INFO - Setting next_dagrun for crypto_daily_pipeline to 2026-07-13 00:00:00+00:00, run_after=2026-07-14 00:00:00+00:00
[2026-07-13T15:37:56.147+0000] {processor.py:183} INFO - Processing /opt/airflow/dags/crypto_pipeline_dag.py took 0.034 seconds
[2026-07-13T15:38:26.283+0000] {processor.py:161} INFO - Started process (PID=2184) to work on /opt/airflow/dags/crypto_pipeline_dag.py
[2026-07-13T15:38:26.284+0000] {processor.py:830} INFO - Processing file /opt/airflow/dags/crypto_pipeline_dag.py for tasks to queue
[2026-07-13T15:38:26.285+0000] {logging_mixin.py:188} INFO - [2026-07-13T15:38:26.285+0000] {dagbag.py:545} INFO - Filling up the DagBag from /opt/airflow/dags/crypto_pipeline_dag.py
[2026-07-13T15:38:26.291+0000] {processor.py:840} INFO - DAG(s) 'crypto_daily_pipeline' retrieved from /opt/airflow/dags/crypto_pipeline_dag.py
[2026-07-13T15:38:26.302+0000] {logging_mixin.py:188} INFO - [2026-07-13T15:38:26.302+0000] {dag.py:3089} INFO - Sync 1 DAGs
[2026-07-13T15:38:26.311+0000] {logging_mixin.py:188} INFO - [2026-07-13T15:38:26.311+0000] {dag.py:3947} INFO - Setting next_dagrun for crypto_daily_pipeline to 2026-07-13 00:00:00+00:00, run_after=2026-07-14 00:00:00+00:00
[2026-07-13T15:38:26.316+0000] {processor.py:183} INFO - Processing /opt/airflow/dags/crypto_pipeline_dag.py took 0.036 seconds
[2026-07-13T15:38:56.458+0000] {processor.py:161} INFO - Started process (PID=2189) to work on /opt/airflow/dags/crypto_pipeline_dag.py
[2026-07-13T15:38:56.458+0000] {processor.py:830} INFO - Processing file /opt/airflow/dags/crypto_pipeline_dag.py for tasks to queue
[2026-07-13T15:38:56.460+0000] {logging_mixin.py:188} INFO - [2026-07-13T15:38:56.460+0000] {dagbag.py:545} INFO - Filling up the DagBag from /opt/airflow/dags/crypto_pipeline_dag.py
[2026-07-13T15:38:56.465+0000] {processor.py:840} INFO - DAG(s) 'crypto_daily_pipeline' retrieved from /opt/airflow/dags/crypto_pipeline_dag.py
[2026-07-13T15:38:56.478+0000] {logging_mixin.py:188} INFO - [2026-07-13T15:38:56.478+0000] {dag.py:3089} INFO - Sync 1 DAGs
[2026-07-13T15:38:56.486+0000] {logging_mixin.py:188} INFO - [2026-07-13T15:38:56.486+0000] {dag.py:3947} INFO - Setting next_dagrun for crypto_daily_pipeline to 2026-07-13 00:00:00+00:00, run_after=2026-07-14 00:00:00+00:00
[2026-07-13T15:38:56.492+0000] {processor.py:183} INFO - Processing /opt/airflow/dags/crypto_pipeline_dag.py took 0.038 seconds
[2026-07-13T15:39:26.642+0000] {processor.py:161} INFO - Started process (PID=2194) to work on /opt/airflow/dags/crypto_pipeline_dag.py
[2026-07-13T15:39:26.642+0000] {processor.py:830} INFO - Processing file /opt/airflow/dags/crypto_pipeline_dag.py for tasks to queue
[2026-07-13T15:39:26.643+0000] {logging_mixin.py:188} INFO - [2026-07-13T15:39:26.643+0000] {dagbag.py:545} INFO - Filling up the DagBag from /opt/airflow/dags/crypto_pipeline_dag.py
[2026-07-13T15:39:26.648+0000] {processor.py:840} INFO - DAG(s) 'crypto_daily_pipeline' retrieved from /opt/airflow/dags/crypto_pipeline_dag.py
[2026-07-13T15:39:26.659+0000] {logging_mixin.py:188} INFO - [2026-07-13T15:39:26.659+0000] {dag.py:3089} INFO - Sync 1 DAGs
[2026-07-13T15:39:26.667+0000] {logging_mixin.py:188} INFO - [2026-07-13T15:39:26.667+0000] {dag.py:3947} INFO - Setting next_dagrun for crypto_daily_pipeline to 2026-07-13 00:00:00+00:00, run_after=2026-07-14 00:00:00+00:00
[2026-07-13T15:39:26.673+0000] {processor.py:183} INFO - Processing /opt/airflow/dags/crypto_pipeline_dag.py took 0.037 seconds
[2026-07-13T15:39:56.834+0000] {processor.py:161} INFO - Started process (PID=2199) to work on /opt/airflow/dags/crypto_pipeline_dag.py
[2026-07-13T15:39:56.835+0000] {processor.py:830} INFO - Processing file /opt/airflow/dags/crypto_pipeline_dag.py for tasks to queue
[2026-07-13T15:39:56.836+0000] {logging_mixin.py:188} INFO - [2026-07-13T15:39:56.836+0000] {dagbag.py:545} INFO - Filling up the DagBag from /opt/airflow/dags/crypto_pipeline_dag.py
[2026-07-13T15:39:56.844+0000] {processor.py:840} INFO - DAG(s) 'crypto_daily_pipeline' retrieved from /opt/airflow/dags/crypto_pipeline_dag.py
[2026-07-13T15:39:56.858+0000] {logging_mixin.py:188} INFO - [2026-07-13T15:39:56.858+0000] {dag.py:3089} INFO - Sync 1 DAGs
[2026-07-13T15:39:56.865+0000] {logging_mixin.py:188} INFO - [2026-07-13T15:39:56.865+0000] {dag.py:3947} INFO - Setting next_dagrun for crypto_daily_pipeline to 2026-07-13 00:00:00+00:00, run_after=2026-07-14 00:00:00+00:00
[2026-07-13T15:39:56.872+0000] {processor.py:183} INFO - Processing /opt/airflow/dags/crypto_pipeline_dag.py took 0.042 seconds
[2026-07-13T15:40:27.006+0000] {processor.py:161} INFO - Started process (PID=2204) to work on /opt/airflow/dags/crypto_pipeline_dag.py
[2026-07-13T15:40:27.006+0000] {processor.py:830} INFO - Processing file /opt/airflow/dags/crypto_pipeline_dag.py for tasks to queue
[2026-07-13T15:40:27.007+0000] {logging_mixin.py:188} INFO - [2026-07-13T15:40:27.007+0000] {dagbag.py:545} INFO - Filling up the DagBag from /opt/airflow/dags/crypto_pipeline_dag.py
[2026-07-13T15:40:27.013+0000] {processor.py:840} INFO - DAG(s) 'crypto_daily_pipeline' retrieved from /opt/airflow/dags/crypto_pipeline_dag.py
[2026-07-13T15:40:27.029+0000] {logging_mixin.py:188} INFO - [2026-07-13T15:40:27.029+0000] {dag.py:3089} INFO - Sync 1 DAGs
[2026-07-13T15:40:27.039+0000] {logging_mixin.py:188} INFO - [2026-07-13T15:40:27.039+0000] {dag.py:3947} INFO - Setting next_dagrun for crypto_daily_pipeline to 2026-07-13 00:00:00+00:00, run_after=2026-07-14 00:00:00+00:00
[2026-07-13T15:40:27.047+0000] {processor.py:183} INFO - Processing /opt/airflow/dags/crypto_pipeline_dag.py took 0.045 seconds
[2026-07-13T15:40:57.214+0000] {processor.py:161} INFO - Started process (PID=2209) to work on /opt/airflow/dags/crypto_pipeline_dag.py
[2026-07-13T15:40:57.214+0000] {processor.py:830} INFO - Processing file /opt/airflow/dags/crypto_pipeline_dag.py for tasks to queue
[2026-07-13T15:40:57.215+0000] {logging_mixin.py:188} INFO - [2026-07-13T15:40:57.215+0000] {dagbag.py:545} INFO - Filling up the DagBag from /opt/airflow/dags/crypto_pipeline_dag.py
[2026-07-13T15:40:57.222+0000] {processor.py:840} INFO - DAG(s) 'crypto_daily_pipeline' retrieved from /opt/airflow/dags/crypto_pipeline_dag.py
[2026-07-13T15:40:57.238+0000] {logging_mixin.py:188} INFO - [2026-07-13T15:40:57.237+0000] {dag.py:3089} INFO - Sync 1 DAGs
[2026-07-13T15:40:57.246+0000] {logging_mixin.py:188} INFO - [2026-07-13T15:40:57.246+0000] {dag.py:3947} INFO - Setting next_dagrun for crypto_daily_pipeline to 2026-07-13 00:00:00+00:00, run_after=2026-07-14 00:00:00+00:00
[2026-07-13T15:40:57.252+0000] {processor.py:183} INFO - Processing /opt/airflow/dags/crypto_pipeline_dag.py took 0.041 seconds
[2026-07-13T15:41:27.402+0000] {processor.py:161} INFO - Started process (PID=2214) to work on /opt/airflow/dags/crypto_pipeline_dag.py
[2026-07-13T15:41:27.402+0000] {processor.py:830} INFO - Processing file /opt/airflow/dags/crypto_pipeline_dag.py for tasks to queue
[2026-07-13T15:41:27.403+0000] {logging_mixin.py:188} INFO - [2026-07-13T15:41:27.403+0000] {dagbag.py:545} INFO - Filling up the DagBag from /opt/airflow/dags/crypto_pipeline_dag.py
[2026-07-13T15:41:27.409+0000] {processor.py:840} INFO - DAG(s) 'crypto_daily_pipeline' retrieved from /opt/airflow/dags/crypto_pipeline_dag.py
[2026-07-13T15:41:27.423+0000] {logging_mixin.py:188} INFO - [2026-07-13T15:41:27.423+0000] {dag.py:3089} INFO - Sync 1 DAGs
[2026-07-13T15:41:27.431+0000] {logging_mixin.py:188} INFO - [2026-07-13T15:41:27.431+0000] {dag.py:3947} INFO - Setting next_dagrun for crypto_daily_pipeline to 2026-07-13 00:00:00+00:00, run_after=2026-07-14 00:00:00+00:00
[2026-07-13T15:41:27.437+0000] {processor.py:183} INFO - Processing /opt/airflow/dags/crypto_pipeline_dag.py took 0.039 seconds
[2026-07-13T15:41:57.598+0000] {processor.py:161} INFO - Started process (PID=2219) to work on /opt/airflow/dags/crypto_pipeline_dag.py
[2026-07-13T15:41:57.599+0000] {processor.py:830} INFO - Processing file /opt/airflow/dags/crypto_pipeline_dag.py for tasks to queue
[2026-07-13T15:41:57.600+0000] {logging_mixin.py:188} INFO - [2026-07-13T15:41:57.599+0000] {dagbag.py:545} INFO - Filling up the DagBag from /opt/airflow/dags/crypto_pipeline_dag.py
[2026-07-13T15:41:57.605+0000] {processor.py:840} INFO - DAG(s) 'crypto_daily_pipeline' retrieved from /opt/airflow/dags/crypto_pipeline_dag.py
[2026-07-13T15:41:57.617+0000] {logging_mixin.py:188} INFO - [2026-07-13T15:41:57.617+0000] {dag.py:3089} INFO - Sync 1 DAGs
[2026-07-13T15:41:57.625+0000] {logging_mixin.py:188} INFO - [2026-07-13T15:41:57.625+0000] {dag.py:3947} INFO - Setting next_dagrun for crypto_daily_pipeline to 2026-07-13 00:00:00+00:00, run_after=2026-07-14 00:00:00+00:00
[2026-07-13T15:41:57.631+0000] {processor.py:183} INFO - Processing /opt/airflow/dags/crypto_pipeline_dag.py took 0.037 seconds
[2026-07-13T15:42:27.789+0000] {processor.py:161} INFO - Started process (PID=2224) to work on /opt/airflow/dags/crypto_pipeline_dag.py
[2026-07-13T15:42:27.790+0000] {processor.py:830} INFO - Processing file /opt/airflow/dags/crypto_pipeline_dag.py for tasks to queue
[2026-07-13T15:42:27.791+0000] {logging_mixin.py:188} INFO - [2026-07-13T15:42:27.791+0000] {dagbag.py:545} INFO - Filling up the DagBag from /opt/airflow/dags/crypto_pipeline_dag.py
[2026-07-13T15:42:27.799+0000] {processor.py:840} INFO - DAG(s) 'crypto_daily_pipeline' retrieved from /opt/airflow/dags/crypto_pipeline_dag.py
[2026-07-13T15:42:27.815+0000] {logging_mixin.py:188} INFO - [2026-07-13T15:42:27.815+0000] {dag.py:3089} INFO - Sync 1 DAGs
[2026-07-13T15:42:27.825+0000] {logging_mixin.py:188} INFO - [2026-07-13T15:42:27.825+0000] {dag.py:3947} INFO - Setting next_dagrun for crypto_daily_pipeline to 2026-07-13 00:00:00+00:00, run_after=2026-07-14 00:00:00+00:00
[2026-07-13T15:42:27.834+0000] {processor.py:183} INFO - Processing /opt/airflow/dags/crypto_pipeline_dag.py took 0.049 seconds
[2026-07-13T15:42:57.992+0000] {processor.py:161} INFO - Started process (PID=2229) to work on /opt/airflow/dags/crypto_pipeline_dag.py
[2026-07-13T15:42:57.993+0000] {processor.py:830} INFO - Processing file /opt/airflow/dags/crypto_pipeline_dag.py for tasks to queue
[2026-07-13T15:42:57.994+0000] {logging_mixin.py:188} INFO - [2026-07-13T15:42:57.994+0000] {dagbag.py:545} INFO - Filling up the DagBag from /opt/airflow/dags/crypto_pipeline_dag.py
[2026-07-13T15:42:57.999+0000] {processor.py:840} INFO - DAG(s) 'crypto_daily_pipeline' retrieved from /opt/airflow/dags/crypto_pipeline_dag.py
[2026-07-13T15:42:58.011+0000] {logging_mixin.py:188} INFO - [2026-07-13T15:42:58.011+0000] {dag.py:3089} INFO - Sync 1 DAGs
[2026-07-13T15:42:58.018+0000] {logging_mixin.py:188} INFO - [2026-07-13T15:42:58.018+0000] {dag.py:3947} INFO - Setting next_dagrun for crypto_daily_pipeline to 2026-07-13 00:00:00+00:00, run_after=2026-07-14 00:00:00+00:00
[2026-07-13T15:42:58.024+0000] {processor.py:183} INFO - Processing /opt/airflow/dags/crypto_pipeline_dag.py took 0.035 seconds
[2026-07-13T15:43:28.176+0000] {processor.py:161} INFO - Started process (PID=2234) to work on /opt/airflow/dags/crypto_pipeline_dag.py
[2026-07-13T15:43:28.176+0000] {processor.py:830} INFO - Processing file /opt/airflow/dags/crypto_pipeline_dag.py for tasks to queue
[2026-07-13T15:43:28.178+0000] {logging_mixin.py:188} INFO - [2026-07-13T15:43:28.177+0000] {dagbag.py:545} INFO - Filling up the DagBag from /opt/airflow/dags/crypto_pipeline_dag.py
[2026-07-13T15:43:28.184+0000] {processor.py:840} INFO - DAG(s) 'crypto_daily_pipeline' retrieved from /opt/airflow/dags/crypto_pipeline_dag.py
[2026-07-13T15:43:28.196+0000] {logging_mixin.py:188} INFO - [2026-07-13T15:43:28.196+0000] {dag.py:3089} INFO - Sync 1 DAGs
[2026-07-13T15:43:28.204+0000] {logging_mixin.py:188} INFO - [2026-07-13T15:43:28.204+0000] {dag.py:3947} INFO - Setting next_dagrun for crypto_daily_pipeline to 2026-07-13 00:00:00+00:00, run_after=2026-07-14 00:00:00+00:00
[2026-07-13T15:43:28.211+0000] {processor.py:183} INFO - Processing /opt/airflow/dags/crypto_pipeline_dag.py took 0.039 seconds
[2026-07-13T15:43:58.375+0000] {processor.py:161} INFO - Started process (PID=2239) to work on /opt/airflow/dags/crypto_pipeline_dag.py
[2026-07-13T15:43:58.376+0000] {processor.py:830} INFO - Processing file /opt/airflow/dags/crypto_pipeline_dag.py for tasks to queue
[2026-07-13T15:43:58.377+0000] {logging_mixin.py:188} INFO - [2026-07-13T15:43:58.377+0000] {dagbag.py:545} INFO - Filling up the DagBag from /opt/airflow/dags/crypto_pipeline_dag.py
[2026-07-13T15:43:58.383+0000] {processor.py:840} INFO - DAG(s) 'crypto_daily_pipeline' retrieved from /opt/airflow/dags/crypto_pipeline_dag.py
[2026-07-13T15:43:58.395+0000] {logging_mixin.py:188} INFO - [2026-07-13T15:43:58.395+0000] {dag.py:3089} INFO - Sync 1 DAGs
[2026-07-13T15:43:58.404+0000] {logging_mixin.py:188} INFO - [2026-07-13T15:43:58.404+0000] {dag.py:3947} INFO - Setting next_dagrun for crypto_daily_pipeline to 2026-07-13 00:00:00+00:00, run_after=2026-07-14 00:00:00+00:00
[2026-07-13T15:43:58.411+0000] {processor.py:183} INFO - Processing /opt/airflow/dags/crypto_pipeline_dag.py took 0.039 seconds
[2026-07-13T15:44:28.616+0000] {processor.py:161} INFO - Started process (PID=2244) to work on /opt/airflow/dags/crypto_pipeline_dag.py
[2026-07-13T15:44:28.618+0000] {processor.py:830} INFO - Processing file /opt/airflow/dags/crypto_pipeline_dag.py for tasks to queue
[2026-07-13T15:44:28.620+0000] {logging_mixin.py:188} INFO - [2026-07-13T15:44:28.620+0000] {dagbag.py:545} INFO - Filling up the DagBag from /opt/airflow/dags/crypto_pipeline_dag.py
[2026-07-13T15:44:28.633+0000] {processor.py:840} INFO - DAG(s) 'crypto_daily_pipeline' retrieved from /opt/airflow/dags/crypto_pipeline_dag.py
[2026-07-13T15:44:28.655+0000] {logging_mixin.py:188} INFO - [2026-07-13T15:44:28.655+0000] {dag.py:3089} INFO - Sync 1 DAGs
[2026-07-13T15:44:28.664+0000] {logging_mixin.py:188} INFO - [2026-07-13T15:44:28.664+0000] {dag.py:3947} INFO - Setting next_dagrun for crypto_daily_pipeline to 2026-07-13 00:00:00+00:00, run_after=2026-07-14 00:00:00+00:00
[2026-07-13T15:44:28.669+0000] {processor.py:183} INFO - Processing /opt/airflow/dags/crypto_pipeline_dag.py took 0.062 seconds
[2026-07-13T16:25:01.834+0000] {processor.py:161} INFO - Started process (PID=2249) to work on /opt/airflow/dags/crypto_pipeline_dag.py
[2026-07-13T16:25:01.835+0000] {processor.py:830} INFO - Processing file /opt/airflow/dags/crypto_pipeline_dag.py for tasks to queue
[2026-07-13T16:25:01.837+0000] {logging_mixin.py:188} INFO - [2026-07-13T16:25:01.837+0000] {dagbag.py:545} INFO - Filling up the DagBag from /opt/airflow/dags/crypto_pipeline_dag.py
[2026-07-13T16:25:01.844+0000] {processor.py:840} INFO - DAG(s) 'crypto_daily_pipeline' retrieved from /opt/airflow/dags/crypto_pipeline_dag.py
[2026-07-13T16:25:01.860+0000] {logging_mixin.py:188} INFO - [2026-07-13T16:25:01.859+0000] {dag.py:3089} INFO - Sync 1 DAGs
[2026-07-13T16:25:01.871+0000] {logging_mixin.py:188} INFO - [2026-07-13T16:25:01.871+0000] {dag.py:3947} INFO - Setting next_dagrun for crypto_daily_pipeline to 2026-07-13 00:00:00+00:00, run_after=2026-07-14 00:00:00+00:00
[2026-07-13T16:25:01.877+0000] {processor.py:183} INFO - Processing /opt/airflow/dags/crypto_pipeline_dag.py took 0.048 seconds
[2026-07-13T16:29:14.669+0000] {processor.py:161} INFO - Started process (PID=2254) to work on /opt/airflow/dags/crypto_pipeline_dag.py
[2026-07-13T16:29:14.670+0000] {processor.py:830} INFO - Processing file /opt/airflow/dags/crypto_pipeline_dag.py for tasks to queue
[2026-07-13T16:29:14.673+0000] {logging_mixin.py:188} INFO - [2026-07-13T16:29:14.672+0000] {dagbag.py:545} INFO - Filling up the DagBag from /opt/airflow/dags/crypto_pipeline_dag.py
[2026-07-13T16:29:14.683+0000] {processor.py:840} INFO - DAG(s) 'crypto_daily_pipeline' retrieved from /opt/airflow/dags/crypto_pipeline_dag.py
[2026-07-13T16:29:14.698+0000] {logging_mixin.py:188} INFO - [2026-07-13T16:29:14.698+0000] {dag.py:3089} INFO - Sync 1 DAGs
[2026-07-13T16:29:14.708+0000] {logging_mixin.py:188} INFO - [2026-07-13T16:29:14.707+0000] {dag.py:3947} INFO - Setting next_dagrun for crypto_daily_pipeline to 2026-07-13 00:00:00+00:00, run_after=2026-07-14 00:00:00+00:00
[2026-07-13T16:29:14.713+0000] {processor.py:183} INFO - Processing /opt/airflow/dags/crypto_pipeline_dag.py took 0.050 seconds
[2026-07-13T16:29:44.893+0000] {processor.py:161} INFO - Started process (PID=2259) to work on /opt/airflow/dags/crypto_pipeline_dag.py
[2026-07-13T16:29:44.894+0000] {processor.py:830} INFO - Processing file /opt/airflow/dags/crypto_pipeline_dag.py for tasks to queue
[2026-07-13T16:29:44.896+0000] {logging_mixin.py:188} INFO - [2026-07-13T16:29:44.896+0000] {dagbag.py:545} INFO - Filling up the DagBag from /opt/airflow/dags/crypto_pipeline_dag.py
[2026-07-13T16:29:44.905+0000] {processor.py:840} INFO - DAG(s) 'crypto_daily_pipeline' retrieved from /opt/airflow/dags/crypto_pipeline_dag.py
[2026-07-13T16:29:44.922+0000] {logging_mixin.py:188} INFO - [2026-07-13T16:29:44.922+0000] {dag.py:3089} INFO - Sync 1 DAGs
[2026-07-13T16:29:44.930+0000] {logging_mixin.py:188} INFO - [2026-07-13T16:29:44.930+0000] {dag.py:3947} INFO - Setting next_dagrun for crypto_daily_pipeline to 2026-07-13 00:00:00+00:00, run_after=2026-07-14 00:00:00+00:00
[2026-07-13T16:29:44.937+0000] {processor.py:183} INFO - Processing /opt/airflow/dags/crypto_pipeline_dag.py took 0.048 seconds
[2026-07-13T16:30:15.115+0000] {processor.py:161} INFO - Started process (PID=2264) to work on /opt/airflow/dags/crypto_pipeline_dag.py
[2026-07-13T16:30:15.116+0000] {processor.py:830} INFO - Processing file /opt/airflow/dags/crypto_pipeline_dag.py for tasks to queue
[2026-07-13T16:30:15.117+0000] {logging_mixin.py:188} INFO - [2026-07-13T16:30:15.117+0000] {dagbag.py:545} INFO - Filling up the DagBag from /opt/airflow/dags/crypto_pipeline_dag.py
[2026-07-13T16:30:15.126+0000] {processor.py:840} INFO - DAG(s) 'crypto_daily_pipeline' retrieved from /opt/airflow/dags/crypto_pipeline_dag.py
[2026-07-13T16:30:15.144+0000] {logging_mixin.py:188} INFO - [2026-07-13T16:30:15.144+0000] {dag.py:3089} INFO - Sync 1 DAGs
[2026-07-13T16:30:15.153+0000] {logging_mixin.py:188} INFO - [2026-07-13T16:30:15.153+0000] {dag.py:3947} INFO - Setting next_dagrun for crypto_daily_pipeline to 2026-07-13 00:00:00+00:00, run_after=2026-07-14 00:00:00+00:00
[2026-07-13T16:30:15.159+0000] {processor.py:183} INFO - Processing /opt/airflow/dags/crypto_pipeline_dag.py took 0.050 seconds
[2026-07-13T16:30:45.321+0000] {processor.py:161} INFO - Started process (PID=2269) to work on /opt/airflow/dags/crypto_pipeline_dag.py
[2026-07-13T16:30:45.321+0000] {processor.py:830} INFO - Processing file /opt/airflow/dags/crypto_pipeline_dag.py for tasks to queue
[2026-07-13T16:30:45.323+0000] {logging_mixin.py:188} INFO - [2026-07-13T16:30:45.323+0000] {dagbag.py:545} INFO - Filling up the DagBag from /opt/airflow/dags/crypto_pipeline_dag.py
[2026-07-13T16:30:45.332+0000] {processor.py:840} INFO - DAG(s) 'crypto_daily_pipeline' retrieved from /opt/airflow/dags/crypto_pipeline_dag.py
[2026-07-13T16:30:45.348+0000] {logging_mixin.py:188} INFO - [2026-07-13T16:30:45.348+0000] {dag.py:3089} INFO - Sync 1 DAGs
[2026-07-13T16:30:45.357+0000] {logging_mixin.py:188} INFO - [2026-07-13T16:30:45.357+0000] {dag.py:3947} INFO - Setting next_dagrun for crypto_daily_pipeline to 2026-07-13 00:00:00+00:00, run_after=2026-07-14 00:00:00+00:00
[2026-07-13T16:30:45.363+0000] {processor.py:183} INFO - Processing /opt/airflow/dags/crypto_pipeline_dag.py took 0.047 seconds
[2026-07-13T16:31:15.517+0000] {processor.py:161} INFO - Started process (PID=2274) to work on /opt/airflow/dags/crypto_pipeline_dag.py
[2026-07-13T16:31:15.517+0000] {processor.py:830} INFO - Processing file /opt/airflow/dags/crypto_pipeline_dag.py for tasks to queue
[2026-07-13T16:31:15.519+0000] {logging_mixin.py:188} INFO - [2026-07-13T16:31:15.519+0000] {dagbag.py:545} INFO - Filling up the DagBag from /opt/airflow/dags/crypto_pipeline_dag.py
[2026-07-13T16:31:15.527+0000] {processor.py:840} INFO - DAG(s) 'crypto_daily_pipeline' retrieved from /opt/airflow/dags/crypto_pipeline_dag.py
[2026-07-13T16:31:15.543+0000] {logging_mixin.py:188} INFO - [2026-07-13T16:31:15.543+0000] {dag.py:3089} INFO - Sync 1 DAGs
[2026-07-13T16:31:15.552+0000] {logging_mixin.py:188} INFO - [2026-07-13T16:31:15.552+0000] {dag.py:3947} INFO - Setting next_dagrun for crypto_daily_pipeline to 2026-07-13 00:00:00+00:00, run_after=2026-07-14 00:00:00+00:00
[2026-07-13T16:31:15.557+0000] {processor.py:183} INFO - Processing /opt/airflow/dags/crypto_pipeline_dag.py took 0.047 seconds
[2026-07-13T16:31:45.722+0000] {processor.py:161} INFO - Started process (PID=2279) to work on /opt/airflow/dags/crypto_pipeline_dag.py
[2026-07-13T16:31:45.723+0000] {processor.py:830} INFO - Processing file /opt/airflow/dags/crypto_pipeline_dag.py for tasks to queue
[2026-07-13T16:31:45.726+0000] {logging_mixin.py:188} INFO - [2026-07-13T16:31:45.725+0000] {dagbag.py:545} INFO - Filling up the DagBag from /opt/airflow/dags/crypto_pipeline_dag.py
[2026-07-13T16:31:45.737+0000] {processor.py:840} INFO - DAG(s) 'crypto_daily_pipeline' retrieved from /opt/airflow/dags/crypto_pipeline_dag.py
[2026-07-13T16:31:45.756+0000] {logging_mixin.py:188} INFO - [2026-07-13T16:31:45.756+0000] {dag.py:3089} INFO - Sync 1 DAGs
[2026-07-13T16:31:45.765+0000] {logging_mixin.py:188} INFO - [2026-07-13T16:31:45.765+0000] {dag.py:3947} INFO - Setting next_dagrun for crypto_daily_pipeline to 2026-07-13 00:00:00+00:00, run_after=2026-07-14 00:00:00+00:00
[2026-07-13T16:31:45.771+0000] {processor.py:183} INFO - Processing /opt/airflow/dags/crypto_pipeline_dag.py took 0.058 seconds
[2026-07-13T16:32:15.904+0000] {processor.py:161} INFO - Started process (PID=2284) to work on /opt/airflow/dags/crypto_pipeline_dag.py
[2026-07-13T16:32:15.905+0000] {processor.py:830} INFO - Processing file /opt/airflow/dags/crypto_pipeline_dag.py for tasks to queue
[2026-07-13T16:32:15.907+0000] {logging_mixin.py:188} INFO - [2026-07-13T16:32:15.906+0000] {dagbag.py:545} INFO - Filling up the DagBag from /opt/airflow/dags/crypto_pipeline_dag.py
[2026-07-13T16:32:15.915+0000] {processor.py:840} INFO - DAG(s) 'crypto_daily_pipeline' retrieved from /opt/airflow/dags/crypto_pipeline_dag.py
[2026-07-13T16:32:15.932+0000] {logging_mixin.py:188} INFO - [2026-07-13T16:32:15.932+0000] {dag.py:3089} INFO - Sync 1 DAGs
[2026-07-13T16:32:15.942+0000] {logging_mixin.py:188} INFO - [2026-07-13T16:32:15.942+0000] {dag.py:3947} INFO - Setting next_dagrun for crypto_daily_pipeline to 2026-07-13 00:00:00+00:00, run_after=2026-07-14 00:00:00+00:00
[2026-07-13T16:32:15.948+0000] {processor.py:183} INFO - Processing /opt/airflow/dags/crypto_pipeline_dag.py took 0.049 seconds
[2026-07-13T16:32:46.118+0000] {processor.py:161} INFO - Started process (PID=2289) to work on /opt/airflow/dags/crypto_pipeline_dag.py
[2026-07-13T16:32:46.118+0000] {processor.py:830} INFO - Processing file /opt/airflow/dags/crypto_pipeline_dag.py for tasks to queue
[2026-07-13T16:32:46.120+0000] {logging_mixin.py:188} INFO - [2026-07-13T16:32:46.119+0000] {dagbag.py:545} INFO - Filling up the DagBag from /opt/airflow/dags/crypto_pipeline_dag.py
[2026-07-13T16:32:46.128+0000] {processor.py:840} INFO - DAG(s) 'crypto_daily_pipeline' retrieved from /opt/airflow/dags/crypto_pipeline_dag.py
[2026-07-13T16:32:46.146+0000] {logging_mixin.py:188} INFO - [2026-07-13T16:32:46.146+0000] {dag.py:3089} INFO - Sync 1 DAGs
[2026-07-13T16:32:46.155+0000] {logging_mixin.py:188} INFO - [2026-07-13T16:32:46.155+0000] {dag.py:3947} INFO - Setting next_dagrun for crypto_daily_pipeline to 2026-07-13 00:00:00+00:00, run_after=2026-07-14 00:00:00+00:00
[2026-07-13T16:32:46.160+0000] {processor.py:183} INFO - Processing /opt/airflow/dags/crypto_pipeline_dag.py took 0.048 seconds
[2026-07-13T16:33:16.328+0000] {processor.py:161} INFO - Started process (PID=2294) to work on /opt/airflow/dags/crypto_pipeline_dag.py
[2026-07-13T16:33:16.329+0000] {processor.py:830} INFO - Processing file /opt/airflow/dags/crypto_pipeline_dag.py for tasks to queue
[2026-07-13T16:33:16.330+0000] {logging_mixin.py:188} INFO - [2026-07-13T16:33:16.330+0000] {dagbag.py:545} INFO - Filling up the DagBag from /opt/airflow/dags/crypto_pipeline_dag.py
[2026-07-13T16:33:16.339+0000] {processor.py:840} INFO - DAG(s) 'crypto_daily_pipeline' retrieved from /opt/airflow/dags/crypto_pipeline_dag.py
[2026-07-13T16:33:16.357+0000] {logging_mixin.py:188} INFO - [2026-07-13T16:33:16.357+0000] {dag.py:3089} INFO - Sync 1 DAGs
[2026-07-13T16:33:16.365+0000] {logging_mixin.py:188} INFO - [2026-07-13T16:33:16.365+0000] {dag.py:3947} INFO - Setting next_dagrun for crypto_daily_pipeline to 2026-07-13 00:00:00+00:00, run_after=2026-07-14 00:00:00+00:00
[2026-07-13T16:33:16.371+0000] {processor.py:183} INFO - Processing /opt/airflow/dags/crypto_pipeline_dag.py took 0.048 seconds
[2026-07-13T16:33:46.542+0000] {processor.py:161} INFO - Started process (PID=2299) to work on /opt/airflow/dags/crypto_pipeline_dag.py
[2026-07-13T16:33:46.543+0000] {processor.py:830} INFO - Processing file /opt/airflow/dags/crypto_pipeline_dag.py for tasks to queue
[2026-07-13T16:33:46.544+0000] {logging_mixin.py:188} INFO - [2026-07-13T16:33:46.544+0000] {dagbag.py:545} INFO - Filling up the DagBag from /opt/airflow/dags/crypto_pipeline_dag.py
[2026-07-13T16:33:46.552+0000] {processor.py:840} INFO - DAG(s) 'crypto_daily_pipeline' retrieved from /opt/airflow/dags/crypto_pipeline_dag.py
[2026-07-13T16:33:46.569+0000] {logging_mixin.py:188} INFO - [2026-07-13T16:33:46.569+0000] {dag.py:3089} INFO - Sync 1 DAGs
[2026-07-13T16:33:46.577+0000] {logging_mixin.py:188} INFO - [2026-07-13T16:33:46.577+0000] {dag.py:3947} INFO - Setting next_dagrun for crypto_daily_pipeline to 2026-07-13 00:00:00+00:00, run_after=2026-07-14 00:00:00+00:00
[2026-07-13T16:33:46.583+0000] {processor.py:183} INFO - Processing /opt/airflow/dags/crypto_pipeline_dag.py took 0.047 seconds
[2026-07-13T16:34:16.716+0000] {processor.py:161} INFO - Started process (PID=2304) to work on /opt/airflow/dags/crypto_pipeline_dag.py
[2026-07-13T16:34:16.716+0000] {processor.py:830} INFO - Processing file /opt/airflow/dags/crypto_pipeline_dag.py for tasks to queue
[2026-07-13T16:34:16.718+0000] {logging_mixin.py:188} INFO - [2026-07-13T16:34:16.717+0000] {dagbag.py:545} INFO - Filling up the DagBag from /opt/airflow/dags/crypto_pipeline_dag.py
[2026-07-13T16:34:16.726+0000] {processor.py:840} INFO - DAG(s) 'crypto_daily_pipeline' retrieved from /opt/airflow/dags/crypto_pipeline_dag.py
[2026-07-13T16:34:16.744+0000] {logging_mixin.py:188} INFO - [2026-07-13T16:34:16.744+0000] {dag.py:3089} INFO - Sync 1 DAGs
[2026-07-13T16:34:16.753+0000] {logging_mixin.py:188} INFO - [2026-07-13T16:34:16.753+0000] {dag.py:3947} INFO - Setting next_dagrun for crypto_daily_pipeline to 2026-07-13 00:00:00+00:00, run_after=2026-07-14 00:00:00+00:00
[2026-07-13T16:34:16.759+0000] {processor.py:183} INFO - Processing /opt/airflow/dags/crypto_pipeline_dag.py took 0.051 seconds
[2026-07-13T16:34:46.915+0000] {processor.py:161} INFO - Started process (PID=2309) to work on /opt/airflow/dags/crypto_pipeline_dag.py
[2026-07-13T16:34:46.916+0000] {processor.py:830} INFO - Processing file /opt/airflow/dags/crypto_pipeline_dag.py for tasks to queue
[2026-07-13T16:34:46.917+0000] {logging_mixin.py:188} INFO - [2026-07-13T16:34:46.917+0000] {dagbag.py:545} INFO - Filling up the DagBag from /opt/airflow/dags/crypto_pipeline_dag.py
[2026-07-13T16:34:46.925+0000] {processor.py:840} INFO - DAG(s) 'crypto_daily_pipeline' retrieved from /opt/airflow/dags/crypto_pipeline_dag.py
[2026-07-13T16:34:46.943+0000] {logging_mixin.py:188} INFO - [2026-07-13T16:34:46.943+0000] {dag.py:3089} INFO - Sync 1 DAGs
[2026-07-13T16:34:46.952+0000] {logging_mixin.py:188} INFO - [2026-07-13T16:34:46.952+0000] {dag.py:3947} INFO - Setting next_dagrun for crypto_daily_pipeline to 2026-07-13 00:00:00+00:00, run_after=2026-07-14 00:00:00+00:00
[2026-07-13T16:34:46.957+0000] {processor.py:183} INFO - Processing /opt/airflow/dags/crypto_pipeline_dag.py took 0.048 seconds
[2026-07-13T16:35:17.131+0000] {processor.py:161} INFO - Started process (PID=2314) to work on /opt/airflow/dags/crypto_pipeline_dag.py
[2026-07-13T16:35:17.131+0000] {processor.py:830} INFO - Processing file /opt/airflow/dags/crypto_pipeline_dag.py for tasks to queue
[2026-07-13T16:35:17.133+0000] {logging_mixin.py:188} INFO - [2026-07-13T16:35:17.133+0000] {dagbag.py:545} INFO - Filling up the DagBag from /opt/airflow/dags/crypto_pipeline_dag.py
[2026-07-13T16:35:17.141+0000] {processor.py:840} INFO - DAG(s) 'crypto_daily_pipeline' retrieved from /opt/airflow/dags/crypto_pipeline_dag.py
[2026-07-13T16:35:17.159+0000] {logging_mixin.py:188} INFO - [2026-07-13T16:35:17.159+0000] {dag.py:3089} INFO - Sync 1 DAGs
[2026-07-13T16:35:17.169+0000] {logging_mixin.py:188} INFO - [2026-07-13T16:35:17.168+0000] {dag.py:3947} INFO - Setting next_dagrun for crypto_daily_pipeline to 2026-07-13 00:00:00+00:00, run_after=2026-07-14 00:00:00+00:00
[2026-07-13T16:35:17.174+0000] {processor.py:183} INFO - Processing /opt/airflow/dags/crypto_pipeline_dag.py took 0.048 seconds
[2026-07-13T16:35:47.345+0000] {processor.py:161} INFO - Started process (PID=2319) to work on /opt/airflow/dags/crypto_pipeline_dag.py
[2026-07-13T16:35:47.346+0000] {processor.py:830} INFO - Processing file /opt/airflow/dags/crypto_pipeline_dag.py for tasks to queue
[2026-07-13T16:35:47.348+0000] {logging_mixin.py:188} INFO - [2026-07-13T16:35:47.348+0000] {dagbag.py:545} INFO - Filling up the DagBag from /opt/airflow/dags/crypto_pipeline_dag.py
[2026-07-13T16:35:47.357+0000] {processor.py:840} INFO - DAG(s) 'crypto_daily_pipeline' retrieved from /opt/airflow/dags/crypto_pipeline_dag.py
[2026-07-13T16:35:47.378+0000] {logging_mixin.py:188} INFO - [2026-07-13T16:35:47.377+0000] {dag.py:3089} INFO - Sync 1 DAGs
[2026-07-13T16:35:47.389+0000] {logging_mixin.py:188} INFO - [2026-07-13T16:35:47.389+0000] {dag.py:3947} INFO - Setting next_dagrun for crypto_daily_pipeline to 2026-07-13 00:00:00+00:00, run_after=2026-07-14 00:00:00+00:00
[2026-07-13T16:35:47.396+0000] {processor.py:183} INFO - Processing /opt/airflow/dags/crypto_pipeline_dag.py took 0.056 seconds
[2026-07-13T16:36:17.579+0000] {processor.py:161} INFO - Started process (PID=2324) to work on /opt/airflow/dags/crypto_pipeline_dag.py
[2026-07-13T16:36:17.580+0000] {processor.py:830} INFO - Processing file /opt/airflow/dags/crypto_pipeline_dag.py for tasks to queue
[2026-07-13T16:36:17.581+0000] {logging_mixin.py:188} INFO - [2026-07-13T16:36:17.581+0000] {dagbag.py:545} INFO - Filling up the DagBag from /opt/airflow/dags/crypto_pipeline_dag.py
[2026-07-13T16:36:17.590+0000] {processor.py:840} INFO - DAG(s) 'crypto_daily_pipeline' retrieved from /opt/airflow/dags/crypto_pipeline_dag.py
[2026-07-13T16:36:17.609+0000] {logging_mixin.py:188} INFO - [2026-07-13T16:36:17.609+0000] {dag.py:3089} INFO - Sync 1 DAGs
[2026-07-13T16:36:17.620+0000] {logging_mixin.py:188} INFO - [2026-07-13T16:36:17.620+0000] {dag.py:3947} INFO - Setting next_dagrun for crypto_daily_pipeline to 2026-07-13 00:00:00+00:00, run_after=2026-07-14 00:00:00+00:00
[2026-07-13T16:36:17.629+0000] {processor.py:183} INFO - Processing /opt/airflow/dags/crypto_pipeline_dag.py took 0.056 seconds
[2026-07-13T16:36:47.763+0000] {processor.py:161} INFO - Started process (PID=2329) to work on /opt/airflow/dags/crypto_pipeline_dag.py
[2026-07-13T16:36:47.764+0000] {processor.py:830} INFO - Processing file /opt/airflow/dags/crypto_pipeline_dag.py for tasks to queue
[2026-07-13T16:36:47.765+0000] {logging_mixin.py:188} INFO - [2026-07-13T16:36:47.765+0000] {dagbag.py:545} INFO - Filling up the DagBag from /opt/airflow/dags/crypto_pipeline_dag.py
[2026-07-13T16:36:47.775+0000] {processor.py:840} INFO - DAG(s) 'crypto_daily_pipeline' retrieved from /opt/airflow/dags/crypto_pipeline_dag.py
[2026-07-13T16:36:47.789+0000] {logging_mixin.py:188} INFO - [2026-07-13T16:36:47.789+0000] {dag.py:3089} INFO - Sync 1 DAGs
[2026-07-13T16:36:47.799+0000] {logging_mixin.py:188} INFO - [2026-07-13T16:36:47.799+0000] {dag.py:3947} INFO - Setting next_dagrun for crypto_daily_pipeline to 2026-07-13 00:00:00+00:00, run_after=2026-07-14 00:00:00+00:00
[2026-07-13T16:36:47.806+0000] {processor.py:183} INFO - Processing /opt/airflow/dags/crypto_pipeline_dag.py took 0.049 seconds
[2026-07-13T16:37:17.969+0000] {processor.py:161} INFO - Started process (PID=2334) to work on /opt/airflow/dags/crypto_pipeline_dag.py
[2026-07-13T16:37:17.970+0000] {processor.py:830} INFO - Processing file /opt/airflow/dags/crypto_pipeline_dag.py for tasks to queue
[2026-07-13T16:37:17.971+0000] {logging_mixin.py:188} INFO - [2026-07-13T16:37:17.971+0000] {dagbag.py:545} INFO - Filling up the DagBag from /opt/airflow/dags/crypto_pipeline_dag.py
[2026-07-13T16:37:17.979+0000] {processor.py:840} INFO - DAG(s) 'crypto_daily_pipeline' retrieved from /opt/airflow/dags/crypto_pipeline_dag.py
[2026-07-13T16:37:17.996+0000] {logging_mixin.py:188} INFO - [2026-07-13T16:37:17.996+0000] {dag.py:3089} INFO - Sync 1 DAGs
[2026-07-13T16:37:18.007+0000] {logging_mixin.py:188} INFO - [2026-07-13T16:37:18.007+0000] {dag.py:3947} INFO - Setting next_dagrun for crypto_daily_pipeline to 2026-07-13 00:00:00+00:00, run_after=2026-07-14 00:00:00+00:00
[2026-07-13T16:37:18.014+0000] {processor.py:183} INFO - Processing /opt/airflow/dags/crypto_pipeline_dag.py took 0.049 seconds
[2026-07-13T16:37:48.164+0000] {processor.py:161} INFO - Started process (PID=2339) to work on /opt/airflow/dags/crypto_pipeline_dag.py
[2026-07-13T16:37:48.164+0000] {processor.py:830} INFO - Processing file /opt/airflow/dags/crypto_pipeline_dag.py for tasks to queue
[2026-07-13T16:37:48.165+0000] {logging_mixin.py:188} INFO - [2026-07-13T16:37:48.165+0000] {dagbag.py:545} INFO - Filling up the DagBag from /opt/airflow/dags/crypto_pipeline_dag.py
[2026-07-13T16:37:48.170+0000] {processor.py:840} INFO - DAG(s) 'crypto_daily_pipeline' retrieved from /opt/airflow/dags/crypto_pipeline_dag.py
[2026-07-13T16:37:48.182+0000] {logging_mixin.py:188} INFO - [2026-07-13T16:37:48.182+0000] {dag.py:3089} INFO - Sync 1 DAGs
[2026-07-13T16:37:48.189+0000] {logging_mixin.py:188} INFO - [2026-07-13T16:37:48.189+0000] {dag.py:3947} INFO - Setting next_dagrun for crypto_daily_pipeline to 2026-07-13 00:00:00+00:00, run_after=2026-07-14 00:00:00+00:00
[2026-07-13T16:37:48.195+0000] {processor.py:183} INFO - Processing /opt/airflow/dags/crypto_pipeline_dag.py took 0.036 seconds
[2026-07-13T16:38:18.378+0000] {processor.py:161} INFO - Started process (PID=2344) to work on /opt/airflow/dags/crypto_pipeline_dag.py
[2026-07-13T16:38:18.378+0000] {processor.py:830} INFO - Processing file /opt/airflow/dags/crypto_pipeline_dag.py for tasks to queue
[2026-07-13T16:38:18.380+0000] {logging_mixin.py:188} INFO - [2026-07-13T16:38:18.379+0000] {dagbag.py:545} INFO - Filling up the DagBag from /opt/airflow/dags/crypto_pipeline_dag.py
[2026-07-13T16:38:18.386+0000] {processor.py:840} INFO - DAG(s) 'crypto_daily_pipeline' retrieved from /opt/airflow/dags/crypto_pipeline_dag.py
[2026-07-13T16:38:18.399+0000] {logging_mixin.py:188} INFO - [2026-07-13T16:38:18.399+0000] {dag.py:3089} INFO - Sync 1 DAGs
[2026-07-13T16:38:18.408+0000] {logging_mixin.py:188} INFO - [2026-07-13T16:38:18.408+0000] {dag.py:3947} INFO - Setting next_dagrun for crypto_daily_pipeline to 2026-07-13 00:00:00+00:00, run_after=2026-07-14 00:00:00+00:00
[2026-07-13T16:38:18.415+0000] {processor.py:183} INFO - Processing /opt/airflow/dags/crypto_pipeline_dag.py took 0.041 seconds
[2026-07-13T16:38:48.584+0000] {processor.py:161} INFO - Started process (PID=2349) to work on /opt/airflow/dags/crypto_pipeline_dag.py
[2026-07-13T16:38:48.584+0000] {processor.py:830} INFO - Processing file /opt/airflow/dags/crypto_pipeline_dag.py for tasks to queue
[2026-07-13T16:38:48.585+0000] {logging_mixin.py:188} INFO - [2026-07-13T16:38:48.585+0000] {dagbag.py:545} INFO - Filling up the DagBag from /opt/airflow/dags/crypto_pipeline_dag.py
[2026-07-13T16:38:48.591+0000] {processor.py:840} INFO - DAG(s) 'crypto_daily_pipeline' retrieved from /opt/airflow/dags/crypto_pipeline_dag.py
[2026-07-13T16:38:48.602+0000] {logging_mixin.py:188} INFO - [2026-07-13T16:38:48.602+0000] {dag.py:3089} INFO - Sync 1 DAGs
[2026-07-13T16:38:48.608+0000] {logging_mixin.py:188} INFO - [2026-07-13T16:38:48.608+0000] {dag.py:3947} INFO - Setting next_dagrun for crypto_daily_pipeline to 2026-07-13 00:00:00+00:00, run_after=2026-07-14 00:00:00+00:00
[2026-07-13T16:38:48.615+0000] {processor.py:183} INFO - Processing /opt/airflow/dags/crypto_pipeline_dag.py took 0.034 seconds
[2026-07-13T16:39:18.768+0000] {processor.py:161} INFO - Started process (PID=2354) to work on /opt/airflow/dags/crypto_pipeline_dag.py
[2026-07-13T16:39:18.768+0000] {processor.py:830} INFO - Processing file /opt/airflow/dags/crypto_pipeline_dag.py for tasks to queue
[2026-07-13T16:39:18.769+0000] {logging_mixin.py:188} INFO - [2026-07-13T16:39:18.769+0000] {dagbag.py:545} INFO - Filling up the DagBag from /opt/airflow/dags/crypto_pipeline_dag.py
[2026-07-13T16:39:18.773+0000] {processor.py:840} INFO - DAG(s) 'crypto_daily_pipeline' retrieved from /opt/airflow/dags/crypto_pipeline_dag.py
[2026-07-13T16:39:18.784+0000] {logging_mixin.py:188} INFO - [2026-07-13T16:39:18.784+0000] {dag.py:3089} INFO - Sync 1 DAGs
[2026-07-13T16:39:18.791+0000] {logging_mixin.py:188} INFO - [2026-07-13T16:39:18.790+0000] {dag.py:3947} INFO - Setting next_dagrun for crypto_daily_pipeline to 2026-07-13 00:00:00+00:00, run_after=2026-07-14 00:00:00+00:00
[2026-07-13T16:39:18.796+0000] {processor.py:183} INFO - Processing /opt/airflow/dags/crypto_pipeline_dag.py took 0.031 seconds
[2026-07-13T16:39:48.970+0000] {processor.py:161} INFO - Started process (PID=2359) to work on /opt/airflow/dags/crypto_pipeline_dag.py
[2026-07-13T16:39:48.971+0000] {processor.py:830} INFO - Processing file /opt/airflow/dags/crypto_pipeline_dag.py for tasks to queue
[2026-07-13T16:39:48.972+0000] {logging_mixin.py:188} INFO - [2026-07-13T16:39:48.972+0000] {dagbag.py:545} INFO - Filling up the DagBag from /opt/airflow/dags/crypto_pipeline_dag.py
[2026-07-13T16:39:48.977+0000] {processor.py:840} INFO - DAG(s) 'crypto_daily_pipeline' retrieved from /opt/airflow/dags/crypto_pipeline_dag.py
[2026-07-13T16:39:48.987+0000] {logging_mixin.py:188} INFO - [2026-07-13T16:39:48.987+0000] {dag.py:3089} INFO - Sync 1 DAGs
[2026-07-13T16:39:48.994+0000] {logging_mixin.py:188} INFO - [2026-07-13T16:39:48.994+0000] {dag.py:3947} INFO - Setting next_dagrun for crypto_daily_pipeline to 2026-07-13 00:00:00+00:00, run_after=2026-07-14 00:00:00+00:00
[2026-07-13T16:39:49.000+0000] {processor.py:183} INFO - Processing /opt/airflow/dags/crypto_pipeline_dag.py took 0.033 seconds
[2026-07-13T16:40:19.167+0000] {processor.py:161} INFO - Started process (PID=2364) to work on /opt/airflow/dags/crypto_pipeline_dag.py
[2026-07-13T16:40:19.167+0000] {processor.py:830} INFO - Processing file /opt/airflow/dags/crypto_pipeline_dag.py for tasks to queue
[2026-07-13T16:40:19.168+0000] {logging_mixin.py:188} INFO - [2026-07-13T16:40:19.168+0000] {dagbag.py:545} INFO - Filling up the DagBag from /opt/airflow/dags/crypto_pipeline_dag.py
[2026-07-13T16:40:19.173+0000] {processor.py:840} INFO - DAG(s) 'crypto_daily_pipeline' retrieved from /opt/airflow/dags/crypto_pipeline_dag.py
[2026-07-13T16:40:19.184+0000] {logging_mixin.py:188} INFO - [2026-07-13T16:40:19.184+0000] {dag.py:3089} INFO - Sync 1 DAGs
[2026-07-13T16:40:19.191+0000] {logging_mixin.py:188} INFO - [2026-07-13T16:40:19.191+0000] {dag.py:3947} INFO - Setting next_dagrun for crypto_daily_pipeline to 2026-07-13 00:00:00+00:00, run_after=2026-07-14 00:00:00+00:00
[2026-07-13T16:40:19.197+0000] {processor.py:183} INFO - Processing /opt/airflow/dags/crypto_pipeline_dag.py took 0.033 seconds
[2026-07-13T16:40:49.361+0000] {processor.py:161} INFO - Started process (PID=2369) to work on /opt/airflow/dags/crypto_pipeline_dag.py
[2026-07-13T16:40:49.362+0000] {processor.py:830} INFO - Processing file /opt/airflow/dags/crypto_pipeline_dag.py for tasks to queue
[2026-07-13T16:40:49.363+0000] {logging_mixin.py:188} INFO - [2026-07-13T16:40:49.363+0000] {dagbag.py:545} INFO - Filling up the DagBag from /opt/airflow/dags/crypto_pipeline_dag.py
[2026-07-13T16:40:49.370+0000] {processor.py:840} INFO - DAG(s) 'crypto_daily_pipeline' retrieved from /opt/airflow/dags/crypto_pipeline_dag.py
[2026-07-13T16:40:49.384+0000] {logging_mixin.py:188} INFO - [2026-07-13T16:40:49.384+0000] {dag.py:3089} INFO - Sync 1 DAGs
[2026-07-13T16:40:49.392+0000] {logging_mixin.py:188} INFO - [2026-07-13T16:40:49.391+0000] {dag.py:3947} INFO - Setting next_dagrun for crypto_daily_pipeline to 2026-07-13 00:00:00+00:00, run_after=2026-07-14 00:00:00+00:00
[2026-07-13T16:40:49.397+0000] {processor.py:183} INFO - Processing /opt/airflow/dags/crypto_pipeline_dag.py took 0.041 seconds
[2026-07-13T16:41:19.547+0000] {processor.py:161} INFO - Started process (PID=2374) to work on /opt/airflow/dags/crypto_pipeline_dag.py
[2026-07-13T16:41:19.547+0000] {processor.py:830} INFO - Processing file /opt/airflow/dags/crypto_pipeline_dag.py for tasks to queue
[2026-07-13T16:41:19.549+0000] {logging_mixin.py:188} INFO - [2026-07-13T16:41:19.548+0000] {dagbag.py:545} INFO - Filling up the DagBag from /opt/airflow/dags/crypto_pipeline_dag.py
[2026-07-13T16:41:19.554+0000] {processor.py:840} INFO - DAG(s) 'crypto_daily_pipeline' retrieved from /opt/airflow/dags/crypto_pipeline_dag.py
[2026-07-13T16:41:19.567+0000] {logging_mixin.py:188} INFO - [2026-07-13T16:41:19.567+0000] {dag.py:3089} INFO - Sync 1 DAGs
[2026-07-13T16:41:19.575+0000] {logging_mixin.py:188} INFO - [2026-07-13T16:41:19.575+0000] {dag.py:3947} INFO - Setting next_dagrun for crypto_daily_pipeline to 2026-07-13 00:00:00+00:00, run_after=2026-07-14 00:00:00+00:00
[2026-07-13T16:41:19.581+0000] {processor.py:183} INFO - Processing /opt/airflow/dags/crypto_pipeline_dag.py took 0.038 seconds
[2026-07-13T16:41:49.730+0000] {processor.py:161} INFO - Started process (PID=2379) to work on /opt/airflow/dags/crypto_pipeline_dag.py
[2026-07-13T16:41:49.731+0000] {processor.py:830} INFO - Processing file /opt/airflow/dags/crypto_pipeline_dag.py for tasks to queue
[2026-07-13T16:41:49.733+0000] {logging_mixin.py:188} INFO - [2026-07-13T16:41:49.733+0000] {dagbag.py:545} INFO - Filling up the DagBag from /opt/airflow/dags/crypto_pipeline_dag.py
[2026-07-13T16:41:49.742+0000] {processor.py:840} INFO - DAG(s) 'crypto_daily_pipeline' retrieved from /opt/airflow/dags/crypto_pipeline_dag.py
[2026-07-13T16:41:49.763+0000] {logging_mixin.py:188} INFO - [2026-07-13T16:41:49.763+0000] {dag.py:3089} INFO - Sync 1 DAGs
[2026-07-13T16:41:49.774+0000] {logging_mixin.py:188} INFO - [2026-07-13T16:41:49.774+0000] {dag.py:3947} INFO - Setting next_dagrun for crypto_daily_pipeline to 2026-07-13 00:00:00+00:00, run_after=2026-07-14 00:00:00+00:00
[2026-07-13T16:41:49.780+0000] {processor.py:183} INFO - Processing /opt/airflow/dags/crypto_pipeline_dag.py took 0.056 seconds
[2026-07-13T16:52:15.986+0000] {processor.py:161} INFO - Started process (PID=2384) to work on /opt/airflow/dags/crypto_pipeline_dag.py
[2026-07-13T16:52:15.986+0000] {processor.py:830} INFO - Processing file /opt/airflow/dags/crypto_pipeline_dag.py for tasks to queue
[2026-07-13T16:52:15.988+0000] {logging_mixin.py:188} INFO - [2026-07-13T16:52:15.987+0000] {dagbag.py:545} INFO - Filling up the DagBag from /opt/airflow/dags/crypto_pipeline_dag.py
[2026-07-13T16:52:15.996+0000] {processor.py:840} INFO - DAG(s) 'crypto_daily_pipeline' retrieved from /opt/airflow/dags/crypto_pipeline_dag.py
[2026-07-13T16:52:16.012+0000] {logging_mixin.py:188} INFO - [2026-07-13T16:52:16.012+0000] {dag.py:3089} INFO - Sync 1 DAGs
[2026-07-13T16:52:16.020+0000] {logging_mixin.py:188} INFO - [2026-07-13T16:52:16.020+0000] {dag.py:3947} INFO - Setting next_dagrun for crypto_daily_pipeline to 2026-07-13 00:00:00+00:00, run_after=2026-07-14 00:00:00+00:00
[2026-07-13T16:52:16.026+0000] {processor.py:183} INFO - Processing /opt/airflow/dags/crypto_pipeline_dag.py took 0.045 seconds
[2026-07-13T17:02:51.451+0000] {processor.py:161} INFO - Started process (PID=2389) to work on /opt/airflow/dags/crypto_pipeline_dag.py
[2026-07-13T17:02:51.451+0000] {processor.py:830} INFO - Processing file /opt/airflow/dags/crypto_pipeline_dag.py for tasks to queue
[2026-07-13T17:02:51.453+0000] {logging_mixin.py:188} INFO - [2026-07-13T17:02:51.452+0000] {dagbag.py:545} INFO - Filling up the DagBag from /opt/airflow/dags/crypto_pipeline_dag.py
[2026-07-13T17:02:51.460+0000] {processor.py:840} INFO - DAG(s) 'crypto_daily_pipeline' retrieved from /opt/airflow/dags/crypto_pipeline_dag.py
[2026-07-13T17:02:51.475+0000] {logging_mixin.py:188} INFO - [2026-07-13T17:02:51.475+0000] {dag.py:3089} INFO - Sync 1 DAGs
[2026-07-13T17:02:51.484+0000] {logging_mixin.py:188} INFO - [2026-07-13T17:02:51.483+0000] {dag.py:3947} INFO - Setting next_dagrun for crypto_daily_pipeline to 2026-07-13 00:00:00+00:00, run_after=2026-07-14 00:00:00+00:00
[2026-07-13T17:02:51.489+0000] {processor.py:183} INFO - Processing /opt/airflow/dags/crypto_pipeline_dag.py took 0.042 seconds
[2026-07-13T17:03:21.709+0000] {processor.py:161} INFO - Started process (PID=2394) to work on /opt/airflow/dags/crypto_pipeline_dag.py
[2026-07-13T17:03:21.710+0000] {processor.py:830} INFO - Processing file /opt/airflow/dags/crypto_pipeline_dag.py for tasks to queue
[2026-07-13T17:03:21.712+0000] {logging_mixin.py:188} INFO - [2026-07-13T17:03:21.712+0000] {dagbag.py:545} INFO - Filling up the DagBag from /opt/airflow/dags/crypto_pipeline_dag.py
[2026-07-13T17:03:21.723+0000] {processor.py:840} INFO - DAG(s) 'crypto_daily_pipeline' retrieved from /opt/airflow/dags/crypto_pipeline_dag.py
[2026-07-13T17:03:21.743+0000] {logging_mixin.py:188} INFO - [2026-07-13T17:03:21.743+0000] {dag.py:3089} INFO - Sync 1 DAGs
[2026-07-13T17:03:21.754+0000] {logging_mixin.py:188} INFO - [2026-07-13T17:03:21.754+0000] {dag.py:3947} INFO - Setting next_dagrun for crypto_daily_pipeline to 2026-07-13 00:00:00+00:00, run_after=2026-07-14 00:00:00+00:00
[2026-07-13T17:03:21.760+0000] {processor.py:183} INFO - Processing /opt/airflow/dags/crypto_pipeline_dag.py took 0.057 seconds
[2026-07-13T17:13:54.833+0000] {processor.py:161} INFO - Started process (PID=2399) to work on /opt/airflow/dags/crypto_pipeline_dag.py
[2026-07-13T17:13:54.833+0000] {processor.py:830} INFO - Processing file /opt/airflow/dags/crypto_pipeline_dag.py for tasks to queue
[2026-07-13T17:13:54.834+0000] {logging_mixin.py:188} INFO - [2026-07-13T17:13:54.834+0000] {dagbag.py:545} INFO - Filling up the DagBag from /opt/airflow/dags/crypto_pipeline_dag.py
[2026-07-13T17:13:54.840+0000] {processor.py:840} INFO - DAG(s) 'crypto_daily_pipeline' retrieved from /opt/airflow/dags/crypto_pipeline_dag.py
[2026-07-13T17:13:54.855+0000] {logging_mixin.py:188} INFO - [2026-07-13T17:13:54.854+0000] {dag.py:3089} INFO - Sync 1 DAGs
[2026-07-13T17:13:54.862+0000] {logging_mixin.py:188} INFO - [2026-07-13T17:13:54.862+0000] {dag.py:3947} INFO - Setting next_dagrun for crypto_daily_pipeline to 2026-07-13 00:00:00+00:00, run_after=2026-07-14 00:00:00+00:00
[2026-07-13T17:13:54.868+0000] {processor.py:183} INFO - Processing /opt/airflow/dags/crypto_pipeline_dag.py took 0.039 seconds
[2026-07-13T17:14:25.095+0000] {processor.py:161} INFO - Started process (PID=2404) to work on /opt/airflow/dags/crypto_pipeline_dag.py
[2026-07-13T17:14:25.096+0000] {processor.py:830} INFO - Processing file /opt/airflow/dags/crypto_pipeline_dag.py for tasks to queue
[2026-07-13T17:14:25.098+0000] {logging_mixin.py:188} INFO - [2026-07-13T17:14:25.098+0000] {dagbag.py:545} INFO - Filling up the DagBag from /opt/airflow/dags/crypto_pipeline_dag.py
[2026-07-13T17:14:25.104+0000] {processor.py:840} INFO - DAG(s) 'crypto_daily_pipeline' retrieved from /opt/airflow/dags/crypto_pipeline_dag.py
[2026-07-13T17:14:25.117+0000] {logging_mixin.py:188} INFO - [2026-07-13T17:14:25.117+0000] {dag.py:3089} INFO - Sync 1 DAGs
[2026-07-13T17:14:25.124+0000] {logging_mixin.py:188} INFO - [2026-07-13T17:14:25.124+0000] {dag.py:3947} INFO - Setting next_dagrun for crypto_daily_pipeline to 2026-07-13 00:00:00+00:00, run_after=2026-07-14 00:00:00+00:00
[2026-07-13T17:14:25.130+0000] {processor.py:183} INFO - Processing /opt/airflow/dags/crypto_pipeline_dag.py took 0.041 seconds
[2026-07-13T17:14:55.311+0000] {processor.py:161} INFO - Started process (PID=2409) to work on /opt/airflow/dags/crypto_pipeline_dag.py
[2026-07-13T17:14:55.312+0000] {processor.py:830} INFO - Processing file /opt/airflow/dags/crypto_pipeline_dag.py for tasks to queue
[2026-07-13T17:14:55.315+0000] {logging_mixin.py:188} INFO - [2026-07-13T17:14:55.315+0000] {dagbag.py:545} INFO - Filling up the DagBag from /opt/airflow/dags/crypto_pipeline_dag.py
[2026-07-13T17:14:55.332+0000] {processor.py:840} INFO - DAG(s) 'crypto_daily_pipeline' retrieved from /opt/airflow/dags/crypto_pipeline_dag.py
[2026-07-13T17:14:55.353+0000] {logging_mixin.py:188} INFO - [2026-07-13T17:14:55.353+0000] {dag.py:3089} INFO - Sync 1 DAGs
[2026-07-13T17:14:55.363+0000] {logging_mixin.py:188} INFO - [2026-07-13T17:14:55.363+0000] {dag.py:3947} INFO - Setting next_dagrun for crypto_daily_pipeline to 2026-07-13 00:00:00+00:00, run_after=2026-07-14 00:00:00+00:00
[2026-07-13T17:14:55.370+0000] {processor.py:183} INFO - Processing /opt/airflow/dags/crypto_pipeline_dag.py took 0.067 seconds
[2026-07-13T17:15:25.536+0000] {processor.py:161} INFO - Started process (PID=2414) to work on /opt/airflow/dags/crypto_pipeline_dag.py
[2026-07-13T17:15:25.536+0000] {processor.py:830} INFO - Processing file /opt/airflow/dags/crypto_pipeline_dag.py for tasks to queue
[2026-07-13T17:15:25.538+0000] {logging_mixin.py:188} INFO - [2026-07-13T17:15:25.538+0000] {dagbag.py:545} INFO - Filling up the DagBag from /opt/airflow/dags/crypto_pipeline_dag.py
[2026-07-13T17:15:25.545+0000] {processor.py:840} INFO - DAG(s) 'crypto_daily_pipeline' retrieved from /opt/airflow/dags/crypto_pipeline_dag.py
[2026-07-13T17:15:25.561+0000] {logging_mixin.py:188} INFO - [2026-07-13T17:15:25.560+0000] {dag.py:3089} INFO - Sync 1 DAGs
[2026-07-13T17:15:25.569+0000] {logging_mixin.py:188} INFO - [2026-07-13T17:15:25.569+0000] {dag.py:3947} INFO - Setting next_dagrun for crypto_daily_pipeline to 2026-07-13 00:00:00+00:00, run_after=2026-07-14 00:00:00+00:00
[2026-07-13T17:15:25.575+0000] {processor.py:183} INFO - Processing /opt/airflow/dags/crypto_pipeline_dag.py took 0.044 seconds
[2026-07-13T17:15:55.754+0000] {processor.py:161} INFO - Started process (PID=2419) to work on /opt/airflow/dags/crypto_pipeline_dag.py
[2026-07-13T17:15:55.755+0000] {processor.py:830} INFO - Processing file /opt/airflow/dags/crypto_pipeline_dag.py for tasks to queue
[2026-07-13T17:15:55.756+0000] {logging_mixin.py:188} INFO - [2026-07-13T17:15:55.756+0000] {dagbag.py:545} INFO - Filling up the DagBag from /opt/airflow/dags/crypto_pipeline_dag.py
[2026-07-13T17:15:55.764+0000] {processor.py:840} INFO - DAG(s) 'crypto_daily_pipeline' retrieved from /opt/airflow/dags/crypto_pipeline_dag.py
[2026-07-13T17:15:55.781+0000] {logging_mixin.py:188} INFO - [2026-07-13T17:15:55.781+0000] {dag.py:3089} INFO - Sync 1 DAGs
[2026-07-13T17:15:55.792+0000] {logging_mixin.py:188} INFO - [2026-07-13T17:15:55.792+0000] {dag.py:3947} INFO - Setting next_dagrun for crypto_daily_pipeline to 2026-07-13 00:00:00+00:00, run_after=2026-07-14 00:00:00+00:00
[2026-07-13T17:15:55.797+0000] {processor.py:183} INFO - Processing /opt/airflow/dags/crypto_pipeline_dag.py took 0.051 seconds
[2026-07-13T17:16:25.937+0000] {processor.py:161} INFO - Started process (PID=2424) to work on /opt/airflow/dags/crypto_pipeline_dag.py
[2026-07-13T17:16:25.938+0000] {processor.py:830} INFO - Processing file /opt/airflow/dags/crypto_pipeline_dag.py for tasks to queue
[2026-07-13T17:16:25.940+0000] {logging_mixin.py:188} INFO - [2026-07-13T17:16:25.940+0000] {dagbag.py:545} INFO - Filling up the DagBag from /opt/airflow/dags/crypto_pipeline_dag.py
[2026-07-13T17:16:25.949+0000] {processor.py:840} INFO - DAG(s) 'crypto_daily_pipeline' retrieved from /opt/airflow/dags/crypto_pipeline_dag.py
[2026-07-13T17:16:25.965+0000] {logging_mixin.py:188} INFO - [2026-07-13T17:16:25.965+0000] {dag.py:3089} INFO - Sync 1 DAGs
[2026-07-13T17:16:25.974+0000] {logging_mixin.py:188} INFO - [2026-07-13T17:16:25.974+0000] {dag.py:3947} INFO - Setting next_dagrun for crypto_daily_pipeline to 2026-07-13 00:00:00+00:00, run_after=2026-07-14 00:00:00+00:00
[2026-07-13T17:16:25.980+0000] {processor.py:183} INFO - Processing /opt/airflow/dags/crypto_pipeline_dag.py took 0.049 seconds
[2026-07-13T17:16:56.165+0000] {processor.py:161} INFO - Started process (PID=2429) to work on /opt/airflow/dags/crypto_pipeline_dag.py
[2026-07-13T17:16:56.167+0000] {processor.py:830} INFO - Processing file /opt/airflow/dags/crypto_pipeline_dag.py for tasks to queue
[2026-07-13T17:16:56.168+0000] {logging_mixin.py:188} INFO - [2026-07-13T17:16:56.168+0000] {dagbag.py:545} INFO - Filling up the DagBag from /opt/airflow/dags/crypto_pipeline_dag.py
[2026-07-13T17:16:56.177+0000] {processor.py:840} INFO - DAG(s) 'crypto_daily_pipeline' retrieved from /opt/airflow/dags/crypto_pipeline_dag.py
[2026-07-13T17:16:56.195+0000] {logging_mixin.py:188} INFO - [2026-07-13T17:16:56.195+0000] {dag.py:3089} INFO - Sync 1 DAGs
[2026-07-13T17:16:56.204+0000] {logging_mixin.py:188} INFO - [2026-07-13T17:16:56.204+0000] {dag.py:3947} INFO - Setting next_dagrun for crypto_daily_pipeline to 2026-07-13 00:00:00+00:00, run_after=2026-07-14 00:00:00+00:00
[2026-07-13T17:16:56.210+0000] {processor.py:183} INFO - Processing /opt/airflow/dags/crypto_pipeline_dag.py took 0.052 seconds
[2026-07-13T17:17:26.401+0000] {processor.py:161} INFO - Started process (PID=2434) to work on /opt/airflow/dags/crypto_pipeline_dag.py
[2026-07-13T17:17:26.407+0000] {processor.py:830} INFO - Processing file /opt/airflow/dags/crypto_pipeline_dag.py for tasks to queue
[2026-07-13T17:17:26.409+0000] {logging_mixin.py:188} INFO - [2026-07-13T17:17:26.409+0000] {dagbag.py:545} INFO - Filling up the DagBag from /opt/airflow/dags/crypto_pipeline_dag.py
[2026-07-13T17:17:26.424+0000] {processor.py:840} INFO - DAG(s) 'crypto_daily_pipeline' retrieved from /opt/airflow/dags/crypto_pipeline_dag.py
[2026-07-13T17:17:26.448+0000] {logging_mixin.py:188} INFO - [2026-07-13T17:17:26.448+0000] {dag.py:3089} INFO - Sync 1 DAGs
[2026-07-13T17:17:26.458+0000] {logging_mixin.py:188} INFO - [2026-07-13T17:17:26.458+0000] {dag.py:3947} INFO - Setting next_dagrun for crypto_daily_pipeline to 2026-07-13 00:00:00+00:00, run_after=2026-07-14 00:00:00+00:00
[2026-07-13T17:17:26.465+0000] {processor.py:183} INFO - Processing /opt/airflow/dags/crypto_pipeline_dag.py took 0.071 seconds
[2026-07-13T17:17:56.599+0000] {processor.py:161} INFO - Started process (PID=2439) to work on /opt/airflow/dags/crypto_pipeline_dag.py
[2026-07-13T17:17:56.600+0000] {processor.py:830} INFO - Processing file /opt/airflow/dags/crypto_pipeline_dag.py for tasks to queue
[2026-07-13T17:17:56.603+0000] {logging_mixin.py:188} INFO - [2026-07-13T17:17:56.603+0000] {dagbag.py:545} INFO - Filling up the DagBag from /opt/airflow/dags/crypto_pipeline_dag.py
[2026-07-13T17:17:56.612+0000] {processor.py:840} INFO - DAG(s) 'crypto_daily_pipeline' retrieved from /opt/airflow/dags/crypto_pipeline_dag.py
[2026-07-13T17:17:56.630+0000] {logging_mixin.py:188} INFO - [2026-07-13T17:17:56.630+0000] {dag.py:3089} INFO - Sync 1 DAGs
[2026-07-13T17:17:56.638+0000] {logging_mixin.py:188} INFO - [2026-07-13T17:17:56.638+0000] {dag.py:3947} INFO - Setting next_dagrun for crypto_daily_pipeline to 2026-07-13 00:00:00+00:00, run_after=2026-07-14 00:00:00+00:00
[2026-07-13T17:17:56.644+0000] {processor.py:183} INFO - Processing /opt/airflow/dags/crypto_pipeline_dag.py took 0.052 seconds
[2026-07-13T17:18:26.804+0000] {processor.py:161} INFO - Started process (PID=2444) to work on /opt/airflow/dags/crypto_pipeline_dag.py
[2026-07-13T17:18:26.805+0000] {processor.py:830} INFO - Processing file /opt/airflow/dags/crypto_pipeline_dag.py for tasks to queue
[2026-07-13T17:18:26.806+0000] {logging_mixin.py:188} INFO - [2026-07-13T17:18:26.806+0000] {dagbag.py:545} INFO - Filling up the DagBag from /opt/airflow/dags/crypto_pipeline_dag.py
[2026-07-13T17:18:26.815+0000] {processor.py:840} INFO - DAG(s) 'crypto_daily_pipeline' retrieved from /opt/airflow/dags/crypto_pipeline_dag.py
[2026-07-13T17:18:26.833+0000] {logging_mixin.py:188} INFO - [2026-07-13T17:18:26.833+0000] {dag.py:3089} INFO - Sync 1 DAGs
[2026-07-13T17:18:26.842+0000] {logging_mixin.py:188} INFO - [2026-07-13T17:18:26.842+0000] {dag.py:3947} INFO - Setting next_dagrun for crypto_daily_pipeline to 2026-07-13 00:00:00+00:00, run_after=2026-07-14 00:00:00+00:00
[2026-07-13T17:18:26.848+0000] {processor.py:183} INFO - Processing /opt/airflow/dags/crypto_pipeline_dag.py took 0.049 seconds
[2026-07-13T17:18:57.004+0000] {processor.py:161} INFO - Started process (PID=2449) to work on /opt/airflow/dags/crypto_pipeline_dag.py
[2026-07-13T17:18:57.005+0000] {processor.py:830} INFO - Processing file /opt/airflow/dags/crypto_pipeline_dag.py for tasks to queue
[2026-07-13T17:18:57.007+0000] {logging_mixin.py:188} INFO - [2026-07-13T17:18:57.007+0000] {dagbag.py:545} INFO - Filling up the DagBag from /opt/airflow/dags/crypto_pipeline_dag.py
[2026-07-13T17:18:57.015+0000] {processor.py:840} INFO - DAG(s) 'crypto_daily_pipeline' retrieved from /opt/airflow/dags/crypto_pipeline_dag.py
[2026-07-13T17:18:57.034+0000] {logging_mixin.py:188} INFO - [2026-07-13T17:18:57.034+0000] {dag.py:3089} INFO - Sync 1 DAGs
[2026-07-13T17:18:57.043+0000] {logging_mixin.py:188} INFO - [2026-07-13T17:18:57.043+0000] {dag.py:3947} INFO - Setting next_dagrun for crypto_daily_pipeline to 2026-07-13 00:00:00+00:00, run_after=2026-07-14 00:00:00+00:00
[2026-07-13T17:18:57.049+0000] {processor.py:183} INFO - Processing /opt/airflow/dags/crypto_pipeline_dag.py took 0.052 seconds
[2026-07-13T17:19:27.232+0000] {processor.py:161} INFO - Started process (PID=2454) to work on /opt/airflow/dags/crypto_pipeline_dag.py
[2026-07-13T17:19:27.233+0000] {processor.py:830} INFO - Processing file /opt/airflow/dags/crypto_pipeline_dag.py for tasks to queue
[2026-07-13T17:19:27.235+0000] {logging_mixin.py:188} INFO - [2026-07-13T17:19:27.235+0000] {dagbag.py:545} INFO - Filling up the DagBag from /opt/airflow/dags/crypto_pipeline_dag.py
[2026-07-13T17:19:27.244+0000] {processor.py:840} INFO - DAG(s) 'crypto_daily_pipeline' retrieved from /opt/airflow/dags/crypto_pipeline_dag.py
[2026-07-13T17:19:27.262+0000] {logging_mixin.py:188} INFO - [2026-07-13T17:19:27.262+0000] {dag.py:3089} INFO - Sync 1 DAGs
[2026-07-13T17:19:27.271+0000] {logging_mixin.py:188} INFO - [2026-07-13T17:19:27.270+0000] {dag.py:3947} INFO - Setting next_dagrun for crypto_daily_pipeline to 2026-07-13 00:00:00+00:00, run_after=2026-07-14 00:00:00+00:00
[2026-07-13T17:19:27.276+0000] {processor.py:183} INFO - Processing /opt/airflow/dags/crypto_pipeline_dag.py took 0.051 seconds
[2026-07-13T17:19:57.435+0000] {processor.py:161} INFO - Started process (PID=2459) to work on /opt/airflow/dags/crypto_pipeline_dag.py
[2026-07-13T17:19:57.436+0000] {processor.py:830} INFO - Processing file /opt/airflow/dags/crypto_pipeline_dag.py for tasks to queue
[2026-07-13T17:19:57.438+0000] {logging_mixin.py:188} INFO - [2026-07-13T17:19:57.437+0000] {dagbag.py:545} INFO - Filling up the DagBag from /opt/airflow/dags/crypto_pipeline_dag.py
[2026-07-13T17:19:57.446+0000] {processor.py:840} INFO - DAG(s) 'crypto_daily_pipeline' retrieved from /opt/airflow/dags/crypto_pipeline_dag.py
[2026-07-13T17:19:57.465+0000] {logging_mixin.py:188} INFO - [2026-07-13T17:19:57.465+0000] {dag.py:3089} INFO - Sync 1 DAGs
[2026-07-13T17:19:57.476+0000] {logging_mixin.py:188} INFO - [2026-07-13T17:19:57.476+0000] {dag.py:3947} INFO - Setting next_dagrun for crypto_daily_pipeline to 2026-07-13 00:00:00+00:00, run_after=2026-07-14 00:00:00+00:00
[2026-07-13T17:19:57.482+0000] {processor.py:183} INFO - Processing /opt/airflow/dags/crypto_pipeline_dag.py took 0.053 seconds
[2026-07-13T17:20:27.645+0000] {processor.py:161} INFO - Started process (PID=2464) to work on /opt/airflow/dags/crypto_pipeline_dag.py
[2026-07-13T17:20:27.646+0000] {processor.py:830} INFO - Processing file /opt/airflow/dags/crypto_pipeline_dag.py for tasks to queue
[2026-07-13T17:20:27.647+0000] {logging_mixin.py:188} INFO - [2026-07-13T17:20:27.647+0000] {dagbag.py:545} INFO - Filling up the DagBag from /opt/airflow/dags/crypto_pipeline_dag.py
[2026-07-13T17:20:27.658+0000] {processor.py:840} INFO - DAG(s) 'crypto_daily_pipeline' retrieved from /opt/airflow/dags/crypto_pipeline_dag.py
[2026-07-13T17:20:27.676+0000] {logging_mixin.py:188} INFO - [2026-07-13T17:20:27.676+0000] {dag.py:3089} INFO - Sync 1 DAGs
[2026-07-13T17:20:27.687+0000] {logging_mixin.py:188} INFO - [2026-07-13T17:20:27.687+0000] {dag.py:3947} INFO - Setting next_dagrun for crypto_daily_pipeline to 2026-07-13 00:00:00+00:00, run_after=2026-07-14 00:00:00+00:00
[2026-07-13T17:20:27.694+0000] {processor.py:183} INFO - Processing /opt/airflow/dags/crypto_pipeline_dag.py took 0.054 seconds
[2026-07-13T17:20:57.864+0000] {processor.py:161} INFO - Started process (PID=2469) to work on /opt/airflow/dags/crypto_pipeline_dag.py
[2026-07-13T17:20:57.865+0000] {processor.py:830} INFO - Processing file /opt/airflow/dags/crypto_pipeline_dag.py for tasks to queue
[2026-07-13T17:20:57.866+0000] {logging_mixin.py:188} INFO - [2026-07-13T17:20:57.866+0000] {dagbag.py:545} INFO - Filling up the DagBag from /opt/airflow/dags/crypto_pipeline_dag.py
[2026-07-13T17:20:57.873+0000] {processor.py:840} INFO - DAG(s) 'crypto_daily_pipeline' retrieved from /opt/airflow/dags/crypto_pipeline_dag.py
[2026-07-13T17:20:57.892+0000] {logging_mixin.py:188} INFO - [2026-07-13T17:20:57.892+0000] {dag.py:3089} INFO - Sync 1 DAGs
[2026-07-13T17:20:57.901+0000] {logging_mixin.py:188} INFO - [2026-07-13T17:20:57.901+0000] {dag.py:3947} INFO - Setting next_dagrun for crypto_daily_pipeline to 2026-07-13 00:00:00+00:00, run_after=2026-07-14 00:00:00+00:00
[2026-07-13T17:20:57.907+0000] {processor.py:183} INFO - Processing /opt/airflow/dags/crypto_pipeline_dag.py took 0.047 seconds
[2026-07-13T17:21:28.099+0000] {processor.py:161} INFO - Started process (PID=2474) to work on /opt/airflow/dags/crypto_pipeline_dag.py
[2026-07-13T17:21:28.100+0000] {processor.py:830} INFO - Processing file /opt/airflow/dags/crypto_pipeline_dag.py for tasks to queue
[2026-07-13T17:21:28.102+0000] {logging_mixin.py:188} INFO - [2026-07-13T17:21:28.101+0000] {dagbag.py:545} INFO - Filling up the DagBag from /opt/airflow/dags/crypto_pipeline_dag.py
[2026-07-13T17:21:28.111+0000] {processor.py:840} INFO - DAG(s) 'crypto_daily_pipeline' retrieved from /opt/airflow/dags/crypto_pipeline_dag.py
[2026-07-13T17:21:28.129+0000] {logging_mixin.py:188} INFO - [2026-07-13T17:21:28.128+0000] {dag.py:3089} INFO - Sync 1 DAGs
[2026-07-13T17:21:28.139+0000] {logging_mixin.py:188} INFO - [2026-07-13T17:21:28.139+0000] {dag.py:3947} INFO - Setting next_dagrun for crypto_daily_pipeline to 2026-07-13 00:00:00+00:00, run_after=2026-07-14 00:00:00+00:00
[2026-07-13T17:21:28.146+0000] {processor.py:183} INFO - Processing /opt/airflow/dags/crypto_pipeline_dag.py took 0.052 seconds
[2026-07-13T17:21:58.317+0000] {processor.py:161} INFO - Started process (PID=2479) to work on /opt/airflow/dags/crypto_pipeline_dag.py
[2026-07-13T17:21:58.318+0000] {processor.py:830} INFO - Processing file /opt/airflow/dags/crypto_pipeline_dag.py for tasks to queue
[2026-07-13T17:21:58.319+0000] {logging_mixin.py:188} INFO - [2026-07-13T17:21:58.319+0000] {dagbag.py:545} INFO - Filling up the DagBag from /opt/airflow/dags/crypto_pipeline_dag.py
[2026-07-13T17:21:58.327+0000] {processor.py:840} INFO - DAG(s) 'crypto_daily_pipeline' retrieved from /opt/airflow/dags/crypto_pipeline_dag.py
[2026-07-13T17:21:58.343+0000] {logging_mixin.py:188} INFO - [2026-07-13T17:21:58.343+0000] {dag.py:3089} INFO - Sync 1 DAGs
[2026-07-13T17:21:58.352+0000] {logging_mixin.py:188} INFO - [2026-07-13T17:21:58.352+0000] {dag.py:3947} INFO - Setting next_dagrun for crypto_daily_pipeline to 2026-07-13 00:00:00+00:00, run_after=2026-07-14 00:00:00+00:00
[2026-07-13T17:21:58.357+0000] {processor.py:183} INFO - Processing /opt/airflow/dags/crypto_pipeline_dag.py took 0.045 seconds
[2026-07-13T17:22:28.536+0000] {processor.py:161} INFO - Started process (PID=2484) to work on /opt/airflow/dags/crypto_pipeline_dag.py
[2026-07-13T17:22:28.537+0000] {processor.py:830} INFO - Processing file /opt/airflow/dags/crypto_pipeline_dag.py for tasks to queue
[2026-07-13T17:22:28.539+0000] {logging_mixin.py:188} INFO - [2026-07-13T17:22:28.539+0000] {dagbag.py:545} INFO - Filling up the DagBag from /opt/airflow/dags/crypto_pipeline_dag.py
[2026-07-13T17:22:28.548+0000] {processor.py:840} INFO - DAG(s) 'crypto_daily_pipeline' retrieved from /opt/airflow/dags/crypto_pipeline_dag.py
[2026-07-13T17:22:28.565+0000] {logging_mixin.py:188} INFO - [2026-07-13T17:22:28.565+0000] {dag.py:3089} INFO - Sync 1 DAGs
[2026-07-13T17:22:28.574+0000] {logging_mixin.py:188} INFO - [2026-07-13T17:22:28.574+0000] {dag.py:3947} INFO - Setting next_dagrun for crypto_daily_pipeline to 2026-07-13 00:00:00+00:00, run_after=2026-07-14 00:00:00+00:00
[2026-07-13T17:22:28.580+0000] {processor.py:183} INFO - Processing /opt/airflow/dags/crypto_pipeline_dag.py took 0.049 seconds
[2026-07-13T17:22:58.774+0000] {processor.py:161} INFO - Started process (PID=2489) to work on /opt/airflow/dags/crypto_pipeline_dag.py
[2026-07-13T17:22:58.774+0000] {processor.py:830} INFO - Processing file /opt/airflow/dags/crypto_pipeline_dag.py for tasks to queue
[2026-07-13T17:22:58.776+0000] {logging_mixin.py:188} INFO - [2026-07-13T17:22:58.776+0000] {dagbag.py:545} INFO - Filling up the DagBag from /opt/airflow/dags/crypto_pipeline_dag.py
[2026-07-13T17:22:58.784+0000] {processor.py:840} INFO - DAG(s) 'crypto_daily_pipeline' retrieved from /opt/airflow/dags/crypto_pipeline_dag.py
[2026-07-13T17:22:58.803+0000] {logging_mixin.py:188} INFO - [2026-07-13T17:22:58.803+0000] {dag.py:3089} INFO - Sync 1 DAGs
[2026-07-13T17:22:58.813+0000] {logging_mixin.py:188} INFO - [2026-07-13T17:22:58.813+0000] {dag.py:3947} INFO - Setting next_dagrun for crypto_daily_pipeline to 2026-07-13 00:00:00+00:00, run_after=2026-07-14 00:00:00+00:00
[2026-07-13T17:22:58.819+0000] {processor.py:183} INFO - Processing /opt/airflow/dags/crypto_pipeline_dag.py took 0.051 seconds
[2026-07-13T17:23:28.993+0000] {processor.py:161} INFO - Started process (PID=2494) to work on /opt/airflow/dags/crypto_pipeline_dag.py
[2026-07-13T17:23:28.993+0000] {processor.py:830} INFO - Processing file /opt/airflow/dags/crypto_pipeline_dag.py for tasks to queue
[2026-07-13T17:23:28.995+0000] {logging_mixin.py:188} INFO - [2026-07-13T17:23:28.994+0000] {dagbag.py:545} INFO - Filling up the DagBag from /opt/airflow/dags/crypto_pipeline_dag.py
[2026-07-13T17:23:29.003+0000] {processor.py:840} INFO - DAG(s) 'crypto_daily_pipeline' retrieved from /opt/airflow/dags/crypto_pipeline_dag.py
[2026-07-13T17:23:29.020+0000] {logging_mixin.py:188} INFO - [2026-07-13T17:23:29.020+0000] {dag.py:3089} INFO - Sync 1 DAGs
[2026-07-13T17:23:29.030+0000] {logging_mixin.py:188} INFO - [2026-07-13T17:23:29.029+0000] {dag.py:3947} INFO - Setting next_dagrun for crypto_daily_pipeline to 2026-07-13 00:00:00+00:00, run_after=2026-07-14 00:00:00+00:00
[2026-07-13T17:23:29.035+0000] {processor.py:183} INFO - Processing /opt/airflow/dags/crypto_pipeline_dag.py took 0.047 seconds
[2026-07-13T17:23:59.211+0000] {processor.py:161} INFO - Started process (PID=2499) to work on /opt/airflow/dags/crypto_pipeline_dag.py
[2026-07-13T17:23:59.212+0000] {processor.py:830} INFO - Processing file /opt/airflow/dags/crypto_pipeline_dag.py for tasks to queue
[2026-07-13T17:23:59.213+0000] {logging_mixin.py:188} INFO - [2026-07-13T17:23:59.213+0000] {dagbag.py:545} INFO - Filling up the DagBag from /opt/airflow/dags/crypto_pipeline_dag.py
[2026-07-13T17:23:59.222+0000] {processor.py:840} INFO - DAG(s) 'crypto_daily_pipeline' retrieved from /opt/airflow/dags/crypto_pipeline_dag.py
[2026-07-13T17:23:59.240+0000] {logging_mixin.py:188} INFO - [2026-07-13T17:23:59.240+0000] {dag.py:3089} INFO - Sync 1 DAGs
[2026-07-13T17:23:59.250+0000] {logging_mixin.py:188} INFO - [2026-07-13T17:23:59.250+0000] {dag.py:3947} INFO - Setting next_dagrun for crypto_daily_pipeline to 2026-07-13 00:00:00+00:00, run_after=2026-07-14 00:00:00+00:00
[2026-07-13T17:23:59.256+0000] {processor.py:183} INFO - Processing /opt/airflow/dags/crypto_pipeline_dag.py took 0.051 seconds
[2026-07-13T17:24:29.408+0000] {processor.py:161} INFO - Started process (PID=2504) to work on /opt/airflow/dags/crypto_pipeline_dag.py
[2026-07-13T17:24:29.409+0000] {processor.py:830} INFO - Processing file /opt/airflow/dags/crypto_pipeline_dag.py for tasks to queue
[2026-07-13T17:24:29.411+0000] {logging_mixin.py:188} INFO - [2026-07-13T17:24:29.411+0000] {dagbag.py:545} INFO - Filling up the DagBag from /opt/airflow/dags/crypto_pipeline_dag.py
[2026-07-13T17:24:29.420+0000] {processor.py:840} INFO - DAG(s) 'crypto_daily_pipeline' retrieved from /opt/airflow/dags/crypto_pipeline_dag.py
[2026-07-13T17:24:29.438+0000] {logging_mixin.py:188} INFO - [2026-07-13T17:24:29.438+0000] {dag.py:3089} INFO - Sync 1 DAGs
[2026-07-13T17:24:29.446+0000] {logging_mixin.py:188} INFO - [2026-07-13T17:24:29.446+0000] {dag.py:3947} INFO - Setting next_dagrun for crypto_daily_pipeline to 2026-07-13 00:00:00+00:00, run_after=2026-07-14 00:00:00+00:00
[2026-07-13T17:24:29.453+0000] {processor.py:183} INFO - Processing /opt/airflow/dags/crypto_pipeline_dag.py took 0.051 seconds
[2026-07-13T17:24:59.657+0000] {processor.py:161} INFO - Started process (PID=2509) to work on /opt/airflow/dags/crypto_pipeline_dag.py
[2026-07-13T17:24:59.658+0000] {processor.py:830} INFO - Processing file /opt/airflow/dags/crypto_pipeline_dag.py for tasks to queue
[2026-07-13T17:24:59.659+0000] {logging_mixin.py:188} INFO - [2026-07-13T17:24:59.659+0000] {dagbag.py:545} INFO - Filling up the DagBag from /opt/airflow/dags/crypto_pipeline_dag.py
[2026-07-13T17:24:59.668+0000] {processor.py:840} INFO - DAG(s) 'crypto_daily_pipeline' retrieved from /opt/airflow/dags/crypto_pipeline_dag.py
[2026-07-13T17:24:59.688+0000] {logging_mixin.py:188} INFO - [2026-07-13T17:24:59.688+0000] {dag.py:3089} INFO - Sync 1 DAGs
[2026-07-13T17:24:59.697+0000] {logging_mixin.py:188} INFO - [2026-07-13T17:24:59.697+0000] {dag.py:3947} INFO - Setting next_dagrun for crypto_daily_pipeline to 2026-07-13 00:00:00+00:00, run_after=2026-07-14 00:00:00+00:00
[2026-07-13T17:24:59.703+0000] {processor.py:183} INFO - Processing /opt/airflow/dags/crypto_pipeline_dag.py took 0.051 seconds
[2026-07-13T17:25:29.863+0000] {processor.py:161} INFO - Started process (PID=2514) to work on /opt/airflow/dags/crypto_pipeline_dag.py
[2026-07-13T17:25:29.864+0000] {processor.py:830} INFO - Processing file /opt/airflow/dags/crypto_pipeline_dag.py for tasks to queue
[2026-07-13T17:25:29.865+0000] {logging_mixin.py:188} INFO - [2026-07-13T17:25:29.865+0000] {dagbag.py:545} INFO - Filling up the DagBag from /opt/airflow/dags/crypto_pipeline_dag.py
[2026-07-13T17:25:29.874+0000] {processor.py:840} INFO - DAG(s) 'crypto_daily_pipeline' retrieved from /opt/airflow/dags/crypto_pipeline_dag.py
[2026-07-13T17:25:29.894+0000] {logging_mixin.py:188} INFO - [2026-07-13T17:25:29.894+0000] {dag.py:3089} INFO - Sync 1 DAGs
[2026-07-13T17:25:29.902+0000] {logging_mixin.py:188} INFO - [2026-07-13T17:25:29.902+0000] {dag.py:3947} INFO - Setting next_dagrun for crypto_daily_pipeline to 2026-07-13 00:00:00+00:00, run_after=2026-07-14 00:00:00+00:00
[2026-07-13T17:25:29.908+0000] {processor.py:183} INFO - Processing /opt/airflow/dags/crypto_pipeline_dag.py took 0.050 seconds
[2026-07-13T17:26:00.110+0000] {processor.py:161} INFO - Started process (PID=2519) to work on /opt/airflow/dags/crypto_pipeline_dag.py
[2026-07-13T17:26:00.111+0000] {processor.py:830} INFO - Processing file /opt/airflow/dags/crypto_pipeline_dag.py for tasks to queue
[2026-07-13T17:26:00.112+0000] {logging_mixin.py:188} INFO - [2026-07-13T17:26:00.112+0000] {dagbag.py:545} INFO - Filling up the DagBag from /opt/airflow/dags/crypto_pipeline_dag.py
[2026-07-13T17:26:00.121+0000] {processor.py:840} INFO - DAG(s) 'crypto_daily_pipeline' retrieved from /opt/airflow/dags/crypto_pipeline_dag.py
[2026-07-13T17:26:00.139+0000] {logging_mixin.py:188} INFO - [2026-07-13T17:26:00.139+0000] {dag.py:3089} INFO - Sync 1 DAGs
[2026-07-13T17:26:00.149+0000] {logging_mixin.py:188} INFO - [2026-07-13T17:26:00.149+0000] {dag.py:3947} INFO - Setting next_dagrun for crypto_daily_pipeline to 2026-07-13 00:00:00+00:00, run_after=2026-07-14 00:00:00+00:00
[2026-07-13T17:26:00.154+0000] {processor.py:183} INFO - Processing /opt/airflow/dags/crypto_pipeline_dag.py took 0.048 seconds
[2026-07-13T17:26:30.318+0000] {processor.py:161} INFO - Started process (PID=2524) to work on /opt/airflow/dags/crypto_pipeline_dag.py
[2026-07-13T17:26:30.319+0000] {processor.py:830} INFO - Processing file /opt/airflow/dags/crypto_pipeline_dag.py for tasks to queue
[2026-07-13T17:26:30.321+0000] {logging_mixin.py:188} INFO - [2026-07-13T17:26:30.321+0000] {dagbag.py:545} INFO - Filling up the DagBag from /opt/airflow/dags/crypto_pipeline_dag.py
[2026-07-13T17:26:30.331+0000] {processor.py:840} INFO - DAG(s) 'crypto_daily_pipeline' retrieved from /opt/airflow/dags/crypto_pipeline_dag.py
[2026-07-13T17:26:30.350+0000] {logging_mixin.py:188} INFO - [2026-07-13T17:26:30.350+0000] {dag.py:3089} INFO - Sync 1 DAGs
[2026-07-13T17:26:30.358+0000] {logging_mixin.py:188} INFO - [2026-07-13T17:26:30.358+0000] {dag.py:3947} INFO - Setting next_dagrun for crypto_daily_pipeline to 2026-07-13 00:00:00+00:00, run_after=2026-07-14 00:00:00+00:00
[2026-07-13T17:26:30.365+0000] {processor.py:183} INFO - Processing /opt/airflow/dags/crypto_pipeline_dag.py took 0.052 seconds
[2026-07-13T17:27:00.533+0000] {processor.py:161} INFO - Started process (PID=2529) to work on /opt/airflow/dags/crypto_pipeline_dag.py
[2026-07-13T17:27:00.534+0000] {processor.py:830} INFO - Processing file /opt/airflow/dags/crypto_pipeline_dag.py for tasks to queue
[2026-07-13T17:27:00.535+0000] {logging_mixin.py:188} INFO - [2026-07-13T17:27:00.535+0000] {dagbag.py:545} INFO - Filling up the DagBag from /opt/airflow/dags/crypto_pipeline_dag.py
[2026-07-13T17:27:00.544+0000] {processor.py:840} INFO - DAG(s) 'crypto_daily_pipeline' retrieved from /opt/airflow/dags/crypto_pipeline_dag.py
[2026-07-13T17:27:00.563+0000] {logging_mixin.py:188} INFO - [2026-07-13T17:27:00.563+0000] {dag.py:3089} INFO - Sync 1 DAGs
[2026-07-13T17:27:00.572+0000] {logging_mixin.py:188} INFO - [2026-07-13T17:27:00.572+0000] {dag.py:3947} INFO - Setting next_dagrun for crypto_daily_pipeline to 2026-07-13 00:00:00+00:00, run_after=2026-07-14 00:00:00+00:00
[2026-07-13T17:27:00.578+0000] {processor.py:183} INFO - Processing /opt/airflow/dags/crypto_pipeline_dag.py took 0.050 seconds
[2026-07-13T17:27:30.747+0000] {processor.py:161} INFO - Started process (PID=2534) to work on /opt/airflow/dags/crypto_pipeline_dag.py
[2026-07-13T17:27:30.748+0000] {processor.py:830} INFO - Processing file /opt/airflow/dags/crypto_pipeline_dag.py for tasks to queue
[2026-07-13T17:27:30.749+0000] {logging_mixin.py:188} INFO - [2026-07-13T17:27:30.749+0000] {dagbag.py:545} INFO - Filling up the DagBag from /opt/airflow/dags/crypto_pipeline_dag.py
[2026-07-13T17:27:30.758+0000] {processor.py:840} INFO - DAG(s) 'crypto_daily_pipeline' retrieved from /opt/airflow/dags/crypto_pipeline_dag.py
[2026-07-13T17:27:30.774+0000] {logging_mixin.py:188} INFO - [2026-07-13T17:27:30.774+0000] {dag.py:3089} INFO - Sync 1 DAGs
[2026-07-13T17:27:30.782+0000] {logging_mixin.py:188} INFO - [2026-07-13T17:27:30.782+0000] {dag.py:3947} INFO - Setting next_dagrun for crypto_daily_pipeline to 2026-07-13 00:00:00+00:00, run_after=2026-07-14 00:00:00+00:00
[2026-07-13T17:27:30.788+0000] {processor.py:183} INFO - Processing /opt/airflow/dags/crypto_pipeline_dag.py took 0.046 seconds
[2026-07-13T17:28:00.950+0000] {processor.py:161} INFO - Started process (PID=2539) to work on /opt/airflow/dags/crypto_pipeline_dag.py
[2026-07-13T17:28:00.951+0000] {processor.py:830} INFO - Processing file /opt/airflow/dags/crypto_pipeline_dag.py for tasks to queue
[2026-07-13T17:28:00.952+0000] {logging_mixin.py:188} INFO - [2026-07-13T17:28:00.952+0000] {dagbag.py:545} INFO - Filling up the DagBag from /opt/airflow/dags/crypto_pipeline_dag.py
[2026-07-13T17:28:00.961+0000] {processor.py:840} INFO - DAG(s) 'crypto_daily_pipeline' retrieved from /opt/airflow/dags/crypto_pipeline_dag.py
[2026-07-13T17:28:00.980+0000] {logging_mixin.py:188} INFO - [2026-07-13T17:28:00.980+0000] {dag.py:3089} INFO - Sync 1 DAGs
[2026-07-13T17:28:00.989+0000] {logging_mixin.py:188} INFO - [2026-07-13T17:28:00.989+0000] {dag.py:3947} INFO - Setting next_dagrun for crypto_daily_pipeline to 2026-07-13 00:00:00+00:00, run_after=2026-07-14 00:00:00+00:00
[2026-07-13T17:28:00.995+0000] {processor.py:183} INFO - Processing /opt/airflow/dags/crypto_pipeline_dag.py took 0.050 seconds
[2026-07-13T17:28:31.170+0000] {processor.py:161} INFO - Started process (PID=2544) to work on /opt/airflow/dags/crypto_pipeline_dag.py
[2026-07-13T17:28:31.171+0000] {processor.py:830} INFO - Processing file /opt/airflow/dags/crypto_pipeline_dag.py for tasks to queue
[2026-07-13T17:28:31.173+0000] {logging_mixin.py:188} INFO - [2026-07-13T17:28:31.173+0000] {dagbag.py:545} INFO - Filling up the DagBag from /opt/airflow/dags/crypto_pipeline_dag.py
[2026-07-13T17:28:31.183+0000] {processor.py:840} INFO - DAG(s) 'crypto_daily_pipeline' retrieved from /opt/airflow/dags/crypto_pipeline_dag.py
[2026-07-13T17:28:31.201+0000] {logging_mixin.py:188} INFO - [2026-07-13T17:28:31.201+0000] {dag.py:3089} INFO - Sync 1 DAGs
[2026-07-13T17:28:31.210+0000] {logging_mixin.py:188} INFO - [2026-07-13T17:28:31.210+0000] {dag.py:3947} INFO - Setting next_dagrun for crypto_daily_pipeline to 2026-07-13 00:00:00+00:00, run_after=2026-07-14 00:00:00+00:00
[2026-07-13T17:28:31.215+0000] {processor.py:183} INFO - Processing /opt/airflow/dags/crypto_pipeline_dag.py took 0.054 seconds
[2026-07-13T17:29:01.409+0000] {processor.py:161} INFO - Started process (PID=2549) to work on /opt/airflow/dags/crypto_pipeline_dag.py
[2026-07-13T17:29:01.410+0000] {processor.py:830} INFO - Processing file /opt/airflow/dags/crypto_pipeline_dag.py for tasks to queue
[2026-07-13T17:29:01.412+0000] {logging_mixin.py:188} INFO - [2026-07-13T17:29:01.411+0000] {dagbag.py:545} INFO - Filling up the DagBag from /opt/airflow/dags/crypto_pipeline_dag.py
[2026-07-13T17:29:01.421+0000] {processor.py:840} INFO - DAG(s) 'crypto_daily_pipeline' retrieved from /opt/airflow/dags/crypto_pipeline_dag.py
[2026-07-13T17:29:01.437+0000] {logging_mixin.py:188} INFO - [2026-07-13T17:29:01.437+0000] {dag.py:3089} INFO - Sync 1 DAGs
[2026-07-13T17:29:01.446+0000] {logging_mixin.py:188} INFO - [2026-07-13T17:29:01.446+0000] {dag.py:3947} INFO - Setting next_dagrun for crypto_daily_pipeline to 2026-07-13 00:00:00+00:00, run_after=2026-07-14 00:00:00+00:00
[2026-07-13T17:29:01.452+0000] {processor.py:183} INFO - Processing /opt/airflow/dags/crypto_pipeline_dag.py took 0.049 seconds
[2026-07-13T17:29:31.611+0000] {processor.py:161} INFO - Started process (PID=2554) to work on /opt/airflow/dags/crypto_pipeline_dag.py
[2026-07-13T17:29:31.613+0000] {processor.py:830} INFO - Processing file /opt/airflow/dags/crypto_pipeline_dag.py for tasks to queue
[2026-07-13T17:29:31.615+0000] {logging_mixin.py:188} INFO - [2026-07-13T17:29:31.615+0000] {dagbag.py:545} INFO - Filling up the DagBag from /opt/airflow/dags/crypto_pipeline_dag.py
[2026-07-13T17:29:31.631+0000] {processor.py:840} INFO - DAG(s) 'crypto_daily_pipeline' retrieved from /opt/airflow/dags/crypto_pipeline_dag.py
[2026-07-13T17:29:31.655+0000] {logging_mixin.py:188} INFO - [2026-07-13T17:29:31.655+0000] {dag.py:3089} INFO - Sync 1 DAGs
[2026-07-13T17:29:31.665+0000] {logging_mixin.py:188} INFO - [2026-07-13T17:29:31.665+0000] {dag.py:3947} INFO - Setting next_dagrun for crypto_daily_pipeline to 2026-07-13 00:00:00+00:00, run_after=2026-07-14 00:00:00+00:00
[2026-07-13T17:29:31.672+0000] {processor.py:183} INFO - Processing /opt/airflow/dags/crypto_pipeline_dag.py took 0.067 seconds
[2026-07-13T17:30:01.819+0000] {processor.py:161} INFO - Started process (PID=2559) to work on /opt/airflow/dags/crypto_pipeline_dag.py
[2026-07-13T17:30:01.819+0000] {processor.py:830} INFO - Processing file /opt/airflow/dags/crypto_pipeline_dag.py for tasks to queue
[2026-07-13T17:30:01.821+0000] {logging_mixin.py:188} INFO - [2026-07-13T17:30:01.821+0000] {dagbag.py:545} INFO - Filling up the DagBag from /opt/airflow/dags/crypto_pipeline_dag.py
[2026-07-13T17:30:01.829+0000] {processor.py:840} INFO - DAG(s) 'crypto_daily_pipeline' retrieved from /opt/airflow/dags/crypto_pipeline_dag.py
[2026-07-13T17:30:01.852+0000] {logging_mixin.py:188} INFO - [2026-07-13T17:30:01.852+0000] {dag.py:3089} INFO - Sync 1 DAGs
[2026-07-13T17:30:01.863+0000] {logging_mixin.py:188} INFO - [2026-07-13T17:30:01.863+0000] {dag.py:3947} INFO - Setting next_dagrun for crypto_daily_pipeline to 2026-07-13 00:00:00+00:00, run_after=2026-07-14 00:00:00+00:00
[2026-07-13T17:30:01.869+0000] {processor.py:183} INFO - Processing /opt/airflow/dags/crypto_pipeline_dag.py took 0.056 seconds
[2026-07-13T17:30:32.066+0000] {processor.py:161} INFO - Started process (PID=2564) to work on /opt/airflow/dags/crypto_pipeline_dag.py
[2026-07-13T17:30:32.067+0000] {processor.py:830} INFO - Processing file /opt/airflow/dags/crypto_pipeline_dag.py for tasks to queue
[2026-07-13T17:30:32.069+0000] {logging_mixin.py:188} INFO - [2026-07-13T17:30:32.068+0000] {dagbag.py:545} INFO - Filling up the DagBag from /opt/airflow/dags/crypto_pipeline_dag.py
[2026-07-13T17:30:32.077+0000] {processor.py:840} INFO - DAG(s) 'crypto_daily_pipeline' retrieved from /opt/airflow/dags/crypto_pipeline_dag.py
[2026-07-13T17:30:32.095+0000] {logging_mixin.py:188} INFO - [2026-07-13T17:30:32.095+0000] {dag.py:3089} INFO - Sync 1 DAGs
[2026-07-13T17:30:32.103+0000] {logging_mixin.py:188} INFO - [2026-07-13T17:30:32.103+0000] {dag.py:3947} INFO - Setting next_dagrun for crypto_daily_pipeline to 2026-07-13 00:00:00+00:00, run_after=2026-07-14 00:00:00+00:00
[2026-07-13T17:30:32.110+0000] {processor.py:183} INFO - Processing /opt/airflow/dags/crypto_pipeline_dag.py took 0.050 seconds
[2026-07-13T17:31:02.267+0000] {processor.py:161} INFO - Started process (PID=2569) to work on /opt/airflow/dags/crypto_pipeline_dag.py
[2026-07-13T17:31:02.268+0000] {processor.py:830} INFO - Processing file /opt/airflow/dags/crypto_pipeline_dag.py for tasks to queue
[2026-07-13T17:31:02.270+0000] {logging_mixin.py:188} INFO - [2026-07-13T17:31:02.270+0000] {dagbag.py:545} INFO - Filling up the DagBag from /opt/airflow/dags/crypto_pipeline_dag.py
[2026-07-13T17:31:02.278+0000] {processor.py:840} INFO - DAG(s) 'crypto_daily_pipeline' retrieved from /opt/airflow/dags/crypto_pipeline_dag.py
[2026-07-13T17:31:02.299+0000] {logging_mixin.py:188} INFO - [2026-07-13T17:31:02.299+0000] {dag.py:3089} INFO - Sync 1 DAGs
[2026-07-13T17:31:02.311+0000] {logging_mixin.py:188} INFO - [2026-07-13T17:31:02.310+0000] {dag.py:3947} INFO - Setting next_dagrun for crypto_daily_pipeline to 2026-07-13 00:00:00+00:00, run_after=2026-07-14 00:00:00+00:00
[2026-07-13T17:31:02.316+0000] {processor.py:183} INFO - Processing /opt/airflow/dags/crypto_pipeline_dag.py took 0.054 seconds
[2026-07-13T17:31:32.508+0000] {processor.py:161} INFO - Started process (PID=2574) to work on /opt/airflow/dags/crypto_pipeline_dag.py
[2026-07-13T17:31:32.509+0000] {processor.py:830} INFO - Processing file /opt/airflow/dags/crypto_pipeline_dag.py for tasks to queue
[2026-07-13T17:31:32.510+0000] {logging_mixin.py:188} INFO - [2026-07-13T17:31:32.510+0000] {dagbag.py:545} INFO - Filling up the DagBag from /opt/airflow/dags/crypto_pipeline_dag.py
[2026-07-13T17:31:32.519+0000] {processor.py:840} INFO - DAG(s) 'crypto_daily_pipeline' retrieved from /opt/airflow/dags/crypto_pipeline_dag.py
[2026-07-13T17:31:32.537+0000] {logging_mixin.py:188} INFO - [2026-07-13T17:31:32.537+0000] {dag.py:3089} INFO - Sync 1 DAGs
[2026-07-13T17:31:32.546+0000] {logging_mixin.py:188} INFO - [2026-07-13T17:31:32.546+0000] {dag.py:3947} INFO - Setting next_dagrun for crypto_daily_pipeline to 2026-07-13 00:00:00+00:00, run_after=2026-07-14 00:00:00+00:00
[2026-07-13T17:31:32.552+0000] {processor.py:183} INFO - Processing /opt/airflow/dags/crypto_pipeline_dag.py took 0.049 seconds
[2026-07-13T17:32:02.738+0000] {processor.py:161} INFO - Started process (PID=2579) to work on /opt/airflow/dags/crypto_pipeline_dag.py
[2026-07-13T17:32:02.738+0000] {processor.py:830} INFO - Processing file /opt/airflow/dags/crypto_pipeline_dag.py for tasks to queue
[2026-07-13T17:32:02.740+0000] {logging_mixin.py:188} INFO - [2026-07-13T17:32:02.739+0000] {dagbag.py:545} INFO - Filling up the DagBag from /opt/airflow/dags/crypto_pipeline_dag.py
[2026-07-13T17:32:02.748+0000] {processor.py:840} INFO - DAG(s) 'crypto_daily_pipeline' retrieved from /opt/airflow/dags/crypto_pipeline_dag.py
[2026-07-13T17:32:02.765+0000] {logging_mixin.py:188} INFO - [2026-07-13T17:32:02.765+0000] {dag.py:3089} INFO - Sync 1 DAGs
[2026-07-13T17:32:02.773+0000] {logging_mixin.py:188} INFO - [2026-07-13T17:32:02.773+0000] {dag.py:3947} INFO - Setting next_dagrun for crypto_daily_pipeline to 2026-07-13 00:00:00+00:00, run_after=2026-07-14 00:00:00+00:00
[2026-07-13T17:32:02.779+0000] {processor.py:183} INFO - Processing /opt/airflow/dags/crypto_pipeline_dag.py took 0.047 seconds
[2026-07-13T17:32:32.970+0000] {processor.py:161} INFO - Started process (PID=2584) to work on /opt/airflow/dags/crypto_pipeline_dag.py
[2026-07-13T17:32:32.971+0000] {processor.py:830} INFO - Processing file /opt/airflow/dags/crypto_pipeline_dag.py for tasks to queue
[2026-07-13T17:32:32.972+0000] {logging_mixin.py:188} INFO - [2026-07-13T17:32:32.972+0000] {dagbag.py:545} INFO - Filling up the DagBag from /opt/airflow/dags/crypto_pipeline_dag.py
[2026-07-13T17:32:32.980+0000] {processor.py:840} INFO - DAG(s) 'crypto_daily_pipeline' retrieved from /opt/airflow/dags/crypto_pipeline_dag.py
[2026-07-13T17:32:32.997+0000] {logging_mixin.py:188} INFO - [2026-07-13T17:32:32.996+0000] {dag.py:3089} INFO - Sync 1 DAGs
[2026-07-13T17:32:33.005+0000] {logging_mixin.py:188} INFO - [2026-07-13T17:32:33.005+0000] {dag.py:3947} INFO - Setting next_dagrun for crypto_daily_pipeline to 2026-07-13 00:00:00+00:00, run_after=2026-07-14 00:00:00+00:00
[2026-07-13T17:32:33.011+0000] {processor.py:183} INFO - Processing /opt/airflow/dags/crypto_pipeline_dag.py took 0.046 seconds
[2026-07-13T17:33:03.180+0000] {processor.py:161} INFO - Started process (PID=2589) to work on /opt/airflow/dags/crypto_pipeline_dag.py
[2026-07-13T17:33:03.181+0000] {processor.py:830} INFO - Processing file /opt/airflow/dags/crypto_pipeline_dag.py for tasks to queue
[2026-07-13T17:33:03.183+0000] {logging_mixin.py:188} INFO - [2026-07-13T17:33:03.183+0000] {dagbag.py:545} INFO - Filling up the DagBag from /opt/airflow/dags/crypto_pipeline_dag.py
[2026-07-13T17:33:03.191+0000] {processor.py:840} INFO - DAG(s) 'crypto_daily_pipeline' retrieved from /opt/airflow/dags/crypto_pipeline_dag.py
[2026-07-13T17:33:03.210+0000] {logging_mixin.py:188} INFO - [2026-07-13T17:33:03.210+0000] {dag.py:3089} INFO - Sync 1 DAGs
[2026-07-13T17:33:03.218+0000] {logging_mixin.py:188} INFO - [2026-07-13T17:33:03.218+0000] {dag.py:3947} INFO - Setting next_dagrun for crypto_daily_pipeline to 2026-07-13 00:00:00+00:00, run_after=2026-07-14 00:00:00+00:00
[2026-07-13T17:33:03.224+0000] {processor.py:183} INFO - Processing /opt/airflow/dags/crypto_pipeline_dag.py took 0.048 seconds
[2026-07-13T17:41:50.768+0000] {processor.py:161} INFO - Started process (PID=2594) to work on /opt/airflow/dags/crypto_pipeline_dag.py
[2026-07-13T17:41:50.769+0000] {processor.py:830} INFO - Processing file /opt/airflow/dags/crypto_pipeline_dag.py for tasks to queue
[2026-07-13T17:41:50.773+0000] {logging_mixin.py:188} INFO - [2026-07-13T17:41:50.772+0000] {dagbag.py:545} INFO - Filling up the DagBag from /opt/airflow/dags/crypto_pipeline_dag.py
[2026-07-13T17:41:50.782+0000] {processor.py:840} INFO - DAG(s) 'crypto_daily_pipeline' retrieved from /opt/airflow/dags/crypto_pipeline_dag.py
[2026-07-13T17:41:50.796+0000] {logging_mixin.py:188} INFO - [2026-07-13T17:41:50.796+0000] {dag.py:3089} INFO - Sync 1 DAGs
[2026-07-13T17:41:50.806+0000] {logging_mixin.py:188} INFO - [2026-07-13T17:41:50.806+0000] {dag.py:3947} INFO - Setting next_dagrun for crypto_daily_pipeline to 2026-07-13 00:00:00+00:00, run_after=2026-07-14 00:00:00+00:00
[2026-07-13T17:41:50.812+0000] {processor.py:183} INFO - Processing /opt/airflow/dags/crypto_pipeline_dag.py took 0.057 seconds
[2026-07-13T17:49:45.875+0000] {processor.py:161} INFO - Started process (PID=2599) to work on /opt/airflow/dags/crypto_pipeline_dag.py
[2026-07-13T17:49:45.876+0000] {processor.py:830} INFO - Processing file /opt/airflow/dags/crypto_pipeline_dag.py for tasks to queue
[2026-07-13T17:49:45.879+0000] {logging_mixin.py:188} INFO - [2026-07-13T17:49:45.879+0000] {dagbag.py:545} INFO - Filling up the DagBag from /opt/airflow/dags/crypto_pipeline_dag.py
[2026-07-13T17:49:45.892+0000] {processor.py:840} INFO - DAG(s) 'crypto_daily_pipeline' retrieved from /opt/airflow/dags/crypto_pipeline_dag.py
[2026-07-13T17:49:45.917+0000] {logging_mixin.py:188} INFO - [2026-07-13T17:49:45.917+0000] {dag.py:3089} INFO - Sync 1 DAGs
[2026-07-13T17:49:45.931+0000] {logging_mixin.py:188} INFO - [2026-07-13T17:49:45.931+0000] {dag.py:3947} INFO - Setting next_dagrun for crypto_daily_pipeline to 2026-07-13 00:00:00+00:00, run_after=2026-07-14 00:00:00+00:00
[2026-07-13T17:49:45.939+0000] {processor.py:183} INFO - Processing /opt/airflow/dags/crypto_pipeline_dag.py took 0.070 seconds
[2026-07-13T17:50:16.119+0000] {processor.py:161} INFO - Started process (PID=2604) to work on /opt/airflow/dags/crypto_pipeline_dag.py
[2026-07-13T17:50:16.120+0000] {processor.py:830} INFO - Processing file /opt/airflow/dags/crypto_pipeline_dag.py for tasks to queue
[2026-07-13T17:50:16.123+0000] {logging_mixin.py:188} INFO - [2026-07-13T17:50:16.122+0000] {dagbag.py:545} INFO - Filling up the DagBag from /opt/airflow/dags/crypto_pipeline_dag.py
[2026-07-13T17:50:16.131+0000] {processor.py:840} INFO - DAG(s) 'crypto_daily_pipeline' retrieved from /opt/airflow/dags/crypto_pipeline_dag.py
[2026-07-13T17:50:16.153+0000] {logging_mixin.py:188} INFO - [2026-07-13T17:50:16.153+0000] {dag.py:3089} INFO - Sync 1 DAGs
[2026-07-13T17:50:16.163+0000] {logging_mixin.py:188} INFO - [2026-07-13T17:50:16.163+0000] {dag.py:3947} INFO - Setting next_dagrun for crypto_daily_pipeline to 2026-07-13 00:00:00+00:00, run_after=2026-07-14 00:00:00+00:00
[2026-07-13T17:50:16.170+0000] {processor.py:183} INFO - Processing /opt/airflow/dags/crypto_pipeline_dag.py took 0.058 seconds
[2026-07-13T17:50:46.327+0000] {processor.py:161} INFO - Started process (PID=2609) to work on /opt/airflow/dags/crypto_pipeline_dag.py
[2026-07-13T17:50:46.327+0000] {processor.py:830} INFO - Processing file /opt/airflow/dags/crypto_pipeline_dag.py for tasks to queue
[2026-07-13T17:50:46.329+0000] {logging_mixin.py:188} INFO - [2026-07-13T17:50:46.329+0000] {dagbag.py:545} INFO - Filling up the DagBag from /opt/airflow/dags/crypto_pipeline_dag.py
[2026-07-13T17:50:46.339+0000] {processor.py:840} INFO - DAG(s) 'crypto_daily_pipeline' retrieved from /opt/airflow/dags/crypto_pipeline_dag.py
[2026-07-13T17:50:46.357+0000] {logging_mixin.py:188} INFO - [2026-07-13T17:50:46.357+0000] {dag.py:3089} INFO - Sync 1 DAGs
[2026-07-13T17:50:46.366+0000] {logging_mixin.py:188} INFO - [2026-07-13T17:50:46.366+0000] {dag.py:3947} INFO - Setting next_dagrun for crypto_daily_pipeline to 2026-07-13 00:00:00+00:00, run_after=2026-07-14 00:00:00+00:00
[2026-07-13T17:50:46.372+0000] {processor.py:183} INFO - Processing /opt/airflow/dags/crypto_pipeline_dag.py took 0.050 seconds
[2026-07-13T17:51:16.531+0000] {processor.py:161} INFO - Started process (PID=2614) to work on /opt/airflow/dags/crypto_pipeline_dag.py
[2026-07-13T17:51:16.532+0000] {processor.py:830} INFO - Processing file /opt/airflow/dags/crypto_pipeline_dag.py for tasks to queue
[2026-07-13T17:51:16.534+0000] {logging_mixin.py:188} INFO - [2026-07-13T17:51:16.534+0000] {dagbag.py:545} INFO - Filling up the DagBag from /opt/airflow/dags/crypto_pipeline_dag.py
[2026-07-13T17:51:16.548+0000] {processor.py:840} INFO - DAG(s) 'crypto_daily_pipeline' retrieved from /opt/airflow/dags/crypto_pipeline_dag.py
[2026-07-13T17:51:16.576+0000] {logging_mixin.py:188} INFO - [2026-07-13T17:51:16.576+0000] {dag.py:3089} INFO - Sync 1 DAGs
[2026-07-13T17:51:16.595+0000] {logging_mixin.py:188} INFO - [2026-07-13T17:51:16.595+0000] {dag.py:3947} INFO - Setting next_dagrun for crypto_daily_pipeline to 2026-07-13 00:00:00+00:00, run_after=2026-07-14 00:00:00+00:00
[2026-07-13T17:51:16.606+0000] {processor.py:183} INFO - Processing /opt/airflow/dags/crypto_pipeline_dag.py took 0.080 seconds
[2026-07-13T17:51:46.732+0000] {processor.py:161} INFO - Started process (PID=2619) to work on /opt/airflow/dags/crypto_pipeline_dag.py
[2026-07-13T17:51:46.733+0000] {processor.py:830} INFO - Processing file /opt/airflow/dags/crypto_pipeline_dag.py for tasks to queue
[2026-07-13T17:51:46.735+0000] {logging_mixin.py:188} INFO - [2026-07-13T17:51:46.735+0000] {dagbag.py:545} INFO - Filling up the DagBag from /opt/airflow/dags/crypto_pipeline_dag.py
[2026-07-13T17:51:46.745+0000] {processor.py:840} INFO - DAG(s) 'crypto_daily_pipeline' retrieved from /opt/airflow/dags/crypto_pipeline_dag.py
[2026-07-13T17:51:46.764+0000] {logging_mixin.py:188} INFO - [2026-07-13T17:51:46.763+0000] {dag.py:3089} INFO - Sync 1 DAGs
[2026-07-13T17:51:46.772+0000] {logging_mixin.py:188} INFO - [2026-07-13T17:51:46.772+0000] {dag.py:3947} INFO - Setting next_dagrun for crypto_daily_pipeline to 2026-07-13 00:00:00+00:00, run_after=2026-07-14 00:00:00+00:00
[2026-07-13T17:51:46.778+0000] {processor.py:183} INFO - Processing /opt/airflow/dags/crypto_pipeline_dag.py took 0.054 seconds
[2026-07-13T17:52:16.987+0000] {processor.py:161} INFO - Started process (PID=2624) to work on /opt/airflow/dags/crypto_pipeline_dag.py
[2026-07-13T17:52:16.988+0000] {processor.py:830} INFO - Processing file /opt/airflow/dags/crypto_pipeline_dag.py for tasks to queue
[2026-07-13T17:52:16.990+0000] {logging_mixin.py:188} INFO - [2026-07-13T17:52:16.990+0000] {dagbag.py:545} INFO - Filling up the DagBag from /opt/airflow/dags/crypto_pipeline_dag.py
[2026-07-13T17:52:17.001+0000] {processor.py:840} INFO - DAG(s) 'crypto_daily_pipeline' retrieved from /opt/airflow/dags/crypto_pipeline_dag.py
[2026-07-13T17:52:17.027+0000] {logging_mixin.py:188} INFO - [2026-07-13T17:52:17.027+0000] {dag.py:3089} INFO - Sync 1 DAGs
[2026-07-13T17:52:17.040+0000] {logging_mixin.py:188} INFO - [2026-07-13T17:52:17.040+0000] {dag.py:3947} INFO - Setting next_dagrun for crypto_daily_pipeline to 2026-07-13 00:00:00+00:00, run_after=2026-07-14 00:00:00+00:00
[2026-07-13T17:52:17.050+0000] {processor.py:183} INFO - Processing /opt/airflow/dags/crypto_pipeline_dag.py took 0.070 seconds
[2026-07-13T17:52:47.197+0000] {processor.py:161} INFO - Started process (PID=2629) to work on /opt/airflow/dags/crypto_pipeline_dag.py
[2026-07-13T17:52:47.198+0000] {processor.py:830} INFO - Processing file /opt/airflow/dags/crypto_pipeline_dag.py for tasks to queue
[2026-07-13T17:52:47.200+0000] {logging_mixin.py:188} INFO - [2026-07-13T17:52:47.200+0000] {dagbag.py:545} INFO - Filling up the DagBag from /opt/airflow/dags/crypto_pipeline_dag.py
[2026-07-13T17:52:47.214+0000] {processor.py:840} INFO - DAG(s) 'crypto_daily_pipeline' retrieved from /opt/airflow/dags/crypto_pipeline_dag.py
[2026-07-13T17:52:47.234+0000] {logging_mixin.py:188} INFO - [2026-07-13T17:52:47.234+0000] {dag.py:3089} INFO - Sync 1 DAGs
[2026-07-13T17:52:47.244+0000] {logging_mixin.py:188} INFO - [2026-07-13T17:52:47.244+0000] {dag.py:3947} INFO - Setting next_dagrun for crypto_daily_pipeline to 2026-07-13 00:00:00+00:00, run_after=2026-07-14 00:00:00+00:00
[2026-07-13T17:52:47.251+0000] {processor.py:183} INFO - Processing /opt/airflow/dags/crypto_pipeline_dag.py took 0.061 seconds
