[2026-07-15T06:19:37.018+0000] {processor.py:161} INFO - Started process (PID=165) to work on /opt/airflow/dags/crypto_pipeline_dag.py
[2026-07-15T06:19:37.019+0000] {processor.py:830} INFO - Processing file /opt/airflow/dags/crypto_pipeline_dag.py for tasks to queue
[2026-07-15T06:19:37.021+0000] {logging_mixin.py:188} INFO - [2026-07-15T06:19:37.021+0000] {dagbag.py:545} INFO - Filling up the DagBag from /opt/airflow/dags/crypto_pipeline_dag.py
[2026-07-15T06:19:37.032+0000] {processor.py:840} INFO - DAG(s) 'crypto_daily_pipeline' retrieved from /opt/airflow/dags/crypto_pipeline_dag.py
[2026-07-15T06:19:37.096+0000] {logging_mixin.py:188} INFO - [2026-07-15T06:19:37.096+0000] {dag.py:3089} INFO - Sync 1 DAGs
[2026-07-15T06:19:37.103+0000] {logging_mixin.py:188} INFO - [2026-07-15T06:19:37.103+0000] {dag.py:3947} INFO - Setting next_dagrun for crypto_daily_pipeline to 2026-07-14 00:00:00+00:00, run_after=2026-07-15 00:00:00+00:00
[2026-07-15T06:19:37.110+0000] {processor.py:183} INFO - Processing /opt/airflow/dags/crypto_pipeline_dag.py took 0.095 seconds
[2026-07-15T06:20:07.195+0000] {processor.py:161} INFO - Started process (PID=203) to work on /opt/airflow/dags/crypto_pipeline_dag.py
[2026-07-15T06:20:07.195+0000] {processor.py:830} INFO - Processing file /opt/airflow/dags/crypto_pipeline_dag.py for tasks to queue
[2026-07-15T06:20:07.196+0000] {logging_mixin.py:188} INFO - [2026-07-15T06:20:07.196+0000] {dagbag.py:545} INFO - Filling up the DagBag from /opt/airflow/dags/crypto_pipeline_dag.py
[2026-07-15T06:20:07.202+0000] {processor.py:840} INFO - DAG(s) 'crypto_daily_pipeline' retrieved from /opt/airflow/dags/crypto_pipeline_dag.py
[2026-07-15T06:20:07.215+0000] {logging_mixin.py:188} INFO - [2026-07-15T06:20:07.215+0000] {dag.py:3089} INFO - Sync 1 DAGs
[2026-07-15T06:20:07.225+0000] {logging_mixin.py:188} INFO - [2026-07-15T06:20:07.224+0000] {dag.py:3947} INFO - Setting next_dagrun for crypto_daily_pipeline to 2026-07-15 00:00:00+00:00, run_after=2026-07-16 00:00:00+00:00
[2026-07-15T06:20:07.231+0000] {processor.py:183} INFO - Processing /opt/airflow/dags/crypto_pipeline_dag.py took 0.039 seconds
[2026-07-15T06:20:37.373+0000] {processor.py:161} INFO - Started process (PID=208) to work on /opt/airflow/dags/crypto_pipeline_dag.py
[2026-07-15T06:20:37.373+0000] {processor.py:830} INFO - Processing file /opt/airflow/dags/crypto_pipeline_dag.py for tasks to queue
[2026-07-15T06:20:37.374+0000] {logging_mixin.py:188} INFO - [2026-07-15T06:20:37.374+0000] {dagbag.py:545} INFO - Filling up the DagBag from /opt/airflow/dags/crypto_pipeline_dag.py
[2026-07-15T06:20:37.379+0000] {processor.py:840} INFO - DAG(s) 'crypto_daily_pipeline' retrieved from /opt/airflow/dags/crypto_pipeline_dag.py
[2026-07-15T06:20:37.392+0000] {logging_mixin.py:188} INFO - [2026-07-15T06:20:37.391+0000] {dag.py:3089} INFO - Sync 1 DAGs
[2026-07-15T06:20:37.401+0000] {logging_mixin.py:188} INFO - [2026-07-15T06:20:37.401+0000] {dag.py:3947} INFO - Setting next_dagrun for crypto_daily_pipeline to 2026-07-15 00:00:00+00:00, run_after=2026-07-16 00:00:00+00:00
[2026-07-15T06:20:37.406+0000] {processor.py:183} INFO - Processing /opt/airflow/dags/crypto_pipeline_dag.py took 0.036 seconds
[2026-07-15T06:21:07.555+0000] {processor.py:161} INFO - Started process (PID=213) to work on /opt/airflow/dags/crypto_pipeline_dag.py
[2026-07-15T06:21:07.556+0000] {processor.py:830} INFO - Processing file /opt/airflow/dags/crypto_pipeline_dag.py for tasks to queue
[2026-07-15T06:21:07.557+0000] {logging_mixin.py:188} INFO - [2026-07-15T06:21:07.557+0000] {dagbag.py:545} INFO - Filling up the DagBag from /opt/airflow/dags/crypto_pipeline_dag.py
[2026-07-15T06:21:07.565+0000] {processor.py:840} INFO - DAG(s) 'crypto_daily_pipeline' retrieved from /opt/airflow/dags/crypto_pipeline_dag.py
[2026-07-15T06:21:07.581+0000] {logging_mixin.py:188} INFO - [2026-07-15T06:21:07.581+0000] {dag.py:3089} INFO - Sync 1 DAGs
[2026-07-15T06:21:07.591+0000] {logging_mixin.py:188} INFO - [2026-07-15T06:21:07.591+0000] {dag.py:3947} INFO - Setting next_dagrun for crypto_daily_pipeline to 2026-07-15 00:00:00+00:00, run_after=2026-07-16 00:00:00+00:00
[2026-07-15T06:21:07.597+0000] {processor.py:183} INFO - Processing /opt/airflow/dags/crypto_pipeline_dag.py took 0.046 seconds
[2026-07-15T06:21:37.739+0000] {processor.py:161} INFO - Started process (PID=218) to work on /opt/airflow/dags/crypto_pipeline_dag.py
[2026-07-15T06:21:37.740+0000] {processor.py:830} INFO - Processing file /opt/airflow/dags/crypto_pipeline_dag.py for tasks to queue
[2026-07-15T06:21:37.742+0000] {logging_mixin.py:188} INFO - [2026-07-15T06:21:37.741+0000] {dagbag.py:545} INFO - Filling up the DagBag from /opt/airflow/dags/crypto_pipeline_dag.py
[2026-07-15T06:21:37.751+0000] {processor.py:840} INFO - DAG(s) 'crypto_daily_pipeline' retrieved from /opt/airflow/dags/crypto_pipeline_dag.py
[2026-07-15T06:21:37.770+0000] {logging_mixin.py:188} INFO - [2026-07-15T06:21:37.770+0000] {dag.py:3089} INFO - Sync 1 DAGs
[2026-07-15T06:21:37.779+0000] {logging_mixin.py:188} INFO - [2026-07-15T06:21:37.779+0000] {dag.py:3947} INFO - Setting next_dagrun for crypto_daily_pipeline to 2026-07-15 00:00:00+00:00, run_after=2026-07-16 00:00:00+00:00
[2026-07-15T06:21:37.785+0000] {processor.py:183} INFO - Processing /opt/airflow/dags/crypto_pipeline_dag.py took 0.051 seconds
[2026-07-15T06:22:07.920+0000] {processor.py:161} INFO - Started process (PID=223) to work on /opt/airflow/dags/crypto_pipeline_dag.py
[2026-07-15T06:22:07.920+0000] {processor.py:830} INFO - Processing file /opt/airflow/dags/crypto_pipeline_dag.py for tasks to queue
[2026-07-15T06:22:07.922+0000] {logging_mixin.py:188} INFO - [2026-07-15T06:22:07.921+0000] {dagbag.py:545} INFO - Filling up the DagBag from /opt/airflow/dags/crypto_pipeline_dag.py
[2026-07-15T06:22:07.931+0000] {processor.py:840} INFO - DAG(s) 'crypto_daily_pipeline' retrieved from /opt/airflow/dags/crypto_pipeline_dag.py
[2026-07-15T06:22:07.949+0000] {logging_mixin.py:188} INFO - [2026-07-15T06:22:07.949+0000] {dag.py:3089} INFO - Sync 1 DAGs
[2026-07-15T06:22:07.958+0000] {logging_mixin.py:188} INFO - [2026-07-15T06:22:07.958+0000] {dag.py:3947} INFO - Setting next_dagrun for crypto_daily_pipeline to 2026-07-15 00:00:00+00:00, run_after=2026-07-16 00:00:00+00:00
[2026-07-15T06:22:07.965+0000] {processor.py:183} INFO - Processing /opt/airflow/dags/crypto_pipeline_dag.py took 0.050 seconds
[2026-07-15T06:22:38.110+0000] {processor.py:161} INFO - Started process (PID=228) to work on /opt/airflow/dags/crypto_pipeline_dag.py
[2026-07-15T06:22:38.111+0000] {processor.py:830} INFO - Processing file /opt/airflow/dags/crypto_pipeline_dag.py for tasks to queue
[2026-07-15T06:22:38.113+0000] {logging_mixin.py:188} INFO - [2026-07-15T06:22:38.112+0000] {dagbag.py:545} INFO - Filling up the DagBag from /opt/airflow/dags/crypto_pipeline_dag.py
[2026-07-15T06:22:38.122+0000] {processor.py:840} INFO - DAG(s) 'crypto_daily_pipeline' retrieved from /opt/airflow/dags/crypto_pipeline_dag.py
[2026-07-15T06:22:38.138+0000] {logging_mixin.py:188} INFO - [2026-07-15T06:22:38.138+0000] {dag.py:3089} INFO - Sync 1 DAGs
[2026-07-15T06:22:38.147+0000] {logging_mixin.py:188} INFO - [2026-07-15T06:22:38.147+0000] {dag.py:3947} INFO - Setting next_dagrun for crypto_daily_pipeline to 2026-07-15 00:00:00+00:00, run_after=2026-07-16 00:00:00+00:00
[2026-07-15T06:22:38.154+0000] {processor.py:183} INFO - Processing /opt/airflow/dags/crypto_pipeline_dag.py took 0.048 seconds
[2026-07-15T06:23:08.301+0000] {processor.py:161} INFO - Started process (PID=233) to work on /opt/airflow/dags/crypto_pipeline_dag.py
[2026-07-15T06:23:08.302+0000] {processor.py:830} INFO - Processing file /opt/airflow/dags/crypto_pipeline_dag.py for tasks to queue
[2026-07-15T06:23:08.303+0000] {logging_mixin.py:188} INFO - [2026-07-15T06:23:08.303+0000] {dagbag.py:545} INFO - Filling up the DagBag from /opt/airflow/dags/crypto_pipeline_dag.py
[2026-07-15T06:23:08.312+0000] {processor.py:840} INFO - DAG(s) 'crypto_daily_pipeline' retrieved from /opt/airflow/dags/crypto_pipeline_dag.py
[2026-07-15T06:23:08.329+0000] {logging_mixin.py:188} INFO - [2026-07-15T06:23:08.329+0000] {dag.py:3089} INFO - Sync 1 DAGs
[2026-07-15T06:23:08.340+0000] {logging_mixin.py:188} INFO - [2026-07-15T06:23:08.340+0000] {dag.py:3947} INFO - Setting next_dagrun for crypto_daily_pipeline to 2026-07-15 00:00:00+00:00, run_after=2026-07-16 00:00:00+00:00
[2026-07-15T06:23:08.345+0000] {processor.py:183} INFO - Processing /opt/airflow/dags/crypto_pipeline_dag.py took 0.049 seconds
[2026-07-15T06:23:38.490+0000] {processor.py:161} INFO - Started process (PID=238) to work on /opt/airflow/dags/crypto_pipeline_dag.py
[2026-07-15T06:23:38.491+0000] {processor.py:830} INFO - Processing file /opt/airflow/dags/crypto_pipeline_dag.py for tasks to queue
[2026-07-15T06:23:38.492+0000] {logging_mixin.py:188} INFO - [2026-07-15T06:23:38.492+0000] {dagbag.py:545} INFO - Filling up the DagBag from /opt/airflow/dags/crypto_pipeline_dag.py
[2026-07-15T06:23:38.502+0000] {processor.py:840} INFO - DAG(s) 'crypto_daily_pipeline' retrieved from /opt/airflow/dags/crypto_pipeline_dag.py
[2026-07-15T06:23:38.519+0000] {logging_mixin.py:188} INFO - [2026-07-15T06:23:38.519+0000] {dag.py:3089} INFO - Sync 1 DAGs
[2026-07-15T06:23:38.529+0000] {logging_mixin.py:188} INFO - [2026-07-15T06:23:38.529+0000] {dag.py:3947} INFO - Setting next_dagrun for crypto_daily_pipeline to 2026-07-15 00:00:00+00:00, run_after=2026-07-16 00:00:00+00:00
[2026-07-15T06:23:38.535+0000] {processor.py:183} INFO - Processing /opt/airflow/dags/crypto_pipeline_dag.py took 0.050 seconds
[2026-07-15T06:24:08.678+0000] {processor.py:161} INFO - Started process (PID=243) to work on /opt/airflow/dags/crypto_pipeline_dag.py
[2026-07-15T06:24:08.679+0000] {processor.py:830} INFO - Processing file /opt/airflow/dags/crypto_pipeline_dag.py for tasks to queue
[2026-07-15T06:24:08.680+0000] {logging_mixin.py:188} INFO - [2026-07-15T06:24:08.680+0000] {dagbag.py:545} INFO - Filling up the DagBag from /opt/airflow/dags/crypto_pipeline_dag.py
[2026-07-15T06:24:08.690+0000] {processor.py:840} INFO - DAG(s) 'crypto_daily_pipeline' retrieved from /opt/airflow/dags/crypto_pipeline_dag.py
[2026-07-15T06:24:08.708+0000] {logging_mixin.py:188} INFO - [2026-07-15T06:24:08.708+0000] {dag.py:3089} INFO - Sync 1 DAGs
[2026-07-15T06:24:08.718+0000] {logging_mixin.py:188} INFO - [2026-07-15T06:24:08.718+0000] {dag.py:3947} INFO - Setting next_dagrun for crypto_daily_pipeline to 2026-07-15 00:00:00+00:00, run_after=2026-07-16 00:00:00+00:00
[2026-07-15T06:24:08.724+0000] {processor.py:183} INFO - Processing /opt/airflow/dags/crypto_pipeline_dag.py took 0.050 seconds
[2026-07-15T06:24:38.888+0000] {processor.py:161} INFO - Started process (PID=248) to work on /opt/airflow/dags/crypto_pipeline_dag.py
[2026-07-15T06:24:38.889+0000] {processor.py:830} INFO - Processing file /opt/airflow/dags/crypto_pipeline_dag.py for tasks to queue
[2026-07-15T06:24:38.891+0000] {logging_mixin.py:188} INFO - [2026-07-15T06:24:38.891+0000] {dagbag.py:545} INFO - Filling up the DagBag from /opt/airflow/dags/crypto_pipeline_dag.py
[2026-07-15T06:24:38.899+0000] {processor.py:840} INFO - DAG(s) 'crypto_daily_pipeline' retrieved from /opt/airflow/dags/crypto_pipeline_dag.py
[2026-07-15T06:24:38.915+0000] {logging_mixin.py:188} INFO - [2026-07-15T06:24:38.915+0000] {dag.py:3089} INFO - Sync 1 DAGs
[2026-07-15T06:24:38.925+0000] {logging_mixin.py:188} INFO - [2026-07-15T06:24:38.925+0000] {dag.py:3947} INFO - Setting next_dagrun for crypto_daily_pipeline to 2026-07-15 00:00:00+00:00, run_after=2026-07-16 00:00:00+00:00
[2026-07-15T06:24:38.931+0000] {processor.py:183} INFO - Processing /opt/airflow/dags/crypto_pipeline_dag.py took 0.047 seconds
[2026-07-15T06:25:09.072+0000] {processor.py:161} INFO - Started process (PID=253) to work on /opt/airflow/dags/crypto_pipeline_dag.py
[2026-07-15T06:25:09.072+0000] {processor.py:830} INFO - Processing file /opt/airflow/dags/crypto_pipeline_dag.py for tasks to queue
[2026-07-15T06:25:09.073+0000] {logging_mixin.py:188} INFO - [2026-07-15T06:25:09.073+0000] {dagbag.py:545} INFO - Filling up the DagBag from /opt/airflow/dags/crypto_pipeline_dag.py
[2026-07-15T06:25:09.078+0000] {processor.py:840} INFO - DAG(s) 'crypto_daily_pipeline' retrieved from /opt/airflow/dags/crypto_pipeline_dag.py
[2026-07-15T06:25:09.089+0000] {logging_mixin.py:188} INFO - [2026-07-15T06:25:09.089+0000] {dag.py:3089} INFO - Sync 1 DAGs
[2026-07-15T06:25:09.097+0000] {logging_mixin.py:188} INFO - [2026-07-15T06:25:09.097+0000] {dag.py:3947} INFO - Setting next_dagrun for crypto_daily_pipeline to 2026-07-15 00:00:00+00:00, run_after=2026-07-16 00:00:00+00:00
[2026-07-15T06:25:09.104+0000] {processor.py:183} INFO - Processing /opt/airflow/dags/crypto_pipeline_dag.py took 0.034 seconds
[2026-07-15T06:25:39.286+0000] {processor.py:161} INFO - Started process (PID=258) to work on /opt/airflow/dags/crypto_pipeline_dag.py
[2026-07-15T06:25:39.287+0000] {processor.py:830} INFO - Processing file /opt/airflow/dags/crypto_pipeline_dag.py for tasks to queue
[2026-07-15T06:25:39.289+0000] {logging_mixin.py:188} INFO - [2026-07-15T06:25:39.288+0000] {dagbag.py:545} INFO - Filling up the DagBag from /opt/airflow/dags/crypto_pipeline_dag.py
[2026-07-15T06:25:39.298+0000] {processor.py:840} INFO - DAG(s) 'crypto_daily_pipeline' retrieved from /opt/airflow/dags/crypto_pipeline_dag.py
[2026-07-15T06:25:39.315+0000] {logging_mixin.py:188} INFO - [2026-07-15T06:25:39.315+0000] {dag.py:3089} INFO - Sync 1 DAGs
[2026-07-15T06:25:39.324+0000] {logging_mixin.py:188} INFO - [2026-07-15T06:25:39.324+0000] {dag.py:3947} INFO - Setting next_dagrun for crypto_daily_pipeline to 2026-07-15 00:00:00+00:00, run_after=2026-07-16 00:00:00+00:00
[2026-07-15T06:25:39.330+0000] {processor.py:183} INFO - Processing /opt/airflow/dags/crypto_pipeline_dag.py took 0.047 seconds
[2026-07-15T06:26:09.468+0000] {processor.py:161} INFO - Started process (PID=263) to work on /opt/airflow/dags/crypto_pipeline_dag.py
[2026-07-15T06:26:09.469+0000] {processor.py:830} INFO - Processing file /opt/airflow/dags/crypto_pipeline_dag.py for tasks to queue
[2026-07-15T06:26:09.470+0000] {logging_mixin.py:188} INFO - [2026-07-15T06:26:09.470+0000] {dagbag.py:545} INFO - Filling up the DagBag from /opt/airflow/dags/crypto_pipeline_dag.py
[2026-07-15T06:26:09.480+0000] {processor.py:840} INFO - DAG(s) 'crypto_daily_pipeline' retrieved from /opt/airflow/dags/crypto_pipeline_dag.py
[2026-07-15T06:26:09.497+0000] {logging_mixin.py:188} INFO - [2026-07-15T06:26:09.497+0000] {dag.py:3089} INFO - Sync 1 DAGs
[2026-07-15T06:26:09.506+0000] {logging_mixin.py:188} INFO - [2026-07-15T06:26:09.506+0000] {dag.py:3947} INFO - Setting next_dagrun for crypto_daily_pipeline to 2026-07-15 00:00:00+00:00, run_after=2026-07-16 00:00:00+00:00
[2026-07-15T06:26:09.511+0000] {processor.py:183} INFO - Processing /opt/airflow/dags/crypto_pipeline_dag.py took 0.047 seconds
[2026-07-15T06:26:39.683+0000] {processor.py:161} INFO - Started process (PID=268) to work on /opt/airflow/dags/crypto_pipeline_dag.py
[2026-07-15T06:26:39.684+0000] {processor.py:830} INFO - Processing file /opt/airflow/dags/crypto_pipeline_dag.py for tasks to queue
[2026-07-15T06:26:39.686+0000] {logging_mixin.py:188} INFO - [2026-07-15T06:26:39.686+0000] {dagbag.py:545} INFO - Filling up the DagBag from /opt/airflow/dags/crypto_pipeline_dag.py
[2026-07-15T06:26:39.695+0000] {processor.py:840} INFO - DAG(s) 'crypto_daily_pipeline' retrieved from /opt/airflow/dags/crypto_pipeline_dag.py
[2026-07-15T06:26:39.712+0000] {logging_mixin.py:188} INFO - [2026-07-15T06:26:39.712+0000] {dag.py:3089} INFO - Sync 1 DAGs
[2026-07-15T06:26:39.721+0000] {logging_mixin.py:188} INFO - [2026-07-15T06:26:39.721+0000] {dag.py:3947} INFO - Setting next_dagrun for crypto_daily_pipeline to 2026-07-15 00:00:00+00:00, run_after=2026-07-16 00:00:00+00:00
[2026-07-15T06:26:39.726+0000] {processor.py:183} INFO - Processing /opt/airflow/dags/crypto_pipeline_dag.py took 0.047 seconds
[2026-07-15T06:27:09.852+0000] {processor.py:161} INFO - Started process (PID=273) to work on /opt/airflow/dags/crypto_pipeline_dag.py
[2026-07-15T06:27:09.853+0000] {processor.py:830} INFO - Processing file /opt/airflow/dags/crypto_pipeline_dag.py for tasks to queue
[2026-07-15T06:27:09.854+0000] {logging_mixin.py:188} INFO - [2026-07-15T06:27:09.854+0000] {dagbag.py:545} INFO - Filling up the DagBag from /opt/airflow/dags/crypto_pipeline_dag.py
[2026-07-15T06:27:09.863+0000] {processor.py:840} INFO - DAG(s) 'crypto_daily_pipeline' retrieved from /opt/airflow/dags/crypto_pipeline_dag.py
[2026-07-15T06:27:09.880+0000] {logging_mixin.py:188} INFO - [2026-07-15T06:27:09.880+0000] {dag.py:3089} INFO - Sync 1 DAGs
[2026-07-15T06:27:09.889+0000] {logging_mixin.py:188} INFO - [2026-07-15T06:27:09.889+0000] {dag.py:3947} INFO - Setting next_dagrun for crypto_daily_pipeline to 2026-07-15 00:00:00+00:00, run_after=2026-07-16 00:00:00+00:00
[2026-07-15T06:27:09.895+0000] {processor.py:183} INFO - Processing /opt/airflow/dags/crypto_pipeline_dag.py took 0.046 seconds
[2026-07-15T06:27:40.049+0000] {processor.py:161} INFO - Started process (PID=278) to work on /opt/airflow/dags/crypto_pipeline_dag.py
[2026-07-15T06:27:40.050+0000] {processor.py:830} INFO - Processing file /opt/airflow/dags/crypto_pipeline_dag.py for tasks to queue
[2026-07-15T06:27:40.051+0000] {logging_mixin.py:188} INFO - [2026-07-15T06:27:40.051+0000] {dagbag.py:545} INFO - Filling up the DagBag from /opt/airflow/dags/crypto_pipeline_dag.py
[2026-07-15T06:27:40.060+0000] {processor.py:840} INFO - DAG(s) 'crypto_daily_pipeline' retrieved from /opt/airflow/dags/crypto_pipeline_dag.py
[2026-07-15T06:27:40.075+0000] {logging_mixin.py:188} INFO - [2026-07-15T06:27:40.075+0000] {dag.py:3089} INFO - Sync 1 DAGs
[2026-07-15T06:27:40.084+0000] {logging_mixin.py:188} INFO - [2026-07-15T06:27:40.084+0000] {dag.py:3947} INFO - Setting next_dagrun for crypto_daily_pipeline to 2026-07-15 00:00:00+00:00, run_after=2026-07-16 00:00:00+00:00
[2026-07-15T06:27:40.090+0000] {processor.py:183} INFO - Processing /opt/airflow/dags/crypto_pipeline_dag.py took 0.045 seconds
[2026-07-15T06:28:10.232+0000] {processor.py:161} INFO - Started process (PID=283) to work on /opt/airflow/dags/crypto_pipeline_dag.py
[2026-07-15T06:28:10.232+0000] {processor.py:830} INFO - Processing file /opt/airflow/dags/crypto_pipeline_dag.py for tasks to queue
[2026-07-15T06:28:10.233+0000] {logging_mixin.py:188} INFO - [2026-07-15T06:28:10.233+0000] {dagbag.py:545} INFO - Filling up the DagBag from /opt/airflow/dags/crypto_pipeline_dag.py
[2026-07-15T06:28:10.243+0000] {processor.py:840} INFO - DAG(s) 'crypto_daily_pipeline' retrieved from /opt/airflow/dags/crypto_pipeline_dag.py
[2026-07-15T06:28:10.260+0000] {logging_mixin.py:188} INFO - [2026-07-15T06:28:10.260+0000] {dag.py:3089} INFO - Sync 1 DAGs
[2026-07-15T06:28:10.268+0000] {logging_mixin.py:188} INFO - [2026-07-15T06:28:10.268+0000] {dag.py:3947} INFO - Setting next_dagrun for crypto_daily_pipeline to 2026-07-15 00:00:00+00:00, run_after=2026-07-16 00:00:00+00:00
[2026-07-15T06:28:10.274+0000] {processor.py:183} INFO - Processing /opt/airflow/dags/crypto_pipeline_dag.py took 0.045 seconds
[2026-07-15T06:28:40.438+0000] {processor.py:161} INFO - Started process (PID=288) to work on /opt/airflow/dags/crypto_pipeline_dag.py
[2026-07-15T06:28:40.438+0000] {processor.py:830} INFO - Processing file /opt/airflow/dags/crypto_pipeline_dag.py for tasks to queue
[2026-07-15T06:28:40.440+0000] {logging_mixin.py:188} INFO - [2026-07-15T06:28:40.440+0000] {dagbag.py:545} INFO - Filling up the DagBag from /opt/airflow/dags/crypto_pipeline_dag.py
[2026-07-15T06:28:40.449+0000] {processor.py:840} INFO - DAG(s) 'crypto_daily_pipeline' retrieved from /opt/airflow/dags/crypto_pipeline_dag.py
[2026-07-15T06:28:40.465+0000] {logging_mixin.py:188} INFO - [2026-07-15T06:28:40.465+0000] {dag.py:3089} INFO - Sync 1 DAGs
[2026-07-15T06:28:40.474+0000] {logging_mixin.py:188} INFO - [2026-07-15T06:28:40.474+0000] {dag.py:3947} INFO - Setting next_dagrun for crypto_daily_pipeline to 2026-07-15 00:00:00+00:00, run_after=2026-07-16 00:00:00+00:00
[2026-07-15T06:28:40.480+0000] {processor.py:183} INFO - Processing /opt/airflow/dags/crypto_pipeline_dag.py took 0.047 seconds
[2026-07-15T06:29:10.614+0000] {processor.py:161} INFO - Started process (PID=293) to work on /opt/airflow/dags/crypto_pipeline_dag.py
[2026-07-15T06:29:10.614+0000] {processor.py:830} INFO - Processing file /opt/airflow/dags/crypto_pipeline_dag.py for tasks to queue
[2026-07-15T06:29:10.616+0000] {logging_mixin.py:188} INFO - [2026-07-15T06:29:10.616+0000] {dagbag.py:545} INFO - Filling up the DagBag from /opt/airflow/dags/crypto_pipeline_dag.py
[2026-07-15T06:29:10.625+0000] {processor.py:840} INFO - DAG(s) 'crypto_daily_pipeline' retrieved from /opt/airflow/dags/crypto_pipeline_dag.py
[2026-07-15T06:29:10.643+0000] {logging_mixin.py:188} INFO - [2026-07-15T06:29:10.643+0000] {dag.py:3089} INFO - Sync 1 DAGs
[2026-07-15T06:29:10.653+0000] {logging_mixin.py:188} INFO - [2026-07-15T06:29:10.652+0000] {dag.py:3947} INFO - Setting next_dagrun for crypto_daily_pipeline to 2026-07-15 00:00:00+00:00, run_after=2026-07-16 00:00:00+00:00
[2026-07-15T06:29:10.659+0000] {processor.py:183} INFO - Processing /opt/airflow/dags/crypto_pipeline_dag.py took 0.049 seconds
[2026-07-15T06:29:40.813+0000] {processor.py:161} INFO - Started process (PID=298) to work on /opt/airflow/dags/crypto_pipeline_dag.py
[2026-07-15T06:29:40.814+0000] {processor.py:830} INFO - Processing file /opt/airflow/dags/crypto_pipeline_dag.py for tasks to queue
[2026-07-15T06:29:40.816+0000] {logging_mixin.py:188} INFO - [2026-07-15T06:29:40.816+0000] {dagbag.py:545} INFO - Filling up the DagBag from /opt/airflow/dags/crypto_pipeline_dag.py
[2026-07-15T06:29:40.825+0000] {processor.py:840} INFO - DAG(s) 'crypto_daily_pipeline' retrieved from /opt/airflow/dags/crypto_pipeline_dag.py
[2026-07-15T06:29:40.842+0000] {logging_mixin.py:188} INFO - [2026-07-15T06:29:40.842+0000] {dag.py:3089} INFO - Sync 1 DAGs
[2026-07-15T06:29:40.851+0000] {logging_mixin.py:188} INFO - [2026-07-15T06:29:40.851+0000] {dag.py:3947} INFO - Setting next_dagrun for crypto_daily_pipeline to 2026-07-15 00:00:00+00:00, run_after=2026-07-16 00:00:00+00:00
[2026-07-15T06:29:40.857+0000] {processor.py:183} INFO - Processing /opt/airflow/dags/crypto_pipeline_dag.py took 0.047 seconds
[2026-07-15T06:30:10.989+0000] {processor.py:161} INFO - Started process (PID=303) to work on /opt/airflow/dags/crypto_pipeline_dag.py
[2026-07-15T06:30:10.990+0000] {processor.py:830} INFO - Processing file /opt/airflow/dags/crypto_pipeline_dag.py for tasks to queue
[2026-07-15T06:30:10.991+0000] {logging_mixin.py:188} INFO - [2026-07-15T06:30:10.991+0000] {dagbag.py:545} INFO - Filling up the DagBag from /opt/airflow/dags/crypto_pipeline_dag.py
[2026-07-15T06:30:10.999+0000] {processor.py:840} INFO - DAG(s) 'crypto_daily_pipeline' retrieved from /opt/airflow/dags/crypto_pipeline_dag.py
[2026-07-15T06:30:11.014+0000] {logging_mixin.py:188} INFO - [2026-07-15T06:30:11.014+0000] {dag.py:3089} INFO - Sync 1 DAGs
[2026-07-15T06:30:11.022+0000] {logging_mixin.py:188} INFO - [2026-07-15T06:30:11.022+0000] {dag.py:3947} INFO - Setting next_dagrun for crypto_daily_pipeline to 2026-07-15 00:00:00+00:00, run_after=2026-07-16 00:00:00+00:00
[2026-07-15T06:30:11.027+0000] {processor.py:183} INFO - Processing /opt/airflow/dags/crypto_pipeline_dag.py took 0.042 seconds
[2026-07-15T06:30:41.181+0000] {processor.py:161} INFO - Started process (PID=308) to work on /opt/airflow/dags/crypto_pipeline_dag.py
[2026-07-15T06:30:41.183+0000] {processor.py:830} INFO - Processing file /opt/airflow/dags/crypto_pipeline_dag.py for tasks to queue
[2026-07-15T06:30:41.187+0000] {logging_mixin.py:188} INFO - [2026-07-15T06:30:41.186+0000] {dagbag.py:545} INFO - Filling up the DagBag from /opt/airflow/dags/crypto_pipeline_dag.py
[2026-07-15T06:30:41.194+0000] {processor.py:840} INFO - DAG(s) 'crypto_daily_pipeline' retrieved from /opt/airflow/dags/crypto_pipeline_dag.py
[2026-07-15T06:30:41.211+0000] {logging_mixin.py:188} INFO - [2026-07-15T06:30:41.211+0000] {dag.py:3089} INFO - Sync 1 DAGs
[2026-07-15T06:30:41.219+0000] {logging_mixin.py:188} INFO - [2026-07-15T06:30:41.219+0000] {dag.py:3947} INFO - Setting next_dagrun for crypto_daily_pipeline to 2026-07-15 00:00:00+00:00, run_after=2026-07-16 00:00:00+00:00
[2026-07-15T06:30:41.225+0000] {processor.py:183} INFO - Processing /opt/airflow/dags/crypto_pipeline_dag.py took 0.049 seconds
[2026-07-15T06:31:11.355+0000] {processor.py:161} INFO - Started process (PID=313) to work on /opt/airflow/dags/crypto_pipeline_dag.py
[2026-07-15T06:31:11.356+0000] {processor.py:830} INFO - Processing file /opt/airflow/dags/crypto_pipeline_dag.py for tasks to queue
[2026-07-15T06:31:11.357+0000] {logging_mixin.py:188} INFO - [2026-07-15T06:31:11.357+0000] {dagbag.py:545} INFO - Filling up the DagBag from /opt/airflow/dags/crypto_pipeline_dag.py
[2026-07-15T06:31:11.368+0000] {processor.py:840} INFO - DAG(s) 'crypto_daily_pipeline' retrieved from /opt/airflow/dags/crypto_pipeline_dag.py
[2026-07-15T06:31:11.386+0000] {logging_mixin.py:188} INFO - [2026-07-15T06:31:11.386+0000] {dag.py:3089} INFO - Sync 1 DAGs
[2026-07-15T06:31:11.396+0000] {logging_mixin.py:188} INFO - [2026-07-15T06:31:11.396+0000] {dag.py:3947} INFO - Setting next_dagrun for crypto_daily_pipeline to 2026-07-15 00:00:00+00:00, run_after=2026-07-16 00:00:00+00:00
[2026-07-15T06:31:11.402+0000] {processor.py:183} INFO - Processing /opt/airflow/dags/crypto_pipeline_dag.py took 0.052 seconds
[2026-07-15T06:31:41.528+0000] {processor.py:161} INFO - Started process (PID=318) to work on /opt/airflow/dags/crypto_pipeline_dag.py
[2026-07-15T06:31:41.529+0000] {processor.py:830} INFO - Processing file /opt/airflow/dags/crypto_pipeline_dag.py for tasks to queue
[2026-07-15T06:31:41.531+0000] {logging_mixin.py:188} INFO - [2026-07-15T06:31:41.531+0000] {dagbag.py:545} INFO - Filling up the DagBag from /opt/airflow/dags/crypto_pipeline_dag.py
[2026-07-15T06:31:41.541+0000] {processor.py:840} INFO - DAG(s) 'crypto_daily_pipeline' retrieved from /opt/airflow/dags/crypto_pipeline_dag.py
[2026-07-15T06:31:41.559+0000] {logging_mixin.py:188} INFO - [2026-07-15T06:31:41.559+0000] {dag.py:3089} INFO - Sync 1 DAGs
[2026-07-15T06:31:41.568+0000] {logging_mixin.py:188} INFO - [2026-07-15T06:31:41.568+0000] {dag.py:3947} INFO - Setting next_dagrun for crypto_daily_pipeline to 2026-07-15 00:00:00+00:00, run_after=2026-07-16 00:00:00+00:00
[2026-07-15T06:31:41.574+0000] {processor.py:183} INFO - Processing /opt/airflow/dags/crypto_pipeline_dag.py took 0.050 seconds
[2026-07-15T06:32:11.715+0000] {processor.py:161} INFO - Started process (PID=323) to work on /opt/airflow/dags/crypto_pipeline_dag.py
[2026-07-15T06:32:11.716+0000] {processor.py:830} INFO - Processing file /opt/airflow/dags/crypto_pipeline_dag.py for tasks to queue
[2026-07-15T06:32:11.717+0000] {logging_mixin.py:188} INFO - [2026-07-15T06:32:11.717+0000] {dagbag.py:545} INFO - Filling up the DagBag from /opt/airflow/dags/crypto_pipeline_dag.py
[2026-07-15T06:32:11.726+0000] {processor.py:840} INFO - DAG(s) 'crypto_daily_pipeline' retrieved from /opt/airflow/dags/crypto_pipeline_dag.py
[2026-07-15T06:32:11.744+0000] {logging_mixin.py:188} INFO - [2026-07-15T06:32:11.744+0000] {dag.py:3089} INFO - Sync 1 DAGs
[2026-07-15T06:32:11.762+0000] {logging_mixin.py:188} INFO - [2026-07-15T06:32:11.762+0000] {dag.py:3947} INFO - Setting next_dagrun for crypto_daily_pipeline to 2026-07-15 00:00:00+00:00, run_after=2026-07-16 00:00:00+00:00
[2026-07-15T06:32:11.768+0000] {processor.py:183} INFO - Processing /opt/airflow/dags/crypto_pipeline_dag.py took 0.057 seconds
[2026-07-15T06:32:41.900+0000] {processor.py:161} INFO - Started process (PID=328) to work on /opt/airflow/dags/crypto_pipeline_dag.py
[2026-07-15T06:32:41.901+0000] {processor.py:830} INFO - Processing file /opt/airflow/dags/crypto_pipeline_dag.py for tasks to queue
[2026-07-15T06:32:41.903+0000] {logging_mixin.py:188} INFO - [2026-07-15T06:32:41.903+0000] {dagbag.py:545} INFO - Filling up the DagBag from /opt/airflow/dags/crypto_pipeline_dag.py
[2026-07-15T06:32:41.912+0000] {processor.py:840} INFO - DAG(s) 'crypto_daily_pipeline' retrieved from /opt/airflow/dags/crypto_pipeline_dag.py
[2026-07-15T06:32:41.930+0000] {logging_mixin.py:188} INFO - [2026-07-15T06:32:41.930+0000] {dag.py:3089} INFO - Sync 1 DAGs
[2026-07-15T06:32:41.939+0000] {logging_mixin.py:188} INFO - [2026-07-15T06:32:41.939+0000] {dag.py:3947} INFO - Setting next_dagrun for crypto_daily_pipeline to 2026-07-15 00:00:00+00:00, run_after=2026-07-16 00:00:00+00:00
[2026-07-15T06:32:41.945+0000] {processor.py:183} INFO - Processing /opt/airflow/dags/crypto_pipeline_dag.py took 0.048 seconds
[2026-07-15T06:33:12.106+0000] {processor.py:161} INFO - Started process (PID=333) to work on /opt/airflow/dags/crypto_pipeline_dag.py
[2026-07-15T06:33:12.107+0000] {processor.py:830} INFO - Processing file /opt/airflow/dags/crypto_pipeline_dag.py for tasks to queue
[2026-07-15T06:33:12.108+0000] {logging_mixin.py:188} INFO - [2026-07-15T06:33:12.108+0000] {dagbag.py:545} INFO - Filling up the DagBag from /opt/airflow/dags/crypto_pipeline_dag.py
[2026-07-15T06:33:12.117+0000] {processor.py:840} INFO - DAG(s) 'crypto_daily_pipeline' retrieved from /opt/airflow/dags/crypto_pipeline_dag.py
[2026-07-15T06:33:12.134+0000] {logging_mixin.py:188} INFO - [2026-07-15T06:33:12.134+0000] {dag.py:3089} INFO - Sync 1 DAGs
[2026-07-15T06:33:12.143+0000] {logging_mixin.py:188} INFO - [2026-07-15T06:33:12.143+0000] {dag.py:3947} INFO - Setting next_dagrun for crypto_daily_pipeline to 2026-07-15 00:00:00+00:00, run_after=2026-07-16 00:00:00+00:00
[2026-07-15T06:33:12.150+0000] {processor.py:183} INFO - Processing /opt/airflow/dags/crypto_pipeline_dag.py took 0.047 seconds
[2026-07-15T06:33:42.289+0000] {processor.py:161} INFO - Started process (PID=338) to work on /opt/airflow/dags/crypto_pipeline_dag.py
[2026-07-15T06:33:42.289+0000] {processor.py:830} INFO - Processing file /opt/airflow/dags/crypto_pipeline_dag.py for tasks to queue
[2026-07-15T06:33:42.291+0000] {logging_mixin.py:188} INFO - [2026-07-15T06:33:42.291+0000] {dagbag.py:545} INFO - Filling up the DagBag from /opt/airflow/dags/crypto_pipeline_dag.py
[2026-07-15T06:33:42.300+0000] {processor.py:840} INFO - DAG(s) 'crypto_daily_pipeline' retrieved from /opt/airflow/dags/crypto_pipeline_dag.py
[2026-07-15T06:33:42.318+0000] {logging_mixin.py:188} INFO - [2026-07-15T06:33:42.317+0000] {dag.py:3089} INFO - Sync 1 DAGs
[2026-07-15T06:33:42.326+0000] {logging_mixin.py:188} INFO - [2026-07-15T06:33:42.326+0000] {dag.py:3947} INFO - Setting next_dagrun for crypto_daily_pipeline to 2026-07-15 00:00:00+00:00, run_after=2026-07-16 00:00:00+00:00
[2026-07-15T06:33:42.332+0000] {processor.py:183} INFO - Processing /opt/airflow/dags/crypto_pipeline_dag.py took 0.046 seconds
[2026-07-15T06:34:12.470+0000] {processor.py:161} INFO - Started process (PID=343) to work on /opt/airflow/dags/crypto_pipeline_dag.py
[2026-07-15T06:34:12.471+0000] {processor.py:830} INFO - Processing file /opt/airflow/dags/crypto_pipeline_dag.py for tasks to queue
[2026-07-15T06:34:12.472+0000] {logging_mixin.py:188} INFO - [2026-07-15T06:34:12.472+0000] {dagbag.py:545} INFO - Filling up the DagBag from /opt/airflow/dags/crypto_pipeline_dag.py
[2026-07-15T06:34:12.478+0000] {processor.py:840} INFO - DAG(s) 'crypto_daily_pipeline' retrieved from /opt/airflow/dags/crypto_pipeline_dag.py
[2026-07-15T06:34:12.488+0000] {logging_mixin.py:188} INFO - [2026-07-15T06:34:12.488+0000] {dag.py:3089} INFO - Sync 1 DAGs
[2026-07-15T06:34:12.498+0000] {logging_mixin.py:188} INFO - [2026-07-15T06:34:12.498+0000] {dag.py:3947} INFO - Setting next_dagrun for crypto_daily_pipeline to 2026-07-15 00:00:00+00:00, run_after=2026-07-16 00:00:00+00:00
[2026-07-15T06:34:12.504+0000] {processor.py:183} INFO - Processing /opt/airflow/dags/crypto_pipeline_dag.py took 0.037 seconds
[2026-07-15T06:34:42.662+0000] {processor.py:161} INFO - Started process (PID=348) to work on /opt/airflow/dags/crypto_pipeline_dag.py
[2026-07-15T06:34:42.663+0000] {processor.py:830} INFO - Processing file /opt/airflow/dags/crypto_pipeline_dag.py for tasks to queue
[2026-07-15T06:34:42.665+0000] {logging_mixin.py:188} INFO - [2026-07-15T06:34:42.664+0000] {dagbag.py:545} INFO - Filling up the DagBag from /opt/airflow/dags/crypto_pipeline_dag.py
[2026-07-15T06:34:42.674+0000] {processor.py:840} INFO - DAG(s) 'crypto_daily_pipeline' retrieved from /opt/airflow/dags/crypto_pipeline_dag.py
[2026-07-15T06:34:42.691+0000] {logging_mixin.py:188} INFO - [2026-07-15T06:34:42.691+0000] {dag.py:3089} INFO - Sync 1 DAGs
[2026-07-15T06:34:42.702+0000] {logging_mixin.py:188} INFO - [2026-07-15T06:34:42.702+0000] {dag.py:3947} INFO - Setting next_dagrun for crypto_daily_pipeline to 2026-07-15 00:00:00+00:00, run_after=2026-07-16 00:00:00+00:00
[2026-07-15T06:34:42.710+0000] {processor.py:183} INFO - Processing /opt/airflow/dags/crypto_pipeline_dag.py took 0.052 seconds
[2026-07-15T06:35:12.837+0000] {processor.py:161} INFO - Started process (PID=353) to work on /opt/airflow/dags/crypto_pipeline_dag.py
[2026-07-15T06:35:12.838+0000] {processor.py:830} INFO - Processing file /opt/airflow/dags/crypto_pipeline_dag.py for tasks to queue
[2026-07-15T06:35:12.840+0000] {logging_mixin.py:188} INFO - [2026-07-15T06:35:12.839+0000] {dagbag.py:545} INFO - Filling up the DagBag from /opt/airflow/dags/crypto_pipeline_dag.py
[2026-07-15T06:35:12.848+0000] {processor.py:840} INFO - DAG(s) 'crypto_daily_pipeline' retrieved from /opt/airflow/dags/crypto_pipeline_dag.py
[2026-07-15T06:35:12.864+0000] {logging_mixin.py:188} INFO - [2026-07-15T06:35:12.864+0000] {dag.py:3089} INFO - Sync 1 DAGs
[2026-07-15T06:35:12.873+0000] {logging_mixin.py:188} INFO - [2026-07-15T06:35:12.873+0000] {dag.py:3947} INFO - Setting next_dagrun for crypto_daily_pipeline to 2026-07-15 00:00:00+00:00, run_after=2026-07-16 00:00:00+00:00
[2026-07-15T06:35:12.878+0000] {processor.py:183} INFO - Processing /opt/airflow/dags/crypto_pipeline_dag.py took 0.046 seconds
[2026-07-15T06:35:43.023+0000] {processor.py:161} INFO - Started process (PID=358) to work on /opt/airflow/dags/crypto_pipeline_dag.py
[2026-07-15T06:35:43.023+0000] {processor.py:830} INFO - Processing file /opt/airflow/dags/crypto_pipeline_dag.py for tasks to queue
[2026-07-15T06:35:43.024+0000] {logging_mixin.py:188} INFO - [2026-07-15T06:35:43.024+0000] {dagbag.py:545} INFO - Filling up the DagBag from /opt/airflow/dags/crypto_pipeline_dag.py
[2026-07-15T06:35:43.031+0000] {processor.py:840} INFO - DAG(s) 'crypto_daily_pipeline' retrieved from /opt/airflow/dags/crypto_pipeline_dag.py
[2026-07-15T06:35:43.045+0000] {logging_mixin.py:188} INFO - [2026-07-15T06:35:43.045+0000] {dag.py:3089} INFO - Sync 1 DAGs
[2026-07-15T06:35:43.053+0000] {logging_mixin.py:188} INFO - [2026-07-15T06:35:43.053+0000] {dag.py:3947} INFO - Setting next_dagrun for crypto_daily_pipeline to 2026-07-15 00:00:00+00:00, run_after=2026-07-16 00:00:00+00:00
[2026-07-15T06:35:43.061+0000] {processor.py:183} INFO - Processing /opt/airflow/dags/crypto_pipeline_dag.py took 0.041 seconds
[2026-07-15T06:36:13.233+0000] {processor.py:161} INFO - Started process (PID=363) to work on /opt/airflow/dags/crypto_pipeline_dag.py
[2026-07-15T06:36:13.234+0000] {processor.py:830} INFO - Processing file /opt/airflow/dags/crypto_pipeline_dag.py for tasks to queue
[2026-07-15T06:36:13.235+0000] {logging_mixin.py:188} INFO - [2026-07-15T06:36:13.234+0000] {dagbag.py:545} INFO - Filling up the DagBag from /opt/airflow/dags/crypto_pipeline_dag.py
[2026-07-15T06:36:13.243+0000] {processor.py:840} INFO - DAG(s) 'crypto_daily_pipeline' retrieved from /opt/airflow/dags/crypto_pipeline_dag.py
[2026-07-15T06:36:13.260+0000] {logging_mixin.py:188} INFO - [2026-07-15T06:36:13.260+0000] {dag.py:3089} INFO - Sync 1 DAGs
[2026-07-15T06:36:13.269+0000] {logging_mixin.py:188} INFO - [2026-07-15T06:36:13.269+0000] {dag.py:3947} INFO - Setting next_dagrun for crypto_daily_pipeline to 2026-07-15 00:00:00+00:00, run_after=2026-07-16 00:00:00+00:00
[2026-07-15T06:36:13.275+0000] {processor.py:183} INFO - Processing /opt/airflow/dags/crypto_pipeline_dag.py took 0.045 seconds
[2026-07-15T06:36:43.414+0000] {processor.py:161} INFO - Started process (PID=368) to work on /opt/airflow/dags/crypto_pipeline_dag.py
[2026-07-15T06:36:43.415+0000] {processor.py:830} INFO - Processing file /opt/airflow/dags/crypto_pipeline_dag.py for tasks to queue
[2026-07-15T06:36:43.415+0000] {logging_mixin.py:188} INFO - [2026-07-15T06:36:43.415+0000] {dagbag.py:545} INFO - Filling up the DagBag from /opt/airflow/dags/crypto_pipeline_dag.py
[2026-07-15T06:36:43.420+0000] {processor.py:840} INFO - DAG(s) 'crypto_daily_pipeline' retrieved from /opt/airflow/dags/crypto_pipeline_dag.py
[2026-07-15T06:36:43.429+0000] {logging_mixin.py:188} INFO - [2026-07-15T06:36:43.429+0000] {dag.py:3089} INFO - Sync 1 DAGs
[2026-07-15T06:36:43.435+0000] {logging_mixin.py:188} INFO - [2026-07-15T06:36:43.435+0000] {dag.py:3947} INFO - Setting next_dagrun for crypto_daily_pipeline to 2026-07-15 00:00:00+00:00, run_after=2026-07-16 00:00:00+00:00
[2026-07-15T06:36:43.440+0000] {processor.py:183} INFO - Processing /opt/airflow/dags/crypto_pipeline_dag.py took 0.028 seconds
[2026-07-15T06:37:13.604+0000] {processor.py:161} INFO - Started process (PID=373) to work on /opt/airflow/dags/crypto_pipeline_dag.py
[2026-07-15T06:37:13.605+0000] {processor.py:830} INFO - Processing file /opt/airflow/dags/crypto_pipeline_dag.py for tasks to queue
[2026-07-15T06:37:13.606+0000] {logging_mixin.py:188} INFO - [2026-07-15T06:37:13.606+0000] {dagbag.py:545} INFO - Filling up the DagBag from /opt/airflow/dags/crypto_pipeline_dag.py
[2026-07-15T06:37:13.615+0000] {processor.py:840} INFO - DAG(s) 'crypto_daily_pipeline' retrieved from /opt/airflow/dags/crypto_pipeline_dag.py
[2026-07-15T06:37:13.633+0000] {logging_mixin.py:188} INFO - [2026-07-15T06:37:13.633+0000] {dag.py:3089} INFO - Sync 1 DAGs
[2026-07-15T06:37:13.643+0000] {logging_mixin.py:188} INFO - [2026-07-15T06:37:13.643+0000] {dag.py:3947} INFO - Setting next_dagrun for crypto_daily_pipeline to 2026-07-15 00:00:00+00:00, run_after=2026-07-16 00:00:00+00:00
[2026-07-15T06:37:13.648+0000] {processor.py:183} INFO - Processing /opt/airflow/dags/crypto_pipeline_dag.py took 0.048 seconds
[2026-07-15T06:37:43.810+0000] {processor.py:161} INFO - Started process (PID=378) to work on /opt/airflow/dags/crypto_pipeline_dag.py
[2026-07-15T06:37:43.811+0000] {processor.py:830} INFO - Processing file /opt/airflow/dags/crypto_pipeline_dag.py for tasks to queue
[2026-07-15T06:37:43.812+0000] {logging_mixin.py:188} INFO - [2026-07-15T06:37:43.812+0000] {dagbag.py:545} INFO - Filling up the DagBag from /opt/airflow/dags/crypto_pipeline_dag.py
[2026-07-15T06:37:43.821+0000] {processor.py:840} INFO - DAG(s) 'crypto_daily_pipeline' retrieved from /opt/airflow/dags/crypto_pipeline_dag.py
[2026-07-15T06:37:43.839+0000] {logging_mixin.py:188} INFO - [2026-07-15T06:37:43.838+0000] {dag.py:3089} INFO - Sync 1 DAGs
[2026-07-15T06:37:43.847+0000] {logging_mixin.py:188} INFO - [2026-07-15T06:37:43.847+0000] {dag.py:3947} INFO - Setting next_dagrun for crypto_daily_pipeline to 2026-07-15 00:00:00+00:00, run_after=2026-07-16 00:00:00+00:00
[2026-07-15T06:37:43.853+0000] {processor.py:183} INFO - Processing /opt/airflow/dags/crypto_pipeline_dag.py took 0.048 seconds
[2026-07-15T06:38:14.003+0000] {processor.py:161} INFO - Started process (PID=383) to work on /opt/airflow/dags/crypto_pipeline_dag.py
[2026-07-15T06:38:14.003+0000] {processor.py:830} INFO - Processing file /opt/airflow/dags/crypto_pipeline_dag.py for tasks to queue
[2026-07-15T06:38:14.005+0000] {logging_mixin.py:188} INFO - [2026-07-15T06:38:14.005+0000] {dagbag.py:545} INFO - Filling up the DagBag from /opt/airflow/dags/crypto_pipeline_dag.py
[2026-07-15T06:38:14.014+0000] {processor.py:840} INFO - DAG(s) 'crypto_daily_pipeline' retrieved from /opt/airflow/dags/crypto_pipeline_dag.py
[2026-07-15T06:38:14.031+0000] {logging_mixin.py:188} INFO - [2026-07-15T06:38:14.031+0000] {dag.py:3089} INFO - Sync 1 DAGs
[2026-07-15T06:38:14.040+0000] {logging_mixin.py:188} INFO - [2026-07-15T06:38:14.040+0000] {dag.py:3947} INFO - Setting next_dagrun for crypto_daily_pipeline to 2026-07-15 00:00:00+00:00, run_after=2026-07-16 00:00:00+00:00
[2026-07-15T06:38:14.045+0000] {processor.py:183} INFO - Processing /opt/airflow/dags/crypto_pipeline_dag.py took 0.046 seconds
[2026-07-15T06:38:44.187+0000] {processor.py:161} INFO - Started process (PID=388) to work on /opt/airflow/dags/crypto_pipeline_dag.py
[2026-07-15T06:38:44.188+0000] {processor.py:830} INFO - Processing file /opt/airflow/dags/crypto_pipeline_dag.py for tasks to queue
[2026-07-15T06:38:44.190+0000] {logging_mixin.py:188} INFO - [2026-07-15T06:38:44.189+0000] {dagbag.py:545} INFO - Filling up the DagBag from /opt/airflow/dags/crypto_pipeline_dag.py
[2026-07-15T06:38:44.198+0000] {processor.py:840} INFO - DAG(s) 'crypto_daily_pipeline' retrieved from /opt/airflow/dags/crypto_pipeline_dag.py
[2026-07-15T06:38:44.214+0000] {logging_mixin.py:188} INFO - [2026-07-15T06:38:44.213+0000] {dag.py:3089} INFO - Sync 1 DAGs
[2026-07-15T06:38:44.222+0000] {logging_mixin.py:188} INFO - [2026-07-15T06:38:44.222+0000] {dag.py:3947} INFO - Setting next_dagrun for crypto_daily_pipeline to 2026-07-15 00:00:00+00:00, run_after=2026-07-16 00:00:00+00:00
[2026-07-15T06:38:44.228+0000] {processor.py:183} INFO - Processing /opt/airflow/dags/crypto_pipeline_dag.py took 0.044 seconds
[2026-07-15T06:39:14.374+0000] {processor.py:161} INFO - Started process (PID=393) to work on /opt/airflow/dags/crypto_pipeline_dag.py
[2026-07-15T06:39:14.375+0000] {processor.py:830} INFO - Processing file /opt/airflow/dags/crypto_pipeline_dag.py for tasks to queue
[2026-07-15T06:39:14.376+0000] {logging_mixin.py:188} INFO - [2026-07-15T06:39:14.376+0000] {dagbag.py:545} INFO - Filling up the DagBag from /opt/airflow/dags/crypto_pipeline_dag.py
[2026-07-15T06:39:14.386+0000] {processor.py:840} INFO - DAG(s) 'crypto_daily_pipeline' retrieved from /opt/airflow/dags/crypto_pipeline_dag.py
[2026-07-15T06:39:14.403+0000] {logging_mixin.py:188} INFO - [2026-07-15T06:39:14.403+0000] {dag.py:3089} INFO - Sync 1 DAGs
[2026-07-15T06:39:14.412+0000] {logging_mixin.py:188} INFO - [2026-07-15T06:39:14.412+0000] {dag.py:3947} INFO - Setting next_dagrun for crypto_daily_pipeline to 2026-07-15 00:00:00+00:00, run_after=2026-07-16 00:00:00+00:00
[2026-07-15T06:39:14.418+0000] {processor.py:183} INFO - Processing /opt/airflow/dags/crypto_pipeline_dag.py took 0.047 seconds
[2026-07-15T06:39:44.579+0000] {processor.py:161} INFO - Started process (PID=398) to work on /opt/airflow/dags/crypto_pipeline_dag.py
[2026-07-15T06:39:44.580+0000] {processor.py:830} INFO - Processing file /opt/airflow/dags/crypto_pipeline_dag.py for tasks to queue
[2026-07-15T06:39:44.582+0000] {logging_mixin.py:188} INFO - [2026-07-15T06:39:44.581+0000] {dagbag.py:545} INFO - Filling up the DagBag from /opt/airflow/dags/crypto_pipeline_dag.py
[2026-07-15T06:39:44.592+0000] {processor.py:840} INFO - DAG(s) 'crypto_daily_pipeline' retrieved from /opt/airflow/dags/crypto_pipeline_dag.py
[2026-07-15T06:39:44.611+0000] {logging_mixin.py:188} INFO - [2026-07-15T06:39:44.611+0000] {dag.py:3089} INFO - Sync 1 DAGs
[2026-07-15T06:39:44.619+0000] {logging_mixin.py:188} INFO - [2026-07-15T06:39:44.619+0000] {dag.py:3947} INFO - Setting next_dagrun for crypto_daily_pipeline to 2026-07-15 00:00:00+00:00, run_after=2026-07-16 00:00:00+00:00
[2026-07-15T06:39:44.625+0000] {processor.py:183} INFO - Processing /opt/airflow/dags/crypto_pipeline_dag.py took 0.050 seconds
[2026-07-15T06:40:14.760+0000] {processor.py:161} INFO - Started process (PID=403) to work on /opt/airflow/dags/crypto_pipeline_dag.py
[2026-07-15T06:40:14.761+0000] {processor.py:830} INFO - Processing file /opt/airflow/dags/crypto_pipeline_dag.py for tasks to queue
[2026-07-15T06:40:14.762+0000] {logging_mixin.py:188} INFO - [2026-07-15T06:40:14.762+0000] {dagbag.py:545} INFO - Filling up the DagBag from /opt/airflow/dags/crypto_pipeline_dag.py
[2026-07-15T06:40:14.771+0000] {processor.py:840} INFO - DAG(s) 'crypto_daily_pipeline' retrieved from /opt/airflow/dags/crypto_pipeline_dag.py
[2026-07-15T06:40:14.789+0000] {logging_mixin.py:188} INFO - [2026-07-15T06:40:14.789+0000] {dag.py:3089} INFO - Sync 1 DAGs
[2026-07-15T06:40:14.799+0000] {logging_mixin.py:188} INFO - [2026-07-15T06:40:14.799+0000] {dag.py:3947} INFO - Setting next_dagrun for crypto_daily_pipeline to 2026-07-15 00:00:00+00:00, run_after=2026-07-16 00:00:00+00:00
[2026-07-15T06:40:14.805+0000] {processor.py:183} INFO - Processing /opt/airflow/dags/crypto_pipeline_dag.py took 0.049 seconds
[2026-07-15T06:40:44.951+0000] {processor.py:161} INFO - Started process (PID=408) to work on /opt/airflow/dags/crypto_pipeline_dag.py
[2026-07-15T06:40:44.952+0000] {processor.py:830} INFO - Processing file /opt/airflow/dags/crypto_pipeline_dag.py for tasks to queue
[2026-07-15T06:40:44.954+0000] {logging_mixin.py:188} INFO - [2026-07-15T06:40:44.954+0000] {dagbag.py:545} INFO - Filling up the DagBag from /opt/airflow/dags/crypto_pipeline_dag.py
[2026-07-15T06:40:44.964+0000] {processor.py:840} INFO - DAG(s) 'crypto_daily_pipeline' retrieved from /opt/airflow/dags/crypto_pipeline_dag.py
[2026-07-15T06:40:44.981+0000] {logging_mixin.py:188} INFO - [2026-07-15T06:40:44.981+0000] {dag.py:3089} INFO - Sync 1 DAGs
[2026-07-15T06:40:44.990+0000] {logging_mixin.py:188} INFO - [2026-07-15T06:40:44.990+0000] {dag.py:3947} INFO - Setting next_dagrun for crypto_daily_pipeline to 2026-07-15 00:00:00+00:00, run_after=2026-07-16 00:00:00+00:00
[2026-07-15T06:40:44.996+0000] {processor.py:183} INFO - Processing /opt/airflow/dags/crypto_pipeline_dag.py took 0.049 seconds
[2026-07-15T06:41:15.150+0000] {processor.py:161} INFO - Started process (PID=413) to work on /opt/airflow/dags/crypto_pipeline_dag.py
[2026-07-15T06:41:15.151+0000] {processor.py:830} INFO - Processing file /opt/airflow/dags/crypto_pipeline_dag.py for tasks to queue
[2026-07-15T06:41:15.152+0000] {logging_mixin.py:188} INFO - [2026-07-15T06:41:15.152+0000] {dagbag.py:545} INFO - Filling up the DagBag from /opt/airflow/dags/crypto_pipeline_dag.py
[2026-07-15T06:41:15.162+0000] {processor.py:840} INFO - DAG(s) 'crypto_daily_pipeline' retrieved from /opt/airflow/dags/crypto_pipeline_dag.py
[2026-07-15T06:41:15.178+0000] {logging_mixin.py:188} INFO - [2026-07-15T06:41:15.178+0000] {dag.py:3089} INFO - Sync 1 DAGs
[2026-07-15T06:41:15.187+0000] {logging_mixin.py:188} INFO - [2026-07-15T06:41:15.187+0000] {dag.py:3947} INFO - Setting next_dagrun for crypto_daily_pipeline to 2026-07-15 00:00:00+00:00, run_after=2026-07-16 00:00:00+00:00
[2026-07-15T06:41:15.192+0000] {processor.py:183} INFO - Processing /opt/airflow/dags/crypto_pipeline_dag.py took 0.048 seconds
[2026-07-15T06:41:45.329+0000] {processor.py:161} INFO - Started process (PID=418) to work on /opt/airflow/dags/crypto_pipeline_dag.py
[2026-07-15T06:41:45.330+0000] {processor.py:830} INFO - Processing file /opt/airflow/dags/crypto_pipeline_dag.py for tasks to queue
[2026-07-15T06:41:45.331+0000] {logging_mixin.py:188} INFO - [2026-07-15T06:41:45.331+0000] {dagbag.py:545} INFO - Filling up the DagBag from /opt/airflow/dags/crypto_pipeline_dag.py
[2026-07-15T06:41:45.340+0000] {processor.py:840} INFO - DAG(s) 'crypto_daily_pipeline' retrieved from /opt/airflow/dags/crypto_pipeline_dag.py
[2026-07-15T06:41:45.357+0000] {logging_mixin.py:188} INFO - [2026-07-15T06:41:45.357+0000] {dag.py:3089} INFO - Sync 1 DAGs
[2026-07-15T06:41:45.366+0000] {logging_mixin.py:188} INFO - [2026-07-15T06:41:45.366+0000] {dag.py:3947} INFO - Setting next_dagrun for crypto_daily_pipeline to 2026-07-15 00:00:00+00:00, run_after=2026-07-16 00:00:00+00:00
[2026-07-15T06:41:45.372+0000] {processor.py:183} INFO - Processing /opt/airflow/dags/crypto_pipeline_dag.py took 0.046 seconds
[2026-07-15T06:42:15.509+0000] {processor.py:161} INFO - Started process (PID=423) to work on /opt/airflow/dags/crypto_pipeline_dag.py
[2026-07-15T06:42:15.510+0000] {processor.py:830} INFO - Processing file /opt/airflow/dags/crypto_pipeline_dag.py for tasks to queue
[2026-07-15T06:42:15.511+0000] {logging_mixin.py:188} INFO - [2026-07-15T06:42:15.511+0000] {dagbag.py:545} INFO - Filling up the DagBag from /opt/airflow/dags/crypto_pipeline_dag.py
[2026-07-15T06:42:15.521+0000] {processor.py:840} INFO - DAG(s) 'crypto_daily_pipeline' retrieved from /opt/airflow/dags/crypto_pipeline_dag.py
[2026-07-15T06:42:15.538+0000] {logging_mixin.py:188} INFO - [2026-07-15T06:42:15.538+0000] {dag.py:3089} INFO - Sync 1 DAGs
[2026-07-15T06:42:15.547+0000] {logging_mixin.py:188} INFO - [2026-07-15T06:42:15.547+0000] {dag.py:3947} INFO - Setting next_dagrun for crypto_daily_pipeline to 2026-07-15 00:00:00+00:00, run_after=2026-07-16 00:00:00+00:00
[2026-07-15T06:42:15.553+0000] {processor.py:183} INFO - Processing /opt/airflow/dags/crypto_pipeline_dag.py took 0.047 seconds
[2026-07-15T06:42:45.689+0000] {processor.py:161} INFO - Started process (PID=428) to work on /opt/airflow/dags/crypto_pipeline_dag.py
[2026-07-15T06:42:45.689+0000] {processor.py:830} INFO - Processing file /opt/airflow/dags/crypto_pipeline_dag.py for tasks to queue
[2026-07-15T06:42:45.690+0000] {logging_mixin.py:188} INFO - [2026-07-15T06:42:45.690+0000] {dagbag.py:545} INFO - Filling up the DagBag from /opt/airflow/dags/crypto_pipeline_dag.py
[2026-07-15T06:42:45.699+0000] {processor.py:840} INFO - DAG(s) 'crypto_daily_pipeline' retrieved from /opt/airflow/dags/crypto_pipeline_dag.py
[2026-07-15T06:42:45.718+0000] {logging_mixin.py:188} INFO - [2026-07-15T06:42:45.718+0000] {dag.py:3089} INFO - Sync 1 DAGs
[2026-07-15T06:42:45.727+0000] {logging_mixin.py:188} INFO - [2026-07-15T06:42:45.727+0000] {dag.py:3947} INFO - Setting next_dagrun for crypto_daily_pipeline to 2026-07-15 00:00:00+00:00, run_after=2026-07-16 00:00:00+00:00
[2026-07-15T06:42:45.733+0000] {processor.py:183} INFO - Processing /opt/airflow/dags/crypto_pipeline_dag.py took 0.048 seconds
[2026-07-15T06:43:15.881+0000] {processor.py:161} INFO - Started process (PID=433) to work on /opt/airflow/dags/crypto_pipeline_dag.py
[2026-07-15T06:43:15.882+0000] {processor.py:830} INFO - Processing file /opt/airflow/dags/crypto_pipeline_dag.py for tasks to queue
[2026-07-15T06:43:15.884+0000] {logging_mixin.py:188} INFO - [2026-07-15T06:43:15.884+0000] {dagbag.py:545} INFO - Filling up the DagBag from /opt/airflow/dags/crypto_pipeline_dag.py
[2026-07-15T06:43:15.893+0000] {processor.py:840} INFO - DAG(s) 'crypto_daily_pipeline' retrieved from /opt/airflow/dags/crypto_pipeline_dag.py
[2026-07-15T06:43:15.909+0000] {logging_mixin.py:188} INFO - [2026-07-15T06:43:15.908+0000] {dag.py:3089} INFO - Sync 1 DAGs
[2026-07-15T06:43:15.916+0000] {logging_mixin.py:188} INFO - [2026-07-15T06:43:15.916+0000] {dag.py:3947} INFO - Setting next_dagrun for crypto_daily_pipeline to 2026-07-15 00:00:00+00:00, run_after=2026-07-16 00:00:00+00:00
[2026-07-15T06:43:15.923+0000] {processor.py:183} INFO - Processing /opt/airflow/dags/crypto_pipeline_dag.py took 0.046 seconds
[2026-07-15T06:43:46.072+0000] {processor.py:161} INFO - Started process (PID=438) to work on /opt/airflow/dags/crypto_pipeline_dag.py
[2026-07-15T06:43:46.073+0000] {processor.py:830} INFO - Processing file /opt/airflow/dags/crypto_pipeline_dag.py for tasks to queue
[2026-07-15T06:43:46.075+0000] {logging_mixin.py:188} INFO - [2026-07-15T06:43:46.074+0000] {dagbag.py:545} INFO - Filling up the DagBag from /opt/airflow/dags/crypto_pipeline_dag.py
[2026-07-15T06:43:46.083+0000] {processor.py:840} INFO - DAG(s) 'crypto_daily_pipeline' retrieved from /opt/airflow/dags/crypto_pipeline_dag.py
[2026-07-15T06:43:46.101+0000] {logging_mixin.py:188} INFO - [2026-07-15T06:43:46.101+0000] {dag.py:3089} INFO - Sync 1 DAGs
[2026-07-15T06:43:46.109+0000] {logging_mixin.py:188} INFO - [2026-07-15T06:43:46.109+0000] {dag.py:3947} INFO - Setting next_dagrun for crypto_daily_pipeline to 2026-07-15 00:00:00+00:00, run_after=2026-07-16 00:00:00+00:00
[2026-07-15T06:43:46.115+0000] {processor.py:183} INFO - Processing /opt/airflow/dags/crypto_pipeline_dag.py took 0.047 seconds
[2026-07-15T06:44:16.269+0000] {processor.py:161} INFO - Started process (PID=443) to work on /opt/airflow/dags/crypto_pipeline_dag.py
[2026-07-15T06:44:16.269+0000] {processor.py:830} INFO - Processing file /opt/airflow/dags/crypto_pipeline_dag.py for tasks to queue
[2026-07-15T06:44:16.271+0000] {logging_mixin.py:188} INFO - [2026-07-15T06:44:16.270+0000] {dagbag.py:545} INFO - Filling up the DagBag from /opt/airflow/dags/crypto_pipeline_dag.py
[2026-07-15T06:44:16.280+0000] {processor.py:840} INFO - DAG(s) 'crypto_daily_pipeline' retrieved from /opt/airflow/dags/crypto_pipeline_dag.py
[2026-07-15T06:44:16.297+0000] {logging_mixin.py:188} INFO - [2026-07-15T06:44:16.297+0000] {dag.py:3089} INFO - Sync 1 DAGs
[2026-07-15T06:44:16.306+0000] {logging_mixin.py:188} INFO - [2026-07-15T06:44:16.306+0000] {dag.py:3947} INFO - Setting next_dagrun for crypto_daily_pipeline to 2026-07-15 00:00:00+00:00, run_after=2026-07-16 00:00:00+00:00
[2026-07-15T06:44:16.313+0000] {processor.py:183} INFO - Processing /opt/airflow/dags/crypto_pipeline_dag.py took 0.048 seconds
[2026-07-15T06:44:46.471+0000] {processor.py:161} INFO - Started process (PID=448) to work on /opt/airflow/dags/crypto_pipeline_dag.py
[2026-07-15T06:44:46.472+0000] {processor.py:830} INFO - Processing file /opt/airflow/dags/crypto_pipeline_dag.py for tasks to queue
[2026-07-15T06:44:46.474+0000] {logging_mixin.py:188} INFO - [2026-07-15T06:44:46.474+0000] {dagbag.py:545} INFO - Filling up the DagBag from /opt/airflow/dags/crypto_pipeline_dag.py
[2026-07-15T06:44:46.482+0000] {processor.py:840} INFO - DAG(s) 'crypto_daily_pipeline' retrieved from /opt/airflow/dags/crypto_pipeline_dag.py
[2026-07-15T06:44:46.498+0000] {logging_mixin.py:188} INFO - [2026-07-15T06:44:46.498+0000] {dag.py:3089} INFO - Sync 1 DAGs
[2026-07-15T06:44:46.507+0000] {logging_mixin.py:188} INFO - [2026-07-15T06:44:46.507+0000] {dag.py:3947} INFO - Setting next_dagrun for crypto_daily_pipeline to 2026-07-15 00:00:00+00:00, run_after=2026-07-16 00:00:00+00:00
[2026-07-15T06:44:46.512+0000] {processor.py:183} INFO - Processing /opt/airflow/dags/crypto_pipeline_dag.py took 0.046 seconds
[2026-07-15T06:45:16.649+0000] {processor.py:161} INFO - Started process (PID=453) to work on /opt/airflow/dags/crypto_pipeline_dag.py
[2026-07-15T06:45:16.650+0000] {processor.py:830} INFO - Processing file /opt/airflow/dags/crypto_pipeline_dag.py for tasks to queue
[2026-07-15T06:45:16.651+0000] {logging_mixin.py:188} INFO - [2026-07-15T06:45:16.651+0000] {dagbag.py:545} INFO - Filling up the DagBag from /opt/airflow/dags/crypto_pipeline_dag.py
[2026-07-15T06:45:16.657+0000] {processor.py:840} INFO - DAG(s) 'crypto_daily_pipeline' retrieved from /opt/airflow/dags/crypto_pipeline_dag.py
[2026-07-15T06:45:16.670+0000] {logging_mixin.py:188} INFO - [2026-07-15T06:45:16.670+0000] {dag.py:3089} INFO - Sync 1 DAGs
[2026-07-15T06:45:16.678+0000] {logging_mixin.py:188} INFO - [2026-07-15T06:45:16.678+0000] {dag.py:3947} INFO - Setting next_dagrun for crypto_daily_pipeline to 2026-07-15 00:00:00+00:00, run_after=2026-07-16 00:00:00+00:00
[2026-07-15T06:45:16.683+0000] {processor.py:183} INFO - Processing /opt/airflow/dags/crypto_pipeline_dag.py took 0.037 seconds
[2026-07-15T06:45:46.826+0000] {processor.py:161} INFO - Started process (PID=458) to work on /opt/airflow/dags/crypto_pipeline_dag.py
[2026-07-15T06:45:46.827+0000] {processor.py:830} INFO - Processing file /opt/airflow/dags/crypto_pipeline_dag.py for tasks to queue
[2026-07-15T06:45:46.827+0000] {logging_mixin.py:188} INFO - [2026-07-15T06:45:46.827+0000] {dagbag.py:545} INFO - Filling up the DagBag from /opt/airflow/dags/crypto_pipeline_dag.py
[2026-07-15T06:45:46.832+0000] {processor.py:840} INFO - DAG(s) 'crypto_daily_pipeline' retrieved from /opt/airflow/dags/crypto_pipeline_dag.py
[2026-07-15T06:45:46.842+0000] {logging_mixin.py:188} INFO - [2026-07-15T06:45:46.842+0000] {dag.py:3089} INFO - Sync 1 DAGs
[2026-07-15T06:45:46.849+0000] {logging_mixin.py:188} INFO - [2026-07-15T06:45:46.849+0000] {dag.py:3947} INFO - Setting next_dagrun for crypto_daily_pipeline to 2026-07-15 00:00:00+00:00, run_after=2026-07-16 00:00:00+00:00
[2026-07-15T06:45:46.853+0000] {processor.py:183} INFO - Processing /opt/airflow/dags/crypto_pipeline_dag.py took 0.029 seconds
[2026-07-15T06:46:17.020+0000] {processor.py:161} INFO - Started process (PID=463) to work on /opt/airflow/dags/crypto_pipeline_dag.py
[2026-07-15T06:46:17.021+0000] {processor.py:830} INFO - Processing file /opt/airflow/dags/crypto_pipeline_dag.py for tasks to queue
[2026-07-15T06:46:17.022+0000] {logging_mixin.py:188} INFO - [2026-07-15T06:46:17.022+0000] {dagbag.py:545} INFO - Filling up the DagBag from /opt/airflow/dags/crypto_pipeline_dag.py
[2026-07-15T06:46:17.032+0000] {processor.py:840} INFO - DAG(s) 'crypto_daily_pipeline' retrieved from /opt/airflow/dags/crypto_pipeline_dag.py
[2026-07-15T06:46:17.049+0000] {logging_mixin.py:188} INFO - [2026-07-15T06:46:17.049+0000] {dag.py:3089} INFO - Sync 1 DAGs
[2026-07-15T06:46:17.058+0000] {logging_mixin.py:188} INFO - [2026-07-15T06:46:17.058+0000] {dag.py:3947} INFO - Setting next_dagrun for crypto_daily_pipeline to 2026-07-15 00:00:00+00:00, run_after=2026-07-16 00:00:00+00:00
[2026-07-15T06:46:17.064+0000] {processor.py:183} INFO - Processing /opt/airflow/dags/crypto_pipeline_dag.py took 0.048 seconds
[2026-07-15T06:46:47.212+0000] {processor.py:161} INFO - Started process (PID=468) to work on /opt/airflow/dags/crypto_pipeline_dag.py
[2026-07-15T06:46:47.213+0000] {processor.py:830} INFO - Processing file /opt/airflow/dags/crypto_pipeline_dag.py for tasks to queue
[2026-07-15T06:46:47.214+0000] {logging_mixin.py:188} INFO - [2026-07-15T06:46:47.214+0000] {dagbag.py:545} INFO - Filling up the DagBag from /opt/airflow/dags/crypto_pipeline_dag.py
[2026-07-15T06:46:47.223+0000] {processor.py:840} INFO - DAG(s) 'crypto_daily_pipeline' retrieved from /opt/airflow/dags/crypto_pipeline_dag.py
[2026-07-15T06:46:47.239+0000] {logging_mixin.py:188} INFO - [2026-07-15T06:46:47.239+0000] {dag.py:3089} INFO - Sync 1 DAGs
[2026-07-15T06:46:47.248+0000] {logging_mixin.py:188} INFO - [2026-07-15T06:46:47.248+0000] {dag.py:3947} INFO - Setting next_dagrun for crypto_daily_pipeline to 2026-07-15 00:00:00+00:00, run_after=2026-07-16 00:00:00+00:00
[2026-07-15T06:46:47.254+0000] {processor.py:183} INFO - Processing /opt/airflow/dags/crypto_pipeline_dag.py took 0.046 seconds
[2026-07-15T06:47:17.404+0000] {processor.py:161} INFO - Started process (PID=473) to work on /opt/airflow/dags/crypto_pipeline_dag.py
[2026-07-15T06:47:17.405+0000] {processor.py:830} INFO - Processing file /opt/airflow/dags/crypto_pipeline_dag.py for tasks to queue
[2026-07-15T06:47:17.407+0000] {logging_mixin.py:188} INFO - [2026-07-15T06:47:17.406+0000] {dagbag.py:545} INFO - Filling up the DagBag from /opt/airflow/dags/crypto_pipeline_dag.py
[2026-07-15T06:47:17.416+0000] {processor.py:840} INFO - DAG(s) 'crypto_daily_pipeline' retrieved from /opt/airflow/dags/crypto_pipeline_dag.py
[2026-07-15T06:47:17.433+0000] {logging_mixin.py:188} INFO - [2026-07-15T06:47:17.433+0000] {dag.py:3089} INFO - Sync 1 DAGs
[2026-07-15T06:47:17.442+0000] {logging_mixin.py:188} INFO - [2026-07-15T06:47:17.442+0000] {dag.py:3947} INFO - Setting next_dagrun for crypto_daily_pipeline to 2026-07-15 00:00:00+00:00, run_after=2026-07-16 00:00:00+00:00
[2026-07-15T06:47:17.449+0000] {processor.py:183} INFO - Processing /opt/airflow/dags/crypto_pipeline_dag.py took 0.048 seconds
[2026-07-15T06:47:47.588+0000] {processor.py:161} INFO - Started process (PID=478) to work on /opt/airflow/dags/crypto_pipeline_dag.py
[2026-07-15T06:47:47.589+0000] {processor.py:830} INFO - Processing file /opt/airflow/dags/crypto_pipeline_dag.py for tasks to queue
[2026-07-15T06:47:47.591+0000] {logging_mixin.py:188} INFO - [2026-07-15T06:47:47.590+0000] {dagbag.py:545} INFO - Filling up the DagBag from /opt/airflow/dags/crypto_pipeline_dag.py
[2026-07-15T06:47:47.599+0000] {processor.py:840} INFO - DAG(s) 'crypto_daily_pipeline' retrieved from /opt/airflow/dags/crypto_pipeline_dag.py
[2026-07-15T06:47:47.616+0000] {logging_mixin.py:188} INFO - [2026-07-15T06:47:47.616+0000] {dag.py:3089} INFO - Sync 1 DAGs
[2026-07-15T06:47:47.624+0000] {logging_mixin.py:188} INFO - [2026-07-15T06:47:47.624+0000] {dag.py:3947} INFO - Setting next_dagrun for crypto_daily_pipeline to 2026-07-15 00:00:00+00:00, run_after=2026-07-16 00:00:00+00:00
[2026-07-15T06:47:47.629+0000] {processor.py:183} INFO - Processing /opt/airflow/dags/crypto_pipeline_dag.py took 0.046 seconds
[2026-07-15T06:48:17.771+0000] {processor.py:161} INFO - Started process (PID=483) to work on /opt/airflow/dags/crypto_pipeline_dag.py
[2026-07-15T06:48:17.771+0000] {processor.py:830} INFO - Processing file /opt/airflow/dags/crypto_pipeline_dag.py for tasks to queue
[2026-07-15T06:48:17.773+0000] {logging_mixin.py:188} INFO - [2026-07-15T06:48:17.772+0000] {dagbag.py:545} INFO - Filling up the DagBag from /opt/airflow/dags/crypto_pipeline_dag.py
[2026-07-15T06:48:17.782+0000] {processor.py:840} INFO - DAG(s) 'crypto_daily_pipeline' retrieved from /opt/airflow/dags/crypto_pipeline_dag.py
[2026-07-15T06:48:17.799+0000] {logging_mixin.py:188} INFO - [2026-07-15T06:48:17.799+0000] {dag.py:3089} INFO - Sync 1 DAGs
[2026-07-15T06:48:17.809+0000] {logging_mixin.py:188} INFO - [2026-07-15T06:48:17.809+0000] {dag.py:3947} INFO - Setting next_dagrun for crypto_daily_pipeline to 2026-07-15 00:00:00+00:00, run_after=2026-07-16 00:00:00+00:00
[2026-07-15T06:48:17.816+0000] {processor.py:183} INFO - Processing /opt/airflow/dags/crypto_pipeline_dag.py took 0.049 seconds
[2026-07-15T06:48:47.986+0000] {processor.py:161} INFO - Started process (PID=488) to work on /opt/airflow/dags/crypto_pipeline_dag.py
[2026-07-15T06:48:47.986+0000] {processor.py:830} INFO - Processing file /opt/airflow/dags/crypto_pipeline_dag.py for tasks to queue
[2026-07-15T06:48:47.988+0000] {logging_mixin.py:188} INFO - [2026-07-15T06:48:47.988+0000] {dagbag.py:545} INFO - Filling up the DagBag from /opt/airflow/dags/crypto_pipeline_dag.py
[2026-07-15T06:48:47.998+0000] {processor.py:840} INFO - DAG(s) 'crypto_daily_pipeline' retrieved from /opt/airflow/dags/crypto_pipeline_dag.py
[2026-07-15T06:48:48.015+0000] {logging_mixin.py:188} INFO - [2026-07-15T06:48:48.015+0000] {dag.py:3089} INFO - Sync 1 DAGs
[2026-07-15T06:48:48.024+0000] {logging_mixin.py:188} INFO - [2026-07-15T06:48:48.024+0000] {dag.py:3947} INFO - Setting next_dagrun for crypto_daily_pipeline to 2026-07-15 00:00:00+00:00, run_after=2026-07-16 00:00:00+00:00
[2026-07-15T06:48:48.030+0000] {processor.py:183} INFO - Processing /opt/airflow/dags/crypto_pipeline_dag.py took 0.048 seconds
[2026-07-15T06:49:18.178+0000] {processor.py:161} INFO - Started process (PID=493) to work on /opt/airflow/dags/crypto_pipeline_dag.py
[2026-07-15T06:49:18.179+0000] {processor.py:830} INFO - Processing file /opt/airflow/dags/crypto_pipeline_dag.py for tasks to queue
[2026-07-15T06:49:18.180+0000] {logging_mixin.py:188} INFO - [2026-07-15T06:49:18.180+0000] {dagbag.py:545} INFO - Filling up the DagBag from /opt/airflow/dags/crypto_pipeline_dag.py
[2026-07-15T06:49:18.186+0000] {processor.py:840} INFO - DAG(s) 'crypto_daily_pipeline' retrieved from /opt/airflow/dags/crypto_pipeline_dag.py
[2026-07-15T06:49:18.201+0000] {logging_mixin.py:188} INFO - [2026-07-15T06:49:18.201+0000] {dag.py:3089} INFO - Sync 1 DAGs
[2026-07-15T06:49:18.211+0000] {logging_mixin.py:188} INFO - [2026-07-15T06:49:18.211+0000] {dag.py:3947} INFO - Setting next_dagrun for crypto_daily_pipeline to 2026-07-15 00:00:00+00:00, run_after=2026-07-16 00:00:00+00:00
[2026-07-15T06:49:18.218+0000] {processor.py:183} INFO - Processing /opt/airflow/dags/crypto_pipeline_dag.py took 0.044 seconds
[2026-07-15T06:49:48.363+0000] {processor.py:161} INFO - Started process (PID=498) to work on /opt/airflow/dags/crypto_pipeline_dag.py
[2026-07-15T06:49:48.364+0000] {processor.py:830} INFO - Processing file /opt/airflow/dags/crypto_pipeline_dag.py for tasks to queue
[2026-07-15T06:49:48.364+0000] {logging_mixin.py:188} INFO - [2026-07-15T06:49:48.364+0000] {dagbag.py:545} INFO - Filling up the DagBag from /opt/airflow/dags/crypto_pipeline_dag.py
[2026-07-15T06:49:48.370+0000] {processor.py:840} INFO - DAG(s) 'crypto_daily_pipeline' retrieved from /opt/airflow/dags/crypto_pipeline_dag.py
[2026-07-15T06:49:48.385+0000] {logging_mixin.py:188} INFO - [2026-07-15T06:49:48.385+0000] {dag.py:3089} INFO - Sync 1 DAGs
[2026-07-15T06:49:48.394+0000] {logging_mixin.py:188} INFO - [2026-07-15T06:49:48.394+0000] {dag.py:3947} INFO - Setting next_dagrun for crypto_daily_pipeline to 2026-07-15 00:00:00+00:00, run_after=2026-07-16 00:00:00+00:00
[2026-07-15T06:49:48.401+0000] {processor.py:183} INFO - Processing /opt/airflow/dags/crypto_pipeline_dag.py took 0.041 seconds
[2026-07-15T06:50:18.538+0000] {processor.py:161} INFO - Started process (PID=503) to work on /opt/airflow/dags/crypto_pipeline_dag.py
[2026-07-15T06:50:18.539+0000] {processor.py:830} INFO - Processing file /opt/airflow/dags/crypto_pipeline_dag.py for tasks to queue
[2026-07-15T06:50:18.541+0000] {logging_mixin.py:188} INFO - [2026-07-15T06:50:18.540+0000] {dagbag.py:545} INFO - Filling up the DagBag from /opt/airflow/dags/crypto_pipeline_dag.py
[2026-07-15T06:50:18.550+0000] {processor.py:840} INFO - DAG(s) 'crypto_daily_pipeline' retrieved from /opt/airflow/dags/crypto_pipeline_dag.py
[2026-07-15T06:50:18.567+0000] {logging_mixin.py:188} INFO - [2026-07-15T06:50:18.567+0000] {dag.py:3089} INFO - Sync 1 DAGs
[2026-07-15T06:50:18.576+0000] {logging_mixin.py:188} INFO - [2026-07-15T06:50:18.576+0000] {dag.py:3947} INFO - Setting next_dagrun for crypto_daily_pipeline to 2026-07-15 00:00:00+00:00, run_after=2026-07-16 00:00:00+00:00
[2026-07-15T06:50:18.582+0000] {processor.py:183} INFO - Processing /opt/airflow/dags/crypto_pipeline_dag.py took 0.048 seconds
[2026-07-15T06:50:48.730+0000] {processor.py:161} INFO - Started process (PID=508) to work on /opt/airflow/dags/crypto_pipeline_dag.py
[2026-07-15T06:50:48.730+0000] {processor.py:830} INFO - Processing file /opt/airflow/dags/crypto_pipeline_dag.py for tasks to queue
[2026-07-15T06:50:48.732+0000] {logging_mixin.py:188} INFO - [2026-07-15T06:50:48.731+0000] {dagbag.py:545} INFO - Filling up the DagBag from /opt/airflow/dags/crypto_pipeline_dag.py
[2026-07-15T06:50:48.740+0000] {processor.py:840} INFO - DAG(s) 'crypto_daily_pipeline' retrieved from /opt/airflow/dags/crypto_pipeline_dag.py
[2026-07-15T06:50:48.756+0000] {logging_mixin.py:188} INFO - [2026-07-15T06:50:48.756+0000] {dag.py:3089} INFO - Sync 1 DAGs
[2026-07-15T06:50:48.765+0000] {logging_mixin.py:188} INFO - [2026-07-15T06:50:48.765+0000] {dag.py:3947} INFO - Setting next_dagrun for crypto_daily_pipeline to 2026-07-15 00:00:00+00:00, run_after=2026-07-16 00:00:00+00:00
[2026-07-15T06:50:48.771+0000] {processor.py:183} INFO - Processing /opt/airflow/dags/crypto_pipeline_dag.py took 0.046 seconds
[2026-07-15T06:51:18.929+0000] {processor.py:161} INFO - Started process (PID=513) to work on /opt/airflow/dags/crypto_pipeline_dag.py
[2026-07-15T06:51:18.930+0000] {processor.py:830} INFO - Processing file /opt/airflow/dags/crypto_pipeline_dag.py for tasks to queue
[2026-07-15T06:51:18.932+0000] {logging_mixin.py:188} INFO - [2026-07-15T06:51:18.931+0000] {dagbag.py:545} INFO - Filling up the DagBag from /opt/airflow/dags/crypto_pipeline_dag.py
[2026-07-15T06:51:18.941+0000] {processor.py:840} INFO - DAG(s) 'crypto_daily_pipeline' retrieved from /opt/airflow/dags/crypto_pipeline_dag.py
[2026-07-15T06:51:18.957+0000] {logging_mixin.py:188} INFO - [2026-07-15T06:51:18.957+0000] {dag.py:3089} INFO - Sync 1 DAGs
[2026-07-15T06:51:18.966+0000] {logging_mixin.py:188} INFO - [2026-07-15T06:51:18.966+0000] {dag.py:3947} INFO - Setting next_dagrun for crypto_daily_pipeline to 2026-07-15 00:00:00+00:00, run_after=2026-07-16 00:00:00+00:00
[2026-07-15T06:51:18.972+0000] {processor.py:183} INFO - Processing /opt/airflow/dags/crypto_pipeline_dag.py took 0.047 seconds
[2026-07-15T06:51:49.123+0000] {processor.py:161} INFO - Started process (PID=518) to work on /opt/airflow/dags/crypto_pipeline_dag.py
[2026-07-15T06:51:49.124+0000] {processor.py:830} INFO - Processing file /opt/airflow/dags/crypto_pipeline_dag.py for tasks to queue
[2026-07-15T06:51:49.126+0000] {logging_mixin.py:188} INFO - [2026-07-15T06:51:49.125+0000] {dagbag.py:545} INFO - Filling up the DagBag from /opt/airflow/dags/crypto_pipeline_dag.py
[2026-07-15T06:51:49.134+0000] {processor.py:840} INFO - DAG(s) 'crypto_daily_pipeline' retrieved from /opt/airflow/dags/crypto_pipeline_dag.py
[2026-07-15T06:51:49.150+0000] {logging_mixin.py:188} INFO - [2026-07-15T06:51:49.150+0000] {dag.py:3089} INFO - Sync 1 DAGs
[2026-07-15T06:51:49.160+0000] {logging_mixin.py:188} INFO - [2026-07-15T06:51:49.160+0000] {dag.py:3947} INFO - Setting next_dagrun for crypto_daily_pipeline to 2026-07-15 00:00:00+00:00, run_after=2026-07-16 00:00:00+00:00
[2026-07-15T06:51:49.166+0000] {processor.py:183} INFO - Processing /opt/airflow/dags/crypto_pipeline_dag.py took 0.047 seconds
[2026-07-15T06:52:19.313+0000] {processor.py:161} INFO - Started process (PID=523) to work on /opt/airflow/dags/crypto_pipeline_dag.py
[2026-07-15T06:52:19.313+0000] {processor.py:830} INFO - Processing file /opt/airflow/dags/crypto_pipeline_dag.py for tasks to queue
[2026-07-15T06:52:19.315+0000] {logging_mixin.py:188} INFO - [2026-07-15T06:52:19.314+0000] {dagbag.py:545} INFO - Filling up the DagBag from /opt/airflow/dags/crypto_pipeline_dag.py
[2026-07-15T06:52:19.324+0000] {processor.py:840} INFO - DAG(s) 'crypto_daily_pipeline' retrieved from /opt/airflow/dags/crypto_pipeline_dag.py
[2026-07-15T06:52:19.342+0000] {logging_mixin.py:188} INFO - [2026-07-15T06:52:19.342+0000] {dag.py:3089} INFO - Sync 1 DAGs
[2026-07-15T06:52:19.353+0000] {logging_mixin.py:188} INFO - [2026-07-15T06:52:19.353+0000] {dag.py:3947} INFO - Setting next_dagrun for crypto_daily_pipeline to 2026-07-15 00:00:00+00:00, run_after=2026-07-16 00:00:00+00:00
[2026-07-15T06:52:19.360+0000] {processor.py:183} INFO - Processing /opt/airflow/dags/crypto_pipeline_dag.py took 0.052 seconds
[2026-07-15T06:52:49.544+0000] {processor.py:161} INFO - Started process (PID=528) to work on /opt/airflow/dags/crypto_pipeline_dag.py
[2026-07-15T06:52:49.544+0000] {processor.py:830} INFO - Processing file /opt/airflow/dags/crypto_pipeline_dag.py for tasks to queue
[2026-07-15T06:52:49.545+0000] {logging_mixin.py:188} INFO - [2026-07-15T06:52:49.545+0000] {dagbag.py:545} INFO - Filling up the DagBag from /opt/airflow/dags/crypto_pipeline_dag.py
[2026-07-15T06:52:49.551+0000] {processor.py:840} INFO - DAG(s) 'crypto_daily_pipeline' retrieved from /opt/airflow/dags/crypto_pipeline_dag.py
[2026-07-15T06:52:49.562+0000] {logging_mixin.py:188} INFO - [2026-07-15T06:52:49.562+0000] {dag.py:3089} INFO - Sync 1 DAGs
[2026-07-15T06:52:49.570+0000] {logging_mixin.py:188} INFO - [2026-07-15T06:52:49.570+0000] {dag.py:3947} INFO - Setting next_dagrun for crypto_daily_pipeline to 2026-07-15 00:00:00+00:00, run_after=2026-07-16 00:00:00+00:00
[2026-07-15T06:52:49.575+0000] {processor.py:183} INFO - Processing /opt/airflow/dags/crypto_pipeline_dag.py took 0.035 seconds
[2026-07-15T06:53:19.727+0000] {processor.py:161} INFO - Started process (PID=533) to work on /opt/airflow/dags/crypto_pipeline_dag.py
[2026-07-15T06:53:19.728+0000] {processor.py:830} INFO - Processing file /opt/airflow/dags/crypto_pipeline_dag.py for tasks to queue
[2026-07-15T06:53:19.730+0000] {logging_mixin.py:188} INFO - [2026-07-15T06:53:19.730+0000] {dagbag.py:545} INFO - Filling up the DagBag from /opt/airflow/dags/crypto_pipeline_dag.py
[2026-07-15T06:53:19.739+0000] {processor.py:840} INFO - DAG(s) 'crypto_daily_pipeline' retrieved from /opt/airflow/dags/crypto_pipeline_dag.py
[2026-07-15T06:53:19.757+0000] {logging_mixin.py:188} INFO - [2026-07-15T06:53:19.757+0000] {dag.py:3089} INFO - Sync 1 DAGs
[2026-07-15T06:53:19.766+0000] {logging_mixin.py:188} INFO - [2026-07-15T06:53:19.765+0000] {dag.py:3947} INFO - Setting next_dagrun for crypto_daily_pipeline to 2026-07-15 00:00:00+00:00, run_after=2026-07-16 00:00:00+00:00
[2026-07-15T06:53:19.771+0000] {processor.py:183} INFO - Processing /opt/airflow/dags/crypto_pipeline_dag.py took 0.048 seconds
[2026-07-15T06:53:49.914+0000] {processor.py:161} INFO - Started process (PID=538) to work on /opt/airflow/dags/crypto_pipeline_dag.py
[2026-07-15T06:53:49.915+0000] {processor.py:830} INFO - Processing file /opt/airflow/dags/crypto_pipeline_dag.py for tasks to queue
[2026-07-15T06:53:49.916+0000] {logging_mixin.py:188} INFO - [2026-07-15T06:53:49.916+0000] {dagbag.py:545} INFO - Filling up the DagBag from /opt/airflow/dags/crypto_pipeline_dag.py
[2026-07-15T06:53:49.926+0000] {processor.py:840} INFO - DAG(s) 'crypto_daily_pipeline' retrieved from /opt/airflow/dags/crypto_pipeline_dag.py
[2026-07-15T06:53:49.945+0000] {logging_mixin.py:188} INFO - [2026-07-15T06:53:49.945+0000] {dag.py:3089} INFO - Sync 1 DAGs
[2026-07-15T06:53:49.954+0000] {logging_mixin.py:188} INFO - [2026-07-15T06:53:49.953+0000] {dag.py:3947} INFO - Setting next_dagrun for crypto_daily_pipeline to 2026-07-15 00:00:00+00:00, run_after=2026-07-16 00:00:00+00:00
[2026-07-15T06:53:49.959+0000] {processor.py:183} INFO - Processing /opt/airflow/dags/crypto_pipeline_dag.py took 0.051 seconds
[2026-07-15T06:54:20.101+0000] {processor.py:161} INFO - Started process (PID=543) to work on /opt/airflow/dags/crypto_pipeline_dag.py
[2026-07-15T06:54:20.102+0000] {processor.py:830} INFO - Processing file /opt/airflow/dags/crypto_pipeline_dag.py for tasks to queue
[2026-07-15T06:54:20.103+0000] {logging_mixin.py:188} INFO - [2026-07-15T06:54:20.103+0000] {dagbag.py:545} INFO - Filling up the DagBag from /opt/airflow/dags/crypto_pipeline_dag.py
[2026-07-15T06:54:20.113+0000] {processor.py:840} INFO - DAG(s) 'crypto_daily_pipeline' retrieved from /opt/airflow/dags/crypto_pipeline_dag.py
[2026-07-15T06:54:20.131+0000] {logging_mixin.py:188} INFO - [2026-07-15T06:54:20.131+0000] {dag.py:3089} INFO - Sync 1 DAGs
[2026-07-15T06:54:20.141+0000] {logging_mixin.py:188} INFO - [2026-07-15T06:54:20.141+0000] {dag.py:3947} INFO - Setting next_dagrun for crypto_daily_pipeline to 2026-07-15 00:00:00+00:00, run_after=2026-07-16 00:00:00+00:00
[2026-07-15T06:54:20.150+0000] {processor.py:183} INFO - Processing /opt/airflow/dags/crypto_pipeline_dag.py took 0.052 seconds
[2026-07-15T06:54:50.311+0000] {processor.py:161} INFO - Started process (PID=548) to work on /opt/airflow/dags/crypto_pipeline_dag.py
[2026-07-15T06:54:50.312+0000] {processor.py:830} INFO - Processing file /opt/airflow/dags/crypto_pipeline_dag.py for tasks to queue
[2026-07-15T06:54:50.313+0000] {logging_mixin.py:188} INFO - [2026-07-15T06:54:50.313+0000] {dagbag.py:545} INFO - Filling up the DagBag from /opt/airflow/dags/crypto_pipeline_dag.py
[2026-07-15T06:54:50.322+0000] {processor.py:840} INFO - DAG(s) 'crypto_daily_pipeline' retrieved from /opt/airflow/dags/crypto_pipeline_dag.py
[2026-07-15T06:54:50.338+0000] {logging_mixin.py:188} INFO - [2026-07-15T06:54:50.338+0000] {dag.py:3089} INFO - Sync 1 DAGs
[2026-07-15T06:54:50.346+0000] {logging_mixin.py:188} INFO - [2026-07-15T06:54:50.345+0000] {dag.py:3947} INFO - Setting next_dagrun for crypto_daily_pipeline to 2026-07-15 00:00:00+00:00, run_after=2026-07-16 00:00:00+00:00
[2026-07-15T06:54:50.351+0000] {processor.py:183} INFO - Processing /opt/airflow/dags/crypto_pipeline_dag.py took 0.044 seconds
[2026-07-15T06:55:20.482+0000] {processor.py:161} INFO - Started process (PID=553) to work on /opt/airflow/dags/crypto_pipeline_dag.py
[2026-07-15T06:55:20.483+0000] {processor.py:830} INFO - Processing file /opt/airflow/dags/crypto_pipeline_dag.py for tasks to queue
[2026-07-15T06:55:20.483+0000] {logging_mixin.py:188} INFO - [2026-07-15T06:55:20.483+0000] {dagbag.py:545} INFO - Filling up the DagBag from /opt/airflow/dags/crypto_pipeline_dag.py
[2026-07-15T06:55:20.488+0000] {processor.py:840} INFO - DAG(s) 'crypto_daily_pipeline' retrieved from /opt/airflow/dags/crypto_pipeline_dag.py
[2026-07-15T06:55:20.499+0000] {logging_mixin.py:188} INFO - [2026-07-15T06:55:20.499+0000] {dag.py:3089} INFO - Sync 1 DAGs
[2026-07-15T06:55:20.506+0000] {logging_mixin.py:188} INFO - [2026-07-15T06:55:20.506+0000] {dag.py:3947} INFO - Setting next_dagrun for crypto_daily_pipeline to 2026-07-15 00:00:00+00:00, run_after=2026-07-16 00:00:00+00:00
[2026-07-15T06:55:20.512+0000] {processor.py:183} INFO - Processing /opt/airflow/dags/crypto_pipeline_dag.py took 0.033 seconds
[2026-07-15T06:55:50.684+0000] {processor.py:161} INFO - Started process (PID=558) to work on /opt/airflow/dags/crypto_pipeline_dag.py
[2026-07-15T06:55:50.684+0000] {processor.py:830} INFO - Processing file /opt/airflow/dags/crypto_pipeline_dag.py for tasks to queue
[2026-07-15T06:55:50.685+0000] {logging_mixin.py:188} INFO - [2026-07-15T06:55:50.685+0000] {dagbag.py:545} INFO - Filling up the DagBag from /opt/airflow/dags/crypto_pipeline_dag.py
[2026-07-15T06:55:50.689+0000] {processor.py:840} INFO - DAG(s) 'crypto_daily_pipeline' retrieved from /opt/airflow/dags/crypto_pipeline_dag.py
[2026-07-15T06:55:50.700+0000] {logging_mixin.py:188} INFO - [2026-07-15T06:55:50.700+0000] {dag.py:3089} INFO - Sync 1 DAGs
[2026-07-15T06:55:50.707+0000] {logging_mixin.py:188} INFO - [2026-07-15T06:55:50.707+0000] {dag.py:3947} INFO - Setting next_dagrun for crypto_daily_pipeline to 2026-07-15 00:00:00+00:00, run_after=2026-07-16 00:00:00+00:00
[2026-07-15T06:55:50.712+0000] {processor.py:183} INFO - Processing /opt/airflow/dags/crypto_pipeline_dag.py took 0.030 seconds
[2026-07-15T06:56:20.872+0000] {processor.py:161} INFO - Started process (PID=563) to work on /opt/airflow/dags/crypto_pipeline_dag.py
[2026-07-15T06:56:20.873+0000] {processor.py:830} INFO - Processing file /opt/airflow/dags/crypto_pipeline_dag.py for tasks to queue
[2026-07-15T06:56:20.875+0000] {logging_mixin.py:188} INFO - [2026-07-15T06:56:20.875+0000] {dagbag.py:545} INFO - Filling up the DagBag from /opt/airflow/dags/crypto_pipeline_dag.py
[2026-07-15T06:56:20.884+0000] {processor.py:840} INFO - DAG(s) 'crypto_daily_pipeline' retrieved from /opt/airflow/dags/crypto_pipeline_dag.py
[2026-07-15T06:56:20.900+0000] {logging_mixin.py:188} INFO - [2026-07-15T06:56:20.900+0000] {dag.py:3089} INFO - Sync 1 DAGs
[2026-07-15T06:56:20.908+0000] {logging_mixin.py:188} INFO - [2026-07-15T06:56:20.908+0000] {dag.py:3947} INFO - Setting next_dagrun for crypto_daily_pipeline to 2026-07-15 00:00:00+00:00, run_after=2026-07-16 00:00:00+00:00
[2026-07-15T06:56:20.914+0000] {processor.py:183} INFO - Processing /opt/airflow/dags/crypto_pipeline_dag.py took 0.047 seconds
[2026-07-15T06:56:51.050+0000] {processor.py:161} INFO - Started process (PID=568) to work on /opt/airflow/dags/crypto_pipeline_dag.py
[2026-07-15T06:56:51.051+0000] {processor.py:830} INFO - Processing file /opt/airflow/dags/crypto_pipeline_dag.py for tasks to queue
[2026-07-15T06:56:51.053+0000] {logging_mixin.py:188} INFO - [2026-07-15T06:56:51.053+0000] {dagbag.py:545} INFO - Filling up the DagBag from /opt/airflow/dags/crypto_pipeline_dag.py
[2026-07-15T06:56:51.062+0000] {processor.py:840} INFO - DAG(s) 'crypto_daily_pipeline' retrieved from /opt/airflow/dags/crypto_pipeline_dag.py
[2026-07-15T06:56:51.080+0000] {logging_mixin.py:188} INFO - [2026-07-15T06:56:51.080+0000] {dag.py:3089} INFO - Sync 1 DAGs
[2026-07-15T06:56:51.089+0000] {logging_mixin.py:188} INFO - [2026-07-15T06:56:51.088+0000] {dag.py:3947} INFO - Setting next_dagrun for crypto_daily_pipeline to 2026-07-15 00:00:00+00:00, run_after=2026-07-16 00:00:00+00:00
[2026-07-15T06:56:51.094+0000] {processor.py:183} INFO - Processing /opt/airflow/dags/crypto_pipeline_dag.py took 0.048 seconds
[2026-07-15T06:57:21.241+0000] {processor.py:161} INFO - Started process (PID=573) to work on /opt/airflow/dags/crypto_pipeline_dag.py
[2026-07-15T06:57:21.242+0000] {processor.py:830} INFO - Processing file /opt/airflow/dags/crypto_pipeline_dag.py for tasks to queue
[2026-07-15T06:57:21.243+0000] {logging_mixin.py:188} INFO - [2026-07-15T06:57:21.243+0000] {dagbag.py:545} INFO - Filling up the DagBag from /opt/airflow/dags/crypto_pipeline_dag.py
[2026-07-15T06:57:21.253+0000] {processor.py:840} INFO - DAG(s) 'crypto_daily_pipeline' retrieved from /opt/airflow/dags/crypto_pipeline_dag.py
[2026-07-15T06:57:21.271+0000] {logging_mixin.py:188} INFO - [2026-07-15T06:57:21.270+0000] {dag.py:3089} INFO - Sync 1 DAGs
[2026-07-15T06:57:21.278+0000] {logging_mixin.py:188} INFO - [2026-07-15T06:57:21.278+0000] {dag.py:3947} INFO - Setting next_dagrun for crypto_daily_pipeline to 2026-07-15 00:00:00+00:00, run_after=2026-07-16 00:00:00+00:00
[2026-07-15T06:57:21.284+0000] {processor.py:183} INFO - Processing /opt/airflow/dags/crypto_pipeline_dag.py took 0.047 seconds
[2026-07-15T06:57:51.440+0000] {processor.py:161} INFO - Started process (PID=578) to work on /opt/airflow/dags/crypto_pipeline_dag.py
[2026-07-15T06:57:51.441+0000] {processor.py:830} INFO - Processing file /opt/airflow/dags/crypto_pipeline_dag.py for tasks to queue
[2026-07-15T06:57:51.442+0000] {logging_mixin.py:188} INFO - [2026-07-15T06:57:51.442+0000] {dagbag.py:545} INFO - Filling up the DagBag from /opt/airflow/dags/crypto_pipeline_dag.py
[2026-07-15T06:57:51.452+0000] {processor.py:840} INFO - DAG(s) 'crypto_daily_pipeline' retrieved from /opt/airflow/dags/crypto_pipeline_dag.py
[2026-07-15T06:57:51.468+0000] {logging_mixin.py:188} INFO - [2026-07-15T06:57:51.468+0000] {dag.py:3089} INFO - Sync 1 DAGs
[2026-07-15T06:57:51.476+0000] {logging_mixin.py:188} INFO - [2026-07-15T06:57:51.476+0000] {dag.py:3947} INFO - Setting next_dagrun for crypto_daily_pipeline to 2026-07-15 00:00:00+00:00, run_after=2026-07-16 00:00:00+00:00
[2026-07-15T06:57:51.482+0000] {processor.py:183} INFO - Processing /opt/airflow/dags/crypto_pipeline_dag.py took 0.046 seconds
[2026-07-15T06:58:21.634+0000] {processor.py:161} INFO - Started process (PID=583) to work on /opt/airflow/dags/crypto_pipeline_dag.py
[2026-07-15T06:58:21.635+0000] {processor.py:830} INFO - Processing file /opt/airflow/dags/crypto_pipeline_dag.py for tasks to queue
[2026-07-15T06:58:21.637+0000] {logging_mixin.py:188} INFO - [2026-07-15T06:58:21.637+0000] {dagbag.py:545} INFO - Filling up the DagBag from /opt/airflow/dags/crypto_pipeline_dag.py
[2026-07-15T06:58:21.646+0000] {processor.py:840} INFO - DAG(s) 'crypto_daily_pipeline' retrieved from /opt/airflow/dags/crypto_pipeline_dag.py
[2026-07-15T06:58:21.664+0000] {logging_mixin.py:188} INFO - [2026-07-15T06:58:21.664+0000] {dag.py:3089} INFO - Sync 1 DAGs
[2026-07-15T06:58:21.674+0000] {logging_mixin.py:188} INFO - [2026-07-15T06:58:21.673+0000] {dag.py:3947} INFO - Setting next_dagrun for crypto_daily_pipeline to 2026-07-15 00:00:00+00:00, run_after=2026-07-16 00:00:00+00:00
[2026-07-15T06:58:21.680+0000] {processor.py:183} INFO - Processing /opt/airflow/dags/crypto_pipeline_dag.py took 0.049 seconds
[2026-07-15T06:58:51.810+0000] {processor.py:161} INFO - Started process (PID=588) to work on /opt/airflow/dags/crypto_pipeline_dag.py
[2026-07-15T06:58:51.811+0000] {processor.py:830} INFO - Processing file /opt/airflow/dags/crypto_pipeline_dag.py for tasks to queue
[2026-07-15T06:58:51.812+0000] {logging_mixin.py:188} INFO - [2026-07-15T06:58:51.812+0000] {dagbag.py:545} INFO - Filling up the DagBag from /opt/airflow/dags/crypto_pipeline_dag.py
[2026-07-15T06:58:51.822+0000] {processor.py:840} INFO - DAG(s) 'crypto_daily_pipeline' retrieved from /opt/airflow/dags/crypto_pipeline_dag.py
[2026-07-15T06:58:51.840+0000] {logging_mixin.py:188} INFO - [2026-07-15T06:58:51.840+0000] {dag.py:3089} INFO - Sync 1 DAGs
[2026-07-15T06:58:51.850+0000] {logging_mixin.py:188} INFO - [2026-07-15T06:58:51.850+0000] {dag.py:3947} INFO - Setting next_dagrun for crypto_daily_pipeline to 2026-07-15 00:00:00+00:00, run_after=2026-07-16 00:00:00+00:00
[2026-07-15T06:58:51.856+0000] {processor.py:183} INFO - Processing /opt/airflow/dags/crypto_pipeline_dag.py took 0.051 seconds
[2026-07-15T06:59:22.001+0000] {processor.py:161} INFO - Started process (PID=593) to work on /opt/airflow/dags/crypto_pipeline_dag.py
[2026-07-15T06:59:22.001+0000] {processor.py:830} INFO - Processing file /opt/airflow/dags/crypto_pipeline_dag.py for tasks to queue
[2026-07-15T06:59:22.003+0000] {logging_mixin.py:188} INFO - [2026-07-15T06:59:22.003+0000] {dagbag.py:545} INFO - Filling up the DagBag from /opt/airflow/dags/crypto_pipeline_dag.py
[2026-07-15T06:59:22.012+0000] {processor.py:840} INFO - DAG(s) 'crypto_daily_pipeline' retrieved from /opt/airflow/dags/crypto_pipeline_dag.py
[2026-07-15T06:59:22.031+0000] {logging_mixin.py:188} INFO - [2026-07-15T06:59:22.031+0000] {dag.py:3089} INFO - Sync 1 DAGs
[2026-07-15T06:59:22.041+0000] {logging_mixin.py:188} INFO - [2026-07-15T06:59:22.041+0000] {dag.py:3947} INFO - Setting next_dagrun for crypto_daily_pipeline to 2026-07-15 00:00:00+00:00, run_after=2026-07-16 00:00:00+00:00
[2026-07-15T06:59:22.046+0000] {processor.py:183} INFO - Processing /opt/airflow/dags/crypto_pipeline_dag.py took 0.050 seconds
[2026-07-15T06:59:52.211+0000] {processor.py:161} INFO - Started process (PID=598) to work on /opt/airflow/dags/crypto_pipeline_dag.py
[2026-07-15T06:59:52.211+0000] {processor.py:830} INFO - Processing file /opt/airflow/dags/crypto_pipeline_dag.py for tasks to queue
[2026-07-15T06:59:52.213+0000] {logging_mixin.py:188} INFO - [2026-07-15T06:59:52.213+0000] {dagbag.py:545} INFO - Filling up the DagBag from /opt/airflow/dags/crypto_pipeline_dag.py
[2026-07-15T06:59:52.222+0000] {processor.py:840} INFO - DAG(s) 'crypto_daily_pipeline' retrieved from /opt/airflow/dags/crypto_pipeline_dag.py
[2026-07-15T06:59:52.238+0000] {logging_mixin.py:188} INFO - [2026-07-15T06:59:52.238+0000] {dag.py:3089} INFO - Sync 1 DAGs
[2026-07-15T06:59:52.248+0000] {logging_mixin.py:188} INFO - [2026-07-15T06:59:52.248+0000] {dag.py:3947} INFO - Setting next_dagrun for crypto_daily_pipeline to 2026-07-15 00:00:00+00:00, run_after=2026-07-16 00:00:00+00:00
[2026-07-15T06:59:52.255+0000] {processor.py:183} INFO - Processing /opt/airflow/dags/crypto_pipeline_dag.py took 0.049 seconds
[2026-07-15T07:00:22.393+0000] {processor.py:161} INFO - Started process (PID=603) to work on /opt/airflow/dags/crypto_pipeline_dag.py
[2026-07-15T07:00:22.395+0000] {processor.py:830} INFO - Processing file /opt/airflow/dags/crypto_pipeline_dag.py for tasks to queue
[2026-07-15T07:00:22.396+0000] {logging_mixin.py:188} INFO - [2026-07-15T07:00:22.396+0000] {dagbag.py:545} INFO - Filling up the DagBag from /opt/airflow/dags/crypto_pipeline_dag.py
[2026-07-15T07:00:22.405+0000] {processor.py:840} INFO - DAG(s) 'crypto_daily_pipeline' retrieved from /opt/airflow/dags/crypto_pipeline_dag.py
[2026-07-15T07:00:22.423+0000] {logging_mixin.py:188} INFO - [2026-07-15T07:00:22.423+0000] {dag.py:3089} INFO - Sync 1 DAGs
[2026-07-15T07:00:22.433+0000] {logging_mixin.py:188} INFO - [2026-07-15T07:00:22.433+0000] {dag.py:3947} INFO - Setting next_dagrun for crypto_daily_pipeline to 2026-07-15 00:00:00+00:00, run_after=2026-07-16 00:00:00+00:00
[2026-07-15T07:00:22.438+0000] {processor.py:183} INFO - Processing /opt/airflow/dags/crypto_pipeline_dag.py took 0.049 seconds
[2026-07-15T07:00:52.607+0000] {processor.py:161} INFO - Started process (PID=608) to work on /opt/airflow/dags/crypto_pipeline_dag.py
[2026-07-15T07:00:52.608+0000] {processor.py:830} INFO - Processing file /opt/airflow/dags/crypto_pipeline_dag.py for tasks to queue
[2026-07-15T07:00:52.610+0000] {logging_mixin.py:188} INFO - [2026-07-15T07:00:52.610+0000] {dagbag.py:545} INFO - Filling up the DagBag from /opt/airflow/dags/crypto_pipeline_dag.py
[2026-07-15T07:00:52.619+0000] {processor.py:840} INFO - DAG(s) 'crypto_daily_pipeline' retrieved from /opt/airflow/dags/crypto_pipeline_dag.py
[2026-07-15T07:00:52.636+0000] {logging_mixin.py:188} INFO - [2026-07-15T07:00:52.635+0000] {dag.py:3089} INFO - Sync 1 DAGs
[2026-07-15T07:00:52.645+0000] {logging_mixin.py:188} INFO - [2026-07-15T07:00:52.645+0000] {dag.py:3947} INFO - Setting next_dagrun for crypto_daily_pipeline to 2026-07-15 00:00:00+00:00, run_after=2026-07-16 00:00:00+00:00
[2026-07-15T07:00:52.651+0000] {processor.py:183} INFO - Processing /opt/airflow/dags/crypto_pipeline_dag.py took 0.048 seconds
[2026-07-15T07:01:22.787+0000] {processor.py:161} INFO - Started process (PID=613) to work on /opt/airflow/dags/crypto_pipeline_dag.py
[2026-07-15T07:01:22.788+0000] {processor.py:830} INFO - Processing file /opt/airflow/dags/crypto_pipeline_dag.py for tasks to queue
[2026-07-15T07:01:22.789+0000] {logging_mixin.py:188} INFO - [2026-07-15T07:01:22.789+0000] {dagbag.py:545} INFO - Filling up the DagBag from /opt/airflow/dags/crypto_pipeline_dag.py
[2026-07-15T07:01:22.798+0000] {processor.py:840} INFO - DAG(s) 'crypto_daily_pipeline' retrieved from /opt/airflow/dags/crypto_pipeline_dag.py
[2026-07-15T07:01:22.815+0000] {logging_mixin.py:188} INFO - [2026-07-15T07:01:22.815+0000] {dag.py:3089} INFO - Sync 1 DAGs
[2026-07-15T07:01:22.824+0000] {logging_mixin.py:188} INFO - [2026-07-15T07:01:22.824+0000] {dag.py:3947} INFO - Setting next_dagrun for crypto_daily_pipeline to 2026-07-15 00:00:00+00:00, run_after=2026-07-16 00:00:00+00:00
[2026-07-15T07:01:22.830+0000] {processor.py:183} INFO - Processing /opt/airflow/dags/crypto_pipeline_dag.py took 0.047 seconds
[2026-07-15T07:01:52.978+0000] {processor.py:161} INFO - Started process (PID=618) to work on /opt/airflow/dags/crypto_pipeline_dag.py
[2026-07-15T07:01:52.978+0000] {processor.py:830} INFO - Processing file /opt/airflow/dags/crypto_pipeline_dag.py for tasks to queue
[2026-07-15T07:01:52.980+0000] {logging_mixin.py:188} INFO - [2026-07-15T07:01:52.980+0000] {dagbag.py:545} INFO - Filling up the DagBag from /opt/airflow/dags/crypto_pipeline_dag.py
[2026-07-15T07:01:52.989+0000] {processor.py:840} INFO - DAG(s) 'crypto_daily_pipeline' retrieved from /opt/airflow/dags/crypto_pipeline_dag.py
[2026-07-15T07:01:53.007+0000] {logging_mixin.py:188} INFO - [2026-07-15T07:01:53.007+0000] {dag.py:3089} INFO - Sync 1 DAGs
[2026-07-15T07:01:53.016+0000] {logging_mixin.py:188} INFO - [2026-07-15T07:01:53.016+0000] {dag.py:3947} INFO - Setting next_dagrun for crypto_daily_pipeline to 2026-07-15 00:00:00+00:00, run_after=2026-07-16 00:00:00+00:00
[2026-07-15T07:01:53.022+0000] {processor.py:183} INFO - Processing /opt/airflow/dags/crypto_pipeline_dag.py took 0.049 seconds
[2026-07-15T07:02:23.172+0000] {processor.py:161} INFO - Started process (PID=623) to work on /opt/airflow/dags/crypto_pipeline_dag.py
[2026-07-15T07:02:23.173+0000] {processor.py:830} INFO - Processing file /opt/airflow/dags/crypto_pipeline_dag.py for tasks to queue
[2026-07-15T07:02:23.175+0000] {logging_mixin.py:188} INFO - [2026-07-15T07:02:23.175+0000] {dagbag.py:545} INFO - Filling up the DagBag from /opt/airflow/dags/crypto_pipeline_dag.py
[2026-07-15T07:02:23.184+0000] {processor.py:840} INFO - DAG(s) 'crypto_daily_pipeline' retrieved from /opt/airflow/dags/crypto_pipeline_dag.py
[2026-07-15T07:02:23.202+0000] {logging_mixin.py:188} INFO - [2026-07-15T07:02:23.202+0000] {dag.py:3089} INFO - Sync 1 DAGs
[2026-07-15T07:02:23.212+0000] {logging_mixin.py:188} INFO - [2026-07-15T07:02:23.212+0000] {dag.py:3947} INFO - Setting next_dagrun for crypto_daily_pipeline to 2026-07-15 00:00:00+00:00, run_after=2026-07-16 00:00:00+00:00
[2026-07-15T07:02:23.217+0000] {processor.py:183} INFO - Processing /opt/airflow/dags/crypto_pipeline_dag.py took 0.049 seconds
[2026-07-15T07:02:53.348+0000] {processor.py:161} INFO - Started process (PID=628) to work on /opt/airflow/dags/crypto_pipeline_dag.py
[2026-07-15T07:02:53.349+0000] {processor.py:830} INFO - Processing file /opt/airflow/dags/crypto_pipeline_dag.py for tasks to queue
[2026-07-15T07:02:53.351+0000] {logging_mixin.py:188} INFO - [2026-07-15T07:02:53.350+0000] {dagbag.py:545} INFO - Filling up the DagBag from /opt/airflow/dags/crypto_pipeline_dag.py
[2026-07-15T07:02:53.358+0000] {processor.py:840} INFO - DAG(s) 'crypto_daily_pipeline' retrieved from /opt/airflow/dags/crypto_pipeline_dag.py
[2026-07-15T07:02:53.375+0000] {logging_mixin.py:188} INFO - [2026-07-15T07:02:53.375+0000] {dag.py:3089} INFO - Sync 1 DAGs
[2026-07-15T07:02:53.385+0000] {logging_mixin.py:188} INFO - [2026-07-15T07:02:53.385+0000] {dag.py:3947} INFO - Setting next_dagrun for crypto_daily_pipeline to 2026-07-15 00:00:00+00:00, run_after=2026-07-16 00:00:00+00:00
[2026-07-15T07:02:53.391+0000] {processor.py:183} INFO - Processing /opt/airflow/dags/crypto_pipeline_dag.py took 0.047 seconds
[2026-07-15T07:03:23.531+0000] {processor.py:161} INFO - Started process (PID=633) to work on /opt/airflow/dags/crypto_pipeline_dag.py
[2026-07-15T07:03:23.531+0000] {processor.py:830} INFO - Processing file /opt/airflow/dags/crypto_pipeline_dag.py for tasks to queue
[2026-07-15T07:03:23.533+0000] {logging_mixin.py:188} INFO - [2026-07-15T07:03:23.533+0000] {dagbag.py:545} INFO - Filling up the DagBag from /opt/airflow/dags/crypto_pipeline_dag.py
[2026-07-15T07:03:23.542+0000] {processor.py:840} INFO - DAG(s) 'crypto_daily_pipeline' retrieved from /opt/airflow/dags/crypto_pipeline_dag.py
[2026-07-15T07:03:23.559+0000] {logging_mixin.py:188} INFO - [2026-07-15T07:03:23.559+0000] {dag.py:3089} INFO - Sync 1 DAGs
[2026-07-15T07:03:23.567+0000] {logging_mixin.py:188} INFO - [2026-07-15T07:03:23.567+0000] {dag.py:3947} INFO - Setting next_dagrun for crypto_daily_pipeline to 2026-07-15 00:00:00+00:00, run_after=2026-07-16 00:00:00+00:00
[2026-07-15T07:03:23.573+0000] {processor.py:183} INFO - Processing /opt/airflow/dags/crypto_pipeline_dag.py took 0.046 seconds
[2026-07-15T07:03:53.732+0000] {processor.py:161} INFO - Started process (PID=638) to work on /opt/airflow/dags/crypto_pipeline_dag.py
[2026-07-15T07:03:53.733+0000] {processor.py:830} INFO - Processing file /opt/airflow/dags/crypto_pipeline_dag.py for tasks to queue
[2026-07-15T07:03:53.734+0000] {logging_mixin.py:188} INFO - [2026-07-15T07:03:53.734+0000] {dagbag.py:545} INFO - Filling up the DagBag from /opt/airflow/dags/crypto_pipeline_dag.py
[2026-07-15T07:03:53.743+0000] {processor.py:840} INFO - DAG(s) 'crypto_daily_pipeline' retrieved from /opt/airflow/dags/crypto_pipeline_dag.py
[2026-07-15T07:03:53.759+0000] {logging_mixin.py:188} INFO - [2026-07-15T07:03:53.759+0000] {dag.py:3089} INFO - Sync 1 DAGs
[2026-07-15T07:03:53.767+0000] {logging_mixin.py:188} INFO - [2026-07-15T07:03:53.767+0000] {dag.py:3947} INFO - Setting next_dagrun for crypto_daily_pipeline to 2026-07-15 00:00:00+00:00, run_after=2026-07-16 00:00:00+00:00
[2026-07-15T07:03:53.773+0000] {processor.py:183} INFO - Processing /opt/airflow/dags/crypto_pipeline_dag.py took 0.046 seconds
[2026-07-15T07:04:23.903+0000] {processor.py:161} INFO - Started process (PID=643) to work on /opt/airflow/dags/crypto_pipeline_dag.py
[2026-07-15T07:04:23.904+0000] {processor.py:830} INFO - Processing file /opt/airflow/dags/crypto_pipeline_dag.py for tasks to queue
[2026-07-15T07:04:23.905+0000] {logging_mixin.py:188} INFO - [2026-07-15T07:04:23.905+0000] {dagbag.py:545} INFO - Filling up the DagBag from /opt/airflow/dags/crypto_pipeline_dag.py
[2026-07-15T07:04:23.917+0000] {processor.py:840} INFO - DAG(s) 'crypto_daily_pipeline' retrieved from /opt/airflow/dags/crypto_pipeline_dag.py
[2026-07-15T07:04:23.934+0000] {logging_mixin.py:188} INFO - [2026-07-15T07:04:23.934+0000] {dag.py:3089} INFO - Sync 1 DAGs
[2026-07-15T07:04:23.944+0000] {logging_mixin.py:188} INFO - [2026-07-15T07:04:23.944+0000] {dag.py:3947} INFO - Setting next_dagrun for crypto_daily_pipeline to 2026-07-15 00:00:00+00:00, run_after=2026-07-16 00:00:00+00:00
[2026-07-15T07:04:23.950+0000] {processor.py:183} INFO - Processing /opt/airflow/dags/crypto_pipeline_dag.py took 0.051 seconds
[2026-07-15T07:04:54.125+0000] {processor.py:161} INFO - Started process (PID=648) to work on /opt/airflow/dags/crypto_pipeline_dag.py
[2026-07-15T07:04:54.126+0000] {processor.py:830} INFO - Processing file /opt/airflow/dags/crypto_pipeline_dag.py for tasks to queue
[2026-07-15T07:04:54.127+0000] {logging_mixin.py:188} INFO - [2026-07-15T07:04:54.127+0000] {dagbag.py:545} INFO - Filling up the DagBag from /opt/airflow/dags/crypto_pipeline_dag.py
[2026-07-15T07:04:54.137+0000] {processor.py:840} INFO - DAG(s) 'crypto_daily_pipeline' retrieved from /opt/airflow/dags/crypto_pipeline_dag.py
[2026-07-15T07:04:54.152+0000] {logging_mixin.py:188} INFO - [2026-07-15T07:04:54.151+0000] {dag.py:3089} INFO - Sync 1 DAGs
[2026-07-15T07:04:54.160+0000] {logging_mixin.py:188} INFO - [2026-07-15T07:04:54.160+0000] {dag.py:3947} INFO - Setting next_dagrun for crypto_daily_pipeline to 2026-07-15 00:00:00+00:00, run_after=2026-07-16 00:00:00+00:00
[2026-07-15T07:04:54.166+0000] {processor.py:183} INFO - Processing /opt/airflow/dags/crypto_pipeline_dag.py took 0.046 seconds
[2026-07-15T07:05:24.313+0000] {processor.py:161} INFO - Started process (PID=653) to work on /opt/airflow/dags/crypto_pipeline_dag.py
[2026-07-15T07:05:24.314+0000] {processor.py:830} INFO - Processing file /opt/airflow/dags/crypto_pipeline_dag.py for tasks to queue
[2026-07-15T07:05:24.316+0000] {logging_mixin.py:188} INFO - [2026-07-15T07:05:24.315+0000] {dagbag.py:545} INFO - Filling up the DagBag from /opt/airflow/dags/crypto_pipeline_dag.py
[2026-07-15T07:05:24.325+0000] {processor.py:840} INFO - DAG(s) 'crypto_daily_pipeline' retrieved from /opt/airflow/dags/crypto_pipeline_dag.py
[2026-07-15T07:05:24.343+0000] {logging_mixin.py:188} INFO - [2026-07-15T07:05:24.343+0000] {dag.py:3089} INFO - Sync 1 DAGs
[2026-07-15T07:05:24.352+0000] {logging_mixin.py:188} INFO - [2026-07-15T07:05:24.352+0000] {dag.py:3947} INFO - Setting next_dagrun for crypto_daily_pipeline to 2026-07-15 00:00:00+00:00, run_after=2026-07-16 00:00:00+00:00
[2026-07-15T07:05:24.358+0000] {processor.py:183} INFO - Processing /opt/airflow/dags/crypto_pipeline_dag.py took 0.048 seconds
[2026-07-15T07:05:54.516+0000] {processor.py:161} INFO - Started process (PID=658) to work on /opt/airflow/dags/crypto_pipeline_dag.py
[2026-07-15T07:05:54.517+0000] {processor.py:830} INFO - Processing file /opt/airflow/dags/crypto_pipeline_dag.py for tasks to queue
[2026-07-15T07:05:54.518+0000] {logging_mixin.py:188} INFO - [2026-07-15T07:05:54.518+0000] {dagbag.py:545} INFO - Filling up the DagBag from /opt/airflow/dags/crypto_pipeline_dag.py
[2026-07-15T07:05:54.527+0000] {processor.py:840} INFO - DAG(s) 'crypto_daily_pipeline' retrieved from /opt/airflow/dags/crypto_pipeline_dag.py
[2026-07-15T07:05:54.544+0000] {logging_mixin.py:188} INFO - [2026-07-15T07:05:54.543+0000] {dag.py:3089} INFO - Sync 1 DAGs
[2026-07-15T07:05:54.552+0000] {logging_mixin.py:188} INFO - [2026-07-15T07:05:54.552+0000] {dag.py:3947} INFO - Setting next_dagrun for crypto_daily_pipeline to 2026-07-15 00:00:00+00:00, run_after=2026-07-16 00:00:00+00:00
[2026-07-15T07:05:54.558+0000] {processor.py:183} INFO - Processing /opt/airflow/dags/crypto_pipeline_dag.py took 0.047 seconds
[2026-07-15T07:06:24.700+0000] {processor.py:161} INFO - Started process (PID=663) to work on /opt/airflow/dags/crypto_pipeline_dag.py
[2026-07-15T07:06:24.702+0000] {processor.py:830} INFO - Processing file /opt/airflow/dags/crypto_pipeline_dag.py for tasks to queue
[2026-07-15T07:06:24.704+0000] {logging_mixin.py:188} INFO - [2026-07-15T07:06:24.703+0000] {dagbag.py:545} INFO - Filling up the DagBag from /opt/airflow/dags/crypto_pipeline_dag.py
[2026-07-15T07:06:24.715+0000] {processor.py:840} INFO - DAG(s) 'crypto_daily_pipeline' retrieved from /opt/airflow/dags/crypto_pipeline_dag.py
[2026-07-15T07:06:24.733+0000] {logging_mixin.py:188} INFO - [2026-07-15T07:06:24.733+0000] {dag.py:3089} INFO - Sync 1 DAGs
[2026-07-15T07:06:24.742+0000] {logging_mixin.py:188} INFO - [2026-07-15T07:06:24.742+0000] {dag.py:3947} INFO - Setting next_dagrun for crypto_daily_pipeline to 2026-07-15 00:00:00+00:00, run_after=2026-07-16 00:00:00+00:00
[2026-07-15T07:06:24.748+0000] {processor.py:183} INFO - Processing /opt/airflow/dags/crypto_pipeline_dag.py took 0.055 seconds
[2026-07-15T07:06:54.882+0000] {processor.py:161} INFO - Started process (PID=668) to work on /opt/airflow/dags/crypto_pipeline_dag.py
[2026-07-15T07:06:54.883+0000] {processor.py:830} INFO - Processing file /opt/airflow/dags/crypto_pipeline_dag.py for tasks to queue
[2026-07-15T07:06:54.884+0000] {logging_mixin.py:188} INFO - [2026-07-15T07:06:54.884+0000] {dagbag.py:545} INFO - Filling up the DagBag from /opt/airflow/dags/crypto_pipeline_dag.py
[2026-07-15T07:06:54.893+0000] {processor.py:840} INFO - DAG(s) 'crypto_daily_pipeline' retrieved from /opt/airflow/dags/crypto_pipeline_dag.py
[2026-07-15T07:06:54.912+0000] {logging_mixin.py:188} INFO - [2026-07-15T07:06:54.912+0000] {dag.py:3089} INFO - Sync 1 DAGs
[2026-07-15T07:06:54.921+0000] {logging_mixin.py:188} INFO - [2026-07-15T07:06:54.921+0000] {dag.py:3947} INFO - Setting next_dagrun for crypto_daily_pipeline to 2026-07-15 00:00:00+00:00, run_after=2026-07-16 00:00:00+00:00
[2026-07-15T07:06:54.928+0000] {processor.py:183} INFO - Processing /opt/airflow/dags/crypto_pipeline_dag.py took 0.051 seconds
[2026-07-15T07:07:25.065+0000] {processor.py:161} INFO - Started process (PID=673) to work on /opt/airflow/dags/crypto_pipeline_dag.py
[2026-07-15T07:07:25.066+0000] {processor.py:830} INFO - Processing file /opt/airflow/dags/crypto_pipeline_dag.py for tasks to queue
[2026-07-15T07:07:25.067+0000] {logging_mixin.py:188} INFO - [2026-07-15T07:07:25.067+0000] {dagbag.py:545} INFO - Filling up the DagBag from /opt/airflow/dags/crypto_pipeline_dag.py
[2026-07-15T07:07:25.076+0000] {processor.py:840} INFO - DAG(s) 'crypto_daily_pipeline' retrieved from /opt/airflow/dags/crypto_pipeline_dag.py
[2026-07-15T07:07:25.092+0000] {logging_mixin.py:188} INFO - [2026-07-15T07:07:25.092+0000] {dag.py:3089} INFO - Sync 1 DAGs
[2026-07-15T07:07:25.102+0000] {logging_mixin.py:188} INFO - [2026-07-15T07:07:25.102+0000] {dag.py:3947} INFO - Setting next_dagrun for crypto_daily_pipeline to 2026-07-15 00:00:00+00:00, run_after=2026-07-16 00:00:00+00:00
[2026-07-15T07:07:25.108+0000] {processor.py:183} INFO - Processing /opt/airflow/dags/crypto_pipeline_dag.py took 0.048 seconds
[2026-07-15T07:07:55.277+0000] {processor.py:161} INFO - Started process (PID=678) to work on /opt/airflow/dags/crypto_pipeline_dag.py
[2026-07-15T07:07:55.277+0000] {processor.py:830} INFO - Processing file /opt/airflow/dags/crypto_pipeline_dag.py for tasks to queue
[2026-07-15T07:07:55.279+0000] {logging_mixin.py:188} INFO - [2026-07-15T07:07:55.279+0000] {dagbag.py:545} INFO - Filling up the DagBag from /opt/airflow/dags/crypto_pipeline_dag.py
[2026-07-15T07:07:55.288+0000] {processor.py:840} INFO - DAG(s) 'crypto_daily_pipeline' retrieved from /opt/airflow/dags/crypto_pipeline_dag.py
[2026-07-15T07:07:55.305+0000] {logging_mixin.py:188} INFO - [2026-07-15T07:07:55.305+0000] {dag.py:3089} INFO - Sync 1 DAGs
[2026-07-15T07:07:55.314+0000] {logging_mixin.py:188} INFO - [2026-07-15T07:07:55.314+0000] {dag.py:3947} INFO - Setting next_dagrun for crypto_daily_pipeline to 2026-07-15 00:00:00+00:00, run_after=2026-07-16 00:00:00+00:00
[2026-07-15T07:07:55.320+0000] {processor.py:183} INFO - Processing /opt/airflow/dags/crypto_pipeline_dag.py took 0.048 seconds
[2026-07-15T07:08:25.453+0000] {processor.py:161} INFO - Started process (PID=683) to work on /opt/airflow/dags/crypto_pipeline_dag.py
[2026-07-15T07:08:25.455+0000] {processor.py:830} INFO - Processing file /opt/airflow/dags/crypto_pipeline_dag.py for tasks to queue
[2026-07-15T07:08:25.458+0000] {logging_mixin.py:188} INFO - [2026-07-15T07:08:25.457+0000] {dagbag.py:545} INFO - Filling up the DagBag from /opt/airflow/dags/crypto_pipeline_dag.py
[2026-07-15T07:08:25.467+0000] {processor.py:840} INFO - DAG(s) 'crypto_daily_pipeline' retrieved from /opt/airflow/dags/crypto_pipeline_dag.py
[2026-07-15T07:08:25.485+0000] {logging_mixin.py:188} INFO - [2026-07-15T07:08:25.485+0000] {dag.py:3089} INFO - Sync 1 DAGs
[2026-07-15T07:08:25.493+0000] {logging_mixin.py:188} INFO - [2026-07-15T07:08:25.493+0000] {dag.py:3947} INFO - Setting next_dagrun for crypto_daily_pipeline to 2026-07-15 00:00:00+00:00, run_after=2026-07-16 00:00:00+00:00
[2026-07-15T07:08:25.499+0000] {processor.py:183} INFO - Processing /opt/airflow/dags/crypto_pipeline_dag.py took 0.050 seconds
[2026-07-15T07:08:55.643+0000] {processor.py:161} INFO - Started process (PID=688) to work on /opt/airflow/dags/crypto_pipeline_dag.py
[2026-07-15T07:08:55.644+0000] {processor.py:830} INFO - Processing file /opt/airflow/dags/crypto_pipeline_dag.py for tasks to queue
[2026-07-15T07:08:55.645+0000] {logging_mixin.py:188} INFO - [2026-07-15T07:08:55.645+0000] {dagbag.py:545} INFO - Filling up the DagBag from /opt/airflow/dags/crypto_pipeline_dag.py
[2026-07-15T07:08:55.653+0000] {processor.py:840} INFO - DAG(s) 'crypto_daily_pipeline' retrieved from /opt/airflow/dags/crypto_pipeline_dag.py
[2026-07-15T07:08:55.668+0000] {logging_mixin.py:188} INFO - [2026-07-15T07:08:55.668+0000] {dag.py:3089} INFO - Sync 1 DAGs
[2026-07-15T07:08:55.676+0000] {logging_mixin.py:188} INFO - [2026-07-15T07:08:55.676+0000] {dag.py:3947} INFO - Setting next_dagrun for crypto_daily_pipeline to 2026-07-15 00:00:00+00:00, run_after=2026-07-16 00:00:00+00:00
[2026-07-15T07:08:55.681+0000] {processor.py:183} INFO - Processing /opt/airflow/dags/crypto_pipeline_dag.py took 0.043 seconds
[2026-07-15T07:09:25.847+0000] {processor.py:161} INFO - Started process (PID=693) to work on /opt/airflow/dags/crypto_pipeline_dag.py
[2026-07-15T07:09:25.847+0000] {processor.py:830} INFO - Processing file /opt/airflow/dags/crypto_pipeline_dag.py for tasks to queue
[2026-07-15T07:09:25.849+0000] {logging_mixin.py:188} INFO - [2026-07-15T07:09:25.849+0000] {dagbag.py:545} INFO - Filling up the DagBag from /opt/airflow/dags/crypto_pipeline_dag.py
[2026-07-15T07:09:25.859+0000] {processor.py:840} INFO - DAG(s) 'crypto_daily_pipeline' retrieved from /opt/airflow/dags/crypto_pipeline_dag.py
[2026-07-15T07:09:25.877+0000] {logging_mixin.py:188} INFO - [2026-07-15T07:09:25.877+0000] {dag.py:3089} INFO - Sync 1 DAGs
[2026-07-15T07:09:25.886+0000] {logging_mixin.py:188} INFO - [2026-07-15T07:09:25.886+0000] {dag.py:3947} INFO - Setting next_dagrun for crypto_daily_pipeline to 2026-07-15 00:00:00+00:00, run_after=2026-07-16 00:00:00+00:00
[2026-07-15T07:09:25.892+0000] {processor.py:183} INFO - Processing /opt/airflow/dags/crypto_pipeline_dag.py took 0.049 seconds
[2026-07-15T07:09:56.042+0000] {processor.py:161} INFO - Started process (PID=698) to work on /opt/airflow/dags/crypto_pipeline_dag.py
[2026-07-15T07:09:56.043+0000] {processor.py:830} INFO - Processing file /opt/airflow/dags/crypto_pipeline_dag.py for tasks to queue
[2026-07-15T07:09:56.044+0000] {logging_mixin.py:188} INFO - [2026-07-15T07:09:56.044+0000] {dagbag.py:545} INFO - Filling up the DagBag from /opt/airflow/dags/crypto_pipeline_dag.py
[2026-07-15T07:09:56.053+0000] {processor.py:840} INFO - DAG(s) 'crypto_daily_pipeline' retrieved from /opt/airflow/dags/crypto_pipeline_dag.py
[2026-07-15T07:09:56.071+0000] {logging_mixin.py:188} INFO - [2026-07-15T07:09:56.071+0000] {dag.py:3089} INFO - Sync 1 DAGs
[2026-07-15T07:09:56.080+0000] {logging_mixin.py:188} INFO - [2026-07-15T07:09:56.080+0000] {dag.py:3947} INFO - Setting next_dagrun for crypto_daily_pipeline to 2026-07-15 00:00:00+00:00, run_after=2026-07-16 00:00:00+00:00
[2026-07-15T07:09:56.087+0000] {processor.py:183} INFO - Processing /opt/airflow/dags/crypto_pipeline_dag.py took 0.049 seconds
[2026-07-15T07:10:26.221+0000] {processor.py:161} INFO - Started process (PID=703) to work on /opt/airflow/dags/crypto_pipeline_dag.py
[2026-07-15T07:10:26.222+0000] {processor.py:830} INFO - Processing file /opt/airflow/dags/crypto_pipeline_dag.py for tasks to queue
[2026-07-15T07:10:26.223+0000] {logging_mixin.py:188} INFO - [2026-07-15T07:10:26.223+0000] {dagbag.py:545} INFO - Filling up the DagBag from /opt/airflow/dags/crypto_pipeline_dag.py
[2026-07-15T07:10:26.232+0000] {processor.py:840} INFO - DAG(s) 'crypto_daily_pipeline' retrieved from /opt/airflow/dags/crypto_pipeline_dag.py
[2026-07-15T07:10:26.248+0000] {logging_mixin.py:188} INFO - [2026-07-15T07:10:26.248+0000] {dag.py:3089} INFO - Sync 1 DAGs
[2026-07-15T07:10:26.257+0000] {logging_mixin.py:188} INFO - [2026-07-15T07:10:26.257+0000] {dag.py:3947} INFO - Setting next_dagrun for crypto_daily_pipeline to 2026-07-15 00:00:00+00:00, run_after=2026-07-16 00:00:00+00:00
[2026-07-15T07:10:26.263+0000] {processor.py:183} INFO - Processing /opt/airflow/dags/crypto_pipeline_dag.py took 0.047 seconds
[2026-07-15T07:10:56.399+0000] {processor.py:161} INFO - Started process (PID=708) to work on /opt/airflow/dags/crypto_pipeline_dag.py
[2026-07-15T07:10:56.400+0000] {processor.py:830} INFO - Processing file /opt/airflow/dags/crypto_pipeline_dag.py for tasks to queue
[2026-07-15T07:10:56.402+0000] {logging_mixin.py:188} INFO - [2026-07-15T07:10:56.402+0000] {dagbag.py:545} INFO - Filling up the DagBag from /opt/airflow/dags/crypto_pipeline_dag.py
[2026-07-15T07:10:56.410+0000] {processor.py:840} INFO - DAG(s) 'crypto_daily_pipeline' retrieved from /opt/airflow/dags/crypto_pipeline_dag.py
[2026-07-15T07:10:56.427+0000] {logging_mixin.py:188} INFO - [2026-07-15T07:10:56.427+0000] {dag.py:3089} INFO - Sync 1 DAGs
[2026-07-15T07:10:56.437+0000] {logging_mixin.py:188} INFO - [2026-07-15T07:10:56.437+0000] {dag.py:3947} INFO - Setting next_dagrun for crypto_daily_pipeline to 2026-07-15 00:00:00+00:00, run_after=2026-07-16 00:00:00+00:00
[2026-07-15T07:10:56.443+0000] {processor.py:183} INFO - Processing /opt/airflow/dags/crypto_pipeline_dag.py took 0.049 seconds
[2026-07-15T07:11:26.579+0000] {processor.py:161} INFO - Started process (PID=713) to work on /opt/airflow/dags/crypto_pipeline_dag.py
[2026-07-15T07:11:26.580+0000] {processor.py:830} INFO - Processing file /opt/airflow/dags/crypto_pipeline_dag.py for tasks to queue
[2026-07-15T07:11:26.582+0000] {logging_mixin.py:188} INFO - [2026-07-15T07:11:26.582+0000] {dagbag.py:545} INFO - Filling up the DagBag from /opt/airflow/dags/crypto_pipeline_dag.py
[2026-07-15T07:11:26.594+0000] {processor.py:840} INFO - DAG(s) 'crypto_daily_pipeline' retrieved from /opt/airflow/dags/crypto_pipeline_dag.py
[2026-07-15T07:11:26.613+0000] {logging_mixin.py:188} INFO - [2026-07-15T07:11:26.613+0000] {dag.py:3089} INFO - Sync 1 DAGs
[2026-07-15T07:11:26.622+0000] {logging_mixin.py:188} INFO - [2026-07-15T07:11:26.622+0000] {dag.py:3947} INFO - Setting next_dagrun for crypto_daily_pipeline to 2026-07-15 00:00:00+00:00, run_after=2026-07-16 00:00:00+00:00
[2026-07-15T07:11:26.628+0000] {processor.py:183} INFO - Processing /opt/airflow/dags/crypto_pipeline_dag.py took 0.054 seconds
[2026-07-15T07:11:56.794+0000] {processor.py:161} INFO - Started process (PID=718) to work on /opt/airflow/dags/crypto_pipeline_dag.py
[2026-07-15T07:11:56.795+0000] {processor.py:830} INFO - Processing file /opt/airflow/dags/crypto_pipeline_dag.py for tasks to queue
[2026-07-15T07:11:56.797+0000] {logging_mixin.py:188} INFO - [2026-07-15T07:11:56.797+0000] {dagbag.py:545} INFO - Filling up the DagBag from /opt/airflow/dags/crypto_pipeline_dag.py
[2026-07-15T07:11:56.807+0000] {processor.py:840} INFO - DAG(s) 'crypto_daily_pipeline' retrieved from /opt/airflow/dags/crypto_pipeline_dag.py
[2026-07-15T07:11:56.823+0000] {logging_mixin.py:188} INFO - [2026-07-15T07:11:56.823+0000] {dag.py:3089} INFO - Sync 1 DAGs
[2026-07-15T07:11:56.832+0000] {logging_mixin.py:188} INFO - [2026-07-15T07:11:56.832+0000] {dag.py:3947} INFO - Setting next_dagrun for crypto_daily_pipeline to 2026-07-15 00:00:00+00:00, run_after=2026-07-16 00:00:00+00:00
[2026-07-15T07:11:56.838+0000] {processor.py:183} INFO - Processing /opt/airflow/dags/crypto_pipeline_dag.py took 0.049 seconds
[2026-07-15T07:12:26.970+0000] {processor.py:161} INFO - Started process (PID=723) to work on /opt/airflow/dags/crypto_pipeline_dag.py
[2026-07-15T07:12:26.971+0000] {processor.py:830} INFO - Processing file /opt/airflow/dags/crypto_pipeline_dag.py for tasks to queue
[2026-07-15T07:12:26.972+0000] {logging_mixin.py:188} INFO - [2026-07-15T07:12:26.972+0000] {dagbag.py:545} INFO - Filling up the DagBag from /opt/airflow/dags/crypto_pipeline_dag.py
[2026-07-15T07:12:26.982+0000] {processor.py:840} INFO - DAG(s) 'crypto_daily_pipeline' retrieved from /opt/airflow/dags/crypto_pipeline_dag.py
[2026-07-15T07:12:27.000+0000] {logging_mixin.py:188} INFO - [2026-07-15T07:12:27.000+0000] {dag.py:3089} INFO - Sync 1 DAGs
[2026-07-15T07:12:27.008+0000] {logging_mixin.py:188} INFO - [2026-07-15T07:12:27.008+0000] {dag.py:3947} INFO - Setting next_dagrun for crypto_daily_pipeline to 2026-07-15 00:00:00+00:00, run_after=2026-07-16 00:00:00+00:00
[2026-07-15T07:12:27.014+0000] {processor.py:183} INFO - Processing /opt/airflow/dags/crypto_pipeline_dag.py took 0.049 seconds
[2026-07-15T07:12:57.171+0000] {processor.py:161} INFO - Started process (PID=728) to work on /opt/airflow/dags/crypto_pipeline_dag.py
[2026-07-15T07:12:57.172+0000] {processor.py:830} INFO - Processing file /opt/airflow/dags/crypto_pipeline_dag.py for tasks to queue
[2026-07-15T07:12:57.174+0000] {logging_mixin.py:188} INFO - [2026-07-15T07:12:57.174+0000] {dagbag.py:545} INFO - Filling up the DagBag from /opt/airflow/dags/crypto_pipeline_dag.py
[2026-07-15T07:12:57.182+0000] {processor.py:840} INFO - DAG(s) 'crypto_daily_pipeline' retrieved from /opt/airflow/dags/crypto_pipeline_dag.py
[2026-07-15T07:12:57.200+0000] {logging_mixin.py:188} INFO - [2026-07-15T07:12:57.200+0000] {dag.py:3089} INFO - Sync 1 DAGs
[2026-07-15T07:12:57.210+0000] {logging_mixin.py:188} INFO - [2026-07-15T07:12:57.210+0000] {dag.py:3947} INFO - Setting next_dagrun for crypto_daily_pipeline to 2026-07-15 00:00:00+00:00, run_after=2026-07-16 00:00:00+00:00
[2026-07-15T07:12:57.217+0000] {processor.py:183} INFO - Processing /opt/airflow/dags/crypto_pipeline_dag.py took 0.050 seconds
[2026-07-15T07:13:27.357+0000] {processor.py:161} INFO - Started process (PID=733) to work on /opt/airflow/dags/crypto_pipeline_dag.py
[2026-07-15T07:13:27.358+0000] {processor.py:830} INFO - Processing file /opt/airflow/dags/crypto_pipeline_dag.py for tasks to queue
[2026-07-15T07:13:27.360+0000] {logging_mixin.py:188} INFO - [2026-07-15T07:13:27.360+0000] {dagbag.py:545} INFO - Filling up the DagBag from /opt/airflow/dags/crypto_pipeline_dag.py
[2026-07-15T07:13:27.370+0000] {processor.py:840} INFO - DAG(s) 'crypto_daily_pipeline' retrieved from /opt/airflow/dags/crypto_pipeline_dag.py
[2026-07-15T07:13:27.391+0000] {logging_mixin.py:188} INFO - [2026-07-15T07:13:27.391+0000] {dag.py:3089} INFO - Sync 1 DAGs
[2026-07-15T07:13:27.401+0000] {logging_mixin.py:188} INFO - [2026-07-15T07:13:27.401+0000] {dag.py:3947} INFO - Setting next_dagrun for crypto_daily_pipeline to 2026-07-15 00:00:00+00:00, run_after=2026-07-16 00:00:00+00:00
[2026-07-15T07:13:27.407+0000] {processor.py:183} INFO - Processing /opt/airflow/dags/crypto_pipeline_dag.py took 0.053 seconds
[2026-07-15T07:13:57.552+0000] {processor.py:161} INFO - Started process (PID=738) to work on /opt/airflow/dags/crypto_pipeline_dag.py
[2026-07-15T07:13:57.553+0000] {processor.py:830} INFO - Processing file /opt/airflow/dags/crypto_pipeline_dag.py for tasks to queue
[2026-07-15T07:13:57.553+0000] {logging_mixin.py:188} INFO - [2026-07-15T07:13:57.553+0000] {dagbag.py:545} INFO - Filling up the DagBag from /opt/airflow/dags/crypto_pipeline_dag.py
[2026-07-15T07:13:57.557+0000] {processor.py:840} INFO - DAG(s) 'crypto_daily_pipeline' retrieved from /opt/airflow/dags/crypto_pipeline_dag.py
[2026-07-15T07:13:57.567+0000] {logging_mixin.py:188} INFO - [2026-07-15T07:13:57.567+0000] {dag.py:3089} INFO - Sync 1 DAGs
[2026-07-15T07:13:57.574+0000] {logging_mixin.py:188} INFO - [2026-07-15T07:13:57.574+0000] {dag.py:3947} INFO - Setting next_dagrun for crypto_daily_pipeline to 2026-07-15 00:00:00+00:00, run_after=2026-07-16 00:00:00+00:00
[2026-07-15T07:13:57.579+0000] {processor.py:183} INFO - Processing /opt/airflow/dags/crypto_pipeline_dag.py took 0.029 seconds
[2026-07-15T07:14:27.775+0000] {processor.py:161} INFO - Started process (PID=743) to work on /opt/airflow/dags/crypto_pipeline_dag.py
[2026-07-15T07:14:27.776+0000] {processor.py:830} INFO - Processing file /opt/airflow/dags/crypto_pipeline_dag.py for tasks to queue
[2026-07-15T07:14:27.778+0000] {logging_mixin.py:188} INFO - [2026-07-15T07:14:27.778+0000] {dagbag.py:545} INFO - Filling up the DagBag from /opt/airflow/dags/crypto_pipeline_dag.py
[2026-07-15T07:14:27.787+0000] {processor.py:840} INFO - DAG(s) 'crypto_daily_pipeline' retrieved from /opt/airflow/dags/crypto_pipeline_dag.py
[2026-07-15T07:14:27.804+0000] {logging_mixin.py:188} INFO - [2026-07-15T07:14:27.803+0000] {dag.py:3089} INFO - Sync 1 DAGs
[2026-07-15T07:14:27.813+0000] {logging_mixin.py:188} INFO - [2026-07-15T07:14:27.813+0000] {dag.py:3947} INFO - Setting next_dagrun for crypto_daily_pipeline to 2026-07-15 00:00:00+00:00, run_after=2026-07-16 00:00:00+00:00
[2026-07-15T07:14:27.819+0000] {processor.py:183} INFO - Processing /opt/airflow/dags/crypto_pipeline_dag.py took 0.049 seconds
[2026-07-15T07:14:57.984+0000] {processor.py:161} INFO - Started process (PID=748) to work on /opt/airflow/dags/crypto_pipeline_dag.py
[2026-07-15T07:14:57.985+0000] {processor.py:830} INFO - Processing file /opt/airflow/dags/crypto_pipeline_dag.py for tasks to queue
[2026-07-15T07:14:57.987+0000] {logging_mixin.py:188} INFO - [2026-07-15T07:14:57.986+0000] {dagbag.py:545} INFO - Filling up the DagBag from /opt/airflow/dags/crypto_pipeline_dag.py
[2026-07-15T07:14:57.995+0000] {processor.py:840} INFO - DAG(s) 'crypto_daily_pipeline' retrieved from /opt/airflow/dags/crypto_pipeline_dag.py
[2026-07-15T07:14:58.012+0000] {logging_mixin.py:188} INFO - [2026-07-15T07:14:58.012+0000] {dag.py:3089} INFO - Sync 1 DAGs
[2026-07-15T07:14:58.022+0000] {logging_mixin.py:188} INFO - [2026-07-15T07:14:58.022+0000] {dag.py:3947} INFO - Setting next_dagrun for crypto_daily_pipeline to 2026-07-15 00:00:00+00:00, run_after=2026-07-16 00:00:00+00:00
[2026-07-15T07:14:58.028+0000] {processor.py:183} INFO - Processing /opt/airflow/dags/crypto_pipeline_dag.py took 0.049 seconds
[2026-07-15T07:15:28.174+0000] {processor.py:161} INFO - Started process (PID=753) to work on /opt/airflow/dags/crypto_pipeline_dag.py
[2026-07-15T07:15:28.176+0000] {processor.py:830} INFO - Processing file /opt/airflow/dags/crypto_pipeline_dag.py for tasks to queue
[2026-07-15T07:15:28.178+0000] {logging_mixin.py:188} INFO - [2026-07-15T07:15:28.178+0000] {dagbag.py:545} INFO - Filling up the DagBag from /opt/airflow/dags/crypto_pipeline_dag.py
[2026-07-15T07:15:28.190+0000] {processor.py:840} INFO - DAG(s) 'crypto_daily_pipeline' retrieved from /opt/airflow/dags/crypto_pipeline_dag.py
[2026-07-15T07:15:28.210+0000] {logging_mixin.py:188} INFO - [2026-07-15T07:15:28.210+0000] {dag.py:3089} INFO - Sync 1 DAGs
[2026-07-15T07:15:28.220+0000] {logging_mixin.py:188} INFO - [2026-07-15T07:15:28.220+0000] {dag.py:3947} INFO - Setting next_dagrun for crypto_daily_pipeline to 2026-07-15 00:00:00+00:00, run_after=2026-07-16 00:00:00+00:00
[2026-07-15T07:15:28.226+0000] {processor.py:183} INFO - Processing /opt/airflow/dags/crypto_pipeline_dag.py took 0.059 seconds
[2026-07-15T07:15:58.354+0000] {processor.py:161} INFO - Started process (PID=758) to work on /opt/airflow/dags/crypto_pipeline_dag.py
[2026-07-15T07:15:58.355+0000] {processor.py:830} INFO - Processing file /opt/airflow/dags/crypto_pipeline_dag.py for tasks to queue
[2026-07-15T07:15:58.358+0000] {logging_mixin.py:188} INFO - [2026-07-15T07:15:58.357+0000] {dagbag.py:545} INFO - Filling up the DagBag from /opt/airflow/dags/crypto_pipeline_dag.py
[2026-07-15T07:15:58.368+0000] {processor.py:840} INFO - DAG(s) 'crypto_daily_pipeline' retrieved from /opt/airflow/dags/crypto_pipeline_dag.py
[2026-07-15T07:15:58.388+0000] {logging_mixin.py:188} INFO - [2026-07-15T07:15:58.388+0000] {dag.py:3089} INFO - Sync 1 DAGs
[2026-07-15T07:15:58.397+0000] {logging_mixin.py:188} INFO - [2026-07-15T07:15:58.397+0000] {dag.py:3947} INFO - Setting next_dagrun for crypto_daily_pipeline to 2026-07-15 00:00:00+00:00, run_after=2026-07-16 00:00:00+00:00
[2026-07-15T07:15:58.403+0000] {processor.py:183} INFO - Processing /opt/airflow/dags/crypto_pipeline_dag.py took 0.054 seconds
[2026-07-15T07:16:28.561+0000] {processor.py:161} INFO - Started process (PID=763) to work on /opt/airflow/dags/crypto_pipeline_dag.py
[2026-07-15T07:16:28.562+0000] {processor.py:830} INFO - Processing file /opt/airflow/dags/crypto_pipeline_dag.py for tasks to queue
[2026-07-15T07:16:28.563+0000] {logging_mixin.py:188} INFO - [2026-07-15T07:16:28.563+0000] {dagbag.py:545} INFO - Filling up the DagBag from /opt/airflow/dags/crypto_pipeline_dag.py
[2026-07-15T07:16:28.572+0000] {processor.py:840} INFO - DAG(s) 'crypto_daily_pipeline' retrieved from /opt/airflow/dags/crypto_pipeline_dag.py
[2026-07-15T07:16:28.590+0000] {logging_mixin.py:188} INFO - [2026-07-15T07:16:28.590+0000] {dag.py:3089} INFO - Sync 1 DAGs
[2026-07-15T07:16:28.599+0000] {logging_mixin.py:188} INFO - [2026-07-15T07:16:28.599+0000] {dag.py:3947} INFO - Setting next_dagrun for crypto_daily_pipeline to 2026-07-15 00:00:00+00:00, run_after=2026-07-16 00:00:00+00:00
[2026-07-15T07:16:28.605+0000] {processor.py:183} INFO - Processing /opt/airflow/dags/crypto_pipeline_dag.py took 0.049 seconds
[2026-07-15T07:16:58.751+0000] {processor.py:161} INFO - Started process (PID=768) to work on /opt/airflow/dags/crypto_pipeline_dag.py
[2026-07-15T07:16:58.752+0000] {processor.py:830} INFO - Processing file /opt/airflow/dags/crypto_pipeline_dag.py for tasks to queue
[2026-07-15T07:16:58.754+0000] {logging_mixin.py:188} INFO - [2026-07-15T07:16:58.754+0000] {dagbag.py:545} INFO - Filling up the DagBag from /opt/airflow/dags/crypto_pipeline_dag.py
[2026-07-15T07:16:58.763+0000] {processor.py:840} INFO - DAG(s) 'crypto_daily_pipeline' retrieved from /opt/airflow/dags/crypto_pipeline_dag.py
[2026-07-15T07:16:58.779+0000] {logging_mixin.py:188} INFO - [2026-07-15T07:16:58.779+0000] {dag.py:3089} INFO - Sync 1 DAGs
[2026-07-15T07:16:58.787+0000] {logging_mixin.py:188} INFO - [2026-07-15T07:16:58.787+0000] {dag.py:3947} INFO - Setting next_dagrun for crypto_daily_pipeline to 2026-07-15 00:00:00+00:00, run_after=2026-07-16 00:00:00+00:00
[2026-07-15T07:16:58.793+0000] {processor.py:183} INFO - Processing /opt/airflow/dags/crypto_pipeline_dag.py took 0.046 seconds
[2026-07-15T07:17:28.936+0000] {processor.py:161} INFO - Started process (PID=773) to work on /opt/airflow/dags/crypto_pipeline_dag.py
[2026-07-15T07:17:28.937+0000] {processor.py:830} INFO - Processing file /opt/airflow/dags/crypto_pipeline_dag.py for tasks to queue
[2026-07-15T07:17:28.939+0000] {logging_mixin.py:188} INFO - [2026-07-15T07:17:28.939+0000] {dagbag.py:545} INFO - Filling up the DagBag from /opt/airflow/dags/crypto_pipeline_dag.py
[2026-07-15T07:17:28.948+0000] {processor.py:840} INFO - DAG(s) 'crypto_daily_pipeline' retrieved from /opt/airflow/dags/crypto_pipeline_dag.py
[2026-07-15T07:17:28.966+0000] {logging_mixin.py:188} INFO - [2026-07-15T07:17:28.966+0000] {dag.py:3089} INFO - Sync 1 DAGs
[2026-07-15T07:17:28.975+0000] {logging_mixin.py:188} INFO - [2026-07-15T07:17:28.975+0000] {dag.py:3947} INFO - Setting next_dagrun for crypto_daily_pipeline to 2026-07-15 00:00:00+00:00, run_after=2026-07-16 00:00:00+00:00
[2026-07-15T07:17:28.981+0000] {processor.py:183} INFO - Processing /opt/airflow/dags/crypto_pipeline_dag.py took 0.048 seconds
[2026-07-15T07:17:59.131+0000] {processor.py:161} INFO - Started process (PID=778) to work on /opt/airflow/dags/crypto_pipeline_dag.py
[2026-07-15T07:17:59.131+0000] {processor.py:830} INFO - Processing file /opt/airflow/dags/crypto_pipeline_dag.py for tasks to queue
[2026-07-15T07:17:59.133+0000] {logging_mixin.py:188} INFO - [2026-07-15T07:17:59.132+0000] {dagbag.py:545} INFO - Filling up the DagBag from /opt/airflow/dags/crypto_pipeline_dag.py
[2026-07-15T07:17:59.142+0000] {processor.py:840} INFO - DAG(s) 'crypto_daily_pipeline' retrieved from /opt/airflow/dags/crypto_pipeline_dag.py
[2026-07-15T07:17:59.160+0000] {logging_mixin.py:188} INFO - [2026-07-15T07:17:59.160+0000] {dag.py:3089} INFO - Sync 1 DAGs
[2026-07-15T07:17:59.170+0000] {logging_mixin.py:188} INFO - [2026-07-15T07:17:59.170+0000] {dag.py:3947} INFO - Setting next_dagrun for crypto_daily_pipeline to 2026-07-15 00:00:00+00:00, run_after=2026-07-16 00:00:00+00:00
[2026-07-15T07:17:59.176+0000] {processor.py:183} INFO - Processing /opt/airflow/dags/crypto_pipeline_dag.py took 0.049 seconds
[2026-07-15T07:18:29.318+0000] {processor.py:161} INFO - Started process (PID=783) to work on /opt/airflow/dags/crypto_pipeline_dag.py
[2026-07-15T07:18:29.319+0000] {processor.py:830} INFO - Processing file /opt/airflow/dags/crypto_pipeline_dag.py for tasks to queue
[2026-07-15T07:18:29.320+0000] {logging_mixin.py:188} INFO - [2026-07-15T07:18:29.320+0000] {dagbag.py:545} INFO - Filling up the DagBag from /opt/airflow/dags/crypto_pipeline_dag.py
[2026-07-15T07:18:29.329+0000] {processor.py:840} INFO - DAG(s) 'crypto_daily_pipeline' retrieved from /opt/airflow/dags/crypto_pipeline_dag.py
[2026-07-15T07:18:29.347+0000] {logging_mixin.py:188} INFO - [2026-07-15T07:18:29.347+0000] {dag.py:3089} INFO - Sync 1 DAGs
[2026-07-15T07:18:29.355+0000] {logging_mixin.py:188} INFO - [2026-07-15T07:18:29.355+0000] {dag.py:3947} INFO - Setting next_dagrun for crypto_daily_pipeline to 2026-07-15 00:00:00+00:00, run_after=2026-07-16 00:00:00+00:00
[2026-07-15T07:18:29.361+0000] {processor.py:183} INFO - Processing /opt/airflow/dags/crypto_pipeline_dag.py took 0.047 seconds
[2026-07-15T07:18:59.494+0000] {processor.py:161} INFO - Started process (PID=788) to work on /opt/airflow/dags/crypto_pipeline_dag.py
[2026-07-15T07:18:59.494+0000] {processor.py:830} INFO - Processing file /opt/airflow/dags/crypto_pipeline_dag.py for tasks to queue
[2026-07-15T07:18:59.496+0000] {logging_mixin.py:188} INFO - [2026-07-15T07:18:59.496+0000] {dagbag.py:545} INFO - Filling up the DagBag from /opt/airflow/dags/crypto_pipeline_dag.py
[2026-07-15T07:18:59.506+0000] {processor.py:840} INFO - DAG(s) 'crypto_daily_pipeline' retrieved from /opt/airflow/dags/crypto_pipeline_dag.py
[2026-07-15T07:18:59.524+0000] {logging_mixin.py:188} INFO - [2026-07-15T07:18:59.524+0000] {dag.py:3089} INFO - Sync 1 DAGs
[2026-07-15T07:18:59.533+0000] {logging_mixin.py:188} INFO - [2026-07-15T07:18:59.533+0000] {dag.py:3947} INFO - Setting next_dagrun for crypto_daily_pipeline to 2026-07-15 00:00:00+00:00, run_after=2026-07-16 00:00:00+00:00
[2026-07-15T07:18:59.540+0000] {processor.py:183} INFO - Processing /opt/airflow/dags/crypto_pipeline_dag.py took 0.052 seconds
[2026-07-15T07:19:29.669+0000] {processor.py:161} INFO - Started process (PID=793) to work on /opt/airflow/dags/crypto_pipeline_dag.py
[2026-07-15T07:19:29.669+0000] {processor.py:830} INFO - Processing file /opt/airflow/dags/crypto_pipeline_dag.py for tasks to queue
[2026-07-15T07:19:29.670+0000] {logging_mixin.py:188} INFO - [2026-07-15T07:19:29.670+0000] {dagbag.py:545} INFO - Filling up the DagBag from /opt/airflow/dags/crypto_pipeline_dag.py
[2026-07-15T07:19:29.674+0000] {processor.py:840} INFO - DAG(s) 'crypto_daily_pipeline' retrieved from /opt/airflow/dags/crypto_pipeline_dag.py
[2026-07-15T07:19:29.684+0000] {logging_mixin.py:188} INFO - [2026-07-15T07:19:29.684+0000] {dag.py:3089} INFO - Sync 1 DAGs
[2026-07-15T07:19:29.691+0000] {logging_mixin.py:188} INFO - [2026-07-15T07:19:29.691+0000] {dag.py:3947} INFO - Setting next_dagrun for crypto_daily_pipeline to 2026-07-15 00:00:00+00:00, run_after=2026-07-16 00:00:00+00:00
[2026-07-15T07:19:29.696+0000] {processor.py:183} INFO - Processing /opt/airflow/dags/crypto_pipeline_dag.py took 0.030 seconds
[2026-07-15T07:19:59.883+0000] {processor.py:161} INFO - Started process (PID=798) to work on /opt/airflow/dags/crypto_pipeline_dag.py
[2026-07-15T07:19:59.884+0000] {processor.py:830} INFO - Processing file /opt/airflow/dags/crypto_pipeline_dag.py for tasks to queue
[2026-07-15T07:19:59.885+0000] {logging_mixin.py:188} INFO - [2026-07-15T07:19:59.885+0000] {dagbag.py:545} INFO - Filling up the DagBag from /opt/airflow/dags/crypto_pipeline_dag.py
[2026-07-15T07:19:59.894+0000] {processor.py:840} INFO - DAG(s) 'crypto_daily_pipeline' retrieved from /opt/airflow/dags/crypto_pipeline_dag.py
[2026-07-15T07:19:59.912+0000] {logging_mixin.py:188} INFO - [2026-07-15T07:19:59.912+0000] {dag.py:3089} INFO - Sync 1 DAGs
[2026-07-15T07:19:59.922+0000] {logging_mixin.py:188} INFO - [2026-07-15T07:19:59.922+0000] {dag.py:3947} INFO - Setting next_dagrun for crypto_daily_pipeline to 2026-07-15 00:00:00+00:00, run_after=2026-07-16 00:00:00+00:00
[2026-07-15T07:19:59.928+0000] {processor.py:183} INFO - Processing /opt/airflow/dags/crypto_pipeline_dag.py took 0.049 seconds
[2026-07-15T07:20:30.049+0000] {processor.py:161} INFO - Started process (PID=803) to work on /opt/airflow/dags/crypto_pipeline_dag.py
[2026-07-15T07:20:30.050+0000] {processor.py:830} INFO - Processing file /opt/airflow/dags/crypto_pipeline_dag.py for tasks to queue
[2026-07-15T07:20:30.051+0000] {logging_mixin.py:188} INFO - [2026-07-15T07:20:30.051+0000] {dagbag.py:545} INFO - Filling up the DagBag from /opt/airflow/dags/crypto_pipeline_dag.py
[2026-07-15T07:20:30.063+0000] {processor.py:840} INFO - DAG(s) 'crypto_daily_pipeline' retrieved from /opt/airflow/dags/crypto_pipeline_dag.py
[2026-07-15T07:20:30.081+0000] {logging_mixin.py:188} INFO - [2026-07-15T07:20:30.081+0000] {dag.py:3089} INFO - Sync 1 DAGs
[2026-07-15T07:20:30.089+0000] {logging_mixin.py:188} INFO - [2026-07-15T07:20:30.089+0000] {dag.py:3947} INFO - Setting next_dagrun for crypto_daily_pipeline to 2026-07-15 00:00:00+00:00, run_after=2026-07-16 00:00:00+00:00
[2026-07-15T07:20:30.095+0000] {processor.py:183} INFO - Processing /opt/airflow/dags/crypto_pipeline_dag.py took 0.050 seconds
[2026-07-15T07:21:00.247+0000] {processor.py:161} INFO - Started process (PID=808) to work on /opt/airflow/dags/crypto_pipeline_dag.py
[2026-07-15T07:21:00.248+0000] {processor.py:830} INFO - Processing file /opt/airflow/dags/crypto_pipeline_dag.py for tasks to queue
[2026-07-15T07:21:00.249+0000] {logging_mixin.py:188} INFO - [2026-07-15T07:21:00.249+0000] {dagbag.py:545} INFO - Filling up the DagBag from /opt/airflow/dags/crypto_pipeline_dag.py
[2026-07-15T07:21:00.258+0000] {processor.py:840} INFO - DAG(s) 'crypto_daily_pipeline' retrieved from /opt/airflow/dags/crypto_pipeline_dag.py
[2026-07-15T07:21:00.273+0000] {logging_mixin.py:188} INFO - [2026-07-15T07:21:00.273+0000] {dag.py:3089} INFO - Sync 1 DAGs
[2026-07-15T07:21:00.281+0000] {logging_mixin.py:188} INFO - [2026-07-15T07:21:00.281+0000] {dag.py:3947} INFO - Setting next_dagrun for crypto_daily_pipeline to 2026-07-15 00:00:00+00:00, run_after=2026-07-16 00:00:00+00:00
[2026-07-15T07:21:00.287+0000] {processor.py:183} INFO - Processing /opt/airflow/dags/crypto_pipeline_dag.py took 0.044 seconds
[2026-07-15T07:21:30.432+0000] {processor.py:161} INFO - Started process (PID=813) to work on /opt/airflow/dags/crypto_pipeline_dag.py
[2026-07-15T07:21:30.433+0000] {processor.py:830} INFO - Processing file /opt/airflow/dags/crypto_pipeline_dag.py for tasks to queue
[2026-07-15T07:21:30.434+0000] {logging_mixin.py:188} INFO - [2026-07-15T07:21:30.434+0000] {dagbag.py:545} INFO - Filling up the DagBag from /opt/airflow/dags/crypto_pipeline_dag.py
[2026-07-15T07:21:30.442+0000] {processor.py:840} INFO - DAG(s) 'crypto_daily_pipeline' retrieved from /opt/airflow/dags/crypto_pipeline_dag.py
[2026-07-15T07:21:30.456+0000] {logging_mixin.py:188} INFO - [2026-07-15T07:21:30.456+0000] {dag.py:3089} INFO - Sync 1 DAGs
[2026-07-15T07:21:30.464+0000] {logging_mixin.py:188} INFO - [2026-07-15T07:21:30.464+0000] {dag.py:3947} INFO - Setting next_dagrun for crypto_daily_pipeline to 2026-07-15 00:00:00+00:00, run_after=2026-07-16 00:00:00+00:00
[2026-07-15T07:21:30.469+0000] {processor.py:183} INFO - Processing /opt/airflow/dags/crypto_pipeline_dag.py took 0.042 seconds
[2026-07-15T07:22:00.635+0000] {processor.py:161} INFO - Started process (PID=818) to work on /opt/airflow/dags/crypto_pipeline_dag.py
[2026-07-15T07:22:00.635+0000] {processor.py:830} INFO - Processing file /opt/airflow/dags/crypto_pipeline_dag.py for tasks to queue
[2026-07-15T07:22:00.637+0000] {logging_mixin.py:188} INFO - [2026-07-15T07:22:00.637+0000] {dagbag.py:545} INFO - Filling up the DagBag from /opt/airflow/dags/crypto_pipeline_dag.py
[2026-07-15T07:22:00.647+0000] {processor.py:840} INFO - DAG(s) 'crypto_daily_pipeline' retrieved from /opt/airflow/dags/crypto_pipeline_dag.py
[2026-07-15T07:22:00.665+0000] {logging_mixin.py:188} INFO - [2026-07-15T07:22:00.665+0000] {dag.py:3089} INFO - Sync 1 DAGs
[2026-07-15T07:22:00.675+0000] {logging_mixin.py:188} INFO - [2026-07-15T07:22:00.675+0000] {dag.py:3947} INFO - Setting next_dagrun for crypto_daily_pipeline to 2026-07-15 00:00:00+00:00, run_after=2026-07-16 00:00:00+00:00
[2026-07-15T07:22:00.681+0000] {processor.py:183} INFO - Processing /opt/airflow/dags/crypto_pipeline_dag.py took 0.050 seconds
[2026-07-15T07:22:30.819+0000] {processor.py:161} INFO - Started process (PID=823) to work on /opt/airflow/dags/crypto_pipeline_dag.py
[2026-07-15T07:22:30.820+0000] {processor.py:830} INFO - Processing file /opt/airflow/dags/crypto_pipeline_dag.py for tasks to queue
[2026-07-15T07:22:30.821+0000] {logging_mixin.py:188} INFO - [2026-07-15T07:22:30.821+0000] {dagbag.py:545} INFO - Filling up the DagBag from /opt/airflow/dags/crypto_pipeline_dag.py
[2026-07-15T07:22:30.829+0000] {processor.py:840} INFO - DAG(s) 'crypto_daily_pipeline' retrieved from /opt/airflow/dags/crypto_pipeline_dag.py
[2026-07-15T07:22:30.846+0000] {logging_mixin.py:188} INFO - [2026-07-15T07:22:30.846+0000] {dag.py:3089} INFO - Sync 1 DAGs
[2026-07-15T07:22:30.856+0000] {logging_mixin.py:188} INFO - [2026-07-15T07:22:30.856+0000] {dag.py:3947} INFO - Setting next_dagrun for crypto_daily_pipeline to 2026-07-15 00:00:00+00:00, run_after=2026-07-16 00:00:00+00:00
[2026-07-15T07:22:30.861+0000] {processor.py:183} INFO - Processing /opt/airflow/dags/crypto_pipeline_dag.py took 0.047 seconds
[2026-07-15T07:23:01.031+0000] {processor.py:161} INFO - Started process (PID=828) to work on /opt/airflow/dags/crypto_pipeline_dag.py
[2026-07-15T07:23:01.032+0000] {processor.py:830} INFO - Processing file /opt/airflow/dags/crypto_pipeline_dag.py for tasks to queue
[2026-07-15T07:23:01.033+0000] {logging_mixin.py:188} INFO - [2026-07-15T07:23:01.032+0000] {dagbag.py:545} INFO - Filling up the DagBag from /opt/airflow/dags/crypto_pipeline_dag.py
[2026-07-15T07:23:01.040+0000] {processor.py:840} INFO - DAG(s) 'crypto_daily_pipeline' retrieved from /opt/airflow/dags/crypto_pipeline_dag.py
[2026-07-15T07:23:01.055+0000] {logging_mixin.py:188} INFO - [2026-07-15T07:23:01.055+0000] {dag.py:3089} INFO - Sync 1 DAGs
[2026-07-15T07:23:01.063+0000] {logging_mixin.py:188} INFO - [2026-07-15T07:23:01.063+0000] {dag.py:3947} INFO - Setting next_dagrun for crypto_daily_pipeline to 2026-07-15 00:00:00+00:00, run_after=2026-07-16 00:00:00+00:00
[2026-07-15T07:23:01.068+0000] {processor.py:183} INFO - Processing /opt/airflow/dags/crypto_pipeline_dag.py took 0.040 seconds
[2026-07-15T07:23:31.209+0000] {processor.py:161} INFO - Started process (PID=833) to work on /opt/airflow/dags/crypto_pipeline_dag.py
[2026-07-15T07:23:31.210+0000] {processor.py:830} INFO - Processing file /opt/airflow/dags/crypto_pipeline_dag.py for tasks to queue
[2026-07-15T07:23:31.212+0000] {logging_mixin.py:188} INFO - [2026-07-15T07:23:31.211+0000] {dagbag.py:545} INFO - Filling up the DagBag from /opt/airflow/dags/crypto_pipeline_dag.py
[2026-07-15T07:23:31.221+0000] {processor.py:840} INFO - DAG(s) 'crypto_daily_pipeline' retrieved from /opt/airflow/dags/crypto_pipeline_dag.py
[2026-07-15T07:23:31.240+0000] {logging_mixin.py:188} INFO - [2026-07-15T07:23:31.239+0000] {dag.py:3089} INFO - Sync 1 DAGs
[2026-07-15T07:23:31.250+0000] {logging_mixin.py:188} INFO - [2026-07-15T07:23:31.249+0000] {dag.py:3947} INFO - Setting next_dagrun for crypto_daily_pipeline to 2026-07-15 00:00:00+00:00, run_after=2026-07-16 00:00:00+00:00
[2026-07-15T07:23:31.255+0000] {processor.py:183} INFO - Processing /opt/airflow/dags/crypto_pipeline_dag.py took 0.050 seconds
[2026-07-15T07:24:01.400+0000] {processor.py:161} INFO - Started process (PID=838) to work on /opt/airflow/dags/crypto_pipeline_dag.py
[2026-07-15T07:24:01.401+0000] {processor.py:830} INFO - Processing file /opt/airflow/dags/crypto_pipeline_dag.py for tasks to queue
[2026-07-15T07:24:01.401+0000] {logging_mixin.py:188} INFO - [2026-07-15T07:24:01.401+0000] {dagbag.py:545} INFO - Filling up the DagBag from /opt/airflow/dags/crypto_pipeline_dag.py
[2026-07-15T07:24:01.405+0000] {processor.py:840} INFO - DAG(s) 'crypto_daily_pipeline' retrieved from /opt/airflow/dags/crypto_pipeline_dag.py
[2026-07-15T07:24:01.414+0000] {logging_mixin.py:188} INFO - [2026-07-15T07:24:01.414+0000] {dag.py:3089} INFO - Sync 1 DAGs
[2026-07-15T07:24:01.420+0000] {logging_mixin.py:188} INFO - [2026-07-15T07:24:01.420+0000] {dag.py:3947} INFO - Setting next_dagrun for crypto_daily_pipeline to 2026-07-15 00:00:00+00:00, run_after=2026-07-16 00:00:00+00:00
[2026-07-15T07:24:01.424+0000] {processor.py:183} INFO - Processing /opt/airflow/dags/crypto_pipeline_dag.py took 0.026 seconds
[2026-07-15T07:24:31.584+0000] {processor.py:161} INFO - Started process (PID=843) to work on /opt/airflow/dags/crypto_pipeline_dag.py
[2026-07-15T07:24:31.584+0000] {processor.py:830} INFO - Processing file /opt/airflow/dags/crypto_pipeline_dag.py for tasks to queue
[2026-07-15T07:24:31.586+0000] {logging_mixin.py:188} INFO - [2026-07-15T07:24:31.585+0000] {dagbag.py:545} INFO - Filling up the DagBag from /opt/airflow/dags/crypto_pipeline_dag.py
[2026-07-15T07:24:31.595+0000] {processor.py:840} INFO - DAG(s) 'crypto_daily_pipeline' retrieved from /opt/airflow/dags/crypto_pipeline_dag.py
[2026-07-15T07:24:31.609+0000] {logging_mixin.py:188} INFO - [2026-07-15T07:24:31.609+0000] {dag.py:3089} INFO - Sync 1 DAGs
[2026-07-15T07:24:31.617+0000] {logging_mixin.py:188} INFO - [2026-07-15T07:24:31.617+0000] {dag.py:3947} INFO - Setting next_dagrun for crypto_daily_pipeline to 2026-07-15 00:00:00+00:00, run_after=2026-07-16 00:00:00+00:00
[2026-07-15T07:24:31.623+0000] {processor.py:183} INFO - Processing /opt/airflow/dags/crypto_pipeline_dag.py took 0.044 seconds
[2026-07-15T07:25:01.780+0000] {processor.py:161} INFO - Started process (PID=848) to work on /opt/airflow/dags/crypto_pipeline_dag.py
[2026-07-15T07:25:01.780+0000] {processor.py:830} INFO - Processing file /opt/airflow/dags/crypto_pipeline_dag.py for tasks to queue
[2026-07-15T07:25:01.782+0000] {logging_mixin.py:188} INFO - [2026-07-15T07:25:01.782+0000] {dagbag.py:545} INFO - Filling up the DagBag from /opt/airflow/dags/crypto_pipeline_dag.py
[2026-07-15T07:25:01.791+0000] {processor.py:840} INFO - DAG(s) 'crypto_daily_pipeline' retrieved from /opt/airflow/dags/crypto_pipeline_dag.py
[2026-07-15T07:25:01.809+0000] {logging_mixin.py:188} INFO - [2026-07-15T07:25:01.809+0000] {dag.py:3089} INFO - Sync 1 DAGs
[2026-07-15T07:25:01.819+0000] {logging_mixin.py:188} INFO - [2026-07-15T07:25:01.819+0000] {dag.py:3947} INFO - Setting next_dagrun for crypto_daily_pipeline to 2026-07-15 00:00:00+00:00, run_after=2026-07-16 00:00:00+00:00
[2026-07-15T07:25:01.825+0000] {processor.py:183} INFO - Processing /opt/airflow/dags/crypto_pipeline_dag.py took 0.050 seconds
[2026-07-15T07:25:31.950+0000] {processor.py:161} INFO - Started process (PID=853) to work on /opt/airflow/dags/crypto_pipeline_dag.py
[2026-07-15T07:25:31.950+0000] {processor.py:830} INFO - Processing file /opt/airflow/dags/crypto_pipeline_dag.py for tasks to queue
[2026-07-15T07:25:31.952+0000] {logging_mixin.py:188} INFO - [2026-07-15T07:25:31.952+0000] {dagbag.py:545} INFO - Filling up the DagBag from /opt/airflow/dags/crypto_pipeline_dag.py
[2026-07-15T07:25:31.962+0000] {processor.py:840} INFO - DAG(s) 'crypto_daily_pipeline' retrieved from /opt/airflow/dags/crypto_pipeline_dag.py
[2026-07-15T07:25:31.980+0000] {logging_mixin.py:188} INFO - [2026-07-15T07:25:31.980+0000] {dag.py:3089} INFO - Sync 1 DAGs
[2026-07-15T07:25:31.989+0000] {logging_mixin.py:188} INFO - [2026-07-15T07:25:31.989+0000] {dag.py:3947} INFO - Setting next_dagrun for crypto_daily_pipeline to 2026-07-15 00:00:00+00:00, run_after=2026-07-16 00:00:00+00:00
[2026-07-15T07:25:31.995+0000] {processor.py:183} INFO - Processing /opt/airflow/dags/crypto_pipeline_dag.py took 0.049 seconds
[2026-07-15T07:26:02.143+0000] {processor.py:161} INFO - Started process (PID=858) to work on /opt/airflow/dags/crypto_pipeline_dag.py
[2026-07-15T07:26:02.144+0000] {processor.py:830} INFO - Processing file /opt/airflow/dags/crypto_pipeline_dag.py for tasks to queue
[2026-07-15T07:26:02.145+0000] {logging_mixin.py:188} INFO - [2026-07-15T07:26:02.145+0000] {dagbag.py:545} INFO - Filling up the DagBag from /opt/airflow/dags/crypto_pipeline_dag.py
[2026-07-15T07:26:02.155+0000] {processor.py:840} INFO - DAG(s) 'crypto_daily_pipeline' retrieved from /opt/airflow/dags/crypto_pipeline_dag.py
[2026-07-15T07:26:02.172+0000] {logging_mixin.py:188} INFO - [2026-07-15T07:26:02.172+0000] {dag.py:3089} INFO - Sync 1 DAGs
[2026-07-15T07:26:02.180+0000] {logging_mixin.py:188} INFO - [2026-07-15T07:26:02.180+0000] {dag.py:3947} INFO - Setting next_dagrun for crypto_daily_pipeline to 2026-07-15 00:00:00+00:00, run_after=2026-07-16 00:00:00+00:00
[2026-07-15T07:26:02.186+0000] {processor.py:183} INFO - Processing /opt/airflow/dags/crypto_pipeline_dag.py took 0.046 seconds
[2026-07-15T07:26:32.407+0000] {processor.py:161} INFO - Started process (PID=863) to work on /opt/airflow/dags/crypto_pipeline_dag.py
[2026-07-15T07:26:32.408+0000] {processor.py:830} INFO - Processing file /opt/airflow/dags/crypto_pipeline_dag.py for tasks to queue
[2026-07-15T07:26:32.409+0000] {logging_mixin.py:188} INFO - [2026-07-15T07:26:32.409+0000] {dagbag.py:545} INFO - Filling up the DagBag from /opt/airflow/dags/crypto_pipeline_dag.py
[2026-07-15T07:26:32.418+0000] {processor.py:840} INFO - DAG(s) 'crypto_daily_pipeline' retrieved from /opt/airflow/dags/crypto_pipeline_dag.py
[2026-07-15T07:26:32.435+0000] {logging_mixin.py:188} INFO - [2026-07-15T07:26:32.435+0000] {dag.py:3089} INFO - Sync 1 DAGs
[2026-07-15T07:26:32.444+0000] {logging_mixin.py:188} INFO - [2026-07-15T07:26:32.444+0000] {dag.py:3947} INFO - Setting next_dagrun for crypto_daily_pipeline to 2026-07-15 00:00:00+00:00, run_after=2026-07-16 00:00:00+00:00
[2026-07-15T07:26:32.450+0000] {processor.py:183} INFO - Processing /opt/airflow/dags/crypto_pipeline_dag.py took 0.048 seconds
[2026-07-15T07:27:02.593+0000] {processor.py:161} INFO - Started process (PID=868) to work on /opt/airflow/dags/crypto_pipeline_dag.py
[2026-07-15T07:27:02.594+0000] {processor.py:830} INFO - Processing file /opt/airflow/dags/crypto_pipeline_dag.py for tasks to queue
[2026-07-15T07:27:02.595+0000] {logging_mixin.py:188} INFO - [2026-07-15T07:27:02.595+0000] {dagbag.py:545} INFO - Filling up the DagBag from /opt/airflow/dags/crypto_pipeline_dag.py
[2026-07-15T07:27:02.604+0000] {processor.py:840} INFO - DAG(s) 'crypto_daily_pipeline' retrieved from /opt/airflow/dags/crypto_pipeline_dag.py
[2026-07-15T07:27:02.622+0000] {logging_mixin.py:188} INFO - [2026-07-15T07:27:02.622+0000] {dag.py:3089} INFO - Sync 1 DAGs
[2026-07-15T07:27:02.631+0000] {logging_mixin.py:188} INFO - [2026-07-15T07:27:02.631+0000] {dag.py:3947} INFO - Setting next_dagrun for crypto_daily_pipeline to 2026-07-15 00:00:00+00:00, run_after=2026-07-16 00:00:00+00:00
[2026-07-15T07:27:02.637+0000] {processor.py:183} INFO - Processing /opt/airflow/dags/crypto_pipeline_dag.py took 0.048 seconds
[2026-07-15T07:27:32.824+0000] {processor.py:161} INFO - Started process (PID=873) to work on /opt/airflow/dags/crypto_pipeline_dag.py
[2026-07-15T07:27:32.824+0000] {processor.py:830} INFO - Processing file /opt/airflow/dags/crypto_pipeline_dag.py for tasks to queue
[2026-07-15T07:27:32.826+0000] {logging_mixin.py:188} INFO - [2026-07-15T07:27:32.825+0000] {dagbag.py:545} INFO - Filling up the DagBag from /opt/airflow/dags/crypto_pipeline_dag.py
[2026-07-15T07:27:32.834+0000] {processor.py:840} INFO - DAG(s) 'crypto_daily_pipeline' retrieved from /opt/airflow/dags/crypto_pipeline_dag.py
[2026-07-15T07:27:32.852+0000] {logging_mixin.py:188} INFO - [2026-07-15T07:27:32.852+0000] {dag.py:3089} INFO - Sync 1 DAGs
[2026-07-15T07:27:32.861+0000] {logging_mixin.py:188} INFO - [2026-07-15T07:27:32.861+0000] {dag.py:3947} INFO - Setting next_dagrun for crypto_daily_pipeline to 2026-07-15 00:00:00+00:00, run_after=2026-07-16 00:00:00+00:00
[2026-07-15T07:27:32.866+0000] {processor.py:183} INFO - Processing /opt/airflow/dags/crypto_pipeline_dag.py took 0.047 seconds
[2026-07-15T07:28:03.028+0000] {processor.py:161} INFO - Started process (PID=878) to work on /opt/airflow/dags/crypto_pipeline_dag.py
[2026-07-15T07:28:03.029+0000] {processor.py:830} INFO - Processing file /opt/airflow/dags/crypto_pipeline_dag.py for tasks to queue
[2026-07-15T07:28:03.031+0000] {logging_mixin.py:188} INFO - [2026-07-15T07:28:03.031+0000] {dagbag.py:545} INFO - Filling up the DagBag from /opt/airflow/dags/crypto_pipeline_dag.py
[2026-07-15T07:28:03.040+0000] {processor.py:840} INFO - DAG(s) 'crypto_daily_pipeline' retrieved from /opt/airflow/dags/crypto_pipeline_dag.py
[2026-07-15T07:28:03.058+0000] {logging_mixin.py:188} INFO - [2026-07-15T07:28:03.058+0000] {dag.py:3089} INFO - Sync 1 DAGs
[2026-07-15T07:28:03.068+0000] {logging_mixin.py:188} INFO - [2026-07-15T07:28:03.068+0000] {dag.py:3947} INFO - Setting next_dagrun for crypto_daily_pipeline to 2026-07-15 00:00:00+00:00, run_after=2026-07-16 00:00:00+00:00
[2026-07-15T07:28:03.074+0000] {processor.py:183} INFO - Processing /opt/airflow/dags/crypto_pipeline_dag.py took 0.049 seconds
[2026-07-15T07:28:33.208+0000] {processor.py:161} INFO - Started process (PID=883) to work on /opt/airflow/dags/crypto_pipeline_dag.py
[2026-07-15T07:28:33.209+0000] {processor.py:830} INFO - Processing file /opt/airflow/dags/crypto_pipeline_dag.py for tasks to queue
[2026-07-15T07:28:33.210+0000] {logging_mixin.py:188} INFO - [2026-07-15T07:28:33.210+0000] {dagbag.py:545} INFO - Filling up the DagBag from /opt/airflow/dags/crypto_pipeline_dag.py
[2026-07-15T07:28:33.220+0000] {processor.py:840} INFO - DAG(s) 'crypto_daily_pipeline' retrieved from /opt/airflow/dags/crypto_pipeline_dag.py
[2026-07-15T07:28:33.239+0000] {logging_mixin.py:188} INFO - [2026-07-15T07:28:33.239+0000] {dag.py:3089} INFO - Sync 1 DAGs
[2026-07-15T07:28:33.249+0000] {logging_mixin.py:188} INFO - [2026-07-15T07:28:33.249+0000] {dag.py:3947} INFO - Setting next_dagrun for crypto_daily_pipeline to 2026-07-15 00:00:00+00:00, run_after=2026-07-16 00:00:00+00:00
[2026-07-15T07:28:33.254+0000] {processor.py:183} INFO - Processing /opt/airflow/dags/crypto_pipeline_dag.py took 0.050 seconds
[2026-07-15T07:29:03.411+0000] {processor.py:161} INFO - Started process (PID=888) to work on /opt/airflow/dags/crypto_pipeline_dag.py
[2026-07-15T07:29:03.412+0000] {processor.py:830} INFO - Processing file /opt/airflow/dags/crypto_pipeline_dag.py for tasks to queue
[2026-07-15T07:29:03.414+0000] {logging_mixin.py:188} INFO - [2026-07-15T07:29:03.413+0000] {dagbag.py:545} INFO - Filling up the DagBag from /opt/airflow/dags/crypto_pipeline_dag.py
[2026-07-15T07:29:03.424+0000] {processor.py:840} INFO - DAG(s) 'crypto_daily_pipeline' retrieved from /opt/airflow/dags/crypto_pipeline_dag.py
[2026-07-15T07:29:03.441+0000] {logging_mixin.py:188} INFO - [2026-07-15T07:29:03.441+0000] {dag.py:3089} INFO - Sync 1 DAGs
[2026-07-15T07:29:03.450+0000] {logging_mixin.py:188} INFO - [2026-07-15T07:29:03.450+0000] {dag.py:3947} INFO - Setting next_dagrun for crypto_daily_pipeline to 2026-07-15 00:00:00+00:00, run_after=2026-07-16 00:00:00+00:00
[2026-07-15T07:29:03.456+0000] {processor.py:183} INFO - Processing /opt/airflow/dags/crypto_pipeline_dag.py took 0.048 seconds
[2026-07-15T07:29:33.620+0000] {processor.py:161} INFO - Started process (PID=893) to work on /opt/airflow/dags/crypto_pipeline_dag.py
[2026-07-15T07:29:33.620+0000] {processor.py:830} INFO - Processing file /opt/airflow/dags/crypto_pipeline_dag.py for tasks to queue
[2026-07-15T07:29:33.622+0000] {logging_mixin.py:188} INFO - [2026-07-15T07:29:33.622+0000] {dagbag.py:545} INFO - Filling up the DagBag from /opt/airflow/dags/crypto_pipeline_dag.py
[2026-07-15T07:29:33.632+0000] {processor.py:840} INFO - DAG(s) 'crypto_daily_pipeline' retrieved from /opt/airflow/dags/crypto_pipeline_dag.py
[2026-07-15T07:29:33.647+0000] {logging_mixin.py:188} INFO - [2026-07-15T07:29:33.647+0000] {dag.py:3089} INFO - Sync 1 DAGs
[2026-07-15T07:29:33.655+0000] {logging_mixin.py:188} INFO - [2026-07-15T07:29:33.655+0000] {dag.py:3947} INFO - Setting next_dagrun for crypto_daily_pipeline to 2026-07-15 00:00:00+00:00, run_after=2026-07-16 00:00:00+00:00
[2026-07-15T07:29:33.661+0000] {processor.py:183} INFO - Processing /opt/airflow/dags/crypto_pipeline_dag.py took 0.045 seconds
[2026-07-15T07:30:03.814+0000] {processor.py:161} INFO - Started process (PID=898) to work on /opt/airflow/dags/crypto_pipeline_dag.py
[2026-07-15T07:30:03.815+0000] {processor.py:830} INFO - Processing file /opt/airflow/dags/crypto_pipeline_dag.py for tasks to queue
[2026-07-15T07:30:03.817+0000] {logging_mixin.py:188} INFO - [2026-07-15T07:30:03.816+0000] {dagbag.py:545} INFO - Filling up the DagBag from /opt/airflow/dags/crypto_pipeline_dag.py
[2026-07-15T07:30:03.826+0000] {processor.py:840} INFO - DAG(s) 'crypto_daily_pipeline' retrieved from /opt/airflow/dags/crypto_pipeline_dag.py
[2026-07-15T07:30:03.844+0000] {logging_mixin.py:188} INFO - [2026-07-15T07:30:03.843+0000] {dag.py:3089} INFO - Sync 1 DAGs
[2026-07-15T07:30:03.853+0000] {logging_mixin.py:188} INFO - [2026-07-15T07:30:03.853+0000] {dag.py:3947} INFO - Setting next_dagrun for crypto_daily_pipeline to 2026-07-15 00:00:00+00:00, run_after=2026-07-16 00:00:00+00:00
[2026-07-15T07:30:03.859+0000] {processor.py:183} INFO - Processing /opt/airflow/dags/crypto_pipeline_dag.py took 0.049 seconds
[2026-07-15T07:30:34.034+0000] {processor.py:161} INFO - Started process (PID=903) to work on /opt/airflow/dags/crypto_pipeline_dag.py
[2026-07-15T07:30:34.035+0000] {processor.py:830} INFO - Processing file /opt/airflow/dags/crypto_pipeline_dag.py for tasks to queue
[2026-07-15T07:30:34.037+0000] {logging_mixin.py:188} INFO - [2026-07-15T07:30:34.037+0000] {dagbag.py:545} INFO - Filling up the DagBag from /opt/airflow/dags/crypto_pipeline_dag.py
[2026-07-15T07:30:34.046+0000] {processor.py:840} INFO - DAG(s) 'crypto_daily_pipeline' retrieved from /opt/airflow/dags/crypto_pipeline_dag.py
[2026-07-15T07:30:34.064+0000] {logging_mixin.py:188} INFO - [2026-07-15T07:30:34.064+0000] {dag.py:3089} INFO - Sync 1 DAGs
[2026-07-15T07:30:34.074+0000] {logging_mixin.py:188} INFO - [2026-07-15T07:30:34.073+0000] {dag.py:3947} INFO - Setting next_dagrun for crypto_daily_pipeline to 2026-07-15 00:00:00+00:00, run_after=2026-07-16 00:00:00+00:00
[2026-07-15T07:30:34.079+0000] {processor.py:183} INFO - Processing /opt/airflow/dags/crypto_pipeline_dag.py took 0.048 seconds
[2026-07-15T07:31:04.227+0000] {processor.py:161} INFO - Started process (PID=908) to work on /opt/airflow/dags/crypto_pipeline_dag.py
[2026-07-15T07:31:04.228+0000] {processor.py:830} INFO - Processing file /opt/airflow/dags/crypto_pipeline_dag.py for tasks to queue
[2026-07-15T07:31:04.230+0000] {logging_mixin.py:188} INFO - [2026-07-15T07:31:04.230+0000] {dagbag.py:545} INFO - Filling up the DagBag from /opt/airflow/dags/crypto_pipeline_dag.py
[2026-07-15T07:31:04.239+0000] {processor.py:840} INFO - DAG(s) 'crypto_daily_pipeline' retrieved from /opt/airflow/dags/crypto_pipeline_dag.py
[2026-07-15T07:31:04.257+0000] {logging_mixin.py:188} INFO - [2026-07-15T07:31:04.257+0000] {dag.py:3089} INFO - Sync 1 DAGs
[2026-07-15T07:31:04.267+0000] {logging_mixin.py:188} INFO - [2026-07-15T07:31:04.267+0000] {dag.py:3947} INFO - Setting next_dagrun for crypto_daily_pipeline to 2026-07-15 00:00:00+00:00, run_after=2026-07-16 00:00:00+00:00
[2026-07-15T07:31:04.273+0000] {processor.py:183} INFO - Processing /opt/airflow/dags/crypto_pipeline_dag.py took 0.050 seconds
[2026-07-15T07:31:34.440+0000] {processor.py:161} INFO - Started process (PID=913) to work on /opt/airflow/dags/crypto_pipeline_dag.py
[2026-07-15T07:31:34.441+0000] {processor.py:830} INFO - Processing file /opt/airflow/dags/crypto_pipeline_dag.py for tasks to queue
[2026-07-15T07:31:34.442+0000] {logging_mixin.py:188} INFO - [2026-07-15T07:31:34.442+0000] {dagbag.py:545} INFO - Filling up the DagBag from /opt/airflow/dags/crypto_pipeline_dag.py
[2026-07-15T07:31:34.452+0000] {processor.py:840} INFO - DAG(s) 'crypto_daily_pipeline' retrieved from /opt/airflow/dags/crypto_pipeline_dag.py
[2026-07-15T07:31:34.470+0000] {logging_mixin.py:188} INFO - [2026-07-15T07:31:34.470+0000] {dag.py:3089} INFO - Sync 1 DAGs
[2026-07-15T07:31:34.480+0000] {logging_mixin.py:188} INFO - [2026-07-15T07:31:34.480+0000] {dag.py:3947} INFO - Setting next_dagrun for crypto_daily_pipeline to 2026-07-15 00:00:00+00:00, run_after=2026-07-16 00:00:00+00:00
[2026-07-15T07:31:34.486+0000] {processor.py:183} INFO - Processing /opt/airflow/dags/crypto_pipeline_dag.py took 0.050 seconds
[2026-07-15T07:32:04.644+0000] {processor.py:161} INFO - Started process (PID=918) to work on /opt/airflow/dags/crypto_pipeline_dag.py
[2026-07-15T07:32:04.645+0000] {processor.py:830} INFO - Processing file /opt/airflow/dags/crypto_pipeline_dag.py for tasks to queue
[2026-07-15T07:32:04.646+0000] {logging_mixin.py:188} INFO - [2026-07-15T07:32:04.646+0000] {dagbag.py:545} INFO - Filling up the DagBag from /opt/airflow/dags/crypto_pipeline_dag.py
[2026-07-15T07:32:04.656+0000] {processor.py:840} INFO - DAG(s) 'crypto_daily_pipeline' retrieved from /opt/airflow/dags/crypto_pipeline_dag.py
[2026-07-15T07:32:04.674+0000] {logging_mixin.py:188} INFO - [2026-07-15T07:32:04.674+0000] {dag.py:3089} INFO - Sync 1 DAGs
[2026-07-15T07:32:04.682+0000] {logging_mixin.py:188} INFO - [2026-07-15T07:32:04.682+0000] {dag.py:3947} INFO - Setting next_dagrun for crypto_daily_pipeline to 2026-07-15 00:00:00+00:00, run_after=2026-07-16 00:00:00+00:00
[2026-07-15T07:32:04.688+0000] {processor.py:183} INFO - Processing /opt/airflow/dags/crypto_pipeline_dag.py took 0.049 seconds
[2026-07-15T07:32:34.857+0000] {processor.py:161} INFO - Started process (PID=923) to work on /opt/airflow/dags/crypto_pipeline_dag.py
[2026-07-15T07:32:34.858+0000] {processor.py:830} INFO - Processing file /opt/airflow/dags/crypto_pipeline_dag.py for tasks to queue
[2026-07-15T07:32:34.859+0000] {logging_mixin.py:188} INFO - [2026-07-15T07:32:34.859+0000] {dagbag.py:545} INFO - Filling up the DagBag from /opt/airflow/dags/crypto_pipeline_dag.py
[2026-07-15T07:32:34.869+0000] {processor.py:840} INFO - DAG(s) 'crypto_daily_pipeline' retrieved from /opt/airflow/dags/crypto_pipeline_dag.py
[2026-07-15T07:32:34.888+0000] {logging_mixin.py:188} INFO - [2026-07-15T07:32:34.887+0000] {dag.py:3089} INFO - Sync 1 DAGs
[2026-07-15T07:32:34.897+0000] {logging_mixin.py:188} INFO - [2026-07-15T07:32:34.897+0000] {dag.py:3947} INFO - Setting next_dagrun for crypto_daily_pipeline to 2026-07-15 00:00:00+00:00, run_after=2026-07-16 00:00:00+00:00
[2026-07-15T07:32:34.903+0000] {processor.py:183} INFO - Processing /opt/airflow/dags/crypto_pipeline_dag.py took 0.049 seconds
[2026-07-15T07:33:05.057+0000] {processor.py:161} INFO - Started process (PID=928) to work on /opt/airflow/dags/crypto_pipeline_dag.py
[2026-07-15T07:33:05.058+0000] {processor.py:830} INFO - Processing file /opt/airflow/dags/crypto_pipeline_dag.py for tasks to queue
[2026-07-15T07:33:05.059+0000] {logging_mixin.py:188} INFO - [2026-07-15T07:33:05.059+0000] {dagbag.py:545} INFO - Filling up the DagBag from /opt/airflow/dags/crypto_pipeline_dag.py
[2026-07-15T07:33:05.069+0000] {processor.py:840} INFO - DAG(s) 'crypto_daily_pipeline' retrieved from /opt/airflow/dags/crypto_pipeline_dag.py
[2026-07-15T07:33:05.086+0000] {logging_mixin.py:188} INFO - [2026-07-15T07:33:05.086+0000] {dag.py:3089} INFO - Sync 1 DAGs
[2026-07-15T07:33:05.094+0000] {logging_mixin.py:188} INFO - [2026-07-15T07:33:05.094+0000] {dag.py:3947} INFO - Setting next_dagrun for crypto_daily_pipeline to 2026-07-15 00:00:00+00:00, run_after=2026-07-16 00:00:00+00:00
[2026-07-15T07:33:05.100+0000] {processor.py:183} INFO - Processing /opt/airflow/dags/crypto_pipeline_dag.py took 0.048 seconds
[2026-07-15T07:33:35.289+0000] {processor.py:161} INFO - Started process (PID=933) to work on /opt/airflow/dags/crypto_pipeline_dag.py
[2026-07-15T07:33:35.289+0000] {processor.py:830} INFO - Processing file /opt/airflow/dags/crypto_pipeline_dag.py for tasks to queue
[2026-07-15T07:33:35.290+0000] {logging_mixin.py:188} INFO - [2026-07-15T07:33:35.290+0000] {dagbag.py:545} INFO - Filling up the DagBag from /opt/airflow/dags/crypto_pipeline_dag.py
[2026-07-15T07:33:35.300+0000] {processor.py:840} INFO - DAG(s) 'crypto_daily_pipeline' retrieved from /opt/airflow/dags/crypto_pipeline_dag.py
[2026-07-15T07:33:35.318+0000] {logging_mixin.py:188} INFO - [2026-07-15T07:33:35.318+0000] {dag.py:3089} INFO - Sync 1 DAGs
[2026-07-15T07:33:35.328+0000] {logging_mixin.py:188} INFO - [2026-07-15T07:33:35.328+0000] {dag.py:3947} INFO - Setting next_dagrun for crypto_daily_pipeline to 2026-07-15 00:00:00+00:00, run_after=2026-07-16 00:00:00+00:00
[2026-07-15T07:33:35.334+0000] {processor.py:183} INFO - Processing /opt/airflow/dags/crypto_pipeline_dag.py took 0.049 seconds
[2026-07-15T07:34:05.492+0000] {processor.py:161} INFO - Started process (PID=938) to work on /opt/airflow/dags/crypto_pipeline_dag.py
[2026-07-15T07:34:05.493+0000] {processor.py:830} INFO - Processing file /opt/airflow/dags/crypto_pipeline_dag.py for tasks to queue
[2026-07-15T07:34:05.494+0000] {logging_mixin.py:188} INFO - [2026-07-15T07:34:05.494+0000] {dagbag.py:545} INFO - Filling up the DagBag from /opt/airflow/dags/crypto_pipeline_dag.py
[2026-07-15T07:34:05.502+0000] {processor.py:840} INFO - DAG(s) 'crypto_daily_pipeline' retrieved from /opt/airflow/dags/crypto_pipeline_dag.py
[2026-07-15T07:34:05.519+0000] {logging_mixin.py:188} INFO - [2026-07-15T07:34:05.519+0000] {dag.py:3089} INFO - Sync 1 DAGs
[2026-07-15T07:34:05.527+0000] {logging_mixin.py:188} INFO - [2026-07-15T07:34:05.527+0000] {dag.py:3947} INFO - Setting next_dagrun for crypto_daily_pipeline to 2026-07-15 00:00:00+00:00, run_after=2026-07-16 00:00:00+00:00
[2026-07-15T07:34:05.535+0000] {processor.py:183} INFO - Processing /opt/airflow/dags/crypto_pipeline_dag.py took 0.047 seconds
[2026-07-15T07:34:35.708+0000] {processor.py:161} INFO - Started process (PID=943) to work on /opt/airflow/dags/crypto_pipeline_dag.py
[2026-07-15T07:34:35.709+0000] {processor.py:830} INFO - Processing file /opt/airflow/dags/crypto_pipeline_dag.py for tasks to queue
[2026-07-15T07:34:35.710+0000] {logging_mixin.py:188} INFO - [2026-07-15T07:34:35.710+0000] {dagbag.py:545} INFO - Filling up the DagBag from /opt/airflow/dags/crypto_pipeline_dag.py
[2026-07-15T07:34:35.716+0000] {processor.py:840} INFO - DAG(s) 'crypto_daily_pipeline' retrieved from /opt/airflow/dags/crypto_pipeline_dag.py
[2026-07-15T07:34:35.729+0000] {logging_mixin.py:188} INFO - [2026-07-15T07:34:35.729+0000] {dag.py:3089} INFO - Sync 1 DAGs
[2026-07-15T07:34:35.737+0000] {logging_mixin.py:188} INFO - [2026-07-15T07:34:35.737+0000] {dag.py:3947} INFO - Setting next_dagrun for crypto_daily_pipeline to 2026-07-15 00:00:00+00:00, run_after=2026-07-16 00:00:00+00:00
[2026-07-15T07:34:35.744+0000] {processor.py:183} INFO - Processing /opt/airflow/dags/crypto_pipeline_dag.py took 0.039 seconds
[2026-07-15T07:35:05.901+0000] {processor.py:161} INFO - Started process (PID=948) to work on /opt/airflow/dags/crypto_pipeline_dag.py
[2026-07-15T07:35:05.902+0000] {processor.py:830} INFO - Processing file /opt/airflow/dags/crypto_pipeline_dag.py for tasks to queue
[2026-07-15T07:35:05.903+0000] {logging_mixin.py:188} INFO - [2026-07-15T07:35:05.902+0000] {dagbag.py:545} INFO - Filling up the DagBag from /opt/airflow/dags/crypto_pipeline_dag.py
[2026-07-15T07:35:05.912+0000] {processor.py:840} INFO - DAG(s) 'crypto_daily_pipeline' retrieved from /opt/airflow/dags/crypto_pipeline_dag.py
[2026-07-15T07:35:05.931+0000] {logging_mixin.py:188} INFO - [2026-07-15T07:35:05.931+0000] {dag.py:3089} INFO - Sync 1 DAGs
[2026-07-15T07:35:05.941+0000] {logging_mixin.py:188} INFO - [2026-07-15T07:35:05.941+0000] {dag.py:3947} INFO - Setting next_dagrun for crypto_daily_pipeline to 2026-07-15 00:00:00+00:00, run_after=2026-07-16 00:00:00+00:00
[2026-07-15T07:35:05.947+0000] {processor.py:183} INFO - Processing /opt/airflow/dags/crypto_pipeline_dag.py took 0.049 seconds
[2026-07-15T07:35:36.077+0000] {processor.py:161} INFO - Started process (PID=953) to work on /opt/airflow/dags/crypto_pipeline_dag.py
[2026-07-15T07:35:36.077+0000] {processor.py:830} INFO - Processing file /opt/airflow/dags/crypto_pipeline_dag.py for tasks to queue
[2026-07-15T07:35:36.078+0000] {logging_mixin.py:188} INFO - [2026-07-15T07:35:36.078+0000] {dagbag.py:545} INFO - Filling up the DagBag from /opt/airflow/dags/crypto_pipeline_dag.py
[2026-07-15T07:35:36.083+0000] {processor.py:840} INFO - DAG(s) 'crypto_daily_pipeline' retrieved from /opt/airflow/dags/crypto_pipeline_dag.py
[2026-07-15T07:35:36.094+0000] {logging_mixin.py:188} INFO - [2026-07-15T07:35:36.094+0000] {dag.py:3089} INFO - Sync 1 DAGs
[2026-07-15T07:35:36.102+0000] {logging_mixin.py:188} INFO - [2026-07-15T07:35:36.102+0000] {dag.py:3947} INFO - Setting next_dagrun for crypto_daily_pipeline to 2026-07-15 00:00:00+00:00, run_after=2026-07-16 00:00:00+00:00
[2026-07-15T07:35:36.107+0000] {processor.py:183} INFO - Processing /opt/airflow/dags/crypto_pipeline_dag.py took 0.033 seconds
[2026-07-15T07:36:06.268+0000] {processor.py:161} INFO - Started process (PID=958) to work on /opt/airflow/dags/crypto_pipeline_dag.py
[2026-07-15T07:36:06.269+0000] {processor.py:830} INFO - Processing file /opt/airflow/dags/crypto_pipeline_dag.py for tasks to queue
[2026-07-15T07:36:06.270+0000] {logging_mixin.py:188} INFO - [2026-07-15T07:36:06.270+0000] {dagbag.py:545} INFO - Filling up the DagBag from /opt/airflow/dags/crypto_pipeline_dag.py
[2026-07-15T07:36:06.279+0000] {processor.py:840} INFO - DAG(s) 'crypto_daily_pipeline' retrieved from /opt/airflow/dags/crypto_pipeline_dag.py
[2026-07-15T07:36:06.297+0000] {logging_mixin.py:188} INFO - [2026-07-15T07:36:06.297+0000] {dag.py:3089} INFO - Sync 1 DAGs
[2026-07-15T07:36:06.307+0000] {logging_mixin.py:188} INFO - [2026-07-15T07:36:06.307+0000] {dag.py:3947} INFO - Setting next_dagrun for crypto_daily_pipeline to 2026-07-15 00:00:00+00:00, run_after=2026-07-16 00:00:00+00:00
[2026-07-15T07:36:06.313+0000] {processor.py:183} INFO - Processing /opt/airflow/dags/crypto_pipeline_dag.py took 0.048 seconds
[2026-07-15T07:36:36.476+0000] {processor.py:161} INFO - Started process (PID=963) to work on /opt/airflow/dags/crypto_pipeline_dag.py
[2026-07-15T07:36:36.477+0000] {processor.py:830} INFO - Processing file /opt/airflow/dags/crypto_pipeline_dag.py for tasks to queue
[2026-07-15T07:36:36.478+0000] {logging_mixin.py:188} INFO - [2026-07-15T07:36:36.478+0000] {dagbag.py:545} INFO - Filling up the DagBag from /opt/airflow/dags/crypto_pipeline_dag.py
[2026-07-15T07:36:36.486+0000] {processor.py:840} INFO - DAG(s) 'crypto_daily_pipeline' retrieved from /opt/airflow/dags/crypto_pipeline_dag.py
[2026-07-15T07:36:36.503+0000] {logging_mixin.py:188} INFO - [2026-07-15T07:36:36.503+0000] {dag.py:3089} INFO - Sync 1 DAGs
[2026-07-15T07:36:36.513+0000] {logging_mixin.py:188} INFO - [2026-07-15T07:36:36.513+0000] {dag.py:3947} INFO - Setting next_dagrun for crypto_daily_pipeline to 2026-07-15 00:00:00+00:00, run_after=2026-07-16 00:00:00+00:00
[2026-07-15T07:36:36.519+0000] {processor.py:183} INFO - Processing /opt/airflow/dags/crypto_pipeline_dag.py took 0.048 seconds
[2026-07-15T07:37:06.657+0000] {processor.py:161} INFO - Started process (PID=968) to work on /opt/airflow/dags/crypto_pipeline_dag.py
[2026-07-15T07:37:06.657+0000] {processor.py:830} INFO - Processing file /opt/airflow/dags/crypto_pipeline_dag.py for tasks to queue
[2026-07-15T07:37:06.659+0000] {logging_mixin.py:188} INFO - [2026-07-15T07:37:06.658+0000] {dagbag.py:545} INFO - Filling up the DagBag from /opt/airflow/dags/crypto_pipeline_dag.py
[2026-07-15T07:37:06.669+0000] {processor.py:840} INFO - DAG(s) 'crypto_daily_pipeline' retrieved from /opt/airflow/dags/crypto_pipeline_dag.py
[2026-07-15T07:37:06.686+0000] {logging_mixin.py:188} INFO - [2026-07-15T07:37:06.686+0000] {dag.py:3089} INFO - Sync 1 DAGs
[2026-07-15T07:37:06.694+0000] {logging_mixin.py:188} INFO - [2026-07-15T07:37:06.694+0000] {dag.py:3947} INFO - Setting next_dagrun for crypto_daily_pipeline to 2026-07-15 00:00:00+00:00, run_after=2026-07-16 00:00:00+00:00
[2026-07-15T07:37:06.701+0000] {processor.py:183} INFO - Processing /opt/airflow/dags/crypto_pipeline_dag.py took 0.047 seconds
[2026-07-15T07:37:36.870+0000] {processor.py:161} INFO - Started process (PID=973) to work on /opt/airflow/dags/crypto_pipeline_dag.py
[2026-07-15T07:37:36.871+0000] {processor.py:830} INFO - Processing file /opt/airflow/dags/crypto_pipeline_dag.py for tasks to queue
[2026-07-15T07:37:36.872+0000] {logging_mixin.py:188} INFO - [2026-07-15T07:37:36.872+0000] {dagbag.py:545} INFO - Filling up the DagBag from /opt/airflow/dags/crypto_pipeline_dag.py
[2026-07-15T07:37:36.881+0000] {processor.py:840} INFO - DAG(s) 'crypto_daily_pipeline' retrieved from /opt/airflow/dags/crypto_pipeline_dag.py
[2026-07-15T07:37:36.898+0000] {logging_mixin.py:188} INFO - [2026-07-15T07:37:36.898+0000] {dag.py:3089} INFO - Sync 1 DAGs
[2026-07-15T07:37:36.908+0000] {logging_mixin.py:188} INFO - [2026-07-15T07:37:36.908+0000] {dag.py:3947} INFO - Setting next_dagrun for crypto_daily_pipeline to 2026-07-15 00:00:00+00:00, run_after=2026-07-16 00:00:00+00:00
[2026-07-15T07:37:36.913+0000] {processor.py:183} INFO - Processing /opt/airflow/dags/crypto_pipeline_dag.py took 0.047 seconds
[2026-07-15T07:38:07.047+0000] {processor.py:161} INFO - Started process (PID=978) to work on /opt/airflow/dags/crypto_pipeline_dag.py
[2026-07-15T07:38:07.047+0000] {processor.py:830} INFO - Processing file /opt/airflow/dags/crypto_pipeline_dag.py for tasks to queue
[2026-07-15T07:38:07.048+0000] {logging_mixin.py:188} INFO - [2026-07-15T07:38:07.048+0000] {dagbag.py:545} INFO - Filling up the DagBag from /opt/airflow/dags/crypto_pipeline_dag.py
[2026-07-15T07:38:07.058+0000] {processor.py:840} INFO - DAG(s) 'crypto_daily_pipeline' retrieved from /opt/airflow/dags/crypto_pipeline_dag.py
[2026-07-15T07:38:07.077+0000] {logging_mixin.py:188} INFO - [2026-07-15T07:38:07.077+0000] {dag.py:3089} INFO - Sync 1 DAGs
[2026-07-15T07:38:07.087+0000] {logging_mixin.py:188} INFO - [2026-07-15T07:38:07.087+0000] {dag.py:3947} INFO - Setting next_dagrun for crypto_daily_pipeline to 2026-07-15 00:00:00+00:00, run_after=2026-07-16 00:00:00+00:00
[2026-07-15T07:38:07.093+0000] {processor.py:183} INFO - Processing /opt/airflow/dags/crypto_pipeline_dag.py took 0.050 seconds
[2026-07-15T07:38:37.248+0000] {processor.py:161} INFO - Started process (PID=983) to work on /opt/airflow/dags/crypto_pipeline_dag.py
[2026-07-15T07:38:37.249+0000] {processor.py:830} INFO - Processing file /opt/airflow/dags/crypto_pipeline_dag.py for tasks to queue
[2026-07-15T07:38:37.250+0000] {logging_mixin.py:188} INFO - [2026-07-15T07:38:37.250+0000] {dagbag.py:545} INFO - Filling up the DagBag from /opt/airflow/dags/crypto_pipeline_dag.py
[2026-07-15T07:38:37.260+0000] {processor.py:840} INFO - DAG(s) 'crypto_daily_pipeline' retrieved from /opt/airflow/dags/crypto_pipeline_dag.py
[2026-07-15T07:38:37.278+0000] {logging_mixin.py:188} INFO - [2026-07-15T07:38:37.278+0000] {dag.py:3089} INFO - Sync 1 DAGs
[2026-07-15T07:38:37.288+0000] {logging_mixin.py:188} INFO - [2026-07-15T07:38:37.288+0000] {dag.py:3947} INFO - Setting next_dagrun for crypto_daily_pipeline to 2026-07-15 00:00:00+00:00, run_after=2026-07-16 00:00:00+00:00
[2026-07-15T07:38:37.295+0000] {processor.py:183} INFO - Processing /opt/airflow/dags/crypto_pipeline_dag.py took 0.050 seconds
[2026-07-15T07:39:07.436+0000] {processor.py:161} INFO - Started process (PID=988) to work on /opt/airflow/dags/crypto_pipeline_dag.py
[2026-07-15T07:39:07.437+0000] {processor.py:830} INFO - Processing file /opt/airflow/dags/crypto_pipeline_dag.py for tasks to queue
[2026-07-15T07:39:07.438+0000] {logging_mixin.py:188} INFO - [2026-07-15T07:39:07.438+0000] {dagbag.py:545} INFO - Filling up the DagBag from /opt/airflow/dags/crypto_pipeline_dag.py
[2026-07-15T07:39:07.447+0000] {processor.py:840} INFO - DAG(s) 'crypto_daily_pipeline' retrieved from /opt/airflow/dags/crypto_pipeline_dag.py
[2026-07-15T07:39:07.465+0000] {logging_mixin.py:188} INFO - [2026-07-15T07:39:07.465+0000] {dag.py:3089} INFO - Sync 1 DAGs
[2026-07-15T07:39:07.474+0000] {logging_mixin.py:188} INFO - [2026-07-15T07:39:07.474+0000] {dag.py:3947} INFO - Setting next_dagrun for crypto_daily_pipeline to 2026-07-15 00:00:00+00:00, run_after=2026-07-16 00:00:00+00:00
[2026-07-15T07:39:07.480+0000] {processor.py:183} INFO - Processing /opt/airflow/dags/crypto_pipeline_dag.py took 0.048 seconds
[2026-07-15T07:39:37.636+0000] {processor.py:161} INFO - Started process (PID=993) to work on /opt/airflow/dags/crypto_pipeline_dag.py
[2026-07-15T07:39:37.636+0000] {processor.py:830} INFO - Processing file /opt/airflow/dags/crypto_pipeline_dag.py for tasks to queue
[2026-07-15T07:39:37.638+0000] {logging_mixin.py:188} INFO - [2026-07-15T07:39:37.638+0000] {dagbag.py:545} INFO - Filling up the DagBag from /opt/airflow/dags/crypto_pipeline_dag.py
[2026-07-15T07:39:37.648+0000] {processor.py:840} INFO - DAG(s) 'crypto_daily_pipeline' retrieved from /opt/airflow/dags/crypto_pipeline_dag.py
[2026-07-15T07:39:37.666+0000] {logging_mixin.py:188} INFO - [2026-07-15T07:39:37.666+0000] {dag.py:3089} INFO - Sync 1 DAGs
[2026-07-15T07:39:37.676+0000] {logging_mixin.py:188} INFO - [2026-07-15T07:39:37.676+0000] {dag.py:3947} INFO - Setting next_dagrun for crypto_daily_pipeline to 2026-07-15 00:00:00+00:00, run_after=2026-07-16 00:00:00+00:00
[2026-07-15T07:39:37.682+0000] {processor.py:183} INFO - Processing /opt/airflow/dags/crypto_pipeline_dag.py took 0.050 seconds
[2026-07-15T07:40:07.862+0000] {processor.py:161} INFO - Started process (PID=998) to work on /opt/airflow/dags/crypto_pipeline_dag.py
[2026-07-15T07:40:07.863+0000] {processor.py:830} INFO - Processing file /opt/airflow/dags/crypto_pipeline_dag.py for tasks to queue
[2026-07-15T07:40:07.864+0000] {logging_mixin.py:188} INFO - [2026-07-15T07:40:07.864+0000] {dagbag.py:545} INFO - Filling up the DagBag from /opt/airflow/dags/crypto_pipeline_dag.py
[2026-07-15T07:40:07.873+0000] {processor.py:840} INFO - DAG(s) 'crypto_daily_pipeline' retrieved from /opt/airflow/dags/crypto_pipeline_dag.py
[2026-07-15T07:40:07.890+0000] {logging_mixin.py:188} INFO - [2026-07-15T07:40:07.890+0000] {dag.py:3089} INFO - Sync 1 DAGs
[2026-07-15T07:40:07.899+0000] {logging_mixin.py:188} INFO - [2026-07-15T07:40:07.899+0000] {dag.py:3947} INFO - Setting next_dagrun for crypto_daily_pipeline to 2026-07-15 00:00:00+00:00, run_after=2026-07-16 00:00:00+00:00
[2026-07-15T07:40:07.905+0000] {processor.py:183} INFO - Processing /opt/airflow/dags/crypto_pipeline_dag.py took 0.048 seconds
[2026-07-15T07:40:38.043+0000] {processor.py:161} INFO - Started process (PID=1003) to work on /opt/airflow/dags/crypto_pipeline_dag.py
[2026-07-15T07:40:38.043+0000] {processor.py:830} INFO - Processing file /opt/airflow/dags/crypto_pipeline_dag.py for tasks to queue
[2026-07-15T07:40:38.044+0000] {logging_mixin.py:188} INFO - [2026-07-15T07:40:38.044+0000] {dagbag.py:545} INFO - Filling up the DagBag from /opt/airflow/dags/crypto_pipeline_dag.py
[2026-07-15T07:40:38.054+0000] {processor.py:840} INFO - DAG(s) 'crypto_daily_pipeline' retrieved from /opt/airflow/dags/crypto_pipeline_dag.py
[2026-07-15T07:40:38.073+0000] {logging_mixin.py:188} INFO - [2026-07-15T07:40:38.072+0000] {dag.py:3089} INFO - Sync 1 DAGs
[2026-07-15T07:40:38.082+0000] {logging_mixin.py:188} INFO - [2026-07-15T07:40:38.082+0000] {dag.py:3947} INFO - Setting next_dagrun for crypto_daily_pipeline to 2026-07-15 00:00:00+00:00, run_after=2026-07-16 00:00:00+00:00
[2026-07-15T07:40:38.089+0000] {processor.py:183} INFO - Processing /opt/airflow/dags/crypto_pipeline_dag.py took 0.049 seconds
[2026-07-15T07:41:08.234+0000] {processor.py:161} INFO - Started process (PID=1008) to work on /opt/airflow/dags/crypto_pipeline_dag.py
[2026-07-15T07:41:08.235+0000] {processor.py:830} INFO - Processing file /opt/airflow/dags/crypto_pipeline_dag.py for tasks to queue
[2026-07-15T07:41:08.236+0000] {logging_mixin.py:188} INFO - [2026-07-15T07:41:08.236+0000] {dagbag.py:545} INFO - Filling up the DagBag from /opt/airflow/dags/crypto_pipeline_dag.py
[2026-07-15T07:41:08.245+0000] {processor.py:840} INFO - DAG(s) 'crypto_daily_pipeline' retrieved from /opt/airflow/dags/crypto_pipeline_dag.py
[2026-07-15T07:41:08.262+0000] {logging_mixin.py:188} INFO - [2026-07-15T07:41:08.262+0000] {dag.py:3089} INFO - Sync 1 DAGs
[2026-07-15T07:41:08.270+0000] {logging_mixin.py:188} INFO - [2026-07-15T07:41:08.270+0000] {dag.py:3947} INFO - Setting next_dagrun for crypto_daily_pipeline to 2026-07-15 00:00:00+00:00, run_after=2026-07-16 00:00:00+00:00
[2026-07-15T07:41:08.276+0000] {processor.py:183} INFO - Processing /opt/airflow/dags/crypto_pipeline_dag.py took 0.046 seconds
[2026-07-15T07:41:38.437+0000] {processor.py:161} INFO - Started process (PID=1013) to work on /opt/airflow/dags/crypto_pipeline_dag.py
[2026-07-15T07:41:38.437+0000] {processor.py:830} INFO - Processing file /opt/airflow/dags/crypto_pipeline_dag.py for tasks to queue
[2026-07-15T07:41:38.438+0000] {logging_mixin.py:188} INFO - [2026-07-15T07:41:38.438+0000] {dagbag.py:545} INFO - Filling up the DagBag from /opt/airflow/dags/crypto_pipeline_dag.py
[2026-07-15T07:41:38.448+0000] {processor.py:840} INFO - DAG(s) 'crypto_daily_pipeline' retrieved from /opt/airflow/dags/crypto_pipeline_dag.py
[2026-07-15T07:41:38.466+0000] {logging_mixin.py:188} INFO - [2026-07-15T07:41:38.466+0000] {dag.py:3089} INFO - Sync 1 DAGs
[2026-07-15T07:41:38.475+0000] {logging_mixin.py:188} INFO - [2026-07-15T07:41:38.475+0000] {dag.py:3947} INFO - Setting next_dagrun for crypto_daily_pipeline to 2026-07-15 00:00:00+00:00, run_after=2026-07-16 00:00:00+00:00
[2026-07-15T07:41:38.481+0000] {processor.py:183} INFO - Processing /opt/airflow/dags/crypto_pipeline_dag.py took 0.047 seconds
[2026-07-15T07:42:08.645+0000] {processor.py:161} INFO - Started process (PID=1018) to work on /opt/airflow/dags/crypto_pipeline_dag.py
[2026-07-15T07:42:08.646+0000] {processor.py:830} INFO - Processing file /opt/airflow/dags/crypto_pipeline_dag.py for tasks to queue
[2026-07-15T07:42:08.648+0000] {logging_mixin.py:188} INFO - [2026-07-15T07:42:08.647+0000] {dagbag.py:545} INFO - Filling up the DagBag from /opt/airflow/dags/crypto_pipeline_dag.py
[2026-07-15T07:42:08.657+0000] {processor.py:840} INFO - DAG(s) 'crypto_daily_pipeline' retrieved from /opt/airflow/dags/crypto_pipeline_dag.py
[2026-07-15T07:42:08.675+0000] {logging_mixin.py:188} INFO - [2026-07-15T07:42:08.675+0000] {dag.py:3089} INFO - Sync 1 DAGs
[2026-07-15T07:42:08.685+0000] {logging_mixin.py:188} INFO - [2026-07-15T07:42:08.685+0000] {dag.py:3947} INFO - Setting next_dagrun for crypto_daily_pipeline to 2026-07-15 00:00:00+00:00, run_after=2026-07-16 00:00:00+00:00
[2026-07-15T07:42:08.691+0000] {processor.py:183} INFO - Processing /opt/airflow/dags/crypto_pipeline_dag.py took 0.049 seconds
[2026-07-15T07:42:38.839+0000] {processor.py:161} INFO - Started process (PID=1023) to work on /opt/airflow/dags/crypto_pipeline_dag.py
[2026-07-15T07:42:38.840+0000] {processor.py:830} INFO - Processing file /opt/airflow/dags/crypto_pipeline_dag.py for tasks to queue
[2026-07-15T07:42:38.842+0000] {logging_mixin.py:188} INFO - [2026-07-15T07:42:38.842+0000] {dagbag.py:545} INFO - Filling up the DagBag from /opt/airflow/dags/crypto_pipeline_dag.py
[2026-07-15T07:42:38.852+0000] {processor.py:840} INFO - DAG(s) 'crypto_daily_pipeline' retrieved from /opt/airflow/dags/crypto_pipeline_dag.py
[2026-07-15T07:42:38.869+0000] {logging_mixin.py:188} INFO - [2026-07-15T07:42:38.869+0000] {dag.py:3089} INFO - Sync 1 DAGs
[2026-07-15T07:42:38.878+0000] {logging_mixin.py:188} INFO - [2026-07-15T07:42:38.878+0000] {dag.py:3947} INFO - Setting next_dagrun for crypto_daily_pipeline to 2026-07-15 00:00:00+00:00, run_after=2026-07-16 00:00:00+00:00
[2026-07-15T07:42:38.884+0000] {processor.py:183} INFO - Processing /opt/airflow/dags/crypto_pipeline_dag.py took 0.048 seconds
[2026-07-15T07:43:09.034+0000] {processor.py:161} INFO - Started process (PID=1028) to work on /opt/airflow/dags/crypto_pipeline_dag.py
[2026-07-15T07:43:09.035+0000] {processor.py:830} INFO - Processing file /opt/airflow/dags/crypto_pipeline_dag.py for tasks to queue
[2026-07-15T07:43:09.037+0000] {logging_mixin.py:188} INFO - [2026-07-15T07:43:09.036+0000] {dagbag.py:545} INFO - Filling up the DagBag from /opt/airflow/dags/crypto_pipeline_dag.py
[2026-07-15T07:43:09.046+0000] {processor.py:840} INFO - DAG(s) 'crypto_daily_pipeline' retrieved from /opt/airflow/dags/crypto_pipeline_dag.py
[2026-07-15T07:43:09.061+0000] {logging_mixin.py:188} INFO - [2026-07-15T07:43:09.061+0000] {dag.py:3089} INFO - Sync 1 DAGs
[2026-07-15T07:43:09.070+0000] {logging_mixin.py:188} INFO - [2026-07-15T07:43:09.070+0000] {dag.py:3947} INFO - Setting next_dagrun for crypto_daily_pipeline to 2026-07-15 00:00:00+00:00, run_after=2026-07-16 00:00:00+00:00
[2026-07-15T07:43:09.076+0000] {processor.py:183} INFO - Processing /opt/airflow/dags/crypto_pipeline_dag.py took 0.045 seconds
[2026-07-15T07:43:39.238+0000] {processor.py:161} INFO - Started process (PID=1033) to work on /opt/airflow/dags/crypto_pipeline_dag.py
[2026-07-15T07:43:39.239+0000] {processor.py:830} INFO - Processing file /opt/airflow/dags/crypto_pipeline_dag.py for tasks to queue
[2026-07-15T07:43:39.240+0000] {logging_mixin.py:188} INFO - [2026-07-15T07:43:39.240+0000] {dagbag.py:545} INFO - Filling up the DagBag from /opt/airflow/dags/crypto_pipeline_dag.py
[2026-07-15T07:43:39.249+0000] {processor.py:840} INFO - DAG(s) 'crypto_daily_pipeline' retrieved from /opt/airflow/dags/crypto_pipeline_dag.py
[2026-07-15T07:43:39.267+0000] {logging_mixin.py:188} INFO - [2026-07-15T07:43:39.267+0000] {dag.py:3089} INFO - Sync 1 DAGs
[2026-07-15T07:43:39.277+0000] {logging_mixin.py:188} INFO - [2026-07-15T07:43:39.277+0000] {dag.py:3947} INFO - Setting next_dagrun for crypto_daily_pipeline to 2026-07-15 00:00:00+00:00, run_after=2026-07-16 00:00:00+00:00
[2026-07-15T07:43:39.283+0000] {processor.py:183} INFO - Processing /opt/airflow/dags/crypto_pipeline_dag.py took 0.048 seconds
[2026-07-15T07:44:09.416+0000] {processor.py:161} INFO - Started process (PID=1038) to work on /opt/airflow/dags/crypto_pipeline_dag.py
[2026-07-15T07:44:09.417+0000] {processor.py:830} INFO - Processing file /opt/airflow/dags/crypto_pipeline_dag.py for tasks to queue
[2026-07-15T07:44:09.418+0000] {logging_mixin.py:188} INFO - [2026-07-15T07:44:09.418+0000] {dagbag.py:545} INFO - Filling up the DagBag from /opt/airflow/dags/crypto_pipeline_dag.py
[2026-07-15T07:44:09.428+0000] {processor.py:840} INFO - DAG(s) 'crypto_daily_pipeline' retrieved from /opt/airflow/dags/crypto_pipeline_dag.py
[2026-07-15T07:44:09.446+0000] {logging_mixin.py:188} INFO - [2026-07-15T07:44:09.446+0000] {dag.py:3089} INFO - Sync 1 DAGs
[2026-07-15T07:44:09.456+0000] {logging_mixin.py:188} INFO - [2026-07-15T07:44:09.456+0000] {dag.py:3947} INFO - Setting next_dagrun for crypto_daily_pipeline to 2026-07-15 00:00:00+00:00, run_after=2026-07-16 00:00:00+00:00
[2026-07-15T07:44:09.461+0000] {processor.py:183} INFO - Processing /opt/airflow/dags/crypto_pipeline_dag.py took 0.050 seconds
[2026-07-15T07:44:39.628+0000] {processor.py:161} INFO - Started process (PID=1043) to work on /opt/airflow/dags/crypto_pipeline_dag.py
[2026-07-15T07:44:39.629+0000] {processor.py:830} INFO - Processing file /opt/airflow/dags/crypto_pipeline_dag.py for tasks to queue
[2026-07-15T07:44:39.631+0000] {logging_mixin.py:188} INFO - [2026-07-15T07:44:39.630+0000] {dagbag.py:545} INFO - Filling up the DagBag from /opt/airflow/dags/crypto_pipeline_dag.py
[2026-07-15T07:44:39.640+0000] {processor.py:840} INFO - DAG(s) 'crypto_daily_pipeline' retrieved from /opt/airflow/dags/crypto_pipeline_dag.py
[2026-07-15T07:44:39.657+0000] {logging_mixin.py:188} INFO - [2026-07-15T07:44:39.656+0000] {dag.py:3089} INFO - Sync 1 DAGs
[2026-07-15T07:44:39.666+0000] {logging_mixin.py:188} INFO - [2026-07-15T07:44:39.666+0000] {dag.py:3947} INFO - Setting next_dagrun for crypto_daily_pipeline to 2026-07-15 00:00:00+00:00, run_after=2026-07-16 00:00:00+00:00
[2026-07-15T07:44:39.672+0000] {processor.py:183} INFO - Processing /opt/airflow/dags/crypto_pipeline_dag.py took 0.048 seconds
[2026-07-15T07:45:09.840+0000] {processor.py:161} INFO - Started process (PID=1048) to work on /opt/airflow/dags/crypto_pipeline_dag.py
[2026-07-15T07:45:09.841+0000] {processor.py:830} INFO - Processing file /opt/airflow/dags/crypto_pipeline_dag.py for tasks to queue
[2026-07-15T07:45:09.842+0000] {logging_mixin.py:188} INFO - [2026-07-15T07:45:09.842+0000] {dagbag.py:545} INFO - Filling up the DagBag from /opt/airflow/dags/crypto_pipeline_dag.py
[2026-07-15T07:45:09.851+0000] {processor.py:840} INFO - DAG(s) 'crypto_daily_pipeline' retrieved from /opt/airflow/dags/crypto_pipeline_dag.py
[2026-07-15T07:45:09.869+0000] {logging_mixin.py:188} INFO - [2026-07-15T07:45:09.869+0000] {dag.py:3089} INFO - Sync 1 DAGs
[2026-07-15T07:45:09.878+0000] {logging_mixin.py:188} INFO - [2026-07-15T07:45:09.878+0000] {dag.py:3947} INFO - Setting next_dagrun for crypto_daily_pipeline to 2026-07-15 00:00:00+00:00, run_after=2026-07-16 00:00:00+00:00
[2026-07-15T07:45:09.884+0000] {processor.py:183} INFO - Processing /opt/airflow/dags/crypto_pipeline_dag.py took 0.049 seconds
[2026-07-15T07:45:40.035+0000] {processor.py:161} INFO - Started process (PID=1053) to work on /opt/airflow/dags/crypto_pipeline_dag.py
[2026-07-15T07:45:40.035+0000] {processor.py:830} INFO - Processing file /opt/airflow/dags/crypto_pipeline_dag.py for tasks to queue
[2026-07-15T07:45:40.037+0000] {logging_mixin.py:188} INFO - [2026-07-15T07:45:40.037+0000] {dagbag.py:545} INFO - Filling up the DagBag from /opt/airflow/dags/crypto_pipeline_dag.py
[2026-07-15T07:45:40.046+0000] {processor.py:840} INFO - DAG(s) 'crypto_daily_pipeline' retrieved from /opt/airflow/dags/crypto_pipeline_dag.py
[2026-07-15T07:45:40.064+0000] {logging_mixin.py:188} INFO - [2026-07-15T07:45:40.063+0000] {dag.py:3089} INFO - Sync 1 DAGs
[2026-07-15T07:45:40.073+0000] {logging_mixin.py:188} INFO - [2026-07-15T07:45:40.073+0000] {dag.py:3947} INFO - Setting next_dagrun for crypto_daily_pipeline to 2026-07-15 00:00:00+00:00, run_after=2026-07-16 00:00:00+00:00
[2026-07-15T07:45:40.080+0000] {processor.py:183} INFO - Processing /opt/airflow/dags/crypto_pipeline_dag.py took 0.049 seconds
[2026-07-15T07:46:10.266+0000] {processor.py:161} INFO - Started process (PID=1058) to work on /opt/airflow/dags/crypto_pipeline_dag.py
[2026-07-15T07:46:10.267+0000] {processor.py:830} INFO - Processing file /opt/airflow/dags/crypto_pipeline_dag.py for tasks to queue
[2026-07-15T07:46:10.269+0000] {logging_mixin.py:188} INFO - [2026-07-15T07:46:10.268+0000] {dagbag.py:545} INFO - Filling up the DagBag from /opt/airflow/dags/crypto_pipeline_dag.py
[2026-07-15T07:46:10.277+0000] {processor.py:840} INFO - DAG(s) 'crypto_daily_pipeline' retrieved from /opt/airflow/dags/crypto_pipeline_dag.py
[2026-07-15T07:46:10.294+0000] {logging_mixin.py:188} INFO - [2026-07-15T07:46:10.294+0000] {dag.py:3089} INFO - Sync 1 DAGs
[2026-07-15T07:46:10.303+0000] {logging_mixin.py:188} INFO - [2026-07-15T07:46:10.303+0000] {dag.py:3947} INFO - Setting next_dagrun for crypto_daily_pipeline to 2026-07-15 00:00:00+00:00, run_after=2026-07-16 00:00:00+00:00
[2026-07-15T07:46:10.309+0000] {processor.py:183} INFO - Processing /opt/airflow/dags/crypto_pipeline_dag.py took 0.047 seconds
[2026-07-15T07:46:40.444+0000] {processor.py:161} INFO - Started process (PID=1063) to work on /opt/airflow/dags/crypto_pipeline_dag.py
[2026-07-15T07:46:40.445+0000] {processor.py:830} INFO - Processing file /opt/airflow/dags/crypto_pipeline_dag.py for tasks to queue
[2026-07-15T07:46:40.445+0000] {logging_mixin.py:188} INFO - [2026-07-15T07:46:40.445+0000] {dagbag.py:545} INFO - Filling up the DagBag from /opt/airflow/dags/crypto_pipeline_dag.py
[2026-07-15T07:46:40.450+0000] {processor.py:840} INFO - DAG(s) 'crypto_daily_pipeline' retrieved from /opt/airflow/dags/crypto_pipeline_dag.py
[2026-07-15T07:46:40.460+0000] {logging_mixin.py:188} INFO - [2026-07-15T07:46:40.460+0000] {dag.py:3089} INFO - Sync 1 DAGs
[2026-07-15T07:46:40.467+0000] {logging_mixin.py:188} INFO - [2026-07-15T07:46:40.467+0000] {dag.py:3947} INFO - Setting next_dagrun for crypto_daily_pipeline to 2026-07-15 00:00:00+00:00, run_after=2026-07-16 00:00:00+00:00
[2026-07-15T07:46:40.471+0000] {processor.py:183} INFO - Processing /opt/airflow/dags/crypto_pipeline_dag.py took 0.030 seconds
[2026-07-15T07:47:10.666+0000] {processor.py:161} INFO - Started process (PID=1068) to work on /opt/airflow/dags/crypto_pipeline_dag.py
[2026-07-15T07:47:10.667+0000] {processor.py:830} INFO - Processing file /opt/airflow/dags/crypto_pipeline_dag.py for tasks to queue
[2026-07-15T07:47:10.668+0000] {logging_mixin.py:188} INFO - [2026-07-15T07:47:10.668+0000] {dagbag.py:545} INFO - Filling up the DagBag from /opt/airflow/dags/crypto_pipeline_dag.py
[2026-07-15T07:47:10.678+0000] {processor.py:840} INFO - DAG(s) 'crypto_daily_pipeline' retrieved from /opt/airflow/dags/crypto_pipeline_dag.py
[2026-07-15T07:47:10.696+0000] {logging_mixin.py:188} INFO - [2026-07-15T07:47:10.695+0000] {dag.py:3089} INFO - Sync 1 DAGs
[2026-07-15T07:47:10.706+0000] {logging_mixin.py:188} INFO - [2026-07-15T07:47:10.706+0000] {dag.py:3947} INFO - Setting next_dagrun for crypto_daily_pipeline to 2026-07-15 00:00:00+00:00, run_after=2026-07-16 00:00:00+00:00
[2026-07-15T07:47:10.712+0000] {processor.py:183} INFO - Processing /opt/airflow/dags/crypto_pipeline_dag.py took 0.049 seconds
[2026-07-15T07:47:40.863+0000] {processor.py:161} INFO - Started process (PID=1073) to work on /opt/airflow/dags/crypto_pipeline_dag.py
[2026-07-15T07:47:40.864+0000] {processor.py:830} INFO - Processing file /opt/airflow/dags/crypto_pipeline_dag.py for tasks to queue
[2026-07-15T07:47:40.866+0000] {logging_mixin.py:188} INFO - [2026-07-15T07:47:40.865+0000] {dagbag.py:545} INFO - Filling up the DagBag from /opt/airflow/dags/crypto_pipeline_dag.py
[2026-07-15T07:47:40.874+0000] {processor.py:840} INFO - DAG(s) 'crypto_daily_pipeline' retrieved from /opt/airflow/dags/crypto_pipeline_dag.py
[2026-07-15T07:47:40.890+0000] {logging_mixin.py:188} INFO - [2026-07-15T07:47:40.890+0000] {dag.py:3089} INFO - Sync 1 DAGs
[2026-07-15T07:47:40.900+0000] {logging_mixin.py:188} INFO - [2026-07-15T07:47:40.900+0000] {dag.py:3947} INFO - Setting next_dagrun for crypto_daily_pipeline to 2026-07-15 00:00:00+00:00, run_after=2026-07-16 00:00:00+00:00
[2026-07-15T07:47:40.905+0000] {processor.py:183} INFO - Processing /opt/airflow/dags/crypto_pipeline_dag.py took 0.047 seconds
[2026-07-15T07:48:11.050+0000] {processor.py:161} INFO - Started process (PID=1078) to work on /opt/airflow/dags/crypto_pipeline_dag.py
[2026-07-15T07:48:11.051+0000] {processor.py:830} INFO - Processing file /opt/airflow/dags/crypto_pipeline_dag.py for tasks to queue
[2026-07-15T07:48:11.052+0000] {logging_mixin.py:188} INFO - [2026-07-15T07:48:11.052+0000] {dagbag.py:545} INFO - Filling up the DagBag from /opt/airflow/dags/crypto_pipeline_dag.py
[2026-07-15T07:48:11.061+0000] {processor.py:840} INFO - DAG(s) 'crypto_daily_pipeline' retrieved from /opt/airflow/dags/crypto_pipeline_dag.py
[2026-07-15T07:48:11.079+0000] {logging_mixin.py:188} INFO - [2026-07-15T07:48:11.079+0000] {dag.py:3089} INFO - Sync 1 DAGs
[2026-07-15T07:48:11.089+0000] {logging_mixin.py:188} INFO - [2026-07-15T07:48:11.089+0000] {dag.py:3947} INFO - Setting next_dagrun for crypto_daily_pipeline to 2026-07-15 00:00:00+00:00, run_after=2026-07-16 00:00:00+00:00
[2026-07-15T07:48:11.095+0000] {processor.py:183} INFO - Processing /opt/airflow/dags/crypto_pipeline_dag.py took 0.049 seconds
[2026-07-15T07:48:41.253+0000] {processor.py:161} INFO - Started process (PID=1083) to work on /opt/airflow/dags/crypto_pipeline_dag.py
[2026-07-15T07:48:41.254+0000] {processor.py:830} INFO - Processing file /opt/airflow/dags/crypto_pipeline_dag.py for tasks to queue
[2026-07-15T07:48:41.256+0000] {logging_mixin.py:188} INFO - [2026-07-15T07:48:41.255+0000] {dagbag.py:545} INFO - Filling up the DagBag from /opt/airflow/dags/crypto_pipeline_dag.py
[2026-07-15T07:48:41.265+0000] {processor.py:840} INFO - DAG(s) 'crypto_daily_pipeline' retrieved from /opt/airflow/dags/crypto_pipeline_dag.py
[2026-07-15T07:48:41.282+0000] {logging_mixin.py:188} INFO - [2026-07-15T07:48:41.282+0000] {dag.py:3089} INFO - Sync 1 DAGs
[2026-07-15T07:48:41.292+0000] {logging_mixin.py:188} INFO - [2026-07-15T07:48:41.292+0000] {dag.py:3947} INFO - Setting next_dagrun for crypto_daily_pipeline to 2026-07-15 00:00:00+00:00, run_after=2026-07-16 00:00:00+00:00
[2026-07-15T07:48:41.298+0000] {processor.py:183} INFO - Processing /opt/airflow/dags/crypto_pipeline_dag.py took 0.049 seconds
[2026-07-15T07:49:11.449+0000] {processor.py:161} INFO - Started process (PID=1088) to work on /opt/airflow/dags/crypto_pipeline_dag.py
[2026-07-15T07:49:11.450+0000] {processor.py:830} INFO - Processing file /opt/airflow/dags/crypto_pipeline_dag.py for tasks to queue
[2026-07-15T07:49:11.451+0000] {logging_mixin.py:188} INFO - [2026-07-15T07:49:11.451+0000] {dagbag.py:545} INFO - Filling up the DagBag from /opt/airflow/dags/crypto_pipeline_dag.py
[2026-07-15T07:49:11.460+0000] {processor.py:840} INFO - DAG(s) 'crypto_daily_pipeline' retrieved from /opt/airflow/dags/crypto_pipeline_dag.py
[2026-07-15T07:49:11.477+0000] {logging_mixin.py:188} INFO - [2026-07-15T07:49:11.477+0000] {dag.py:3089} INFO - Sync 1 DAGs
[2026-07-15T07:49:11.487+0000] {logging_mixin.py:188} INFO - [2026-07-15T07:49:11.486+0000] {dag.py:3947} INFO - Setting next_dagrun for crypto_daily_pipeline to 2026-07-15 00:00:00+00:00, run_after=2026-07-16 00:00:00+00:00
[2026-07-15T07:49:11.492+0000] {processor.py:183} INFO - Processing /opt/airflow/dags/crypto_pipeline_dag.py took 0.048 seconds
[2026-07-15T07:49:41.643+0000] {processor.py:161} INFO - Started process (PID=1093) to work on /opt/airflow/dags/crypto_pipeline_dag.py
[2026-07-15T07:49:41.643+0000] {processor.py:830} INFO - Processing file /opt/airflow/dags/crypto_pipeline_dag.py for tasks to queue
[2026-07-15T07:49:41.645+0000] {logging_mixin.py:188} INFO - [2026-07-15T07:49:41.644+0000] {dagbag.py:545} INFO - Filling up the DagBag from /opt/airflow/dags/crypto_pipeline_dag.py
[2026-07-15T07:49:41.654+0000] {processor.py:840} INFO - DAG(s) 'crypto_daily_pipeline' retrieved from /opt/airflow/dags/crypto_pipeline_dag.py
[2026-07-15T07:49:41.673+0000] {logging_mixin.py:188} INFO - [2026-07-15T07:49:41.673+0000] {dag.py:3089} INFO - Sync 1 DAGs
[2026-07-15T07:49:41.683+0000] {logging_mixin.py:188} INFO - [2026-07-15T07:49:41.683+0000] {dag.py:3947} INFO - Setting next_dagrun for crypto_daily_pipeline to 2026-07-15 00:00:00+00:00, run_after=2026-07-16 00:00:00+00:00
[2026-07-15T07:49:41.689+0000] {processor.py:183} INFO - Processing /opt/airflow/dags/crypto_pipeline_dag.py took 0.050 seconds
[2026-07-15T07:50:11.825+0000] {processor.py:161} INFO - Started process (PID=1098) to work on /opt/airflow/dags/crypto_pipeline_dag.py
[2026-07-15T07:50:11.826+0000] {processor.py:830} INFO - Processing file /opt/airflow/dags/crypto_pipeline_dag.py for tasks to queue
[2026-07-15T07:50:11.828+0000] {logging_mixin.py:188} INFO - [2026-07-15T07:50:11.827+0000] {dagbag.py:545} INFO - Filling up the DagBag from /opt/airflow/dags/crypto_pipeline_dag.py
[2026-07-15T07:50:11.837+0000] {processor.py:840} INFO - DAG(s) 'crypto_daily_pipeline' retrieved from /opt/airflow/dags/crypto_pipeline_dag.py
[2026-07-15T07:50:11.854+0000] {logging_mixin.py:188} INFO - [2026-07-15T07:50:11.854+0000] {dag.py:3089} INFO - Sync 1 DAGs
[2026-07-15T07:50:11.864+0000] {logging_mixin.py:188} INFO - [2026-07-15T07:50:11.864+0000] {dag.py:3947} INFO - Setting next_dagrun for crypto_daily_pipeline to 2026-07-15 00:00:00+00:00, run_after=2026-07-16 00:00:00+00:00
[2026-07-15T07:50:11.869+0000] {processor.py:183} INFO - Processing /opt/airflow/dags/crypto_pipeline_dag.py took 0.049 seconds
[2026-07-15T07:50:42.001+0000] {processor.py:161} INFO - Started process (PID=1103) to work on /opt/airflow/dags/crypto_pipeline_dag.py
[2026-07-15T07:50:42.001+0000] {processor.py:830} INFO - Processing file /opt/airflow/dags/crypto_pipeline_dag.py for tasks to queue
[2026-07-15T07:50:42.003+0000] {logging_mixin.py:188} INFO - [2026-07-15T07:50:42.002+0000] {dagbag.py:545} INFO - Filling up the DagBag from /opt/airflow/dags/crypto_pipeline_dag.py
[2026-07-15T07:50:42.013+0000] {processor.py:840} INFO - DAG(s) 'crypto_daily_pipeline' retrieved from /opt/airflow/dags/crypto_pipeline_dag.py
[2026-07-15T07:50:42.031+0000] {logging_mixin.py:188} INFO - [2026-07-15T07:50:42.031+0000] {dag.py:3089} INFO - Sync 1 DAGs
[2026-07-15T07:50:42.041+0000] {logging_mixin.py:188} INFO - [2026-07-15T07:50:42.041+0000] {dag.py:3947} INFO - Setting next_dagrun for crypto_daily_pipeline to 2026-07-15 00:00:00+00:00, run_after=2026-07-16 00:00:00+00:00
[2026-07-15T07:50:42.047+0000] {processor.py:183} INFO - Processing /opt/airflow/dags/crypto_pipeline_dag.py took 0.050 seconds
[2026-07-15T07:51:12.196+0000] {processor.py:161} INFO - Started process (PID=1108) to work on /opt/airflow/dags/crypto_pipeline_dag.py
[2026-07-15T07:51:12.197+0000] {processor.py:830} INFO - Processing file /opt/airflow/dags/crypto_pipeline_dag.py for tasks to queue
[2026-07-15T07:51:12.198+0000] {logging_mixin.py:188} INFO - [2026-07-15T07:51:12.198+0000] {dagbag.py:545} INFO - Filling up the DagBag from /opt/airflow/dags/crypto_pipeline_dag.py
[2026-07-15T07:51:12.207+0000] {processor.py:840} INFO - DAG(s) 'crypto_daily_pipeline' retrieved from /opt/airflow/dags/crypto_pipeline_dag.py
[2026-07-15T07:51:12.225+0000] {logging_mixin.py:188} INFO - [2026-07-15T07:51:12.225+0000] {dag.py:3089} INFO - Sync 1 DAGs
[2026-07-15T07:51:12.235+0000] {logging_mixin.py:188} INFO - [2026-07-15T07:51:12.234+0000] {dag.py:3947} INFO - Setting next_dagrun for crypto_daily_pipeline to 2026-07-15 00:00:00+00:00, run_after=2026-07-16 00:00:00+00:00
[2026-07-15T07:51:12.240+0000] {processor.py:183} INFO - Processing /opt/airflow/dags/crypto_pipeline_dag.py took 0.048 seconds
[2026-07-15T07:51:42.368+0000] {processor.py:161} INFO - Started process (PID=1113) to work on /opt/airflow/dags/crypto_pipeline_dag.py
[2026-07-15T07:51:42.369+0000] {processor.py:830} INFO - Processing file /opt/airflow/dags/crypto_pipeline_dag.py for tasks to queue
[2026-07-15T07:51:42.369+0000] {logging_mixin.py:188} INFO - [2026-07-15T07:51:42.369+0000] {dagbag.py:545} INFO - Filling up the DagBag from /opt/airflow/dags/crypto_pipeline_dag.py
[2026-07-15T07:51:42.374+0000] {processor.py:840} INFO - DAG(s) 'crypto_daily_pipeline' retrieved from /opt/airflow/dags/crypto_pipeline_dag.py
[2026-07-15T07:51:42.383+0000] {logging_mixin.py:188} INFO - [2026-07-15T07:51:42.383+0000] {dag.py:3089} INFO - Sync 1 DAGs
[2026-07-15T07:51:42.390+0000] {logging_mixin.py:188} INFO - [2026-07-15T07:51:42.390+0000] {dag.py:3947} INFO - Setting next_dagrun for crypto_daily_pipeline to 2026-07-15 00:00:00+00:00, run_after=2026-07-16 00:00:00+00:00
[2026-07-15T07:51:42.395+0000] {processor.py:183} INFO - Processing /opt/airflow/dags/crypto_pipeline_dag.py took 0.029 seconds
[2026-07-15T07:52:12.562+0000] {processor.py:161} INFO - Started process (PID=1118) to work on /opt/airflow/dags/crypto_pipeline_dag.py
[2026-07-15T07:52:12.563+0000] {processor.py:830} INFO - Processing file /opt/airflow/dags/crypto_pipeline_dag.py for tasks to queue
[2026-07-15T07:52:12.565+0000] {logging_mixin.py:188} INFO - [2026-07-15T07:52:12.565+0000] {dagbag.py:545} INFO - Filling up the DagBag from /opt/airflow/dags/crypto_pipeline_dag.py
[2026-07-15T07:52:12.574+0000] {processor.py:840} INFO - DAG(s) 'crypto_daily_pipeline' retrieved from /opt/airflow/dags/crypto_pipeline_dag.py
[2026-07-15T07:52:12.591+0000] {logging_mixin.py:188} INFO - [2026-07-15T07:52:12.591+0000] {dag.py:3089} INFO - Sync 1 DAGs
[2026-07-15T07:52:12.602+0000] {logging_mixin.py:188} INFO - [2026-07-15T07:52:12.602+0000] {dag.py:3947} INFO - Setting next_dagrun for crypto_daily_pipeline to 2026-07-15 00:00:00+00:00, run_after=2026-07-16 00:00:00+00:00
[2026-07-15T07:52:12.608+0000] {processor.py:183} INFO - Processing /opt/airflow/dags/crypto_pipeline_dag.py took 0.049 seconds
[2026-07-15T07:52:42.748+0000] {processor.py:161} INFO - Started process (PID=1123) to work on /opt/airflow/dags/crypto_pipeline_dag.py
[2026-07-15T07:52:42.750+0000] {processor.py:830} INFO - Processing file /opt/airflow/dags/crypto_pipeline_dag.py for tasks to queue
[2026-07-15T07:52:42.752+0000] {logging_mixin.py:188} INFO - [2026-07-15T07:52:42.751+0000] {dagbag.py:545} INFO - Filling up the DagBag from /opt/airflow/dags/crypto_pipeline_dag.py
[2026-07-15T07:52:42.761+0000] {processor.py:840} INFO - DAG(s) 'crypto_daily_pipeline' retrieved from /opt/airflow/dags/crypto_pipeline_dag.py
[2026-07-15T07:52:42.779+0000] {logging_mixin.py:188} INFO - [2026-07-15T07:52:42.779+0000] {dag.py:3089} INFO - Sync 1 DAGs
[2026-07-15T07:52:42.788+0000] {logging_mixin.py:188} INFO - [2026-07-15T07:52:42.788+0000] {dag.py:3947} INFO - Setting next_dagrun for crypto_daily_pipeline to 2026-07-15 00:00:00+00:00, run_after=2026-07-16 00:00:00+00:00
[2026-07-15T07:52:42.794+0000] {processor.py:183} INFO - Processing /opt/airflow/dags/crypto_pipeline_dag.py took 0.050 seconds
[2026-07-15T07:53:12.934+0000] {processor.py:161} INFO - Started process (PID=1128) to work on /opt/airflow/dags/crypto_pipeline_dag.py
[2026-07-15T07:53:12.935+0000] {processor.py:830} INFO - Processing file /opt/airflow/dags/crypto_pipeline_dag.py for tasks to queue
[2026-07-15T07:53:12.936+0000] {logging_mixin.py:188} INFO - [2026-07-15T07:53:12.936+0000] {dagbag.py:545} INFO - Filling up the DagBag from /opt/airflow/dags/crypto_pipeline_dag.py
[2026-07-15T07:53:12.946+0000] {processor.py:840} INFO - DAG(s) 'crypto_daily_pipeline' retrieved from /opt/airflow/dags/crypto_pipeline_dag.py
[2026-07-15T07:53:12.965+0000] {logging_mixin.py:188} INFO - [2026-07-15T07:53:12.965+0000] {dag.py:3089} INFO - Sync 1 DAGs
[2026-07-15T07:53:12.974+0000] {logging_mixin.py:188} INFO - [2026-07-15T07:53:12.974+0000] {dag.py:3947} INFO - Setting next_dagrun for crypto_daily_pipeline to 2026-07-15 00:00:00+00:00, run_after=2026-07-16 00:00:00+00:00
[2026-07-15T07:53:12.980+0000] {processor.py:183} INFO - Processing /opt/airflow/dags/crypto_pipeline_dag.py took 0.050 seconds
[2026-07-15T07:53:43.118+0000] {processor.py:161} INFO - Started process (PID=1133) to work on /opt/airflow/dags/crypto_pipeline_dag.py
[2026-07-15T07:53:43.119+0000] {processor.py:830} INFO - Processing file /opt/airflow/dags/crypto_pipeline_dag.py for tasks to queue
[2026-07-15T07:53:43.120+0000] {logging_mixin.py:188} INFO - [2026-07-15T07:53:43.120+0000] {dagbag.py:545} INFO - Filling up the DagBag from /opt/airflow/dags/crypto_pipeline_dag.py
[2026-07-15T07:53:43.130+0000] {processor.py:840} INFO - DAG(s) 'crypto_daily_pipeline' retrieved from /opt/airflow/dags/crypto_pipeline_dag.py
[2026-07-15T07:53:43.147+0000] {logging_mixin.py:188} INFO - [2026-07-15T07:53:43.147+0000] {dag.py:3089} INFO - Sync 1 DAGs
[2026-07-15T07:53:43.157+0000] {logging_mixin.py:188} INFO - [2026-07-15T07:53:43.156+0000] {dag.py:3947} INFO - Setting next_dagrun for crypto_daily_pipeline to 2026-07-15 00:00:00+00:00, run_after=2026-07-16 00:00:00+00:00
[2026-07-15T07:53:43.162+0000] {processor.py:183} INFO - Processing /opt/airflow/dags/crypto_pipeline_dag.py took 0.048 seconds
[2026-07-15T07:54:13.304+0000] {processor.py:161} INFO - Started process (PID=1138) to work on /opt/airflow/dags/crypto_pipeline_dag.py
[2026-07-15T07:54:13.305+0000] {processor.py:830} INFO - Processing file /opt/airflow/dags/crypto_pipeline_dag.py for tasks to queue
[2026-07-15T07:54:13.306+0000] {logging_mixin.py:188} INFO - [2026-07-15T07:54:13.306+0000] {dagbag.py:545} INFO - Filling up the DagBag from /opt/airflow/dags/crypto_pipeline_dag.py
[2026-07-15T07:54:13.314+0000] {processor.py:840} INFO - DAG(s) 'crypto_daily_pipeline' retrieved from /opt/airflow/dags/crypto_pipeline_dag.py
[2026-07-15T07:54:13.331+0000] {logging_mixin.py:188} INFO - [2026-07-15T07:54:13.331+0000] {dag.py:3089} INFO - Sync 1 DAGs
[2026-07-15T07:54:13.340+0000] {logging_mixin.py:188} INFO - [2026-07-15T07:54:13.339+0000] {dag.py:3947} INFO - Setting next_dagrun for crypto_daily_pipeline to 2026-07-15 00:00:00+00:00, run_after=2026-07-16 00:00:00+00:00
[2026-07-15T07:54:13.345+0000] {processor.py:183} INFO - Processing /opt/airflow/dags/crypto_pipeline_dag.py took 0.045 seconds
[2026-07-15T07:54:43.498+0000] {processor.py:161} INFO - Started process (PID=1143) to work on /opt/airflow/dags/crypto_pipeline_dag.py
[2026-07-15T07:54:43.499+0000] {processor.py:830} INFO - Processing file /opt/airflow/dags/crypto_pipeline_dag.py for tasks to queue
[2026-07-15T07:54:43.500+0000] {logging_mixin.py:188} INFO - [2026-07-15T07:54:43.500+0000] {dagbag.py:545} INFO - Filling up the DagBag from /opt/airflow/dags/crypto_pipeline_dag.py
[2026-07-15T07:54:43.510+0000] {processor.py:840} INFO - DAG(s) 'crypto_daily_pipeline' retrieved from /opt/airflow/dags/crypto_pipeline_dag.py
[2026-07-15T07:54:43.528+0000] {logging_mixin.py:188} INFO - [2026-07-15T07:54:43.528+0000] {dag.py:3089} INFO - Sync 1 DAGs
[2026-07-15T07:54:43.537+0000] {logging_mixin.py:188} INFO - [2026-07-15T07:54:43.537+0000] {dag.py:3947} INFO - Setting next_dagrun for crypto_daily_pipeline to 2026-07-15 00:00:00+00:00, run_after=2026-07-16 00:00:00+00:00
[2026-07-15T07:54:43.544+0000] {processor.py:183} INFO - Processing /opt/airflow/dags/crypto_pipeline_dag.py took 0.049 seconds
[2026-07-15T07:55:13.713+0000] {processor.py:161} INFO - Started process (PID=1148) to work on /opt/airflow/dags/crypto_pipeline_dag.py
[2026-07-15T07:55:13.713+0000] {processor.py:830} INFO - Processing file /opt/airflow/dags/crypto_pipeline_dag.py for tasks to queue
[2026-07-15T07:55:13.715+0000] {logging_mixin.py:188} INFO - [2026-07-15T07:55:13.715+0000] {dagbag.py:545} INFO - Filling up the DagBag from /opt/airflow/dags/crypto_pipeline_dag.py
[2026-07-15T07:55:13.725+0000] {processor.py:840} INFO - DAG(s) 'crypto_daily_pipeline' retrieved from /opt/airflow/dags/crypto_pipeline_dag.py
[2026-07-15T07:55:13.742+0000] {logging_mixin.py:188} INFO - [2026-07-15T07:55:13.742+0000] {dag.py:3089} INFO - Sync 1 DAGs
[2026-07-15T07:55:13.752+0000] {logging_mixin.py:188} INFO - [2026-07-15T07:55:13.752+0000] {dag.py:3947} INFO - Setting next_dagrun for crypto_daily_pipeline to 2026-07-15 00:00:00+00:00, run_after=2026-07-16 00:00:00+00:00
[2026-07-15T07:55:13.758+0000] {processor.py:183} INFO - Processing /opt/airflow/dags/crypto_pipeline_dag.py took 0.049 seconds
[2026-07-15T07:55:43.913+0000] {processor.py:161} INFO - Started process (PID=1153) to work on /opt/airflow/dags/crypto_pipeline_dag.py
[2026-07-15T07:55:43.913+0000] {processor.py:830} INFO - Processing file /opt/airflow/dags/crypto_pipeline_dag.py for tasks to queue
[2026-07-15T07:55:43.915+0000] {logging_mixin.py:188} INFO - [2026-07-15T07:55:43.914+0000] {dagbag.py:545} INFO - Filling up the DagBag from /opt/airflow/dags/crypto_pipeline_dag.py
[2026-07-15T07:55:43.923+0000] {processor.py:840} INFO - DAG(s) 'crypto_daily_pipeline' retrieved from /opt/airflow/dags/crypto_pipeline_dag.py
[2026-07-15T07:55:43.939+0000] {logging_mixin.py:188} INFO - [2026-07-15T07:55:43.939+0000] {dag.py:3089} INFO - Sync 1 DAGs
[2026-07-15T07:55:43.946+0000] {logging_mixin.py:188} INFO - [2026-07-15T07:55:43.946+0000] {dag.py:3947} INFO - Setting next_dagrun for crypto_daily_pipeline to 2026-07-15 00:00:00+00:00, run_after=2026-07-16 00:00:00+00:00
[2026-07-15T07:55:43.952+0000] {processor.py:183} INFO - Processing /opt/airflow/dags/crypto_pipeline_dag.py took 0.044 seconds
[2026-07-15T07:56:14.133+0000] {processor.py:161} INFO - Started process (PID=1158) to work on /opt/airflow/dags/crypto_pipeline_dag.py
[2026-07-15T07:56:14.134+0000] {processor.py:830} INFO - Processing file /opt/airflow/dags/crypto_pipeline_dag.py for tasks to queue
[2026-07-15T07:56:14.135+0000] {logging_mixin.py:188} INFO - [2026-07-15T07:56:14.135+0000] {dagbag.py:545} INFO - Filling up the DagBag from /opt/airflow/dags/crypto_pipeline_dag.py
[2026-07-15T07:56:14.143+0000] {processor.py:840} INFO - DAG(s) 'crypto_daily_pipeline' retrieved from /opt/airflow/dags/crypto_pipeline_dag.py
[2026-07-15T07:56:14.159+0000] {logging_mixin.py:188} INFO - [2026-07-15T07:56:14.159+0000] {dag.py:3089} INFO - Sync 1 DAGs
[2026-07-15T07:56:14.167+0000] {logging_mixin.py:188} INFO - [2026-07-15T07:56:14.166+0000] {dag.py:3947} INFO - Setting next_dagrun for crypto_daily_pipeline to 2026-07-15 00:00:00+00:00, run_after=2026-07-16 00:00:00+00:00
[2026-07-15T07:56:14.172+0000] {processor.py:183} INFO - Processing /opt/airflow/dags/crypto_pipeline_dag.py took 0.043 seconds
[2026-07-15T07:56:44.358+0000] {processor.py:161} INFO - Started process (PID=1163) to work on /opt/airflow/dags/crypto_pipeline_dag.py
[2026-07-15T07:56:44.358+0000] {processor.py:830} INFO - Processing file /opt/airflow/dags/crypto_pipeline_dag.py for tasks to queue
[2026-07-15T07:56:44.360+0000] {logging_mixin.py:188} INFO - [2026-07-15T07:56:44.360+0000] {dagbag.py:545} INFO - Filling up the DagBag from /opt/airflow/dags/crypto_pipeline_dag.py
[2026-07-15T07:56:44.370+0000] {processor.py:840} INFO - DAG(s) 'crypto_daily_pipeline' retrieved from /opt/airflow/dags/crypto_pipeline_dag.py
[2026-07-15T07:56:44.388+0000] {logging_mixin.py:188} INFO - [2026-07-15T07:56:44.388+0000] {dag.py:3089} INFO - Sync 1 DAGs
[2026-07-15T07:56:44.397+0000] {logging_mixin.py:188} INFO - [2026-07-15T07:56:44.397+0000] {dag.py:3947} INFO - Setting next_dagrun for crypto_daily_pipeline to 2026-07-15 00:00:00+00:00, run_after=2026-07-16 00:00:00+00:00
[2026-07-15T07:56:44.403+0000] {processor.py:183} INFO - Processing /opt/airflow/dags/crypto_pipeline_dag.py took 0.049 seconds
[2026-07-15T07:57:14.549+0000] {processor.py:161} INFO - Started process (PID=1168) to work on /opt/airflow/dags/crypto_pipeline_dag.py
[2026-07-15T07:57:14.551+0000] {processor.py:830} INFO - Processing file /opt/airflow/dags/crypto_pipeline_dag.py for tasks to queue
[2026-07-15T07:57:14.552+0000] {logging_mixin.py:188} INFO - [2026-07-15T07:57:14.552+0000] {dagbag.py:545} INFO - Filling up the DagBag from /opt/airflow/dags/crypto_pipeline_dag.py
[2026-07-15T07:57:14.562+0000] {processor.py:840} INFO - DAG(s) 'crypto_daily_pipeline' retrieved from /opt/airflow/dags/crypto_pipeline_dag.py
[2026-07-15T07:57:14.579+0000] {logging_mixin.py:188} INFO - [2026-07-15T07:57:14.579+0000] {dag.py:3089} INFO - Sync 1 DAGs
[2026-07-15T07:57:14.587+0000] {logging_mixin.py:188} INFO - [2026-07-15T07:57:14.587+0000] {dag.py:3947} INFO - Setting next_dagrun for crypto_daily_pipeline to 2026-07-15 00:00:00+00:00, run_after=2026-07-16 00:00:00+00:00
[2026-07-15T07:57:14.593+0000] {processor.py:183} INFO - Processing /opt/airflow/dags/crypto_pipeline_dag.py took 0.047 seconds
[2026-07-15T07:57:44.732+0000] {processor.py:161} INFO - Started process (PID=1173) to work on /opt/airflow/dags/crypto_pipeline_dag.py
[2026-07-15T07:57:44.733+0000] {processor.py:830} INFO - Processing file /opt/airflow/dags/crypto_pipeline_dag.py for tasks to queue
[2026-07-15T07:57:44.734+0000] {logging_mixin.py:188} INFO - [2026-07-15T07:57:44.734+0000] {dagbag.py:545} INFO - Filling up the DagBag from /opt/airflow/dags/crypto_pipeline_dag.py
[2026-07-15T07:57:44.743+0000] {processor.py:840} INFO - DAG(s) 'crypto_daily_pipeline' retrieved from /opt/airflow/dags/crypto_pipeline_dag.py
[2026-07-15T07:57:44.760+0000] {logging_mixin.py:188} INFO - [2026-07-15T07:57:44.759+0000] {dag.py:3089} INFO - Sync 1 DAGs
[2026-07-15T07:57:44.769+0000] {logging_mixin.py:188} INFO - [2026-07-15T07:57:44.769+0000] {dag.py:3947} INFO - Setting next_dagrun for crypto_daily_pipeline to 2026-07-15 00:00:00+00:00, run_after=2026-07-16 00:00:00+00:00
[2026-07-15T07:57:44.775+0000] {processor.py:183} INFO - Processing /opt/airflow/dags/crypto_pipeline_dag.py took 0.047 seconds
[2026-07-15T07:58:14.914+0000] {processor.py:161} INFO - Started process (PID=1178) to work on /opt/airflow/dags/crypto_pipeline_dag.py
[2026-07-15T07:58:14.915+0000] {processor.py:830} INFO - Processing file /opt/airflow/dags/crypto_pipeline_dag.py for tasks to queue
[2026-07-15T07:58:14.917+0000] {logging_mixin.py:188} INFO - [2026-07-15T07:58:14.917+0000] {dagbag.py:545} INFO - Filling up the DagBag from /opt/airflow/dags/crypto_pipeline_dag.py
[2026-07-15T07:58:14.926+0000] {processor.py:840} INFO - DAG(s) 'crypto_daily_pipeline' retrieved from /opt/airflow/dags/crypto_pipeline_dag.py
[2026-07-15T07:58:14.944+0000] {logging_mixin.py:188} INFO - [2026-07-15T07:58:14.944+0000] {dag.py:3089} INFO - Sync 1 DAGs
[2026-07-15T07:58:14.953+0000] {logging_mixin.py:188} INFO - [2026-07-15T07:58:14.952+0000] {dag.py:3947} INFO - Setting next_dagrun for crypto_daily_pipeline to 2026-07-15 00:00:00+00:00, run_after=2026-07-16 00:00:00+00:00
[2026-07-15T07:58:14.958+0000] {processor.py:183} INFO - Processing /opt/airflow/dags/crypto_pipeline_dag.py took 0.048 seconds
[2026-07-15T07:58:45.107+0000] {processor.py:161} INFO - Started process (PID=1183) to work on /opt/airflow/dags/crypto_pipeline_dag.py
[2026-07-15T07:58:45.108+0000] {processor.py:830} INFO - Processing file /opt/airflow/dags/crypto_pipeline_dag.py for tasks to queue
[2026-07-15T07:58:45.109+0000] {logging_mixin.py:188} INFO - [2026-07-15T07:58:45.109+0000] {dagbag.py:545} INFO - Filling up the DagBag from /opt/airflow/dags/crypto_pipeline_dag.py
[2026-07-15T07:58:45.120+0000] {processor.py:840} INFO - DAG(s) 'crypto_daily_pipeline' retrieved from /opt/airflow/dags/crypto_pipeline_dag.py
[2026-07-15T07:58:45.138+0000] {logging_mixin.py:188} INFO - [2026-07-15T07:58:45.138+0000] {dag.py:3089} INFO - Sync 1 DAGs
[2026-07-15T07:58:45.147+0000] {logging_mixin.py:188} INFO - [2026-07-15T07:58:45.147+0000] {dag.py:3947} INFO - Setting next_dagrun for crypto_daily_pipeline to 2026-07-15 00:00:00+00:00, run_after=2026-07-16 00:00:00+00:00
[2026-07-15T07:58:45.152+0000] {processor.py:183} INFO - Processing /opt/airflow/dags/crypto_pipeline_dag.py took 0.049 seconds
[2026-07-15T07:59:15.290+0000] {processor.py:161} INFO - Started process (PID=1188) to work on /opt/airflow/dags/crypto_pipeline_dag.py
[2026-07-15T07:59:15.291+0000] {processor.py:830} INFO - Processing file /opt/airflow/dags/crypto_pipeline_dag.py for tasks to queue
[2026-07-15T07:59:15.293+0000] {logging_mixin.py:188} INFO - [2026-07-15T07:59:15.293+0000] {dagbag.py:545} INFO - Filling up the DagBag from /opt/airflow/dags/crypto_pipeline_dag.py
[2026-07-15T07:59:15.302+0000] {processor.py:840} INFO - DAG(s) 'crypto_daily_pipeline' retrieved from /opt/airflow/dags/crypto_pipeline_dag.py
[2026-07-15T07:59:15.319+0000] {logging_mixin.py:188} INFO - [2026-07-15T07:59:15.319+0000] {dag.py:3089} INFO - Sync 1 DAGs
[2026-07-15T07:59:15.327+0000] {logging_mixin.py:188} INFO - [2026-07-15T07:59:15.327+0000] {dag.py:3947} INFO - Setting next_dagrun for crypto_daily_pipeline to 2026-07-15 00:00:00+00:00, run_after=2026-07-16 00:00:00+00:00
[2026-07-15T07:59:15.333+0000] {processor.py:183} INFO - Processing /opt/airflow/dags/crypto_pipeline_dag.py took 0.046 seconds
[2026-07-15T07:59:45.472+0000] {processor.py:161} INFO - Started process (PID=1193) to work on /opt/airflow/dags/crypto_pipeline_dag.py
[2026-07-15T07:59:45.473+0000] {processor.py:830} INFO - Processing file /opt/airflow/dags/crypto_pipeline_dag.py for tasks to queue
[2026-07-15T07:59:45.474+0000] {logging_mixin.py:188} INFO - [2026-07-15T07:59:45.474+0000] {dagbag.py:545} INFO - Filling up the DagBag from /opt/airflow/dags/crypto_pipeline_dag.py
[2026-07-15T07:59:45.480+0000] {processor.py:840} INFO - DAG(s) 'crypto_daily_pipeline' retrieved from /opt/airflow/dags/crypto_pipeline_dag.py
[2026-07-15T07:59:45.493+0000] {logging_mixin.py:188} INFO - [2026-07-15T07:59:45.492+0000] {dag.py:3089} INFO - Sync 1 DAGs
[2026-07-15T07:59:45.501+0000] {logging_mixin.py:188} INFO - [2026-07-15T07:59:45.501+0000] {dag.py:3947} INFO - Setting next_dagrun for crypto_daily_pipeline to 2026-07-15 00:00:00+00:00, run_after=2026-07-16 00:00:00+00:00
[2026-07-15T07:59:45.507+0000] {processor.py:183} INFO - Processing /opt/airflow/dags/crypto_pipeline_dag.py took 0.037 seconds
[2026-07-15T08:00:15.674+0000] {processor.py:161} INFO - Started process (PID=1198) to work on /opt/airflow/dags/crypto_pipeline_dag.py
[2026-07-15T08:00:15.675+0000] {processor.py:830} INFO - Processing file /opt/airflow/dags/crypto_pipeline_dag.py for tasks to queue
[2026-07-15T08:00:15.677+0000] {logging_mixin.py:188} INFO - [2026-07-15T08:00:15.677+0000] {dagbag.py:545} INFO - Filling up the DagBag from /opt/airflow/dags/crypto_pipeline_dag.py
[2026-07-15T08:00:15.686+0000] {processor.py:840} INFO - DAG(s) 'crypto_daily_pipeline' retrieved from /opt/airflow/dags/crypto_pipeline_dag.py
[2026-07-15T08:00:15.703+0000] {logging_mixin.py:188} INFO - [2026-07-15T08:00:15.703+0000] {dag.py:3089} INFO - Sync 1 DAGs
[2026-07-15T08:00:15.711+0000] {logging_mixin.py:188} INFO - [2026-07-15T08:00:15.711+0000] {dag.py:3947} INFO - Setting next_dagrun for crypto_daily_pipeline to 2026-07-15 00:00:00+00:00, run_after=2026-07-16 00:00:00+00:00
[2026-07-15T08:00:15.717+0000] {processor.py:183} INFO - Processing /opt/airflow/dags/crypto_pipeline_dag.py took 0.047 seconds
[2026-07-15T08:00:45.869+0000] {processor.py:161} INFO - Started process (PID=1203) to work on /opt/airflow/dags/crypto_pipeline_dag.py
[2026-07-15T08:00:45.871+0000] {processor.py:830} INFO - Processing file /opt/airflow/dags/crypto_pipeline_dag.py for tasks to queue
[2026-07-15T08:00:45.872+0000] {logging_mixin.py:188} INFO - [2026-07-15T08:00:45.872+0000] {dagbag.py:545} INFO - Filling up the DagBag from /opt/airflow/dags/crypto_pipeline_dag.py
[2026-07-15T08:00:45.882+0000] {processor.py:840} INFO - DAG(s) 'crypto_daily_pipeline' retrieved from /opt/airflow/dags/crypto_pipeline_dag.py
[2026-07-15T08:00:45.899+0000] {logging_mixin.py:188} INFO - [2026-07-15T08:00:45.899+0000] {dag.py:3089} INFO - Sync 1 DAGs
[2026-07-15T08:00:45.909+0000] {logging_mixin.py:188} INFO - [2026-07-15T08:00:45.909+0000] {dag.py:3947} INFO - Setting next_dagrun for crypto_daily_pipeline to 2026-07-15 00:00:00+00:00, run_after=2026-07-16 00:00:00+00:00
[2026-07-15T08:00:45.914+0000] {processor.py:183} INFO - Processing /opt/airflow/dags/crypto_pipeline_dag.py took 0.049 seconds
[2026-07-15T08:01:16.061+0000] {processor.py:161} INFO - Started process (PID=1208) to work on /opt/airflow/dags/crypto_pipeline_dag.py
[2026-07-15T08:01:16.062+0000] {processor.py:830} INFO - Processing file /opt/airflow/dags/crypto_pipeline_dag.py for tasks to queue
[2026-07-15T08:01:16.064+0000] {logging_mixin.py:188} INFO - [2026-07-15T08:01:16.064+0000] {dagbag.py:545} INFO - Filling up the DagBag from /opt/airflow/dags/crypto_pipeline_dag.py
[2026-07-15T08:01:16.073+0000] {processor.py:840} INFO - DAG(s) 'crypto_daily_pipeline' retrieved from /opt/airflow/dags/crypto_pipeline_dag.py
[2026-07-15T08:01:16.092+0000] {logging_mixin.py:188} INFO - [2026-07-15T08:01:16.092+0000] {dag.py:3089} INFO - Sync 1 DAGs
[2026-07-15T08:01:16.101+0000] {logging_mixin.py:188} INFO - [2026-07-15T08:01:16.101+0000] {dag.py:3947} INFO - Setting next_dagrun for crypto_daily_pipeline to 2026-07-15 00:00:00+00:00, run_after=2026-07-16 00:00:00+00:00
[2026-07-15T08:01:16.106+0000] {processor.py:183} INFO - Processing /opt/airflow/dags/crypto_pipeline_dag.py took 0.049 seconds
[2026-07-15T08:01:46.243+0000] {processor.py:161} INFO - Started process (PID=1213) to work on /opt/airflow/dags/crypto_pipeline_dag.py
[2026-07-15T08:01:46.244+0000] {processor.py:830} INFO - Processing file /opt/airflow/dags/crypto_pipeline_dag.py for tasks to queue
[2026-07-15T08:01:46.245+0000] {logging_mixin.py:188} INFO - [2026-07-15T08:01:46.245+0000] {dagbag.py:545} INFO - Filling up the DagBag from /opt/airflow/dags/crypto_pipeline_dag.py
[2026-07-15T08:01:46.254+0000] {processor.py:840} INFO - DAG(s) 'crypto_daily_pipeline' retrieved from /opt/airflow/dags/crypto_pipeline_dag.py
[2026-07-15T08:01:46.271+0000] {logging_mixin.py:188} INFO - [2026-07-15T08:01:46.271+0000] {dag.py:3089} INFO - Sync 1 DAGs
[2026-07-15T08:01:46.280+0000] {logging_mixin.py:188} INFO - [2026-07-15T08:01:46.280+0000] {dag.py:3947} INFO - Setting next_dagrun for crypto_daily_pipeline to 2026-07-15 00:00:00+00:00, run_after=2026-07-16 00:00:00+00:00
[2026-07-15T08:01:46.285+0000] {processor.py:183} INFO - Processing /opt/airflow/dags/crypto_pipeline_dag.py took 0.048 seconds
[2026-07-15T08:02:16.444+0000] {processor.py:161} INFO - Started process (PID=1218) to work on /opt/airflow/dags/crypto_pipeline_dag.py
[2026-07-15T08:02:16.445+0000] {processor.py:830} INFO - Processing file /opt/airflow/dags/crypto_pipeline_dag.py for tasks to queue
[2026-07-15T08:02:16.446+0000] {logging_mixin.py:188} INFO - [2026-07-15T08:02:16.446+0000] {dagbag.py:545} INFO - Filling up the DagBag from /opt/airflow/dags/crypto_pipeline_dag.py
[2026-07-15T08:02:16.456+0000] {processor.py:840} INFO - DAG(s) 'crypto_daily_pipeline' retrieved from /opt/airflow/dags/crypto_pipeline_dag.py
[2026-07-15T08:02:16.473+0000] {logging_mixin.py:188} INFO - [2026-07-15T08:02:16.473+0000] {dag.py:3089} INFO - Sync 1 DAGs
[2026-07-15T08:02:16.482+0000] {logging_mixin.py:188} INFO - [2026-07-15T08:02:16.482+0000] {dag.py:3947} INFO - Setting next_dagrun for crypto_daily_pipeline to 2026-07-15 00:00:00+00:00, run_after=2026-07-16 00:00:00+00:00
[2026-07-15T08:02:16.488+0000] {processor.py:183} INFO - Processing /opt/airflow/dags/crypto_pipeline_dag.py took 0.049 seconds
[2026-07-15T08:02:46.628+0000] {processor.py:161} INFO - Started process (PID=1223) to work on /opt/airflow/dags/crypto_pipeline_dag.py
[2026-07-15T08:02:46.629+0000] {processor.py:830} INFO - Processing file /opt/airflow/dags/crypto_pipeline_dag.py for tasks to queue
[2026-07-15T08:02:46.630+0000] {logging_mixin.py:188} INFO - [2026-07-15T08:02:46.630+0000] {dagbag.py:545} INFO - Filling up the DagBag from /opt/airflow/dags/crypto_pipeline_dag.py
[2026-07-15T08:02:46.638+0000] {processor.py:840} INFO - DAG(s) 'crypto_daily_pipeline' retrieved from /opt/airflow/dags/crypto_pipeline_dag.py
[2026-07-15T08:02:46.655+0000] {logging_mixin.py:188} INFO - [2026-07-15T08:02:46.654+0000] {dag.py:3089} INFO - Sync 1 DAGs
[2026-07-15T08:02:46.666+0000] {logging_mixin.py:188} INFO - [2026-07-15T08:02:46.666+0000] {dag.py:3947} INFO - Setting next_dagrun for crypto_daily_pipeline to 2026-07-15 00:00:00+00:00, run_after=2026-07-16 00:00:00+00:00
[2026-07-15T08:02:46.674+0000] {processor.py:183} INFO - Processing /opt/airflow/dags/crypto_pipeline_dag.py took 0.050 seconds
[2026-07-15T08:03:16.822+0000] {processor.py:161} INFO - Started process (PID=1228) to work on /opt/airflow/dags/crypto_pipeline_dag.py
[2026-07-15T08:03:16.822+0000] {processor.py:830} INFO - Processing file /opt/airflow/dags/crypto_pipeline_dag.py for tasks to queue
[2026-07-15T08:03:16.824+0000] {logging_mixin.py:188} INFO - [2026-07-15T08:03:16.823+0000] {dagbag.py:545} INFO - Filling up the DagBag from /opt/airflow/dags/crypto_pipeline_dag.py
[2026-07-15T08:03:16.831+0000] {processor.py:840} INFO - DAG(s) 'crypto_daily_pipeline' retrieved from /opt/airflow/dags/crypto_pipeline_dag.py
[2026-07-15T08:03:16.848+0000] {logging_mixin.py:188} INFO - [2026-07-15T08:03:16.847+0000] {dag.py:3089} INFO - Sync 1 DAGs
[2026-07-15T08:03:16.856+0000] {logging_mixin.py:188} INFO - [2026-07-15T08:03:16.856+0000] {dag.py:3947} INFO - Setting next_dagrun for crypto_daily_pipeline to 2026-07-15 00:00:00+00:00, run_after=2026-07-16 00:00:00+00:00
[2026-07-15T08:03:16.862+0000] {processor.py:183} INFO - Processing /opt/airflow/dags/crypto_pipeline_dag.py took 0.044 seconds
[2026-07-15T08:03:47.010+0000] {processor.py:161} INFO - Started process (PID=1233) to work on /opt/airflow/dags/crypto_pipeline_dag.py
[2026-07-15T08:03:47.011+0000] {processor.py:830} INFO - Processing file /opt/airflow/dags/crypto_pipeline_dag.py for tasks to queue
[2026-07-15T08:03:47.013+0000] {logging_mixin.py:188} INFO - [2026-07-15T08:03:47.013+0000] {dagbag.py:545} INFO - Filling up the DagBag from /opt/airflow/dags/crypto_pipeline_dag.py
[2026-07-15T08:03:47.022+0000] {processor.py:840} INFO - DAG(s) 'crypto_daily_pipeline' retrieved from /opt/airflow/dags/crypto_pipeline_dag.py
[2026-07-15T08:03:47.039+0000] {logging_mixin.py:188} INFO - [2026-07-15T08:03:47.039+0000] {dag.py:3089} INFO - Sync 1 DAGs
[2026-07-15T08:03:47.049+0000] {logging_mixin.py:188} INFO - [2026-07-15T08:03:47.049+0000] {dag.py:3947} INFO - Setting next_dagrun for crypto_daily_pipeline to 2026-07-15 00:00:00+00:00, run_after=2026-07-16 00:00:00+00:00
[2026-07-15T08:03:47.055+0000] {processor.py:183} INFO - Processing /opt/airflow/dags/crypto_pipeline_dag.py took 0.048 seconds
[2026-07-15T08:04:17.221+0000] {processor.py:161} INFO - Started process (PID=1238) to work on /opt/airflow/dags/crypto_pipeline_dag.py
[2026-07-15T08:04:17.222+0000] {processor.py:830} INFO - Processing file /opt/airflow/dags/crypto_pipeline_dag.py for tasks to queue
[2026-07-15T08:04:17.223+0000] {logging_mixin.py:188} INFO - [2026-07-15T08:04:17.223+0000] {dagbag.py:545} INFO - Filling up the DagBag from /opt/airflow/dags/crypto_pipeline_dag.py
[2026-07-15T08:04:17.233+0000] {processor.py:840} INFO - DAG(s) 'crypto_daily_pipeline' retrieved from /opt/airflow/dags/crypto_pipeline_dag.py
[2026-07-15T08:04:17.250+0000] {logging_mixin.py:188} INFO - [2026-07-15T08:04:17.250+0000] {dag.py:3089} INFO - Sync 1 DAGs
[2026-07-15T08:04:17.260+0000] {logging_mixin.py:188} INFO - [2026-07-15T08:04:17.260+0000] {dag.py:3947} INFO - Setting next_dagrun for crypto_daily_pipeline to 2026-07-15 00:00:00+00:00, run_after=2026-07-16 00:00:00+00:00
[2026-07-15T08:04:17.266+0000] {processor.py:183} INFO - Processing /opt/airflow/dags/crypto_pipeline_dag.py took 0.049 seconds
[2026-07-15T08:04:47.411+0000] {processor.py:161} INFO - Started process (PID=1243) to work on /opt/airflow/dags/crypto_pipeline_dag.py
[2026-07-15T08:04:47.412+0000] {processor.py:830} INFO - Processing file /opt/airflow/dags/crypto_pipeline_dag.py for tasks to queue
[2026-07-15T08:04:47.413+0000] {logging_mixin.py:188} INFO - [2026-07-15T08:04:47.413+0000] {dagbag.py:545} INFO - Filling up the DagBag from /opt/airflow/dags/crypto_pipeline_dag.py
[2026-07-15T08:04:47.422+0000] {processor.py:840} INFO - DAG(s) 'crypto_daily_pipeline' retrieved from /opt/airflow/dags/crypto_pipeline_dag.py
[2026-07-15T08:04:47.441+0000] {logging_mixin.py:188} INFO - [2026-07-15T08:04:47.441+0000] {dag.py:3089} INFO - Sync 1 DAGs
[2026-07-15T08:04:47.449+0000] {logging_mixin.py:188} INFO - [2026-07-15T08:04:47.448+0000] {dag.py:3947} INFO - Setting next_dagrun for crypto_daily_pipeline to 2026-07-15 00:00:00+00:00, run_after=2026-07-16 00:00:00+00:00
[2026-07-15T08:04:47.454+0000] {processor.py:183} INFO - Processing /opt/airflow/dags/crypto_pipeline_dag.py took 0.047 seconds
[2026-07-15T08:05:17.625+0000] {processor.py:161} INFO - Started process (PID=1248) to work on /opt/airflow/dags/crypto_pipeline_dag.py
[2026-07-15T08:05:17.626+0000] {processor.py:830} INFO - Processing file /opt/airflow/dags/crypto_pipeline_dag.py for tasks to queue
[2026-07-15T08:05:17.627+0000] {logging_mixin.py:188} INFO - [2026-07-15T08:05:17.627+0000] {dagbag.py:545} INFO - Filling up the DagBag from /opt/airflow/dags/crypto_pipeline_dag.py
[2026-07-15T08:05:17.636+0000] {processor.py:840} INFO - DAG(s) 'crypto_daily_pipeline' retrieved from /opt/airflow/dags/crypto_pipeline_dag.py
[2026-07-15T08:05:17.652+0000] {logging_mixin.py:188} INFO - [2026-07-15T08:05:17.652+0000] {dag.py:3089} INFO - Sync 1 DAGs
[2026-07-15T08:05:17.660+0000] {logging_mixin.py:188} INFO - [2026-07-15T08:05:17.660+0000] {dag.py:3947} INFO - Setting next_dagrun for crypto_daily_pipeline to 2026-07-15 00:00:00+00:00, run_after=2026-07-16 00:00:00+00:00
[2026-07-15T08:05:17.666+0000] {processor.py:183} INFO - Processing /opt/airflow/dags/crypto_pipeline_dag.py took 0.046 seconds
[2026-07-15T08:05:47.807+0000] {processor.py:161} INFO - Started process (PID=1253) to work on /opt/airflow/dags/crypto_pipeline_dag.py
[2026-07-15T08:05:47.807+0000] {processor.py:830} INFO - Processing file /opt/airflow/dags/crypto_pipeline_dag.py for tasks to queue
[2026-07-15T08:05:47.808+0000] {logging_mixin.py:188} INFO - [2026-07-15T08:05:47.808+0000] {dagbag.py:545} INFO - Filling up the DagBag from /opt/airflow/dags/crypto_pipeline_dag.py
[2026-07-15T08:05:47.818+0000] {processor.py:840} INFO - DAG(s) 'crypto_daily_pipeline' retrieved from /opt/airflow/dags/crypto_pipeline_dag.py
[2026-07-15T08:05:47.836+0000] {logging_mixin.py:188} INFO - [2026-07-15T08:05:47.836+0000] {dag.py:3089} INFO - Sync 1 DAGs
[2026-07-15T08:05:47.845+0000] {logging_mixin.py:188} INFO - [2026-07-15T08:05:47.845+0000] {dag.py:3947} INFO - Setting next_dagrun for crypto_daily_pipeline to 2026-07-15 00:00:00+00:00, run_after=2026-07-16 00:00:00+00:00
[2026-07-15T08:05:47.850+0000] {processor.py:183} INFO - Processing /opt/airflow/dags/crypto_pipeline_dag.py took 0.048 seconds
[2026-07-15T08:06:18.007+0000] {processor.py:161} INFO - Started process (PID=1258) to work on /opt/airflow/dags/crypto_pipeline_dag.py
[2026-07-15T08:06:18.011+0000] {processor.py:830} INFO - Processing file /opt/airflow/dags/crypto_pipeline_dag.py for tasks to queue
[2026-07-15T08:06:18.016+0000] {logging_mixin.py:188} INFO - [2026-07-15T08:06:18.016+0000] {dagbag.py:545} INFO - Filling up the DagBag from /opt/airflow/dags/crypto_pipeline_dag.py
[2026-07-15T08:06:18.025+0000] {processor.py:840} INFO - DAG(s) 'crypto_daily_pipeline' retrieved from /opt/airflow/dags/crypto_pipeline_dag.py
[2026-07-15T08:06:18.041+0000] {logging_mixin.py:188} INFO - [2026-07-15T08:06:18.041+0000] {dag.py:3089} INFO - Sync 1 DAGs
[2026-07-15T08:06:18.049+0000] {logging_mixin.py:188} INFO - [2026-07-15T08:06:18.049+0000] {dag.py:3947} INFO - Setting next_dagrun for crypto_daily_pipeline to 2026-07-15 00:00:00+00:00, run_after=2026-07-16 00:00:00+00:00
[2026-07-15T08:06:18.055+0000] {processor.py:183} INFO - Processing /opt/airflow/dags/crypto_pipeline_dag.py took 0.053 seconds
[2026-07-15T08:06:48.183+0000] {processor.py:161} INFO - Started process (PID=1263) to work on /opt/airflow/dags/crypto_pipeline_dag.py
[2026-07-15T08:06:48.184+0000] {processor.py:830} INFO - Processing file /opt/airflow/dags/crypto_pipeline_dag.py for tasks to queue
[2026-07-15T08:06:48.186+0000] {logging_mixin.py:188} INFO - [2026-07-15T08:06:48.186+0000] {dagbag.py:545} INFO - Filling up the DagBag from /opt/airflow/dags/crypto_pipeline_dag.py
[2026-07-15T08:06:48.195+0000] {processor.py:840} INFO - DAG(s) 'crypto_daily_pipeline' retrieved from /opt/airflow/dags/crypto_pipeline_dag.py
[2026-07-15T08:06:48.211+0000] {logging_mixin.py:188} INFO - [2026-07-15T08:06:48.211+0000] {dag.py:3089} INFO - Sync 1 DAGs
[2026-07-15T08:06:48.220+0000] {logging_mixin.py:188} INFO - [2026-07-15T08:06:48.220+0000] {dag.py:3947} INFO - Setting next_dagrun for crypto_daily_pipeline to 2026-07-15 00:00:00+00:00, run_after=2026-07-16 00:00:00+00:00
[2026-07-15T08:06:48.227+0000] {processor.py:183} INFO - Processing /opt/airflow/dags/crypto_pipeline_dag.py took 0.048 seconds
[2026-07-15T08:07:18.397+0000] {processor.py:161} INFO - Started process (PID=1268) to work on /opt/airflow/dags/crypto_pipeline_dag.py
[2026-07-15T08:07:18.397+0000] {processor.py:830} INFO - Processing file /opt/airflow/dags/crypto_pipeline_dag.py for tasks to queue
[2026-07-15T08:07:18.399+0000] {logging_mixin.py:188} INFO - [2026-07-15T08:07:18.399+0000] {dagbag.py:545} INFO - Filling up the DagBag from /opt/airflow/dags/crypto_pipeline_dag.py
[2026-07-15T08:07:18.409+0000] {processor.py:840} INFO - DAG(s) 'crypto_daily_pipeline' retrieved from /opt/airflow/dags/crypto_pipeline_dag.py
[2026-07-15T08:07:18.426+0000] {logging_mixin.py:188} INFO - [2026-07-15T08:07:18.425+0000] {dag.py:3089} INFO - Sync 1 DAGs
[2026-07-15T08:07:18.434+0000] {logging_mixin.py:188} INFO - [2026-07-15T08:07:18.434+0000] {dag.py:3947} INFO - Setting next_dagrun for crypto_daily_pipeline to 2026-07-15 00:00:00+00:00, run_after=2026-07-16 00:00:00+00:00
[2026-07-15T08:07:18.439+0000] {processor.py:183} INFO - Processing /opt/airflow/dags/crypto_pipeline_dag.py took 0.047 seconds
[2026-07-15T08:07:48.597+0000] {processor.py:161} INFO - Started process (PID=1273) to work on /opt/airflow/dags/crypto_pipeline_dag.py
[2026-07-15T08:07:48.597+0000] {processor.py:830} INFO - Processing file /opt/airflow/dags/crypto_pipeline_dag.py for tasks to queue
[2026-07-15T08:07:48.599+0000] {logging_mixin.py:188} INFO - [2026-07-15T08:07:48.598+0000] {dagbag.py:545} INFO - Filling up the DagBag from /opt/airflow/dags/crypto_pipeline_dag.py
[2026-07-15T08:07:48.607+0000] {processor.py:840} INFO - DAG(s) 'crypto_daily_pipeline' retrieved from /opt/airflow/dags/crypto_pipeline_dag.py
[2026-07-15T08:07:48.622+0000] {logging_mixin.py:188} INFO - [2026-07-15T08:07:48.622+0000] {dag.py:3089} INFO - Sync 1 DAGs
[2026-07-15T08:07:48.630+0000] {logging_mixin.py:188} INFO - [2026-07-15T08:07:48.629+0000] {dag.py:3947} INFO - Setting next_dagrun for crypto_daily_pipeline to 2026-07-15 00:00:00+00:00, run_after=2026-07-16 00:00:00+00:00
[2026-07-15T08:07:48.635+0000] {processor.py:183} INFO - Processing /opt/airflow/dags/crypto_pipeline_dag.py took 0.043 seconds
[2026-07-15T08:08:18.794+0000] {processor.py:161} INFO - Started process (PID=1278) to work on /opt/airflow/dags/crypto_pipeline_dag.py
[2026-07-15T08:08:18.795+0000] {processor.py:830} INFO - Processing file /opt/airflow/dags/crypto_pipeline_dag.py for tasks to queue
[2026-07-15T08:08:18.797+0000] {logging_mixin.py:188} INFO - [2026-07-15T08:08:18.796+0000] {dagbag.py:545} INFO - Filling up the DagBag from /opt/airflow/dags/crypto_pipeline_dag.py
[2026-07-15T08:08:18.806+0000] {processor.py:840} INFO - DAG(s) 'crypto_daily_pipeline' retrieved from /opt/airflow/dags/crypto_pipeline_dag.py
[2026-07-15T08:08:18.823+0000] {logging_mixin.py:188} INFO - [2026-07-15T08:08:18.823+0000] {dag.py:3089} INFO - Sync 1 DAGs
[2026-07-15T08:08:18.832+0000] {logging_mixin.py:188} INFO - [2026-07-15T08:08:18.832+0000] {dag.py:3947} INFO - Setting next_dagrun for crypto_daily_pipeline to 2026-07-15 00:00:00+00:00, run_after=2026-07-16 00:00:00+00:00
[2026-07-15T08:08:18.838+0000] {processor.py:183} INFO - Processing /opt/airflow/dags/crypto_pipeline_dag.py took 0.049 seconds
[2026-07-15T08:08:48.989+0000] {processor.py:161} INFO - Started process (PID=1283) to work on /opt/airflow/dags/crypto_pipeline_dag.py
[2026-07-15T08:08:48.990+0000] {processor.py:830} INFO - Processing file /opt/airflow/dags/crypto_pipeline_dag.py for tasks to queue
[2026-07-15T08:08:48.992+0000] {logging_mixin.py:188} INFO - [2026-07-15T08:08:48.991+0000] {dagbag.py:545} INFO - Filling up the DagBag from /opt/airflow/dags/crypto_pipeline_dag.py
[2026-07-15T08:08:49.001+0000] {processor.py:840} INFO - DAG(s) 'crypto_daily_pipeline' retrieved from /opt/airflow/dags/crypto_pipeline_dag.py
[2026-07-15T08:08:49.018+0000] {logging_mixin.py:188} INFO - [2026-07-15T08:08:49.018+0000] {dag.py:3089} INFO - Sync 1 DAGs
[2026-07-15T08:08:49.027+0000] {logging_mixin.py:188} INFO - [2026-07-15T08:08:49.027+0000] {dag.py:3947} INFO - Setting next_dagrun for crypto_daily_pipeline to 2026-07-15 00:00:00+00:00, run_after=2026-07-16 00:00:00+00:00
[2026-07-15T08:08:49.033+0000] {processor.py:183} INFO - Processing /opt/airflow/dags/crypto_pipeline_dag.py took 0.048 seconds
[2026-07-15T08:09:19.189+0000] {processor.py:161} INFO - Started process (PID=1288) to work on /opt/airflow/dags/crypto_pipeline_dag.py
[2026-07-15T08:09:19.191+0000] {processor.py:830} INFO - Processing file /opt/airflow/dags/crypto_pipeline_dag.py for tasks to queue
[2026-07-15T08:09:19.193+0000] {logging_mixin.py:188} INFO - [2026-07-15T08:09:19.192+0000] {dagbag.py:545} INFO - Filling up the DagBag from /opt/airflow/dags/crypto_pipeline_dag.py
[2026-07-15T08:09:19.200+0000] {processor.py:840} INFO - DAG(s) 'crypto_daily_pipeline' retrieved from /opt/airflow/dags/crypto_pipeline_dag.py
[2026-07-15T08:09:19.216+0000] {logging_mixin.py:188} INFO - [2026-07-15T08:09:19.216+0000] {dag.py:3089} INFO - Sync 1 DAGs
[2026-07-15T08:09:19.225+0000] {logging_mixin.py:188} INFO - [2026-07-15T08:09:19.225+0000] {dag.py:3947} INFO - Setting next_dagrun for crypto_daily_pipeline to 2026-07-15 00:00:00+00:00, run_after=2026-07-16 00:00:00+00:00
[2026-07-15T08:09:19.232+0000] {processor.py:183} INFO - Processing /opt/airflow/dags/crypto_pipeline_dag.py took 0.048 seconds
[2026-07-15T08:09:49.368+0000] {processor.py:161} INFO - Started process (PID=1293) to work on /opt/airflow/dags/crypto_pipeline_dag.py
[2026-07-15T08:09:49.369+0000] {processor.py:830} INFO - Processing file /opt/airflow/dags/crypto_pipeline_dag.py for tasks to queue
[2026-07-15T08:09:49.370+0000] {logging_mixin.py:188} INFO - [2026-07-15T08:09:49.369+0000] {dagbag.py:545} INFO - Filling up the DagBag from /opt/airflow/dags/crypto_pipeline_dag.py
[2026-07-15T08:09:49.374+0000] {processor.py:840} INFO - DAG(s) 'crypto_daily_pipeline' retrieved from /opt/airflow/dags/crypto_pipeline_dag.py
[2026-07-15T08:09:49.385+0000] {logging_mixin.py:188} INFO - [2026-07-15T08:09:49.385+0000] {dag.py:3089} INFO - Sync 1 DAGs
[2026-07-15T08:09:49.392+0000] {logging_mixin.py:188} INFO - [2026-07-15T08:09:49.392+0000] {dag.py:3947} INFO - Setting next_dagrun for crypto_daily_pipeline to 2026-07-15 00:00:00+00:00, run_after=2026-07-16 00:00:00+00:00
[2026-07-15T08:09:49.397+0000] {processor.py:183} INFO - Processing /opt/airflow/dags/crypto_pipeline_dag.py took 0.031 seconds
[2026-07-15T08:10:19.569+0000] {processor.py:161} INFO - Started process (PID=1298) to work on /opt/airflow/dags/crypto_pipeline_dag.py
[2026-07-15T08:10:19.570+0000] {processor.py:830} INFO - Processing file /opt/airflow/dags/crypto_pipeline_dag.py for tasks to queue
[2026-07-15T08:10:19.572+0000] {logging_mixin.py:188} INFO - [2026-07-15T08:10:19.571+0000] {dagbag.py:545} INFO - Filling up the DagBag from /opt/airflow/dags/crypto_pipeline_dag.py
[2026-07-15T08:10:19.581+0000] {processor.py:840} INFO - DAG(s) 'crypto_daily_pipeline' retrieved from /opt/airflow/dags/crypto_pipeline_dag.py
[2026-07-15T08:10:19.598+0000] {logging_mixin.py:188} INFO - [2026-07-15T08:10:19.598+0000] {dag.py:3089} INFO - Sync 1 DAGs
[2026-07-15T08:10:19.608+0000] {logging_mixin.py:188} INFO - [2026-07-15T08:10:19.608+0000] {dag.py:3947} INFO - Setting next_dagrun for crypto_daily_pipeline to 2026-07-15 00:00:00+00:00, run_after=2026-07-16 00:00:00+00:00
[2026-07-15T08:10:19.614+0000] {processor.py:183} INFO - Processing /opt/airflow/dags/crypto_pipeline_dag.py took 0.048 seconds
[2026-07-15T08:10:49.774+0000] {processor.py:161} INFO - Started process (PID=1303) to work on /opt/airflow/dags/crypto_pipeline_dag.py
[2026-07-15T08:10:49.775+0000] {processor.py:830} INFO - Processing file /opt/airflow/dags/crypto_pipeline_dag.py for tasks to queue
[2026-07-15T08:10:49.777+0000] {logging_mixin.py:188} INFO - [2026-07-15T08:10:49.777+0000] {dagbag.py:545} INFO - Filling up the DagBag from /opt/airflow/dags/crypto_pipeline_dag.py
[2026-07-15T08:10:49.786+0000] {processor.py:840} INFO - DAG(s) 'crypto_daily_pipeline' retrieved from /opt/airflow/dags/crypto_pipeline_dag.py
[2026-07-15T08:10:49.803+0000] {logging_mixin.py:188} INFO - [2026-07-15T08:10:49.803+0000] {dag.py:3089} INFO - Sync 1 DAGs
[2026-07-15T08:10:49.813+0000] {logging_mixin.py:188} INFO - [2026-07-15T08:10:49.813+0000] {dag.py:3947} INFO - Setting next_dagrun for crypto_daily_pipeline to 2026-07-15 00:00:00+00:00, run_after=2026-07-16 00:00:00+00:00
[2026-07-15T08:10:49.818+0000] {processor.py:183} INFO - Processing /opt/airflow/dags/crypto_pipeline_dag.py took 0.048 seconds
[2026-07-15T08:11:19.975+0000] {processor.py:161} INFO - Started process (PID=1308) to work on /opt/airflow/dags/crypto_pipeline_dag.py
[2026-07-15T08:11:19.975+0000] {processor.py:830} INFO - Processing file /opt/airflow/dags/crypto_pipeline_dag.py for tasks to queue
[2026-07-15T08:11:19.977+0000] {logging_mixin.py:188} INFO - [2026-07-15T08:11:19.977+0000] {dagbag.py:545} INFO - Filling up the DagBag from /opt/airflow/dags/crypto_pipeline_dag.py
[2026-07-15T08:11:19.986+0000] {processor.py:840} INFO - DAG(s) 'crypto_daily_pipeline' retrieved from /opt/airflow/dags/crypto_pipeline_dag.py
[2026-07-15T08:11:20.003+0000] {logging_mixin.py:188} INFO - [2026-07-15T08:11:20.003+0000] {dag.py:3089} INFO - Sync 1 DAGs
[2026-07-15T08:11:20.011+0000] {logging_mixin.py:188} INFO - [2026-07-15T08:11:20.011+0000] {dag.py:3947} INFO - Setting next_dagrun for crypto_daily_pipeline to 2026-07-15 00:00:00+00:00, run_after=2026-07-16 00:00:00+00:00
[2026-07-15T08:11:20.016+0000] {processor.py:183} INFO - Processing /opt/airflow/dags/crypto_pipeline_dag.py took 0.046 seconds
[2026-07-15T08:11:50.172+0000] {processor.py:161} INFO - Started process (PID=1313) to work on /opt/airflow/dags/crypto_pipeline_dag.py
[2026-07-15T08:11:50.173+0000] {processor.py:830} INFO - Processing file /opt/airflow/dags/crypto_pipeline_dag.py for tasks to queue
[2026-07-15T08:11:50.174+0000] {logging_mixin.py:188} INFO - [2026-07-15T08:11:50.174+0000] {dagbag.py:545} INFO - Filling up the DagBag from /opt/airflow/dags/crypto_pipeline_dag.py
[2026-07-15T08:11:50.183+0000] {processor.py:840} INFO - DAG(s) 'crypto_daily_pipeline' retrieved from /opt/airflow/dags/crypto_pipeline_dag.py
[2026-07-15T08:11:50.201+0000] {logging_mixin.py:188} INFO - [2026-07-15T08:11:50.201+0000] {dag.py:3089} INFO - Sync 1 DAGs
[2026-07-15T08:11:50.211+0000] {logging_mixin.py:188} INFO - [2026-07-15T08:11:50.210+0000] {dag.py:3947} INFO - Setting next_dagrun for crypto_daily_pipeline to 2026-07-15 00:00:00+00:00, run_after=2026-07-16 00:00:00+00:00
[2026-07-15T08:11:50.216+0000] {processor.py:183} INFO - Processing /opt/airflow/dags/crypto_pipeline_dag.py took 0.050 seconds
[2026-07-15T08:12:20.363+0000] {processor.py:161} INFO - Started process (PID=1318) to work on /opt/airflow/dags/crypto_pipeline_dag.py
[2026-07-15T08:12:20.363+0000] {processor.py:830} INFO - Processing file /opt/airflow/dags/crypto_pipeline_dag.py for tasks to queue
[2026-07-15T08:12:20.365+0000] {logging_mixin.py:188} INFO - [2026-07-15T08:12:20.365+0000] {dagbag.py:545} INFO - Filling up the DagBag from /opt/airflow/dags/crypto_pipeline_dag.py
[2026-07-15T08:12:20.374+0000] {processor.py:840} INFO - DAG(s) 'crypto_daily_pipeline' retrieved from /opt/airflow/dags/crypto_pipeline_dag.py
[2026-07-15T08:12:20.391+0000] {logging_mixin.py:188} INFO - [2026-07-15T08:12:20.391+0000] {dag.py:3089} INFO - Sync 1 DAGs
[2026-07-15T08:12:20.401+0000] {logging_mixin.py:188} INFO - [2026-07-15T08:12:20.401+0000] {dag.py:3947} INFO - Setting next_dagrun for crypto_daily_pipeline to 2026-07-15 00:00:00+00:00, run_after=2026-07-16 00:00:00+00:00
[2026-07-15T08:12:20.407+0000] {processor.py:183} INFO - Processing /opt/airflow/dags/crypto_pipeline_dag.py took 0.048 seconds
[2026-07-15T08:12:50.536+0000] {processor.py:161} INFO - Started process (PID=1323) to work on /opt/airflow/dags/crypto_pipeline_dag.py
[2026-07-15T08:12:50.536+0000] {processor.py:830} INFO - Processing file /opt/airflow/dags/crypto_pipeline_dag.py for tasks to queue
[2026-07-15T08:12:50.537+0000] {logging_mixin.py:188} INFO - [2026-07-15T08:12:50.537+0000] {dagbag.py:545} INFO - Filling up the DagBag from /opt/airflow/dags/crypto_pipeline_dag.py
[2026-07-15T08:12:50.547+0000] {processor.py:840} INFO - DAG(s) 'crypto_daily_pipeline' retrieved from /opt/airflow/dags/crypto_pipeline_dag.py
[2026-07-15T08:12:50.565+0000] {logging_mixin.py:188} INFO - [2026-07-15T08:12:50.565+0000] {dag.py:3089} INFO - Sync 1 DAGs
[2026-07-15T08:12:50.573+0000] {logging_mixin.py:188} INFO - [2026-07-15T08:12:50.573+0000] {dag.py:3947} INFO - Setting next_dagrun for crypto_daily_pipeline to 2026-07-15 00:00:00+00:00, run_after=2026-07-16 00:00:00+00:00
[2026-07-15T08:12:50.579+0000] {processor.py:183} INFO - Processing /opt/airflow/dags/crypto_pipeline_dag.py took 0.047 seconds
[2026-07-15T08:13:20.740+0000] {processor.py:161} INFO - Started process (PID=1328) to work on /opt/airflow/dags/crypto_pipeline_dag.py
[2026-07-15T08:13:20.740+0000] {processor.py:830} INFO - Processing file /opt/airflow/dags/crypto_pipeline_dag.py for tasks to queue
[2026-07-15T08:13:20.742+0000] {logging_mixin.py:188} INFO - [2026-07-15T08:13:20.742+0000] {dagbag.py:545} INFO - Filling up the DagBag from /opt/airflow/dags/crypto_pipeline_dag.py
[2026-07-15T08:13:20.751+0000] {processor.py:840} INFO - DAG(s) 'crypto_daily_pipeline' retrieved from /opt/airflow/dags/crypto_pipeline_dag.py
[2026-07-15T08:13:20.768+0000] {logging_mixin.py:188} INFO - [2026-07-15T08:13:20.768+0000] {dag.py:3089} INFO - Sync 1 DAGs
[2026-07-15T08:13:20.777+0000] {logging_mixin.py:188} INFO - [2026-07-15T08:13:20.777+0000] {dag.py:3947} INFO - Setting next_dagrun for crypto_daily_pipeline to 2026-07-15 00:00:00+00:00, run_after=2026-07-16 00:00:00+00:00
[2026-07-15T08:13:20.783+0000] {processor.py:183} INFO - Processing /opt/airflow/dags/crypto_pipeline_dag.py took 0.046 seconds
[2026-07-15T08:13:50.934+0000] {processor.py:161} INFO - Started process (PID=1333) to work on /opt/airflow/dags/crypto_pipeline_dag.py
[2026-07-15T08:13:50.935+0000] {processor.py:830} INFO - Processing file /opt/airflow/dags/crypto_pipeline_dag.py for tasks to queue
[2026-07-15T08:13:50.937+0000] {logging_mixin.py:188} INFO - [2026-07-15T08:13:50.937+0000] {dagbag.py:545} INFO - Filling up the DagBag from /opt/airflow/dags/crypto_pipeline_dag.py
[2026-07-15T08:13:50.948+0000] {processor.py:840} INFO - DAG(s) 'crypto_daily_pipeline' retrieved from /opt/airflow/dags/crypto_pipeline_dag.py
[2026-07-15T08:13:50.965+0000] {logging_mixin.py:188} INFO - [2026-07-15T08:13:50.965+0000] {dag.py:3089} INFO - Sync 1 DAGs
[2026-07-15T08:13:50.973+0000] {logging_mixin.py:188} INFO - [2026-07-15T08:13:50.973+0000] {dag.py:3947} INFO - Setting next_dagrun for crypto_daily_pipeline to 2026-07-15 00:00:00+00:00, run_after=2026-07-16 00:00:00+00:00
[2026-07-15T08:13:50.978+0000] {processor.py:183} INFO - Processing /opt/airflow/dags/crypto_pipeline_dag.py took 0.050 seconds
[2026-07-15T08:14:21.114+0000] {processor.py:161} INFO - Started process (PID=1338) to work on /opt/airflow/dags/crypto_pipeline_dag.py
[2026-07-15T08:14:21.115+0000] {processor.py:830} INFO - Processing file /opt/airflow/dags/crypto_pipeline_dag.py for tasks to queue
[2026-07-15T08:14:21.117+0000] {logging_mixin.py:188} INFO - [2026-07-15T08:14:21.116+0000] {dagbag.py:545} INFO - Filling up the DagBag from /opt/airflow/dags/crypto_pipeline_dag.py
[2026-07-15T08:14:21.125+0000] {processor.py:840} INFO - DAG(s) 'crypto_daily_pipeline' retrieved from /opt/airflow/dags/crypto_pipeline_dag.py
[2026-07-15T08:14:21.142+0000] {logging_mixin.py:188} INFO - [2026-07-15T08:14:21.142+0000] {dag.py:3089} INFO - Sync 1 DAGs
[2026-07-15T08:14:21.152+0000] {logging_mixin.py:188} INFO - [2026-07-15T08:14:21.152+0000] {dag.py:3947} INFO - Setting next_dagrun for crypto_daily_pipeline to 2026-07-15 00:00:00+00:00, run_after=2026-07-16 00:00:00+00:00
[2026-07-15T08:14:21.158+0000] {processor.py:183} INFO - Processing /opt/airflow/dags/crypto_pipeline_dag.py took 0.048 seconds
[2026-07-15T08:14:51.299+0000] {processor.py:161} INFO - Started process (PID=1343) to work on /opt/airflow/dags/crypto_pipeline_dag.py
[2026-07-15T08:14:51.299+0000] {processor.py:830} INFO - Processing file /opt/airflow/dags/crypto_pipeline_dag.py for tasks to queue
[2026-07-15T08:14:51.301+0000] {logging_mixin.py:188} INFO - [2026-07-15T08:14:51.300+0000] {dagbag.py:545} INFO - Filling up the DagBag from /opt/airflow/dags/crypto_pipeline_dag.py
[2026-07-15T08:14:51.312+0000] {processor.py:840} INFO - DAG(s) 'crypto_daily_pipeline' retrieved from /opt/airflow/dags/crypto_pipeline_dag.py
[2026-07-15T08:14:51.330+0000] {logging_mixin.py:188} INFO - [2026-07-15T08:14:51.330+0000] {dag.py:3089} INFO - Sync 1 DAGs
[2026-07-15T08:14:51.338+0000] {logging_mixin.py:188} INFO - [2026-07-15T08:14:51.338+0000] {dag.py:3947} INFO - Setting next_dagrun for crypto_daily_pipeline to 2026-07-15 00:00:00+00:00, run_after=2026-07-16 00:00:00+00:00
[2026-07-15T08:14:51.344+0000] {processor.py:183} INFO - Processing /opt/airflow/dags/crypto_pipeline_dag.py took 0.049 seconds
[2026-07-15T08:15:21.519+0000] {processor.py:161} INFO - Started process (PID=1348) to work on /opt/airflow/dags/crypto_pipeline_dag.py
[2026-07-15T08:15:21.520+0000] {processor.py:830} INFO - Processing file /opt/airflow/dags/crypto_pipeline_dag.py for tasks to queue
[2026-07-15T08:15:21.522+0000] {logging_mixin.py:188} INFO - [2026-07-15T08:15:21.521+0000] {dagbag.py:545} INFO - Filling up the DagBag from /opt/airflow/dags/crypto_pipeline_dag.py
[2026-07-15T08:15:21.529+0000] {processor.py:840} INFO - DAG(s) 'crypto_daily_pipeline' retrieved from /opt/airflow/dags/crypto_pipeline_dag.py
[2026-07-15T08:15:21.545+0000] {logging_mixin.py:188} INFO - [2026-07-15T08:15:21.545+0000] {dag.py:3089} INFO - Sync 1 DAGs
[2026-07-15T08:15:21.554+0000] {logging_mixin.py:188} INFO - [2026-07-15T08:15:21.554+0000] {dag.py:3947} INFO - Setting next_dagrun for crypto_daily_pipeline to 2026-07-15 00:00:00+00:00, run_after=2026-07-16 00:00:00+00:00
[2026-07-15T08:15:21.561+0000] {processor.py:183} INFO - Processing /opt/airflow/dags/crypto_pipeline_dag.py took 0.046 seconds
[2026-07-15T08:15:51.707+0000] {processor.py:161} INFO - Started process (PID=1353) to work on /opt/airflow/dags/crypto_pipeline_dag.py
[2026-07-15T08:15:51.708+0000] {processor.py:830} INFO - Processing file /opt/airflow/dags/crypto_pipeline_dag.py for tasks to queue
[2026-07-15T08:15:51.709+0000] {logging_mixin.py:188} INFO - [2026-07-15T08:15:51.709+0000] {dagbag.py:545} INFO - Filling up the DagBag from /opt/airflow/dags/crypto_pipeline_dag.py
[2026-07-15T08:15:51.718+0000] {processor.py:840} INFO - DAG(s) 'crypto_daily_pipeline' retrieved from /opt/airflow/dags/crypto_pipeline_dag.py
[2026-07-15T08:15:51.736+0000] {logging_mixin.py:188} INFO - [2026-07-15T08:15:51.736+0000] {dag.py:3089} INFO - Sync 1 DAGs
[2026-07-15T08:15:51.747+0000] {logging_mixin.py:188} INFO - [2026-07-15T08:15:51.747+0000] {dag.py:3947} INFO - Setting next_dagrun for crypto_daily_pipeline to 2026-07-15 00:00:00+00:00, run_after=2026-07-16 00:00:00+00:00
[2026-07-15T08:15:51.753+0000] {processor.py:183} INFO - Processing /opt/airflow/dags/crypto_pipeline_dag.py took 0.051 seconds
[2026-07-15T08:16:21.909+0000] {processor.py:161} INFO - Started process (PID=1358) to work on /opt/airflow/dags/crypto_pipeline_dag.py
[2026-07-15T08:16:21.910+0000] {processor.py:830} INFO - Processing file /opt/airflow/dags/crypto_pipeline_dag.py for tasks to queue
[2026-07-15T08:16:21.912+0000] {logging_mixin.py:188} INFO - [2026-07-15T08:16:21.911+0000] {dagbag.py:545} INFO - Filling up the DagBag from /opt/airflow/dags/crypto_pipeline_dag.py
[2026-07-15T08:16:21.920+0000] {processor.py:840} INFO - DAG(s) 'crypto_daily_pipeline' retrieved from /opt/airflow/dags/crypto_pipeline_dag.py
[2026-07-15T08:16:21.936+0000] {logging_mixin.py:188} INFO - [2026-07-15T08:16:21.936+0000] {dag.py:3089} INFO - Sync 1 DAGs
[2026-07-15T08:16:21.946+0000] {logging_mixin.py:188} INFO - [2026-07-15T08:16:21.946+0000] {dag.py:3947} INFO - Setting next_dagrun for crypto_daily_pipeline to 2026-07-15 00:00:00+00:00, run_after=2026-07-16 00:00:00+00:00
[2026-07-15T08:16:21.952+0000] {processor.py:183} INFO - Processing /opt/airflow/dags/crypto_pipeline_dag.py took 0.047 seconds
[2026-07-15T08:16:52.085+0000] {processor.py:161} INFO - Started process (PID=1363) to work on /opt/airflow/dags/crypto_pipeline_dag.py
[2026-07-15T08:16:52.086+0000] {processor.py:830} INFO - Processing file /opt/airflow/dags/crypto_pipeline_dag.py for tasks to queue
[2026-07-15T08:16:52.087+0000] {logging_mixin.py:188} INFO - [2026-07-15T08:16:52.087+0000] {dagbag.py:545} INFO - Filling up the DagBag from /opt/airflow/dags/crypto_pipeline_dag.py
[2026-07-15T08:16:52.097+0000] {processor.py:840} INFO - DAG(s) 'crypto_daily_pipeline' retrieved from /opt/airflow/dags/crypto_pipeline_dag.py
[2026-07-15T08:16:52.115+0000] {logging_mixin.py:188} INFO - [2026-07-15T08:16:52.115+0000] {dag.py:3089} INFO - Sync 1 DAGs
[2026-07-15T08:16:52.125+0000] {logging_mixin.py:188} INFO - [2026-07-15T08:16:52.125+0000] {dag.py:3947} INFO - Setting next_dagrun for crypto_daily_pipeline to 2026-07-15 00:00:00+00:00, run_after=2026-07-16 00:00:00+00:00
[2026-07-15T08:16:52.131+0000] {processor.py:183} INFO - Processing /opt/airflow/dags/crypto_pipeline_dag.py took 0.049 seconds
[2026-07-15T08:17:22.277+0000] {processor.py:161} INFO - Started process (PID=1368) to work on /opt/airflow/dags/crypto_pipeline_dag.py
[2026-07-15T08:17:22.278+0000] {processor.py:830} INFO - Processing file /opt/airflow/dags/crypto_pipeline_dag.py for tasks to queue
[2026-07-15T08:17:22.279+0000] {logging_mixin.py:188} INFO - [2026-07-15T08:17:22.279+0000] {dagbag.py:545} INFO - Filling up the DagBag from /opt/airflow/dags/crypto_pipeline_dag.py
[2026-07-15T08:17:22.289+0000] {processor.py:840} INFO - DAG(s) 'crypto_daily_pipeline' retrieved from /opt/airflow/dags/crypto_pipeline_dag.py
[2026-07-15T08:17:22.305+0000] {logging_mixin.py:188} INFO - [2026-07-15T08:17:22.305+0000] {dag.py:3089} INFO - Sync 1 DAGs
[2026-07-15T08:17:22.313+0000] {logging_mixin.py:188} INFO - [2026-07-15T08:17:22.313+0000] {dag.py:3947} INFO - Setting next_dagrun for crypto_daily_pipeline to 2026-07-15 00:00:00+00:00, run_after=2026-07-16 00:00:00+00:00
[2026-07-15T08:17:22.319+0000] {processor.py:183} INFO - Processing /opt/airflow/dags/crypto_pipeline_dag.py took 0.047 seconds
[2026-07-15T08:17:52.465+0000] {processor.py:161} INFO - Started process (PID=1373) to work on /opt/airflow/dags/crypto_pipeline_dag.py
[2026-07-15T08:17:52.465+0000] {processor.py:830} INFO - Processing file /opt/airflow/dags/crypto_pipeline_dag.py for tasks to queue
[2026-07-15T08:17:52.467+0000] {logging_mixin.py:188} INFO - [2026-07-15T08:17:52.467+0000] {dagbag.py:545} INFO - Filling up the DagBag from /opt/airflow/dags/crypto_pipeline_dag.py
[2026-07-15T08:17:52.475+0000] {processor.py:840} INFO - DAG(s) 'crypto_daily_pipeline' retrieved from /opt/airflow/dags/crypto_pipeline_dag.py
[2026-07-15T08:17:52.488+0000] {logging_mixin.py:188} INFO - [2026-07-15T08:17:52.488+0000] {dag.py:3089} INFO - Sync 1 DAGs
[2026-07-15T08:17:52.497+0000] {logging_mixin.py:188} INFO - [2026-07-15T08:17:52.497+0000] {dag.py:3947} INFO - Setting next_dagrun for crypto_daily_pipeline to 2026-07-15 00:00:00+00:00, run_after=2026-07-16 00:00:00+00:00
[2026-07-15T08:17:52.502+0000] {processor.py:183} INFO - Processing /opt/airflow/dags/crypto_pipeline_dag.py took 0.042 seconds
[2026-07-15T08:18:22.692+0000] {processor.py:161} INFO - Started process (PID=1378) to work on /opt/airflow/dags/crypto_pipeline_dag.py
[2026-07-15T08:18:22.692+0000] {processor.py:830} INFO - Processing file /opt/airflow/dags/crypto_pipeline_dag.py for tasks to queue
[2026-07-15T08:18:22.694+0000] {logging_mixin.py:188} INFO - [2026-07-15T08:18:22.694+0000] {dagbag.py:545} INFO - Filling up the DagBag from /opt/airflow/dags/crypto_pipeline_dag.py
[2026-07-15T08:18:22.703+0000] {processor.py:840} INFO - DAG(s) 'crypto_daily_pipeline' retrieved from /opt/airflow/dags/crypto_pipeline_dag.py
[2026-07-15T08:18:22.722+0000] {logging_mixin.py:188} INFO - [2026-07-15T08:18:22.721+0000] {dag.py:3089} INFO - Sync 1 DAGs
[2026-07-15T08:18:22.731+0000] {logging_mixin.py:188} INFO - [2026-07-15T08:18:22.731+0000] {dag.py:3947} INFO - Setting next_dagrun for crypto_daily_pipeline to 2026-07-15 00:00:00+00:00, run_after=2026-07-16 00:00:00+00:00
[2026-07-15T08:18:22.737+0000] {processor.py:183} INFO - Processing /opt/airflow/dags/crypto_pipeline_dag.py took 0.049 seconds
[2026-07-15T08:18:52.880+0000] {processor.py:161} INFO - Started process (PID=1383) to work on /opt/airflow/dags/crypto_pipeline_dag.py
[2026-07-15T08:18:52.881+0000] {processor.py:830} INFO - Processing file /opt/airflow/dags/crypto_pipeline_dag.py for tasks to queue
[2026-07-15T08:18:52.883+0000] {logging_mixin.py:188} INFO - [2026-07-15T08:18:52.882+0000] {dagbag.py:545} INFO - Filling up the DagBag from /opt/airflow/dags/crypto_pipeline_dag.py
[2026-07-15T08:18:52.891+0000] {processor.py:840} INFO - DAG(s) 'crypto_daily_pipeline' retrieved from /opt/airflow/dags/crypto_pipeline_dag.py
[2026-07-15T08:18:52.907+0000] {logging_mixin.py:188} INFO - [2026-07-15T08:18:52.907+0000] {dag.py:3089} INFO - Sync 1 DAGs
[2026-07-15T08:18:52.915+0000] {logging_mixin.py:188} INFO - [2026-07-15T08:18:52.915+0000] {dag.py:3947} INFO - Setting next_dagrun for crypto_daily_pipeline to 2026-07-15 00:00:00+00:00, run_after=2026-07-16 00:00:00+00:00
[2026-07-15T08:18:52.921+0000] {processor.py:183} INFO - Processing /opt/airflow/dags/crypto_pipeline_dag.py took 0.045 seconds
[2026-07-15T08:19:23.073+0000] {processor.py:161} INFO - Started process (PID=1388) to work on /opt/airflow/dags/crypto_pipeline_dag.py
[2026-07-15T08:19:23.074+0000] {processor.py:830} INFO - Processing file /opt/airflow/dags/crypto_pipeline_dag.py for tasks to queue
[2026-07-15T08:19:23.075+0000] {logging_mixin.py:188} INFO - [2026-07-15T08:19:23.075+0000] {dagbag.py:545} INFO - Filling up the DagBag from /opt/airflow/dags/crypto_pipeline_dag.py
[2026-07-15T08:19:23.083+0000] {processor.py:840} INFO - DAG(s) 'crypto_daily_pipeline' retrieved from /opt/airflow/dags/crypto_pipeline_dag.py
[2026-07-15T08:19:23.099+0000] {logging_mixin.py:188} INFO - [2026-07-15T08:19:23.099+0000] {dag.py:3089} INFO - Sync 1 DAGs
[2026-07-15T08:19:23.107+0000] {logging_mixin.py:188} INFO - [2026-07-15T08:19:23.107+0000] {dag.py:3947} INFO - Setting next_dagrun for crypto_daily_pipeline to 2026-07-15 00:00:00+00:00, run_after=2026-07-16 00:00:00+00:00
[2026-07-15T08:19:23.112+0000] {processor.py:183} INFO - Processing /opt/airflow/dags/crypto_pipeline_dag.py took 0.043 seconds
[2026-07-15T08:19:53.250+0000] {processor.py:161} INFO - Started process (PID=1393) to work on /opt/airflow/dags/crypto_pipeline_dag.py
[2026-07-15T08:19:53.251+0000] {processor.py:830} INFO - Processing file /opt/airflow/dags/crypto_pipeline_dag.py for tasks to queue
[2026-07-15T08:19:53.252+0000] {logging_mixin.py:188} INFO - [2026-07-15T08:19:53.252+0000] {dagbag.py:545} INFO - Filling up the DagBag from /opt/airflow/dags/crypto_pipeline_dag.py
[2026-07-15T08:19:53.259+0000] {processor.py:840} INFO - DAG(s) 'crypto_daily_pipeline' retrieved from /opt/airflow/dags/crypto_pipeline_dag.py
[2026-07-15T08:19:53.275+0000] {logging_mixin.py:188} INFO - [2026-07-15T08:19:53.275+0000] {dag.py:3089} INFO - Sync 1 DAGs
[2026-07-15T08:19:53.283+0000] {logging_mixin.py:188} INFO - [2026-07-15T08:19:53.283+0000] {dag.py:3947} INFO - Setting next_dagrun for crypto_daily_pipeline to 2026-07-15 00:00:00+00:00, run_after=2026-07-16 00:00:00+00:00
[2026-07-15T08:19:53.288+0000] {processor.py:183} INFO - Processing /opt/airflow/dags/crypto_pipeline_dag.py took 0.042 seconds
[2026-07-15T08:20:23.441+0000] {processor.py:161} INFO - Started process (PID=1398) to work on /opt/airflow/dags/crypto_pipeline_dag.py
[2026-07-15T08:20:23.441+0000] {processor.py:830} INFO - Processing file /opt/airflow/dags/crypto_pipeline_dag.py for tasks to queue
[2026-07-15T08:20:23.442+0000] {logging_mixin.py:188} INFO - [2026-07-15T08:20:23.442+0000] {dagbag.py:545} INFO - Filling up the DagBag from /opt/airflow/dags/crypto_pipeline_dag.py
[2026-07-15T08:20:23.448+0000] {processor.py:840} INFO - DAG(s) 'crypto_daily_pipeline' retrieved from /opt/airflow/dags/crypto_pipeline_dag.py
[2026-07-15T08:20:23.460+0000] {logging_mixin.py:188} INFO - [2026-07-15T08:20:23.460+0000] {dag.py:3089} INFO - Sync 1 DAGs
[2026-07-15T08:20:23.468+0000] {logging_mixin.py:188} INFO - [2026-07-15T08:20:23.468+0000] {dag.py:3947} INFO - Setting next_dagrun for crypto_daily_pipeline to 2026-07-15 00:00:00+00:00, run_after=2026-07-16 00:00:00+00:00
[2026-07-15T08:20:23.474+0000] {processor.py:183} INFO - Processing /opt/airflow/dags/crypto_pipeline_dag.py took 0.037 seconds
[2026-07-15T08:20:53.638+0000] {processor.py:161} INFO - Started process (PID=1403) to work on /opt/airflow/dags/crypto_pipeline_dag.py
[2026-07-15T08:20:53.638+0000] {processor.py:830} INFO - Processing file /opt/airflow/dags/crypto_pipeline_dag.py for tasks to queue
[2026-07-15T08:20:53.640+0000] {logging_mixin.py:188} INFO - [2026-07-15T08:20:53.640+0000] {dagbag.py:545} INFO - Filling up the DagBag from /opt/airflow/dags/crypto_pipeline_dag.py
[2026-07-15T08:20:53.649+0000] {processor.py:840} INFO - DAG(s) 'crypto_daily_pipeline' retrieved from /opt/airflow/dags/crypto_pipeline_dag.py
[2026-07-15T08:20:53.668+0000] {logging_mixin.py:188} INFO - [2026-07-15T08:20:53.667+0000] {dag.py:3089} INFO - Sync 1 DAGs
[2026-07-15T08:20:53.677+0000] {logging_mixin.py:188} INFO - [2026-07-15T08:20:53.677+0000] {dag.py:3947} INFO - Setting next_dagrun for crypto_daily_pipeline to 2026-07-15 00:00:00+00:00, run_after=2026-07-16 00:00:00+00:00
[2026-07-15T08:20:53.683+0000] {processor.py:183} INFO - Processing /opt/airflow/dags/crypto_pipeline_dag.py took 0.049 seconds
[2026-07-15T08:21:23.845+0000] {processor.py:161} INFO - Started process (PID=1408) to work on /opt/airflow/dags/crypto_pipeline_dag.py
[2026-07-15T08:21:23.846+0000] {processor.py:830} INFO - Processing file /opt/airflow/dags/crypto_pipeline_dag.py for tasks to queue
[2026-07-15T08:21:23.847+0000] {logging_mixin.py:188} INFO - [2026-07-15T08:21:23.847+0000] {dagbag.py:545} INFO - Filling up the DagBag from /opt/airflow/dags/crypto_pipeline_dag.py
[2026-07-15T08:21:23.856+0000] {processor.py:840} INFO - DAG(s) 'crypto_daily_pipeline' retrieved from /opt/airflow/dags/crypto_pipeline_dag.py
[2026-07-15T08:21:23.873+0000] {logging_mixin.py:188} INFO - [2026-07-15T08:21:23.872+0000] {dag.py:3089} INFO - Sync 1 DAGs
[2026-07-15T08:21:23.882+0000] {logging_mixin.py:188} INFO - [2026-07-15T08:21:23.882+0000] {dag.py:3947} INFO - Setting next_dagrun for crypto_daily_pipeline to 2026-07-15 00:00:00+00:00, run_after=2026-07-16 00:00:00+00:00
[2026-07-15T08:21:23.888+0000] {processor.py:183} INFO - Processing /opt/airflow/dags/crypto_pipeline_dag.py took 0.047 seconds
[2026-07-15T08:21:54.055+0000] {processor.py:161} INFO - Started process (PID=1413) to work on /opt/airflow/dags/crypto_pipeline_dag.py
[2026-07-15T08:21:54.056+0000] {processor.py:830} INFO - Processing file /opt/airflow/dags/crypto_pipeline_dag.py for tasks to queue
[2026-07-15T08:21:54.056+0000] {logging_mixin.py:188} INFO - [2026-07-15T08:21:54.056+0000] {dagbag.py:545} INFO - Filling up the DagBag from /opt/airflow/dags/crypto_pipeline_dag.py
[2026-07-15T08:21:54.066+0000] {processor.py:840} INFO - DAG(s) 'crypto_daily_pipeline' retrieved from /opt/airflow/dags/crypto_pipeline_dag.py
[2026-07-15T08:21:54.085+0000] {logging_mixin.py:188} INFO - [2026-07-15T08:21:54.084+0000] {dag.py:3089} INFO - Sync 1 DAGs
[2026-07-15T08:21:54.095+0000] {logging_mixin.py:188} INFO - [2026-07-15T08:21:54.095+0000] {dag.py:3947} INFO - Setting next_dagrun for crypto_daily_pipeline to 2026-07-15 00:00:00+00:00, run_after=2026-07-16 00:00:00+00:00
[2026-07-15T08:21:54.101+0000] {processor.py:183} INFO - Processing /opt/airflow/dags/crypto_pipeline_dag.py took 0.050 seconds
[2026-07-15T08:22:24.252+0000] {processor.py:161} INFO - Started process (PID=1418) to work on /opt/airflow/dags/crypto_pipeline_dag.py
[2026-07-15T08:22:24.252+0000] {processor.py:830} INFO - Processing file /opt/airflow/dags/crypto_pipeline_dag.py for tasks to queue
[2026-07-15T08:22:24.254+0000] {logging_mixin.py:188} INFO - [2026-07-15T08:22:24.253+0000] {dagbag.py:545} INFO - Filling up the DagBag from /opt/airflow/dags/crypto_pipeline_dag.py
[2026-07-15T08:22:24.262+0000] {processor.py:840} INFO - DAG(s) 'crypto_daily_pipeline' retrieved from /opt/airflow/dags/crypto_pipeline_dag.py
[2026-07-15T08:22:24.278+0000] {logging_mixin.py:188} INFO - [2026-07-15T08:22:24.278+0000] {dag.py:3089} INFO - Sync 1 DAGs
[2026-07-15T08:22:24.287+0000] {logging_mixin.py:188} INFO - [2026-07-15T08:22:24.287+0000] {dag.py:3947} INFO - Setting next_dagrun for crypto_daily_pipeline to 2026-07-15 00:00:00+00:00, run_after=2026-07-16 00:00:00+00:00
[2026-07-15T08:22:24.293+0000] {processor.py:183} INFO - Processing /opt/airflow/dags/crypto_pipeline_dag.py took 0.046 seconds
[2026-07-15T08:22:54.434+0000] {processor.py:161} INFO - Started process (PID=1423) to work on /opt/airflow/dags/crypto_pipeline_dag.py
[2026-07-15T08:22:54.434+0000] {processor.py:830} INFO - Processing file /opt/airflow/dags/crypto_pipeline_dag.py for tasks to queue
[2026-07-15T08:22:54.435+0000] {logging_mixin.py:188} INFO - [2026-07-15T08:22:54.435+0000] {dagbag.py:545} INFO - Filling up the DagBag from /opt/airflow/dags/crypto_pipeline_dag.py
[2026-07-15T08:22:54.445+0000] {processor.py:840} INFO - DAG(s) 'crypto_daily_pipeline' retrieved from /opt/airflow/dags/crypto_pipeline_dag.py
[2026-07-15T08:22:54.463+0000] {logging_mixin.py:188} INFO - [2026-07-15T08:22:54.463+0000] {dag.py:3089} INFO - Sync 1 DAGs
[2026-07-15T08:22:54.473+0000] {logging_mixin.py:188} INFO - [2026-07-15T08:22:54.473+0000] {dag.py:3947} INFO - Setting next_dagrun for crypto_daily_pipeline to 2026-07-15 00:00:00+00:00, run_after=2026-07-16 00:00:00+00:00
[2026-07-15T08:22:54.479+0000] {processor.py:183} INFO - Processing /opt/airflow/dags/crypto_pipeline_dag.py took 0.049 seconds
[2026-07-15T08:23:24.633+0000] {processor.py:161} INFO - Started process (PID=1428) to work on /opt/airflow/dags/crypto_pipeline_dag.py
[2026-07-15T08:23:24.634+0000] {processor.py:830} INFO - Processing file /opt/airflow/dags/crypto_pipeline_dag.py for tasks to queue
[2026-07-15T08:23:24.636+0000] {logging_mixin.py:188} INFO - [2026-07-15T08:23:24.635+0000] {dagbag.py:545} INFO - Filling up the DagBag from /opt/airflow/dags/crypto_pipeline_dag.py
[2026-07-15T08:23:24.645+0000] {processor.py:840} INFO - DAG(s) 'crypto_daily_pipeline' retrieved from /opt/airflow/dags/crypto_pipeline_dag.py
[2026-07-15T08:23:24.662+0000] {logging_mixin.py:188} INFO - [2026-07-15T08:23:24.662+0000] {dag.py:3089} INFO - Sync 1 DAGs
[2026-07-15T08:23:24.672+0000] {logging_mixin.py:188} INFO - [2026-07-15T08:23:24.672+0000] {dag.py:3947} INFO - Setting next_dagrun for crypto_daily_pipeline to 2026-07-15 00:00:00+00:00, run_after=2026-07-16 00:00:00+00:00
[2026-07-15T08:23:24.678+0000] {processor.py:183} INFO - Processing /opt/airflow/dags/crypto_pipeline_dag.py took 0.049 seconds
[2026-07-15T08:23:54.833+0000] {processor.py:161} INFO - Started process (PID=1433) to work on /opt/airflow/dags/crypto_pipeline_dag.py
[2026-07-15T08:23:54.833+0000] {processor.py:830} INFO - Processing file /opt/airflow/dags/crypto_pipeline_dag.py for tasks to queue
[2026-07-15T08:23:54.835+0000] {logging_mixin.py:188} INFO - [2026-07-15T08:23:54.834+0000] {dagbag.py:545} INFO - Filling up the DagBag from /opt/airflow/dags/crypto_pipeline_dag.py
[2026-07-15T08:23:54.844+0000] {processor.py:840} INFO - DAG(s) 'crypto_daily_pipeline' retrieved from /opt/airflow/dags/crypto_pipeline_dag.py
[2026-07-15T08:23:54.860+0000] {logging_mixin.py:188} INFO - [2026-07-15T08:23:54.860+0000] {dag.py:3089} INFO - Sync 1 DAGs
[2026-07-15T08:23:54.869+0000] {logging_mixin.py:188} INFO - [2026-07-15T08:23:54.869+0000] {dag.py:3947} INFO - Setting next_dagrun for crypto_daily_pipeline to 2026-07-15 00:00:00+00:00, run_after=2026-07-16 00:00:00+00:00
[2026-07-15T08:23:54.875+0000] {processor.py:183} INFO - Processing /opt/airflow/dags/crypto_pipeline_dag.py took 0.046 seconds
[2026-07-15T08:24:25.038+0000] {processor.py:161} INFO - Started process (PID=1438) to work on /opt/airflow/dags/crypto_pipeline_dag.py
[2026-07-15T08:24:25.039+0000] {processor.py:830} INFO - Processing file /opt/airflow/dags/crypto_pipeline_dag.py for tasks to queue
[2026-07-15T08:24:25.041+0000] {logging_mixin.py:188} INFO - [2026-07-15T08:24:25.040+0000] {dagbag.py:545} INFO - Filling up the DagBag from /opt/airflow/dags/crypto_pipeline_dag.py
[2026-07-15T08:24:25.050+0000] {processor.py:840} INFO - DAG(s) 'crypto_daily_pipeline' retrieved from /opt/airflow/dags/crypto_pipeline_dag.py
[2026-07-15T08:24:25.067+0000] {logging_mixin.py:188} INFO - [2026-07-15T08:24:25.067+0000] {dag.py:3089} INFO - Sync 1 DAGs
[2026-07-15T08:24:25.076+0000] {logging_mixin.py:188} INFO - [2026-07-15T08:24:25.076+0000] {dag.py:3947} INFO - Setting next_dagrun for crypto_daily_pipeline to 2026-07-15 00:00:00+00:00, run_after=2026-07-16 00:00:00+00:00
[2026-07-15T08:24:25.082+0000] {processor.py:183} INFO - Processing /opt/airflow/dags/crypto_pipeline_dag.py took 0.047 seconds
[2026-07-15T08:24:55.262+0000] {processor.py:161} INFO - Started process (PID=1443) to work on /opt/airflow/dags/crypto_pipeline_dag.py
[2026-07-15T08:24:55.263+0000] {processor.py:830} INFO - Processing file /opt/airflow/dags/crypto_pipeline_dag.py for tasks to queue
[2026-07-15T08:24:55.264+0000] {logging_mixin.py:188} INFO - [2026-07-15T08:24:55.264+0000] {dagbag.py:545} INFO - Filling up the DagBag from /opt/airflow/dags/crypto_pipeline_dag.py
[2026-07-15T08:24:55.273+0000] {processor.py:840} INFO - DAG(s) 'crypto_daily_pipeline' retrieved from /opt/airflow/dags/crypto_pipeline_dag.py
[2026-07-15T08:24:55.292+0000] {logging_mixin.py:188} INFO - [2026-07-15T08:24:55.292+0000] {dag.py:3089} INFO - Sync 1 DAGs
[2026-07-15T08:24:55.302+0000] {logging_mixin.py:188} INFO - [2026-07-15T08:24:55.302+0000] {dag.py:3947} INFO - Setting next_dagrun for crypto_daily_pipeline to 2026-07-15 00:00:00+00:00, run_after=2026-07-16 00:00:00+00:00
[2026-07-15T08:24:55.308+0000] {processor.py:183} INFO - Processing /opt/airflow/dags/crypto_pipeline_dag.py took 0.050 seconds
[2026-07-15T08:25:25.478+0000] {processor.py:161} INFO - Started process (PID=1448) to work on /opt/airflow/dags/crypto_pipeline_dag.py
[2026-07-15T08:25:25.479+0000] {processor.py:830} INFO - Processing file /opt/airflow/dags/crypto_pipeline_dag.py for tasks to queue
[2026-07-15T08:25:25.481+0000] {logging_mixin.py:188} INFO - [2026-07-15T08:25:25.481+0000] {dagbag.py:545} INFO - Filling up the DagBag from /opt/airflow/dags/crypto_pipeline_dag.py
[2026-07-15T08:25:25.490+0000] {processor.py:840} INFO - DAG(s) 'crypto_daily_pipeline' retrieved from /opt/airflow/dags/crypto_pipeline_dag.py
[2026-07-15T08:25:25.508+0000] {logging_mixin.py:188} INFO - [2026-07-15T08:25:25.508+0000] {dag.py:3089} INFO - Sync 1 DAGs
[2026-07-15T08:25:25.518+0000] {logging_mixin.py:188} INFO - [2026-07-15T08:25:25.518+0000] {dag.py:3947} INFO - Setting next_dagrun for crypto_daily_pipeline to 2026-07-15 00:00:00+00:00, run_after=2026-07-16 00:00:00+00:00
[2026-07-15T08:25:25.523+0000] {processor.py:183} INFO - Processing /opt/airflow/dags/crypto_pipeline_dag.py took 0.049 seconds
[2026-07-15T08:25:55.688+0000] {processor.py:161} INFO - Started process (PID=1453) to work on /opt/airflow/dags/crypto_pipeline_dag.py
[2026-07-15T08:25:55.688+0000] {processor.py:830} INFO - Processing file /opt/airflow/dags/crypto_pipeline_dag.py for tasks to queue
[2026-07-15T08:25:55.690+0000] {logging_mixin.py:188} INFO - [2026-07-15T08:25:55.690+0000] {dagbag.py:545} INFO - Filling up the DagBag from /opt/airflow/dags/crypto_pipeline_dag.py
[2026-07-15T08:25:55.699+0000] {processor.py:840} INFO - DAG(s) 'crypto_daily_pipeline' retrieved from /opt/airflow/dags/crypto_pipeline_dag.py
[2026-07-15T08:25:55.718+0000] {logging_mixin.py:188} INFO - [2026-07-15T08:25:55.717+0000] {dag.py:3089} INFO - Sync 1 DAGs
[2026-07-15T08:25:55.727+0000] {logging_mixin.py:188} INFO - [2026-07-15T08:25:55.727+0000] {dag.py:3947} INFO - Setting next_dagrun for crypto_daily_pipeline to 2026-07-15 00:00:00+00:00, run_after=2026-07-16 00:00:00+00:00
[2026-07-15T08:25:55.733+0000] {processor.py:183} INFO - Processing /opt/airflow/dags/crypto_pipeline_dag.py took 0.049 seconds
[2026-07-15T08:26:25.894+0000] {processor.py:161} INFO - Started process (PID=1458) to work on /opt/airflow/dags/crypto_pipeline_dag.py
[2026-07-15T08:26:25.895+0000] {processor.py:830} INFO - Processing file /opt/airflow/dags/crypto_pipeline_dag.py for tasks to queue
[2026-07-15T08:26:25.896+0000] {logging_mixin.py:188} INFO - [2026-07-15T08:26:25.896+0000] {dagbag.py:545} INFO - Filling up the DagBag from /opt/airflow/dags/crypto_pipeline_dag.py
[2026-07-15T08:26:25.906+0000] {processor.py:840} INFO - DAG(s) 'crypto_daily_pipeline' retrieved from /opt/airflow/dags/crypto_pipeline_dag.py
[2026-07-15T08:26:25.924+0000] {logging_mixin.py:188} INFO - [2026-07-15T08:26:25.923+0000] {dag.py:3089} INFO - Sync 1 DAGs
[2026-07-15T08:26:25.933+0000] {logging_mixin.py:188} INFO - [2026-07-15T08:26:25.933+0000] {dag.py:3947} INFO - Setting next_dagrun for crypto_daily_pipeline to 2026-07-15 00:00:00+00:00, run_after=2026-07-16 00:00:00+00:00
[2026-07-15T08:26:25.939+0000] {processor.py:183} INFO - Processing /opt/airflow/dags/crypto_pipeline_dag.py took 0.049 seconds
[2026-07-15T08:26:56.119+0000] {processor.py:161} INFO - Started process (PID=1463) to work on /opt/airflow/dags/crypto_pipeline_dag.py
[2026-07-15T08:26:56.119+0000] {processor.py:830} INFO - Processing file /opt/airflow/dags/crypto_pipeline_dag.py for tasks to queue
[2026-07-15T08:26:56.120+0000] {logging_mixin.py:188} INFO - [2026-07-15T08:26:56.120+0000] {dagbag.py:545} INFO - Filling up the DagBag from /opt/airflow/dags/crypto_pipeline_dag.py
[2026-07-15T08:26:56.130+0000] {processor.py:840} INFO - DAG(s) 'crypto_daily_pipeline' retrieved from /opt/airflow/dags/crypto_pipeline_dag.py
[2026-07-15T08:26:56.148+0000] {logging_mixin.py:188} INFO - [2026-07-15T08:26:56.148+0000] {dag.py:3089} INFO - Sync 1 DAGs
[2026-07-15T08:26:56.158+0000] {logging_mixin.py:188} INFO - [2026-07-15T08:26:56.158+0000] {dag.py:3947} INFO - Setting next_dagrun for crypto_daily_pipeline to 2026-07-15 00:00:00+00:00, run_after=2026-07-16 00:00:00+00:00
[2026-07-15T08:26:56.164+0000] {processor.py:183} INFO - Processing /opt/airflow/dags/crypto_pipeline_dag.py took 0.049 seconds
[2026-07-15T08:27:26.319+0000] {processor.py:161} INFO - Started process (PID=1468) to work on /opt/airflow/dags/crypto_pipeline_dag.py
[2026-07-15T08:27:26.320+0000] {processor.py:830} INFO - Processing file /opt/airflow/dags/crypto_pipeline_dag.py for tasks to queue
[2026-07-15T08:27:26.321+0000] {logging_mixin.py:188} INFO - [2026-07-15T08:27:26.321+0000] {dagbag.py:545} INFO - Filling up the DagBag from /opt/airflow/dags/crypto_pipeline_dag.py
[2026-07-15T08:27:26.331+0000] {processor.py:840} INFO - DAG(s) 'crypto_daily_pipeline' retrieved from /opt/airflow/dags/crypto_pipeline_dag.py
[2026-07-15T08:27:26.348+0000] {logging_mixin.py:188} INFO - [2026-07-15T08:27:26.348+0000] {dag.py:3089} INFO - Sync 1 DAGs
[2026-07-15T08:27:26.357+0000] {logging_mixin.py:188} INFO - [2026-07-15T08:27:26.357+0000] {dag.py:3947} INFO - Setting next_dagrun for crypto_daily_pipeline to 2026-07-15 00:00:00+00:00, run_after=2026-07-16 00:00:00+00:00
[2026-07-15T08:27:26.363+0000] {processor.py:183} INFO - Processing /opt/airflow/dags/crypto_pipeline_dag.py took 0.047 seconds
[2026-07-15T08:27:56.539+0000] {processor.py:161} INFO - Started process (PID=1473) to work on /opt/airflow/dags/crypto_pipeline_dag.py
[2026-07-15T08:27:56.540+0000] {processor.py:830} INFO - Processing file /opt/airflow/dags/crypto_pipeline_dag.py for tasks to queue
[2026-07-15T08:27:56.542+0000] {logging_mixin.py:188} INFO - [2026-07-15T08:27:56.541+0000] {dagbag.py:545} INFO - Filling up the DagBag from /opt/airflow/dags/crypto_pipeline_dag.py
[2026-07-15T08:27:56.551+0000] {processor.py:840} INFO - DAG(s) 'crypto_daily_pipeline' retrieved from /opt/airflow/dags/crypto_pipeline_dag.py
[2026-07-15T08:27:56.569+0000] {logging_mixin.py:188} INFO - [2026-07-15T08:27:56.569+0000] {dag.py:3089} INFO - Sync 1 DAGs
[2026-07-15T08:27:56.579+0000] {logging_mixin.py:188} INFO - [2026-07-15T08:27:56.579+0000] {dag.py:3947} INFO - Setting next_dagrun for crypto_daily_pipeline to 2026-07-15 00:00:00+00:00, run_after=2026-07-16 00:00:00+00:00
[2026-07-15T08:27:56.585+0000] {processor.py:183} INFO - Processing /opt/airflow/dags/crypto_pipeline_dag.py took 0.050 seconds
[2026-07-15T08:28:26.746+0000] {processor.py:161} INFO - Started process (PID=1478) to work on /opt/airflow/dags/crypto_pipeline_dag.py
[2026-07-15T08:28:26.746+0000] {processor.py:830} INFO - Processing file /opt/airflow/dags/crypto_pipeline_dag.py for tasks to queue
[2026-07-15T08:28:26.748+0000] {logging_mixin.py:188} INFO - [2026-07-15T08:28:26.748+0000] {dagbag.py:545} INFO - Filling up the DagBag from /opt/airflow/dags/crypto_pipeline_dag.py
[2026-07-15T08:28:26.757+0000] {processor.py:840} INFO - DAG(s) 'crypto_daily_pipeline' retrieved from /opt/airflow/dags/crypto_pipeline_dag.py
[2026-07-15T08:28:26.775+0000] {logging_mixin.py:188} INFO - [2026-07-15T08:28:26.775+0000] {dag.py:3089} INFO - Sync 1 DAGs
[2026-07-15T08:28:26.783+0000] {logging_mixin.py:188} INFO - [2026-07-15T08:28:26.783+0000] {dag.py:3947} INFO - Setting next_dagrun for crypto_daily_pipeline to 2026-07-15 00:00:00+00:00, run_after=2026-07-16 00:00:00+00:00
[2026-07-15T08:28:26.789+0000] {processor.py:183} INFO - Processing /opt/airflow/dags/crypto_pipeline_dag.py took 0.048 seconds
[2026-07-15T08:28:56.940+0000] {processor.py:161} INFO - Started process (PID=1483) to work on /opt/airflow/dags/crypto_pipeline_dag.py
[2026-07-15T08:28:56.941+0000] {processor.py:830} INFO - Processing file /opt/airflow/dags/crypto_pipeline_dag.py for tasks to queue
[2026-07-15T08:28:56.943+0000] {logging_mixin.py:188} INFO - [2026-07-15T08:28:56.943+0000] {dagbag.py:545} INFO - Filling up the DagBag from /opt/airflow/dags/crypto_pipeline_dag.py
[2026-07-15T08:28:56.951+0000] {processor.py:840} INFO - DAG(s) 'crypto_daily_pipeline' retrieved from /opt/airflow/dags/crypto_pipeline_dag.py
[2026-07-15T08:28:56.968+0000] {logging_mixin.py:188} INFO - [2026-07-15T08:28:56.968+0000] {dag.py:3089} INFO - Sync 1 DAGs
[2026-07-15T08:28:56.978+0000] {logging_mixin.py:188} INFO - [2026-07-15T08:28:56.978+0000] {dag.py:3947} INFO - Setting next_dagrun for crypto_daily_pipeline to 2026-07-15 00:00:00+00:00, run_after=2026-07-16 00:00:00+00:00
[2026-07-15T08:28:56.983+0000] {processor.py:183} INFO - Processing /opt/airflow/dags/crypto_pipeline_dag.py took 0.046 seconds
[2026-07-15T08:29:27.149+0000] {processor.py:161} INFO - Started process (PID=1488) to work on /opt/airflow/dags/crypto_pipeline_dag.py
[2026-07-15T08:29:27.150+0000] {processor.py:830} INFO - Processing file /opt/airflow/dags/crypto_pipeline_dag.py for tasks to queue
[2026-07-15T08:29:27.152+0000] {logging_mixin.py:188} INFO - [2026-07-15T08:29:27.152+0000] {dagbag.py:545} INFO - Filling up the DagBag from /opt/airflow/dags/crypto_pipeline_dag.py
[2026-07-15T08:29:27.162+0000] {processor.py:840} INFO - DAG(s) 'crypto_daily_pipeline' retrieved from /opt/airflow/dags/crypto_pipeline_dag.py
[2026-07-15T08:29:27.178+0000] {logging_mixin.py:188} INFO - [2026-07-15T08:29:27.178+0000] {dag.py:3089} INFO - Sync 1 DAGs
[2026-07-15T08:29:27.188+0000] {logging_mixin.py:188} INFO - [2026-07-15T08:29:27.188+0000] {dag.py:3947} INFO - Setting next_dagrun for crypto_daily_pipeline to 2026-07-15 00:00:00+00:00, run_after=2026-07-16 00:00:00+00:00
[2026-07-15T08:29:27.195+0000] {processor.py:183} INFO - Processing /opt/airflow/dags/crypto_pipeline_dag.py took 0.049 seconds
[2026-07-15T08:29:57.365+0000] {processor.py:161} INFO - Started process (PID=1493) to work on /opt/airflow/dags/crypto_pipeline_dag.py
[2026-07-15T08:29:57.365+0000] {processor.py:830} INFO - Processing file /opt/airflow/dags/crypto_pipeline_dag.py for tasks to queue
[2026-07-15T08:29:57.366+0000] {logging_mixin.py:188} INFO - [2026-07-15T08:29:57.366+0000] {dagbag.py:545} INFO - Filling up the DagBag from /opt/airflow/dags/crypto_pipeline_dag.py
[2026-07-15T08:29:57.371+0000] {processor.py:840} INFO - DAG(s) 'crypto_daily_pipeline' retrieved from /opt/airflow/dags/crypto_pipeline_dag.py
[2026-07-15T08:29:57.383+0000] {logging_mixin.py:188} INFO - [2026-07-15T08:29:57.383+0000] {dag.py:3089} INFO - Sync 1 DAGs
[2026-07-15T08:29:57.391+0000] {logging_mixin.py:188} INFO - [2026-07-15T08:29:57.391+0000] {dag.py:3947} INFO - Setting next_dagrun for crypto_daily_pipeline to 2026-07-15 00:00:00+00:00, run_after=2026-07-16 00:00:00+00:00
[2026-07-15T08:29:57.396+0000] {processor.py:183} INFO - Processing /opt/airflow/dags/crypto_pipeline_dag.py took 0.034 seconds
[2026-07-15T08:30:27.567+0000] {processor.py:161} INFO - Started process (PID=1498) to work on /opt/airflow/dags/crypto_pipeline_dag.py
[2026-07-15T08:30:27.568+0000] {processor.py:830} INFO - Processing file /opt/airflow/dags/crypto_pipeline_dag.py for tasks to queue
[2026-07-15T08:30:27.569+0000] {logging_mixin.py:188} INFO - [2026-07-15T08:30:27.569+0000] {dagbag.py:545} INFO - Filling up the DagBag from /opt/airflow/dags/crypto_pipeline_dag.py
[2026-07-15T08:30:27.579+0000] {processor.py:840} INFO - DAG(s) 'crypto_daily_pipeline' retrieved from /opt/airflow/dags/crypto_pipeline_dag.py
[2026-07-15T08:30:27.597+0000] {logging_mixin.py:188} INFO - [2026-07-15T08:30:27.597+0000] {dag.py:3089} INFO - Sync 1 DAGs
[2026-07-15T08:30:27.606+0000] {logging_mixin.py:188} INFO - [2026-07-15T08:30:27.606+0000] {dag.py:3947} INFO - Setting next_dagrun for crypto_daily_pipeline to 2026-07-15 00:00:00+00:00, run_after=2026-07-16 00:00:00+00:00
[2026-07-15T08:30:27.612+0000] {processor.py:183} INFO - Processing /opt/airflow/dags/crypto_pipeline_dag.py took 0.048 seconds
[2026-07-15T08:30:57.764+0000] {processor.py:161} INFO - Started process (PID=1503) to work on /opt/airflow/dags/crypto_pipeline_dag.py
[2026-07-15T08:30:57.765+0000] {processor.py:830} INFO - Processing file /opt/airflow/dags/crypto_pipeline_dag.py for tasks to queue
[2026-07-15T08:30:57.767+0000] {logging_mixin.py:188} INFO - [2026-07-15T08:30:57.766+0000] {dagbag.py:545} INFO - Filling up the DagBag from /opt/airflow/dags/crypto_pipeline_dag.py
[2026-07-15T08:30:57.776+0000] {processor.py:840} INFO - DAG(s) 'crypto_daily_pipeline' retrieved from /opt/airflow/dags/crypto_pipeline_dag.py
[2026-07-15T08:30:57.794+0000] {logging_mixin.py:188} INFO - [2026-07-15T08:30:57.794+0000] {dag.py:3089} INFO - Sync 1 DAGs
[2026-07-15T08:30:57.802+0000] {logging_mixin.py:188} INFO - [2026-07-15T08:30:57.802+0000] {dag.py:3947} INFO - Setting next_dagrun for crypto_daily_pipeline to 2026-07-15 00:00:00+00:00, run_after=2026-07-16 00:00:00+00:00
[2026-07-15T08:30:57.808+0000] {processor.py:183} INFO - Processing /opt/airflow/dags/crypto_pipeline_dag.py took 0.047 seconds
[2026-07-15T08:31:27.984+0000] {processor.py:161} INFO - Started process (PID=1508) to work on /opt/airflow/dags/crypto_pipeline_dag.py
[2026-07-15T08:31:27.984+0000] {processor.py:830} INFO - Processing file /opt/airflow/dags/crypto_pipeline_dag.py for tasks to queue
[2026-07-15T08:31:27.986+0000] {logging_mixin.py:188} INFO - [2026-07-15T08:31:27.986+0000] {dagbag.py:545} INFO - Filling up the DagBag from /opt/airflow/dags/crypto_pipeline_dag.py
[2026-07-15T08:31:27.994+0000] {processor.py:840} INFO - DAG(s) 'crypto_daily_pipeline' retrieved from /opt/airflow/dags/crypto_pipeline_dag.py
[2026-07-15T08:31:28.011+0000] {logging_mixin.py:188} INFO - [2026-07-15T08:31:28.011+0000] {dag.py:3089} INFO - Sync 1 DAGs
[2026-07-15T08:31:28.020+0000] {logging_mixin.py:188} INFO - [2026-07-15T08:31:28.020+0000] {dag.py:3947} INFO - Setting next_dagrun for crypto_daily_pipeline to 2026-07-15 00:00:00+00:00, run_after=2026-07-16 00:00:00+00:00
[2026-07-15T08:31:28.025+0000] {processor.py:183} INFO - Processing /opt/airflow/dags/crypto_pipeline_dag.py took 0.047 seconds
[2026-07-15T08:31:58.198+0000] {processor.py:161} INFO - Started process (PID=1513) to work on /opt/airflow/dags/crypto_pipeline_dag.py
[2026-07-15T08:31:58.198+0000] {processor.py:830} INFO - Processing file /opt/airflow/dags/crypto_pipeline_dag.py for tasks to queue
[2026-07-15T08:31:58.200+0000] {logging_mixin.py:188} INFO - [2026-07-15T08:31:58.200+0000] {dagbag.py:545} INFO - Filling up the DagBag from /opt/airflow/dags/crypto_pipeline_dag.py
[2026-07-15T08:31:58.209+0000] {processor.py:840} INFO - DAG(s) 'crypto_daily_pipeline' retrieved from /opt/airflow/dags/crypto_pipeline_dag.py
[2026-07-15T08:31:58.227+0000] {logging_mixin.py:188} INFO - [2026-07-15T08:31:58.227+0000] {dag.py:3089} INFO - Sync 1 DAGs
[2026-07-15T08:31:58.236+0000] {logging_mixin.py:188} INFO - [2026-07-15T08:31:58.236+0000] {dag.py:3947} INFO - Setting next_dagrun for crypto_daily_pipeline to 2026-07-15 00:00:00+00:00, run_after=2026-07-16 00:00:00+00:00
[2026-07-15T08:31:58.242+0000] {processor.py:183} INFO - Processing /opt/airflow/dags/crypto_pipeline_dag.py took 0.048 seconds
[2026-07-15T08:32:28.405+0000] {processor.py:161} INFO - Started process (PID=1518) to work on /opt/airflow/dags/crypto_pipeline_dag.py
[2026-07-15T08:32:28.406+0000] {processor.py:830} INFO - Processing file /opt/airflow/dags/crypto_pipeline_dag.py for tasks to queue
[2026-07-15T08:32:28.407+0000] {logging_mixin.py:188} INFO - [2026-07-15T08:32:28.407+0000] {dagbag.py:545} INFO - Filling up the DagBag from /opt/airflow/dags/crypto_pipeline_dag.py
[2026-07-15T08:32:28.416+0000] {processor.py:840} INFO - DAG(s) 'crypto_daily_pipeline' retrieved from /opt/airflow/dags/crypto_pipeline_dag.py
[2026-07-15T08:32:28.433+0000] {logging_mixin.py:188} INFO - [2026-07-15T08:32:28.433+0000] {dag.py:3089} INFO - Sync 1 DAGs
[2026-07-15T08:32:28.443+0000] {logging_mixin.py:188} INFO - [2026-07-15T08:32:28.443+0000] {dag.py:3947} INFO - Setting next_dagrun for crypto_daily_pipeline to 2026-07-15 00:00:00+00:00, run_after=2026-07-16 00:00:00+00:00
[2026-07-15T08:32:28.449+0000] {processor.py:183} INFO - Processing /opt/airflow/dags/crypto_pipeline_dag.py took 0.049 seconds
[2026-07-15T08:32:58.612+0000] {processor.py:161} INFO - Started process (PID=1523) to work on /opt/airflow/dags/crypto_pipeline_dag.py
[2026-07-15T08:32:58.613+0000] {processor.py:830} INFO - Processing file /opt/airflow/dags/crypto_pipeline_dag.py for tasks to queue
[2026-07-15T08:32:58.614+0000] {logging_mixin.py:188} INFO - [2026-07-15T08:32:58.614+0000] {dagbag.py:545} INFO - Filling up the DagBag from /opt/airflow/dags/crypto_pipeline_dag.py
[2026-07-15T08:32:58.623+0000] {processor.py:840} INFO - DAG(s) 'crypto_daily_pipeline' retrieved from /opt/airflow/dags/crypto_pipeline_dag.py
[2026-07-15T08:32:58.641+0000] {logging_mixin.py:188} INFO - [2026-07-15T08:32:58.641+0000] {dag.py:3089} INFO - Sync 1 DAGs
[2026-07-15T08:32:58.650+0000] {logging_mixin.py:188} INFO - [2026-07-15T08:32:58.650+0000] {dag.py:3947} INFO - Setting next_dagrun for crypto_daily_pipeline to 2026-07-15 00:00:00+00:00, run_after=2026-07-16 00:00:00+00:00
[2026-07-15T08:32:58.656+0000] {processor.py:183} INFO - Processing /opt/airflow/dags/crypto_pipeline_dag.py took 0.048 seconds
[2026-07-15T08:33:28.838+0000] {processor.py:161} INFO - Started process (PID=1528) to work on /opt/airflow/dags/crypto_pipeline_dag.py
[2026-07-15T08:33:28.839+0000] {processor.py:830} INFO - Processing file /opt/airflow/dags/crypto_pipeline_dag.py for tasks to queue
[2026-07-15T08:33:28.840+0000] {logging_mixin.py:188} INFO - [2026-07-15T08:33:28.840+0000] {dagbag.py:545} INFO - Filling up the DagBag from /opt/airflow/dags/crypto_pipeline_dag.py
[2026-07-15T08:33:28.848+0000] {processor.py:840} INFO - DAG(s) 'crypto_daily_pipeline' retrieved from /opt/airflow/dags/crypto_pipeline_dag.py
[2026-07-15T08:33:28.863+0000] {logging_mixin.py:188} INFO - [2026-07-15T08:33:28.863+0000] {dag.py:3089} INFO - Sync 1 DAGs
[2026-07-15T08:33:28.871+0000] {logging_mixin.py:188} INFO - [2026-07-15T08:33:28.871+0000] {dag.py:3947} INFO - Setting next_dagrun for crypto_daily_pipeline to 2026-07-15 00:00:00+00:00, run_after=2026-07-16 00:00:00+00:00
[2026-07-15T08:33:28.877+0000] {processor.py:183} INFO - Processing /opt/airflow/dags/crypto_pipeline_dag.py took 0.043 seconds
[2026-07-15T08:33:59.024+0000] {processor.py:161} INFO - Started process (PID=1533) to work on /opt/airflow/dags/crypto_pipeline_dag.py
[2026-07-15T08:33:59.025+0000] {processor.py:830} INFO - Processing file /opt/airflow/dags/crypto_pipeline_dag.py for tasks to queue
[2026-07-15T08:33:59.027+0000] {logging_mixin.py:188} INFO - [2026-07-15T08:33:59.026+0000] {dagbag.py:545} INFO - Filling up the DagBag from /opt/airflow/dags/crypto_pipeline_dag.py
[2026-07-15T08:33:59.035+0000] {processor.py:840} INFO - DAG(s) 'crypto_daily_pipeline' retrieved from /opt/airflow/dags/crypto_pipeline_dag.py
[2026-07-15T08:33:59.051+0000] {logging_mixin.py:188} INFO - [2026-07-15T08:33:59.051+0000] {dag.py:3089} INFO - Sync 1 DAGs
[2026-07-15T08:33:59.060+0000] {logging_mixin.py:188} INFO - [2026-07-15T08:33:59.060+0000] {dag.py:3947} INFO - Setting next_dagrun for crypto_daily_pipeline to 2026-07-15 00:00:00+00:00, run_after=2026-07-16 00:00:00+00:00
[2026-07-15T08:33:59.066+0000] {processor.py:183} INFO - Processing /opt/airflow/dags/crypto_pipeline_dag.py took 0.046 seconds
[2026-07-15T08:34:29.225+0000] {processor.py:161} INFO - Started process (PID=1538) to work on /opt/airflow/dags/crypto_pipeline_dag.py
[2026-07-15T08:34:29.226+0000] {processor.py:830} INFO - Processing file /opt/airflow/dags/crypto_pipeline_dag.py for tasks to queue
[2026-07-15T08:34:29.227+0000] {logging_mixin.py:188} INFO - [2026-07-15T08:34:29.227+0000] {dagbag.py:545} INFO - Filling up the DagBag from /opt/airflow/dags/crypto_pipeline_dag.py
[2026-07-15T08:34:29.235+0000] {processor.py:840} INFO - DAG(s) 'crypto_daily_pipeline' retrieved from /opt/airflow/dags/crypto_pipeline_dag.py
[2026-07-15T08:34:29.252+0000] {logging_mixin.py:188} INFO - [2026-07-15T08:34:29.252+0000] {dag.py:3089} INFO - Sync 1 DAGs
[2026-07-15T08:34:29.261+0000] {logging_mixin.py:188} INFO - [2026-07-15T08:34:29.261+0000] {dag.py:3947} INFO - Setting next_dagrun for crypto_daily_pipeline to 2026-07-15 00:00:00+00:00, run_after=2026-07-16 00:00:00+00:00
[2026-07-15T08:34:29.267+0000] {processor.py:183} INFO - Processing /opt/airflow/dags/crypto_pipeline_dag.py took 0.047 seconds
[2026-07-15T08:34:59.424+0000] {processor.py:161} INFO - Started process (PID=1543) to work on /opt/airflow/dags/crypto_pipeline_dag.py
[2026-07-15T08:34:59.424+0000] {processor.py:830} INFO - Processing file /opt/airflow/dags/crypto_pipeline_dag.py for tasks to queue
[2026-07-15T08:34:59.426+0000] {logging_mixin.py:188} INFO - [2026-07-15T08:34:59.425+0000] {dagbag.py:545} INFO - Filling up the DagBag from /opt/airflow/dags/crypto_pipeline_dag.py
[2026-07-15T08:34:59.434+0000] {processor.py:840} INFO - DAG(s) 'crypto_daily_pipeline' retrieved from /opt/airflow/dags/crypto_pipeline_dag.py
[2026-07-15T08:34:59.451+0000] {logging_mixin.py:188} INFO - [2026-07-15T08:34:59.451+0000] {dag.py:3089} INFO - Sync 1 DAGs
[2026-07-15T08:34:59.460+0000] {logging_mixin.py:188} INFO - [2026-07-15T08:34:59.460+0000] {dag.py:3947} INFO - Setting next_dagrun for crypto_daily_pipeline to 2026-07-15 00:00:00+00:00, run_after=2026-07-16 00:00:00+00:00
[2026-07-15T08:34:59.466+0000] {processor.py:183} INFO - Processing /opt/airflow/dags/crypto_pipeline_dag.py took 0.047 seconds
[2026-07-15T08:35:29.630+0000] {processor.py:161} INFO - Started process (PID=1548) to work on /opt/airflow/dags/crypto_pipeline_dag.py
[2026-07-15T08:35:29.631+0000] {processor.py:830} INFO - Processing file /opt/airflow/dags/crypto_pipeline_dag.py for tasks to queue
[2026-07-15T08:35:29.632+0000] {logging_mixin.py:188} INFO - [2026-07-15T08:35:29.632+0000] {dagbag.py:545} INFO - Filling up the DagBag from /opt/airflow/dags/crypto_pipeline_dag.py
[2026-07-15T08:35:29.642+0000] {processor.py:840} INFO - DAG(s) 'crypto_daily_pipeline' retrieved from /opt/airflow/dags/crypto_pipeline_dag.py
[2026-07-15T08:35:29.660+0000] {logging_mixin.py:188} INFO - [2026-07-15T08:35:29.659+0000] {dag.py:3089} INFO - Sync 1 DAGs
[2026-07-15T08:35:29.669+0000] {logging_mixin.py:188} INFO - [2026-07-15T08:35:29.669+0000] {dag.py:3947} INFO - Setting next_dagrun for crypto_daily_pipeline to 2026-07-15 00:00:00+00:00, run_after=2026-07-16 00:00:00+00:00
[2026-07-15T08:35:29.675+0000] {processor.py:183} INFO - Processing /opt/airflow/dags/crypto_pipeline_dag.py took 0.049 seconds
[2026-07-15T08:35:59.821+0000] {processor.py:161} INFO - Started process (PID=1553) to work on /opt/airflow/dags/crypto_pipeline_dag.py
[2026-07-15T08:35:59.822+0000] {processor.py:830} INFO - Processing file /opt/airflow/dags/crypto_pipeline_dag.py for tasks to queue
[2026-07-15T08:35:59.824+0000] {logging_mixin.py:188} INFO - [2026-07-15T08:35:59.824+0000] {dagbag.py:545} INFO - Filling up the DagBag from /opt/airflow/dags/crypto_pipeline_dag.py
[2026-07-15T08:35:59.833+0000] {processor.py:840} INFO - DAG(s) 'crypto_daily_pipeline' retrieved from /opt/airflow/dags/crypto_pipeline_dag.py
[2026-07-15T08:35:59.851+0000] {logging_mixin.py:188} INFO - [2026-07-15T08:35:59.851+0000] {dag.py:3089} INFO - Sync 1 DAGs
[2026-07-15T08:35:59.861+0000] {logging_mixin.py:188} INFO - [2026-07-15T08:35:59.860+0000] {dag.py:3947} INFO - Setting next_dagrun for crypto_daily_pipeline to 2026-07-15 00:00:00+00:00, run_after=2026-07-16 00:00:00+00:00
[2026-07-15T08:35:59.867+0000] {processor.py:183} INFO - Processing /opt/airflow/dags/crypto_pipeline_dag.py took 0.050 seconds
[2026-07-15T08:36:30.019+0000] {processor.py:161} INFO - Started process (PID=1558) to work on /opt/airflow/dags/crypto_pipeline_dag.py
[2026-07-15T08:36:30.019+0000] {processor.py:830} INFO - Processing file /opt/airflow/dags/crypto_pipeline_dag.py for tasks to queue
[2026-07-15T08:36:30.020+0000] {logging_mixin.py:188} INFO - [2026-07-15T08:36:30.020+0000] {dagbag.py:545} INFO - Filling up the DagBag from /opt/airflow/dags/crypto_pipeline_dag.py
[2026-07-15T08:36:30.025+0000] {processor.py:840} INFO - DAG(s) 'crypto_daily_pipeline' retrieved from /opt/airflow/dags/crypto_pipeline_dag.py
[2026-07-15T08:36:30.037+0000] {logging_mixin.py:188} INFO - [2026-07-15T08:36:30.037+0000] {dag.py:3089} INFO - Sync 1 DAGs
[2026-07-15T08:36:30.045+0000] {logging_mixin.py:188} INFO - [2026-07-15T08:36:30.045+0000] {dag.py:3947} INFO - Setting next_dagrun for crypto_daily_pipeline to 2026-07-15 00:00:00+00:00, run_after=2026-07-16 00:00:00+00:00
[2026-07-15T08:36:30.050+0000] {processor.py:183} INFO - Processing /opt/airflow/dags/crypto_pipeline_dag.py took 0.034 seconds
[2026-07-15T08:37:00.235+0000] {processor.py:161} INFO - Started process (PID=1563) to work on /opt/airflow/dags/crypto_pipeline_dag.py
[2026-07-15T08:37:00.236+0000] {processor.py:830} INFO - Processing file /opt/airflow/dags/crypto_pipeline_dag.py for tasks to queue
[2026-07-15T08:37:00.237+0000] {logging_mixin.py:188} INFO - [2026-07-15T08:37:00.237+0000] {dagbag.py:545} INFO - Filling up the DagBag from /opt/airflow/dags/crypto_pipeline_dag.py
[2026-07-15T08:37:00.246+0000] {processor.py:840} INFO - DAG(s) 'crypto_daily_pipeline' retrieved from /opt/airflow/dags/crypto_pipeline_dag.py
[2026-07-15T08:37:00.263+0000] {logging_mixin.py:188} INFO - [2026-07-15T08:37:00.263+0000] {dag.py:3089} INFO - Sync 1 DAGs
[2026-07-15T08:37:00.273+0000] {logging_mixin.py:188} INFO - [2026-07-15T08:37:00.273+0000] {dag.py:3947} INFO - Setting next_dagrun for crypto_daily_pipeline to 2026-07-15 00:00:00+00:00, run_after=2026-07-16 00:00:00+00:00
[2026-07-15T08:37:00.278+0000] {processor.py:183} INFO - Processing /opt/airflow/dags/crypto_pipeline_dag.py took 0.048 seconds
[2026-07-15T08:37:30.436+0000] {processor.py:161} INFO - Started process (PID=1568) to work on /opt/airflow/dags/crypto_pipeline_dag.py
[2026-07-15T08:37:30.437+0000] {processor.py:830} INFO - Processing file /opt/airflow/dags/crypto_pipeline_dag.py for tasks to queue
[2026-07-15T08:37:30.439+0000] {logging_mixin.py:188} INFO - [2026-07-15T08:37:30.438+0000] {dagbag.py:545} INFO - Filling up the DagBag from /opt/airflow/dags/crypto_pipeline_dag.py
[2026-07-15T08:37:30.448+0000] {processor.py:840} INFO - DAG(s) 'crypto_daily_pipeline' retrieved from /opt/airflow/dags/crypto_pipeline_dag.py
[2026-07-15T08:37:30.465+0000] {logging_mixin.py:188} INFO - [2026-07-15T08:37:30.465+0000] {dag.py:3089} INFO - Sync 1 DAGs
[2026-07-15T08:37:30.475+0000] {logging_mixin.py:188} INFO - [2026-07-15T08:37:30.475+0000] {dag.py:3947} INFO - Setting next_dagrun for crypto_daily_pipeline to 2026-07-15 00:00:00+00:00, run_after=2026-07-16 00:00:00+00:00
[2026-07-15T08:37:30.480+0000] {processor.py:183} INFO - Processing /opt/airflow/dags/crypto_pipeline_dag.py took 0.048 seconds
[2026-07-15T08:38:00.692+0000] {processor.py:161} INFO - Started process (PID=1573) to work on /opt/airflow/dags/crypto_pipeline_dag.py
[2026-07-15T08:38:00.693+0000] {processor.py:830} INFO - Processing file /opt/airflow/dags/crypto_pipeline_dag.py for tasks to queue
[2026-07-15T08:38:00.695+0000] {logging_mixin.py:188} INFO - [2026-07-15T08:38:00.694+0000] {dagbag.py:545} INFO - Filling up the DagBag from /opt/airflow/dags/crypto_pipeline_dag.py
[2026-07-15T08:38:00.703+0000] {processor.py:840} INFO - DAG(s) 'crypto_daily_pipeline' retrieved from /opt/airflow/dags/crypto_pipeline_dag.py
[2026-07-15T08:38:00.720+0000] {logging_mixin.py:188} INFO - [2026-07-15T08:38:00.720+0000] {dag.py:3089} INFO - Sync 1 DAGs
[2026-07-15T08:38:00.729+0000] {logging_mixin.py:188} INFO - [2026-07-15T08:38:00.729+0000] {dag.py:3947} INFO - Setting next_dagrun for crypto_daily_pipeline to 2026-07-15 00:00:00+00:00, run_after=2026-07-16 00:00:00+00:00
[2026-07-15T08:38:00.735+0000] {processor.py:183} INFO - Processing /opt/airflow/dags/crypto_pipeline_dag.py took 0.047 seconds
[2026-07-15T08:38:30.912+0000] {processor.py:161} INFO - Started process (PID=1578) to work on /opt/airflow/dags/crypto_pipeline_dag.py
[2026-07-15T08:38:30.912+0000] {processor.py:830} INFO - Processing file /opt/airflow/dags/crypto_pipeline_dag.py for tasks to queue
[2026-07-15T08:38:30.913+0000] {logging_mixin.py:188} INFO - [2026-07-15T08:38:30.913+0000] {dagbag.py:545} INFO - Filling up the DagBag from /opt/airflow/dags/crypto_pipeline_dag.py
[2026-07-15T08:38:30.922+0000] {processor.py:840} INFO - DAG(s) 'crypto_daily_pipeline' retrieved from /opt/airflow/dags/crypto_pipeline_dag.py
[2026-07-15T08:38:30.941+0000] {logging_mixin.py:188} INFO - [2026-07-15T08:38:30.941+0000] {dag.py:3089} INFO - Sync 1 DAGs
[2026-07-15T08:38:30.951+0000] {logging_mixin.py:188} INFO - [2026-07-15T08:38:30.951+0000] {dag.py:3947} INFO - Setting next_dagrun for crypto_daily_pipeline to 2026-07-15 00:00:00+00:00, run_after=2026-07-16 00:00:00+00:00
[2026-07-15T08:38:30.957+0000] {processor.py:183} INFO - Processing /opt/airflow/dags/crypto_pipeline_dag.py took 0.049 seconds
[2026-07-15T08:39:01.107+0000] {processor.py:161} INFO - Started process (PID=1583) to work on /opt/airflow/dags/crypto_pipeline_dag.py
[2026-07-15T08:39:01.108+0000] {processor.py:830} INFO - Processing file /opt/airflow/dags/crypto_pipeline_dag.py for tasks to queue
[2026-07-15T08:39:01.109+0000] {logging_mixin.py:188} INFO - [2026-07-15T08:39:01.109+0000] {dagbag.py:545} INFO - Filling up the DagBag from /opt/airflow/dags/crypto_pipeline_dag.py
[2026-07-15T08:39:01.118+0000] {processor.py:840} INFO - DAG(s) 'crypto_daily_pipeline' retrieved from /opt/airflow/dags/crypto_pipeline_dag.py
[2026-07-15T08:39:01.137+0000] {logging_mixin.py:188} INFO - [2026-07-15T08:39:01.137+0000] {dag.py:3089} INFO - Sync 1 DAGs
[2026-07-15T08:39:01.147+0000] {logging_mixin.py:188} INFO - [2026-07-15T08:39:01.147+0000] {dag.py:3947} INFO - Setting next_dagrun for crypto_daily_pipeline to 2026-07-15 00:00:00+00:00, run_after=2026-07-16 00:00:00+00:00
[2026-07-15T08:39:01.153+0000] {processor.py:183} INFO - Processing /opt/airflow/dags/crypto_pipeline_dag.py took 0.050 seconds
[2026-07-15T08:39:31.307+0000] {processor.py:161} INFO - Started process (PID=1588) to work on /opt/airflow/dags/crypto_pipeline_dag.py
[2026-07-15T08:39:31.307+0000] {processor.py:830} INFO - Processing file /opt/airflow/dags/crypto_pipeline_dag.py for tasks to queue
[2026-07-15T08:39:31.308+0000] {logging_mixin.py:188} INFO - [2026-07-15T08:39:31.308+0000] {dagbag.py:545} INFO - Filling up the DagBag from /opt/airflow/dags/crypto_pipeline_dag.py
[2026-07-15T08:39:31.312+0000] {processor.py:840} INFO - DAG(s) 'crypto_daily_pipeline' retrieved from /opt/airflow/dags/crypto_pipeline_dag.py
[2026-07-15T08:39:31.321+0000] {logging_mixin.py:188} INFO - [2026-07-15T08:39:31.321+0000] {dag.py:3089} INFO - Sync 1 DAGs
[2026-07-15T08:39:31.328+0000] {logging_mixin.py:188} INFO - [2026-07-15T08:39:31.328+0000] {dag.py:3947} INFO - Setting next_dagrun for crypto_daily_pipeline to 2026-07-15 00:00:00+00:00, run_after=2026-07-16 00:00:00+00:00
[2026-07-15T08:39:31.333+0000] {processor.py:183} INFO - Processing /opt/airflow/dags/crypto_pipeline_dag.py took 0.028 seconds
[2026-07-15T08:40:01.532+0000] {processor.py:161} INFO - Started process (PID=1593) to work on /opt/airflow/dags/crypto_pipeline_dag.py
[2026-07-15T08:40:01.533+0000] {processor.py:830} INFO - Processing file /opt/airflow/dags/crypto_pipeline_dag.py for tasks to queue
[2026-07-15T08:40:01.534+0000] {logging_mixin.py:188} INFO - [2026-07-15T08:40:01.534+0000] {dagbag.py:545} INFO - Filling up the DagBag from /opt/airflow/dags/crypto_pipeline_dag.py
[2026-07-15T08:40:01.543+0000] {processor.py:840} INFO - DAG(s) 'crypto_daily_pipeline' retrieved from /opt/airflow/dags/crypto_pipeline_dag.py
[2026-07-15T08:40:01.561+0000] {logging_mixin.py:188} INFO - [2026-07-15T08:40:01.561+0000] {dag.py:3089} INFO - Sync 1 DAGs
[2026-07-15T08:40:01.570+0000] {logging_mixin.py:188} INFO - [2026-07-15T08:40:01.570+0000] {dag.py:3947} INFO - Setting next_dagrun for crypto_daily_pipeline to 2026-07-15 00:00:00+00:00, run_after=2026-07-16 00:00:00+00:00
[2026-07-15T08:40:01.576+0000] {processor.py:183} INFO - Processing /opt/airflow/dags/crypto_pipeline_dag.py took 0.048 seconds
[2026-07-15T08:40:31.716+0000] {processor.py:161} INFO - Started process (PID=1598) to work on /opt/airflow/dags/crypto_pipeline_dag.py
[2026-07-15T08:40:31.716+0000] {processor.py:830} INFO - Processing file /opt/airflow/dags/crypto_pipeline_dag.py for tasks to queue
[2026-07-15T08:40:31.718+0000] {logging_mixin.py:188} INFO - [2026-07-15T08:40:31.718+0000] {dagbag.py:545} INFO - Filling up the DagBag from /opt/airflow/dags/crypto_pipeline_dag.py
[2026-07-15T08:40:31.727+0000] {processor.py:840} INFO - DAG(s) 'crypto_daily_pipeline' retrieved from /opt/airflow/dags/crypto_pipeline_dag.py
[2026-07-15T08:40:31.743+0000] {logging_mixin.py:188} INFO - [2026-07-15T08:40:31.743+0000] {dag.py:3089} INFO - Sync 1 DAGs
[2026-07-15T08:40:31.751+0000] {logging_mixin.py:188} INFO - [2026-07-15T08:40:31.751+0000] {dag.py:3947} INFO - Setting next_dagrun for crypto_daily_pipeline to 2026-07-15 00:00:00+00:00, run_after=2026-07-16 00:00:00+00:00
[2026-07-15T08:40:31.757+0000] {processor.py:183} INFO - Processing /opt/airflow/dags/crypto_pipeline_dag.py took 0.046 seconds
[2026-07-15T08:41:01.920+0000] {processor.py:161} INFO - Started process (PID=1603) to work on /opt/airflow/dags/crypto_pipeline_dag.py
[2026-07-15T08:41:01.921+0000] {processor.py:830} INFO - Processing file /opt/airflow/dags/crypto_pipeline_dag.py for tasks to queue
[2026-07-15T08:41:01.923+0000] {logging_mixin.py:188} INFO - [2026-07-15T08:41:01.922+0000] {dagbag.py:545} INFO - Filling up the DagBag from /opt/airflow/dags/crypto_pipeline_dag.py
[2026-07-15T08:41:01.932+0000] {processor.py:840} INFO - DAG(s) 'crypto_daily_pipeline' retrieved from /opt/airflow/dags/crypto_pipeline_dag.py
[2026-07-15T08:41:01.948+0000] {logging_mixin.py:188} INFO - [2026-07-15T08:41:01.948+0000] {dag.py:3089} INFO - Sync 1 DAGs
[2026-07-15T08:41:01.958+0000] {logging_mixin.py:188} INFO - [2026-07-15T08:41:01.958+0000] {dag.py:3947} INFO - Setting next_dagrun for crypto_daily_pipeline to 2026-07-15 00:00:00+00:00, run_after=2026-07-16 00:00:00+00:00
[2026-07-15T08:41:01.963+0000] {processor.py:183} INFO - Processing /opt/airflow/dags/crypto_pipeline_dag.py took 0.047 seconds
[2026-07-15T08:41:32.127+0000] {processor.py:161} INFO - Started process (PID=1608) to work on /opt/airflow/dags/crypto_pipeline_dag.py
[2026-07-15T08:41:32.128+0000] {processor.py:830} INFO - Processing file /opt/airflow/dags/crypto_pipeline_dag.py for tasks to queue
[2026-07-15T08:41:32.130+0000] {logging_mixin.py:188} INFO - [2026-07-15T08:41:32.130+0000] {dagbag.py:545} INFO - Filling up the DagBag from /opt/airflow/dags/crypto_pipeline_dag.py
[2026-07-15T08:41:32.139+0000] {processor.py:840} INFO - DAG(s) 'crypto_daily_pipeline' retrieved from /opt/airflow/dags/crypto_pipeline_dag.py
[2026-07-15T08:41:32.157+0000] {logging_mixin.py:188} INFO - [2026-07-15T08:41:32.156+0000] {dag.py:3089} INFO - Sync 1 DAGs
[2026-07-15T08:41:32.166+0000] {logging_mixin.py:188} INFO - [2026-07-15T08:41:32.166+0000] {dag.py:3947} INFO - Setting next_dagrun for crypto_daily_pipeline to 2026-07-15 00:00:00+00:00, run_after=2026-07-16 00:00:00+00:00
[2026-07-15T08:41:32.172+0000] {processor.py:183} INFO - Processing /opt/airflow/dags/crypto_pipeline_dag.py took 0.048 seconds
[2026-07-15T08:42:02.364+0000] {processor.py:161} INFO - Started process (PID=1613) to work on /opt/airflow/dags/crypto_pipeline_dag.py
[2026-07-15T08:42:02.365+0000] {processor.py:830} INFO - Processing file /opt/airflow/dags/crypto_pipeline_dag.py for tasks to queue
[2026-07-15T08:42:02.365+0000] {logging_mixin.py:188} INFO - [2026-07-15T08:42:02.365+0000] {dagbag.py:545} INFO - Filling up the DagBag from /opt/airflow/dags/crypto_pipeline_dag.py
[2026-07-15T08:42:02.375+0000] {processor.py:840} INFO - DAG(s) 'crypto_daily_pipeline' retrieved from /opt/airflow/dags/crypto_pipeline_dag.py
[2026-07-15T08:42:02.394+0000] {logging_mixin.py:188} INFO - [2026-07-15T08:42:02.393+0000] {dag.py:3089} INFO - Sync 1 DAGs
[2026-07-15T08:42:02.403+0000] {logging_mixin.py:188} INFO - [2026-07-15T08:42:02.403+0000] {dag.py:3947} INFO - Setting next_dagrun for crypto_daily_pipeline to 2026-07-15 00:00:00+00:00, run_after=2026-07-16 00:00:00+00:00
[2026-07-15T08:42:02.410+0000] {processor.py:183} INFO - Processing /opt/airflow/dags/crypto_pipeline_dag.py took 0.049 seconds
[2026-07-15T08:42:32.589+0000] {processor.py:161} INFO - Started process (PID=1618) to work on /opt/airflow/dags/crypto_pipeline_dag.py
[2026-07-15T08:42:32.590+0000] {processor.py:830} INFO - Processing file /opt/airflow/dags/crypto_pipeline_dag.py for tasks to queue
[2026-07-15T08:42:32.591+0000] {logging_mixin.py:188} INFO - [2026-07-15T08:42:32.591+0000] {dagbag.py:545} INFO - Filling up the DagBag from /opt/airflow/dags/crypto_pipeline_dag.py
[2026-07-15T08:42:32.600+0000] {processor.py:840} INFO - DAG(s) 'crypto_daily_pipeline' retrieved from /opt/airflow/dags/crypto_pipeline_dag.py
[2026-07-15T08:42:32.619+0000] {logging_mixin.py:188} INFO - [2026-07-15T08:42:32.619+0000] {dag.py:3089} INFO - Sync 1 DAGs
[2026-07-15T08:42:32.630+0000] {logging_mixin.py:188} INFO - [2026-07-15T08:42:32.629+0000] {dag.py:3947} INFO - Setting next_dagrun for crypto_daily_pipeline to 2026-07-15 00:00:00+00:00, run_after=2026-07-16 00:00:00+00:00
[2026-07-15T08:42:32.636+0000] {processor.py:183} INFO - Processing /opt/airflow/dags/crypto_pipeline_dag.py took 0.050 seconds
[2026-07-15T08:43:02.798+0000] {processor.py:161} INFO - Started process (PID=1623) to work on /opt/airflow/dags/crypto_pipeline_dag.py
[2026-07-15T08:43:02.799+0000] {processor.py:830} INFO - Processing file /opt/airflow/dags/crypto_pipeline_dag.py for tasks to queue
[2026-07-15T08:43:02.801+0000] {logging_mixin.py:188} INFO - [2026-07-15T08:43:02.801+0000] {dagbag.py:545} INFO - Filling up the DagBag from /opt/airflow/dags/crypto_pipeline_dag.py
[2026-07-15T08:43:02.810+0000] {processor.py:840} INFO - DAG(s) 'crypto_daily_pipeline' retrieved from /opt/airflow/dags/crypto_pipeline_dag.py
[2026-07-15T08:43:02.831+0000] {logging_mixin.py:188} INFO - [2026-07-15T08:43:02.831+0000] {dag.py:3089} INFO - Sync 1 DAGs
[2026-07-15T08:43:02.843+0000] {logging_mixin.py:188} INFO - [2026-07-15T08:43:02.842+0000] {dag.py:3947} INFO - Setting next_dagrun for crypto_daily_pipeline to 2026-07-15 00:00:00+00:00, run_after=2026-07-16 00:00:00+00:00
[2026-07-15T08:43:02.849+0000] {processor.py:183} INFO - Processing /opt/airflow/dags/crypto_pipeline_dag.py took 0.055 seconds
[2026-07-15T08:43:32.990+0000] {processor.py:161} INFO - Started process (PID=1628) to work on /opt/airflow/dags/crypto_pipeline_dag.py
[2026-07-15T08:43:32.991+0000] {processor.py:830} INFO - Processing file /opt/airflow/dags/crypto_pipeline_dag.py for tasks to queue
[2026-07-15T08:43:32.993+0000] {logging_mixin.py:188} INFO - [2026-07-15T08:43:32.993+0000] {dagbag.py:545} INFO - Filling up the DagBag from /opt/airflow/dags/crypto_pipeline_dag.py
[2026-07-15T08:43:33.002+0000] {processor.py:840} INFO - DAG(s) 'crypto_daily_pipeline' retrieved from /opt/airflow/dags/crypto_pipeline_dag.py
[2026-07-15T08:43:33.020+0000] {logging_mixin.py:188} INFO - [2026-07-15T08:43:33.020+0000] {dag.py:3089} INFO - Sync 1 DAGs
[2026-07-15T08:43:33.030+0000] {logging_mixin.py:188} INFO - [2026-07-15T08:43:33.030+0000] {dag.py:3947} INFO - Setting next_dagrun for crypto_daily_pipeline to 2026-07-15 00:00:00+00:00, run_after=2026-07-16 00:00:00+00:00
[2026-07-15T08:43:33.036+0000] {processor.py:183} INFO - Processing /opt/airflow/dags/crypto_pipeline_dag.py took 0.051 seconds
[2026-07-15T08:44:03.176+0000] {processor.py:161} INFO - Started process (PID=1633) to work on /opt/airflow/dags/crypto_pipeline_dag.py
[2026-07-15T08:44:03.177+0000] {processor.py:830} INFO - Processing file /opt/airflow/dags/crypto_pipeline_dag.py for tasks to queue
[2026-07-15T08:44:03.179+0000] {logging_mixin.py:188} INFO - [2026-07-15T08:44:03.179+0000] {dagbag.py:545} INFO - Filling up the DagBag from /opt/airflow/dags/crypto_pipeline_dag.py
[2026-07-15T08:44:03.188+0000] {processor.py:840} INFO - DAG(s) 'crypto_daily_pipeline' retrieved from /opt/airflow/dags/crypto_pipeline_dag.py
[2026-07-15T08:44:03.206+0000] {logging_mixin.py:188} INFO - [2026-07-15T08:44:03.205+0000] {dag.py:3089} INFO - Sync 1 DAGs
[2026-07-15T08:44:03.216+0000] {logging_mixin.py:188} INFO - [2026-07-15T08:44:03.216+0000] {dag.py:3947} INFO - Setting next_dagrun for crypto_daily_pipeline to 2026-07-15 00:00:00+00:00, run_after=2026-07-16 00:00:00+00:00
[2026-07-15T08:44:03.222+0000] {processor.py:183} INFO - Processing /opt/airflow/dags/crypto_pipeline_dag.py took 0.051 seconds
[2026-07-15T08:44:33.370+0000] {processor.py:161} INFO - Started process (PID=1638) to work on /opt/airflow/dags/crypto_pipeline_dag.py
[2026-07-15T08:44:33.371+0000] {processor.py:830} INFO - Processing file /opt/airflow/dags/crypto_pipeline_dag.py for tasks to queue
[2026-07-15T08:44:33.372+0000] {logging_mixin.py:188} INFO - [2026-07-15T08:44:33.372+0000] {dagbag.py:545} INFO - Filling up the DagBag from /opt/airflow/dags/crypto_pipeline_dag.py
[2026-07-15T08:44:33.382+0000] {processor.py:840} INFO - DAG(s) 'crypto_daily_pipeline' retrieved from /opt/airflow/dags/crypto_pipeline_dag.py
[2026-07-15T08:44:33.399+0000] {logging_mixin.py:188} INFO - [2026-07-15T08:44:33.399+0000] {dag.py:3089} INFO - Sync 1 DAGs
[2026-07-15T08:44:33.410+0000] {logging_mixin.py:188} INFO - [2026-07-15T08:44:33.409+0000] {dag.py:3947} INFO - Setting next_dagrun for crypto_daily_pipeline to 2026-07-15 00:00:00+00:00, run_after=2026-07-16 00:00:00+00:00
[2026-07-15T08:44:33.416+0000] {processor.py:183} INFO - Processing /opt/airflow/dags/crypto_pipeline_dag.py took 0.050 seconds
[2026-07-15T08:45:03.575+0000] {processor.py:161} INFO - Started process (PID=1643) to work on /opt/airflow/dags/crypto_pipeline_dag.py
[2026-07-15T08:45:03.576+0000] {processor.py:830} INFO - Processing file /opt/airflow/dags/crypto_pipeline_dag.py for tasks to queue
[2026-07-15T08:45:03.578+0000] {logging_mixin.py:188} INFO - [2026-07-15T08:45:03.578+0000] {dagbag.py:545} INFO - Filling up the DagBag from /opt/airflow/dags/crypto_pipeline_dag.py
[2026-07-15T08:45:03.587+0000] {processor.py:840} INFO - DAG(s) 'crypto_daily_pipeline' retrieved from /opt/airflow/dags/crypto_pipeline_dag.py
[2026-07-15T08:45:03.604+0000] {logging_mixin.py:188} INFO - [2026-07-15T08:45:03.604+0000] {dag.py:3089} INFO - Sync 1 DAGs
[2026-07-15T08:45:03.613+0000] {logging_mixin.py:188} INFO - [2026-07-15T08:45:03.613+0000] {dag.py:3947} INFO - Setting next_dagrun for crypto_daily_pipeline to 2026-07-15 00:00:00+00:00, run_after=2026-07-16 00:00:00+00:00
[2026-07-15T08:45:03.620+0000] {processor.py:183} INFO - Processing /opt/airflow/dags/crypto_pipeline_dag.py took 0.049 seconds
[2026-07-15T08:45:33.755+0000] {processor.py:161} INFO - Started process (PID=1648) to work on /opt/airflow/dags/crypto_pipeline_dag.py
[2026-07-15T08:45:33.756+0000] {processor.py:830} INFO - Processing file /opt/airflow/dags/crypto_pipeline_dag.py for tasks to queue
[2026-07-15T08:45:33.757+0000] {logging_mixin.py:188} INFO - [2026-07-15T08:45:33.757+0000] {dagbag.py:545} INFO - Filling up the DagBag from /opt/airflow/dags/crypto_pipeline_dag.py
[2026-07-15T08:45:33.766+0000] {processor.py:840} INFO - DAG(s) 'crypto_daily_pipeline' retrieved from /opt/airflow/dags/crypto_pipeline_dag.py
[2026-07-15T08:45:33.783+0000] {logging_mixin.py:188} INFO - [2026-07-15T08:45:33.783+0000] {dag.py:3089} INFO - Sync 1 DAGs
[2026-07-15T08:45:33.794+0000] {logging_mixin.py:188} INFO - [2026-07-15T08:45:33.794+0000] {dag.py:3947} INFO - Setting next_dagrun for crypto_daily_pipeline to 2026-07-15 00:00:00+00:00, run_after=2026-07-16 00:00:00+00:00
[2026-07-15T08:45:33.800+0000] {processor.py:183} INFO - Processing /opt/airflow/dags/crypto_pipeline_dag.py took 0.049 seconds
[2026-07-15T08:46:03.954+0000] {processor.py:161} INFO - Started process (PID=1653) to work on /opt/airflow/dags/crypto_pipeline_dag.py
[2026-07-15T08:46:03.955+0000] {processor.py:830} INFO - Processing file /opt/airflow/dags/crypto_pipeline_dag.py for tasks to queue
[2026-07-15T08:46:03.956+0000] {logging_mixin.py:188} INFO - [2026-07-15T08:46:03.956+0000] {dagbag.py:545} INFO - Filling up the DagBag from /opt/airflow/dags/crypto_pipeline_dag.py
[2026-07-15T08:46:03.964+0000] {processor.py:840} INFO - DAG(s) 'crypto_daily_pipeline' retrieved from /opt/airflow/dags/crypto_pipeline_dag.py
[2026-07-15T08:46:03.980+0000] {logging_mixin.py:188} INFO - [2026-07-15T08:46:03.980+0000] {dag.py:3089} INFO - Sync 1 DAGs
[2026-07-15T08:46:03.991+0000] {logging_mixin.py:188} INFO - [2026-07-15T08:46:03.991+0000] {dag.py:3947} INFO - Setting next_dagrun for crypto_daily_pipeline to 2026-07-15 00:00:00+00:00, run_after=2026-07-16 00:00:00+00:00
[2026-07-15T08:46:03.997+0000] {processor.py:183} INFO - Processing /opt/airflow/dags/crypto_pipeline_dag.py took 0.047 seconds
[2026-07-15T08:46:34.158+0000] {processor.py:161} INFO - Started process (PID=1658) to work on /opt/airflow/dags/crypto_pipeline_dag.py
[2026-07-15T08:46:34.159+0000] {processor.py:830} INFO - Processing file /opt/airflow/dags/crypto_pipeline_dag.py for tasks to queue
[2026-07-15T08:46:34.160+0000] {logging_mixin.py:188} INFO - [2026-07-15T08:46:34.160+0000] {dagbag.py:545} INFO - Filling up the DagBag from /opt/airflow/dags/crypto_pipeline_dag.py
[2026-07-15T08:46:34.169+0000] {processor.py:840} INFO - DAG(s) 'crypto_daily_pipeline' retrieved from /opt/airflow/dags/crypto_pipeline_dag.py
[2026-07-15T08:46:34.186+0000] {logging_mixin.py:188} INFO - [2026-07-15T08:46:34.186+0000] {dag.py:3089} INFO - Sync 1 DAGs
[2026-07-15T08:46:34.196+0000] {logging_mixin.py:188} INFO - [2026-07-15T08:46:34.196+0000] {dag.py:3947} INFO - Setting next_dagrun for crypto_daily_pipeline to 2026-07-15 00:00:00+00:00, run_after=2026-07-16 00:00:00+00:00
[2026-07-15T08:46:34.202+0000] {processor.py:183} INFO - Processing /opt/airflow/dags/crypto_pipeline_dag.py took 0.049 seconds
[2026-07-15T08:47:04.341+0000] {processor.py:161} INFO - Started process (PID=1663) to work on /opt/airflow/dags/crypto_pipeline_dag.py
[2026-07-15T08:47:04.341+0000] {processor.py:830} INFO - Processing file /opt/airflow/dags/crypto_pipeline_dag.py for tasks to queue
[2026-07-15T08:47:04.342+0000] {logging_mixin.py:188} INFO - [2026-07-15T08:47:04.342+0000] {dagbag.py:545} INFO - Filling up the DagBag from /opt/airflow/dags/crypto_pipeline_dag.py
[2026-07-15T08:47:04.351+0000] {processor.py:840} INFO - DAG(s) 'crypto_daily_pipeline' retrieved from /opt/airflow/dags/crypto_pipeline_dag.py
[2026-07-15T08:47:04.369+0000] {logging_mixin.py:188} INFO - [2026-07-15T08:47:04.369+0000] {dag.py:3089} INFO - Sync 1 DAGs
[2026-07-15T08:47:04.378+0000] {logging_mixin.py:188} INFO - [2026-07-15T08:47:04.378+0000] {dag.py:3947} INFO - Setting next_dagrun for crypto_daily_pipeline to 2026-07-15 00:00:00+00:00, run_after=2026-07-16 00:00:00+00:00
[2026-07-15T08:47:04.385+0000] {processor.py:183} INFO - Processing /opt/airflow/dags/crypto_pipeline_dag.py took 0.048 seconds
[2026-07-15T08:47:34.522+0000] {processor.py:161} INFO - Started process (PID=1668) to work on /opt/airflow/dags/crypto_pipeline_dag.py
[2026-07-15T08:47:34.523+0000] {processor.py:830} INFO - Processing file /opt/airflow/dags/crypto_pipeline_dag.py for tasks to queue
[2026-07-15T08:47:34.524+0000] {logging_mixin.py:188} INFO - [2026-07-15T08:47:34.524+0000] {dagbag.py:545} INFO - Filling up the DagBag from /opt/airflow/dags/crypto_pipeline_dag.py
[2026-07-15T08:47:34.533+0000] {processor.py:840} INFO - DAG(s) 'crypto_daily_pipeline' retrieved from /opt/airflow/dags/crypto_pipeline_dag.py
[2026-07-15T08:47:34.549+0000] {logging_mixin.py:188} INFO - [2026-07-15T08:47:34.549+0000] {dag.py:3089} INFO - Sync 1 DAGs
[2026-07-15T08:47:34.557+0000] {logging_mixin.py:188} INFO - [2026-07-15T08:47:34.557+0000] {dag.py:3947} INFO - Setting next_dagrun for crypto_daily_pipeline to 2026-07-15 00:00:00+00:00, run_after=2026-07-16 00:00:00+00:00
[2026-07-15T08:47:34.564+0000] {processor.py:183} INFO - Processing /opt/airflow/dags/crypto_pipeline_dag.py took 0.046 seconds
[2026-07-15T08:48:04.708+0000] {processor.py:161} INFO - Started process (PID=1673) to work on /opt/airflow/dags/crypto_pipeline_dag.py
[2026-07-15T08:48:04.709+0000] {processor.py:830} INFO - Processing file /opt/airflow/dags/crypto_pipeline_dag.py for tasks to queue
[2026-07-15T08:48:04.710+0000] {logging_mixin.py:188} INFO - [2026-07-15T08:48:04.710+0000] {dagbag.py:545} INFO - Filling up the DagBag from /opt/airflow/dags/crypto_pipeline_dag.py
[2026-07-15T08:48:04.720+0000] {processor.py:840} INFO - DAG(s) 'crypto_daily_pipeline' retrieved from /opt/airflow/dags/crypto_pipeline_dag.py
[2026-07-15T08:48:04.737+0000] {logging_mixin.py:188} INFO - [2026-07-15T08:48:04.737+0000] {dag.py:3089} INFO - Sync 1 DAGs
[2026-07-15T08:48:04.747+0000] {logging_mixin.py:188} INFO - [2026-07-15T08:48:04.746+0000] {dag.py:3947} INFO - Setting next_dagrun for crypto_daily_pipeline to 2026-07-15 00:00:00+00:00, run_after=2026-07-16 00:00:00+00:00
[2026-07-15T08:48:04.754+0000] {processor.py:183} INFO - Processing /opt/airflow/dags/crypto_pipeline_dag.py took 0.050 seconds
[2026-07-15T08:48:34.904+0000] {processor.py:161} INFO - Started process (PID=1678) to work on /opt/airflow/dags/crypto_pipeline_dag.py
[2026-07-15T08:48:34.905+0000] {processor.py:830} INFO - Processing file /opt/airflow/dags/crypto_pipeline_dag.py for tasks to queue
[2026-07-15T08:48:34.907+0000] {logging_mixin.py:188} INFO - [2026-07-15T08:48:34.907+0000] {dagbag.py:545} INFO - Filling up the DagBag from /opt/airflow/dags/crypto_pipeline_dag.py
[2026-07-15T08:48:34.916+0000] {processor.py:840} INFO - DAG(s) 'crypto_daily_pipeline' retrieved from /opt/airflow/dags/crypto_pipeline_dag.py
[2026-07-15T08:48:34.933+0000] {logging_mixin.py:188} INFO - [2026-07-15T08:48:34.933+0000] {dag.py:3089} INFO - Sync 1 DAGs
[2026-07-15T08:48:34.943+0000] {logging_mixin.py:188} INFO - [2026-07-15T08:48:34.943+0000] {dag.py:3947} INFO - Setting next_dagrun for crypto_daily_pipeline to 2026-07-15 00:00:00+00:00, run_after=2026-07-16 00:00:00+00:00
[2026-07-15T08:48:34.949+0000] {processor.py:183} INFO - Processing /opt/airflow/dags/crypto_pipeline_dag.py took 0.049 seconds
[2026-07-15T08:49:05.087+0000] {processor.py:161} INFO - Started process (PID=1683) to work on /opt/airflow/dags/crypto_pipeline_dag.py
[2026-07-15T08:49:05.088+0000] {processor.py:830} INFO - Processing file /opt/airflow/dags/crypto_pipeline_dag.py for tasks to queue
[2026-07-15T08:49:05.089+0000] {logging_mixin.py:188} INFO - [2026-07-15T08:49:05.089+0000] {dagbag.py:545} INFO - Filling up the DagBag from /opt/airflow/dags/crypto_pipeline_dag.py
[2026-07-15T08:49:05.098+0000] {processor.py:840} INFO - DAG(s) 'crypto_daily_pipeline' retrieved from /opt/airflow/dags/crypto_pipeline_dag.py
[2026-07-15T08:49:05.116+0000] {logging_mixin.py:188} INFO - [2026-07-15T08:49:05.115+0000] {dag.py:3089} INFO - Sync 1 DAGs
[2026-07-15T08:49:05.127+0000] {logging_mixin.py:188} INFO - [2026-07-15T08:49:05.127+0000] {dag.py:3947} INFO - Setting next_dagrun for crypto_daily_pipeline to 2026-07-15 00:00:00+00:00, run_after=2026-07-16 00:00:00+00:00
[2026-07-15T08:49:05.139+0000] {processor.py:183} INFO - Processing /opt/airflow/dags/crypto_pipeline_dag.py took 0.057 seconds
[2026-07-15T08:49:35.288+0000] {processor.py:161} INFO - Started process (PID=1688) to work on /opt/airflow/dags/crypto_pipeline_dag.py
[2026-07-15T08:49:35.289+0000] {processor.py:830} INFO - Processing file /opt/airflow/dags/crypto_pipeline_dag.py for tasks to queue
[2026-07-15T08:49:35.290+0000] {logging_mixin.py:188} INFO - [2026-07-15T08:49:35.290+0000] {dagbag.py:545} INFO - Filling up the DagBag from /opt/airflow/dags/crypto_pipeline_dag.py
[2026-07-15T08:49:35.296+0000] {processor.py:840} INFO - DAG(s) 'crypto_daily_pipeline' retrieved from /opt/airflow/dags/crypto_pipeline_dag.py
[2026-07-15T08:49:35.310+0000] {logging_mixin.py:188} INFO - [2026-07-15T08:49:35.310+0000] {dag.py:3089} INFO - Sync 1 DAGs
[2026-07-15T08:49:35.318+0000] {logging_mixin.py:188} INFO - [2026-07-15T08:49:35.317+0000] {dag.py:3947} INFO - Setting next_dagrun for crypto_daily_pipeline to 2026-07-15 00:00:00+00:00, run_after=2026-07-16 00:00:00+00:00
[2026-07-15T08:49:35.323+0000] {processor.py:183} INFO - Processing /opt/airflow/dags/crypto_pipeline_dag.py took 0.038 seconds
[2026-07-15T08:50:05.485+0000] {processor.py:161} INFO - Started process (PID=1693) to work on /opt/airflow/dags/crypto_pipeline_dag.py
[2026-07-15T08:50:05.486+0000] {processor.py:830} INFO - Processing file /opt/airflow/dags/crypto_pipeline_dag.py for tasks to queue
[2026-07-15T08:50:05.487+0000] {logging_mixin.py:188} INFO - [2026-07-15T08:50:05.487+0000] {dagbag.py:545} INFO - Filling up the DagBag from /opt/airflow/dags/crypto_pipeline_dag.py
[2026-07-15T08:50:05.496+0000] {processor.py:840} INFO - DAG(s) 'crypto_daily_pipeline' retrieved from /opt/airflow/dags/crypto_pipeline_dag.py
[2026-07-15T08:50:05.515+0000] {logging_mixin.py:188} INFO - [2026-07-15T08:50:05.514+0000] {dag.py:3089} INFO - Sync 1 DAGs
[2026-07-15T08:50:05.524+0000] {logging_mixin.py:188} INFO - [2026-07-15T08:50:05.524+0000] {dag.py:3947} INFO - Setting next_dagrun for crypto_daily_pipeline to 2026-07-15 00:00:00+00:00, run_after=2026-07-16 00:00:00+00:00
[2026-07-15T08:50:05.531+0000] {processor.py:183} INFO - Processing /opt/airflow/dags/crypto_pipeline_dag.py took 0.050 seconds
[2026-07-15T08:50:35.668+0000] {processor.py:161} INFO - Started process (PID=1698) to work on /opt/airflow/dags/crypto_pipeline_dag.py
[2026-07-15T08:50:35.669+0000] {processor.py:830} INFO - Processing file /opt/airflow/dags/crypto_pipeline_dag.py for tasks to queue
[2026-07-15T08:50:35.670+0000] {logging_mixin.py:188} INFO - [2026-07-15T08:50:35.670+0000] {dagbag.py:545} INFO - Filling up the DagBag from /opt/airflow/dags/crypto_pipeline_dag.py
[2026-07-15T08:50:35.675+0000] {processor.py:840} INFO - DAG(s) 'crypto_daily_pipeline' retrieved from /opt/airflow/dags/crypto_pipeline_dag.py
[2026-07-15T08:50:35.685+0000] {logging_mixin.py:188} INFO - [2026-07-15T08:50:35.685+0000] {dag.py:3089} INFO - Sync 1 DAGs
[2026-07-15T08:50:35.692+0000] {logging_mixin.py:188} INFO - [2026-07-15T08:50:35.692+0000] {dag.py:3947} INFO - Setting next_dagrun for crypto_daily_pipeline to 2026-07-15 00:00:00+00:00, run_after=2026-07-16 00:00:00+00:00
[2026-07-15T08:50:35.697+0000] {processor.py:183} INFO - Processing /opt/airflow/dags/crypto_pipeline_dag.py took 0.031 seconds
[2026-07-15T08:51:05.860+0000] {processor.py:161} INFO - Started process (PID=1703) to work on /opt/airflow/dags/crypto_pipeline_dag.py
[2026-07-15T08:51:05.860+0000] {processor.py:830} INFO - Processing file /opt/airflow/dags/crypto_pipeline_dag.py for tasks to queue
[2026-07-15T08:51:05.862+0000] {logging_mixin.py:188} INFO - [2026-07-15T08:51:05.862+0000] {dagbag.py:545} INFO - Filling up the DagBag from /opt/airflow/dags/crypto_pipeline_dag.py
[2026-07-15T08:51:05.871+0000] {processor.py:840} INFO - DAG(s) 'crypto_daily_pipeline' retrieved from /opt/airflow/dags/crypto_pipeline_dag.py
[2026-07-15T08:51:05.889+0000] {logging_mixin.py:188} INFO - [2026-07-15T08:51:05.889+0000] {dag.py:3089} INFO - Sync 1 DAGs
[2026-07-15T08:51:05.899+0000] {logging_mixin.py:188} INFO - [2026-07-15T08:51:05.899+0000] {dag.py:3947} INFO - Setting next_dagrun for crypto_daily_pipeline to 2026-07-15 00:00:00+00:00, run_after=2026-07-16 00:00:00+00:00
[2026-07-15T08:51:05.905+0000] {processor.py:183} INFO - Processing /opt/airflow/dags/crypto_pipeline_dag.py took 0.049 seconds
[2026-07-15T08:51:36.045+0000] {processor.py:161} INFO - Started process (PID=1708) to work on /opt/airflow/dags/crypto_pipeline_dag.py
[2026-07-15T08:51:36.045+0000] {processor.py:830} INFO - Processing file /opt/airflow/dags/crypto_pipeline_dag.py for tasks to queue
[2026-07-15T08:51:36.047+0000] {logging_mixin.py:188} INFO - [2026-07-15T08:51:36.047+0000] {dagbag.py:545} INFO - Filling up the DagBag from /opt/airflow/dags/crypto_pipeline_dag.py
[2026-07-15T08:51:36.055+0000] {processor.py:840} INFO - DAG(s) 'crypto_daily_pipeline' retrieved from /opt/airflow/dags/crypto_pipeline_dag.py
[2026-07-15T08:51:36.072+0000] {logging_mixin.py:188} INFO - [2026-07-15T08:51:36.072+0000] {dag.py:3089} INFO - Sync 1 DAGs
[2026-07-15T08:51:36.082+0000] {logging_mixin.py:188} INFO - [2026-07-15T08:51:36.081+0000] {dag.py:3947} INFO - Setting next_dagrun for crypto_daily_pipeline to 2026-07-15 00:00:00+00:00, run_after=2026-07-16 00:00:00+00:00
[2026-07-15T08:51:36.087+0000] {processor.py:183} INFO - Processing /opt/airflow/dags/crypto_pipeline_dag.py took 0.047 seconds
[2026-07-15T08:52:06.244+0000] {processor.py:161} INFO - Started process (PID=1713) to work on /opt/airflow/dags/crypto_pipeline_dag.py
[2026-07-15T08:52:06.244+0000] {processor.py:830} INFO - Processing file /opt/airflow/dags/crypto_pipeline_dag.py for tasks to queue
[2026-07-15T08:52:06.245+0000] {logging_mixin.py:188} INFO - [2026-07-15T08:52:06.245+0000] {dagbag.py:545} INFO - Filling up the DagBag from /opt/airflow/dags/crypto_pipeline_dag.py
[2026-07-15T08:52:06.255+0000] {processor.py:840} INFO - DAG(s) 'crypto_daily_pipeline' retrieved from /opt/airflow/dags/crypto_pipeline_dag.py
[2026-07-15T08:52:06.274+0000] {logging_mixin.py:188} INFO - [2026-07-15T08:52:06.274+0000] {dag.py:3089} INFO - Sync 1 DAGs
[2026-07-15T08:52:06.283+0000] {logging_mixin.py:188} INFO - [2026-07-15T08:52:06.283+0000] {dag.py:3947} INFO - Setting next_dagrun for crypto_daily_pipeline to 2026-07-15 00:00:00+00:00, run_after=2026-07-16 00:00:00+00:00
[2026-07-15T08:52:06.289+0000] {processor.py:183} INFO - Processing /opt/airflow/dags/crypto_pipeline_dag.py took 0.050 seconds
[2026-07-15T08:52:36.432+0000] {processor.py:161} INFO - Started process (PID=1718) to work on /opt/airflow/dags/crypto_pipeline_dag.py
[2026-07-15T08:52:36.432+0000] {processor.py:830} INFO - Processing file /opt/airflow/dags/crypto_pipeline_dag.py for tasks to queue
[2026-07-15T08:52:36.434+0000] {logging_mixin.py:188} INFO - [2026-07-15T08:52:36.433+0000] {dagbag.py:545} INFO - Filling up the DagBag from /opt/airflow/dags/crypto_pipeline_dag.py
[2026-07-15T08:52:36.443+0000] {processor.py:840} INFO - DAG(s) 'crypto_daily_pipeline' retrieved from /opt/airflow/dags/crypto_pipeline_dag.py
[2026-07-15T08:52:36.461+0000] {logging_mixin.py:188} INFO - [2026-07-15T08:52:36.461+0000] {dag.py:3089} INFO - Sync 1 DAGs
[2026-07-15T08:52:36.471+0000] {logging_mixin.py:188} INFO - [2026-07-15T08:52:36.471+0000] {dag.py:3947} INFO - Setting next_dagrun for crypto_daily_pipeline to 2026-07-15 00:00:00+00:00, run_after=2026-07-16 00:00:00+00:00
[2026-07-15T08:52:36.481+0000] {processor.py:183} INFO - Processing /opt/airflow/dags/crypto_pipeline_dag.py took 0.052 seconds
[2026-07-15T08:53:06.625+0000] {processor.py:161} INFO - Started process (PID=1723) to work on /opt/airflow/dags/crypto_pipeline_dag.py
[2026-07-15T08:53:06.625+0000] {processor.py:830} INFO - Processing file /opt/airflow/dags/crypto_pipeline_dag.py for tasks to queue
[2026-07-15T08:53:06.627+0000] {logging_mixin.py:188} INFO - [2026-07-15T08:53:06.626+0000] {dagbag.py:545} INFO - Filling up the DagBag from /opt/airflow/dags/crypto_pipeline_dag.py
[2026-07-15T08:53:06.637+0000] {processor.py:840} INFO - DAG(s) 'crypto_daily_pipeline' retrieved from /opt/airflow/dags/crypto_pipeline_dag.py
[2026-07-15T08:53:06.655+0000] {logging_mixin.py:188} INFO - [2026-07-15T08:53:06.655+0000] {dag.py:3089} INFO - Sync 1 DAGs
[2026-07-15T08:53:06.664+0000] {logging_mixin.py:188} INFO - [2026-07-15T08:53:06.664+0000] {dag.py:3947} INFO - Setting next_dagrun for crypto_daily_pipeline to 2026-07-15 00:00:00+00:00, run_after=2026-07-16 00:00:00+00:00
[2026-07-15T08:53:06.670+0000] {processor.py:183} INFO - Processing /opt/airflow/dags/crypto_pipeline_dag.py took 0.049 seconds
[2026-07-15T08:53:36.800+0000] {processor.py:161} INFO - Started process (PID=1728) to work on /opt/airflow/dags/crypto_pipeline_dag.py
[2026-07-15T08:53:36.800+0000] {processor.py:830} INFO - Processing file /opt/airflow/dags/crypto_pipeline_dag.py for tasks to queue
[2026-07-15T08:53:36.802+0000] {logging_mixin.py:188} INFO - [2026-07-15T08:53:36.802+0000] {dagbag.py:545} INFO - Filling up the DagBag from /opt/airflow/dags/crypto_pipeline_dag.py
[2026-07-15T08:53:36.811+0000] {processor.py:840} INFO - DAG(s) 'crypto_daily_pipeline' retrieved from /opt/airflow/dags/crypto_pipeline_dag.py
[2026-07-15T08:53:36.829+0000] {logging_mixin.py:188} INFO - [2026-07-15T08:53:36.829+0000] {dag.py:3089} INFO - Sync 1 DAGs
[2026-07-15T08:53:36.839+0000] {logging_mixin.py:188} INFO - [2026-07-15T08:53:36.839+0000] {dag.py:3947} INFO - Setting next_dagrun for crypto_daily_pipeline to 2026-07-15 00:00:00+00:00, run_after=2026-07-16 00:00:00+00:00
[2026-07-15T08:53:36.845+0000] {processor.py:183} INFO - Processing /opt/airflow/dags/crypto_pipeline_dag.py took 0.049 seconds
[2026-07-15T08:54:06.981+0000] {processor.py:161} INFO - Started process (PID=1733) to work on /opt/airflow/dags/crypto_pipeline_dag.py
[2026-07-15T08:54:06.982+0000] {processor.py:830} INFO - Processing file /opt/airflow/dags/crypto_pipeline_dag.py for tasks to queue
[2026-07-15T08:54:06.983+0000] {logging_mixin.py:188} INFO - [2026-07-15T08:54:06.983+0000] {dagbag.py:545} INFO - Filling up the DagBag from /opt/airflow/dags/crypto_pipeline_dag.py
[2026-07-15T08:54:06.993+0000] {processor.py:840} INFO - DAG(s) 'crypto_daily_pipeline' retrieved from /opt/airflow/dags/crypto_pipeline_dag.py
[2026-07-15T08:54:07.011+0000] {logging_mixin.py:188} INFO - [2026-07-15T08:54:07.011+0000] {dag.py:3089} INFO - Sync 1 DAGs
[2026-07-15T08:54:07.020+0000] {logging_mixin.py:188} INFO - [2026-07-15T08:54:07.020+0000] {dag.py:3947} INFO - Setting next_dagrun for crypto_daily_pipeline to 2026-07-15 00:00:00+00:00, run_after=2026-07-16 00:00:00+00:00
[2026-07-15T08:54:07.026+0000] {processor.py:183} INFO - Processing /opt/airflow/dags/crypto_pipeline_dag.py took 0.049 seconds
[2026-07-15T08:54:37.150+0000] {processor.py:161} INFO - Started process (PID=1738) to work on /opt/airflow/dags/crypto_pipeline_dag.py
[2026-07-15T08:54:37.151+0000] {processor.py:830} INFO - Processing file /opt/airflow/dags/crypto_pipeline_dag.py for tasks to queue
[2026-07-15T08:54:37.153+0000] {logging_mixin.py:188} INFO - [2026-07-15T08:54:37.153+0000] {dagbag.py:545} INFO - Filling up the DagBag from /opt/airflow/dags/crypto_pipeline_dag.py
[2026-07-15T08:54:37.162+0000] {processor.py:840} INFO - DAG(s) 'crypto_daily_pipeline' retrieved from /opt/airflow/dags/crypto_pipeline_dag.py
[2026-07-15T08:54:37.180+0000] {logging_mixin.py:188} INFO - [2026-07-15T08:54:37.179+0000] {dag.py:3089} INFO - Sync 1 DAGs
[2026-07-15T08:54:37.190+0000] {logging_mixin.py:188} INFO - [2026-07-15T08:54:37.190+0000] {dag.py:3947} INFO - Setting next_dagrun for crypto_daily_pipeline to 2026-07-15 00:00:00+00:00, run_after=2026-07-16 00:00:00+00:00
[2026-07-15T08:54:37.196+0000] {processor.py:183} INFO - Processing /opt/airflow/dags/crypto_pipeline_dag.py took 0.049 seconds
[2026-07-15T08:55:07.342+0000] {processor.py:161} INFO - Started process (PID=1743) to work on /opt/airflow/dags/crypto_pipeline_dag.py
[2026-07-15T08:55:07.343+0000] {processor.py:830} INFO - Processing file /opt/airflow/dags/crypto_pipeline_dag.py for tasks to queue
[2026-07-15T08:55:07.344+0000] {logging_mixin.py:188} INFO - [2026-07-15T08:55:07.344+0000] {dagbag.py:545} INFO - Filling up the DagBag from /opt/airflow/dags/crypto_pipeline_dag.py
[2026-07-15T08:55:07.353+0000] {processor.py:840} INFO - DAG(s) 'crypto_daily_pipeline' retrieved from /opt/airflow/dags/crypto_pipeline_dag.py
[2026-07-15T08:55:07.372+0000] {logging_mixin.py:188} INFO - [2026-07-15T08:55:07.371+0000] {dag.py:3089} INFO - Sync 1 DAGs
[2026-07-15T08:55:07.381+0000] {logging_mixin.py:188} INFO - [2026-07-15T08:55:07.381+0000] {dag.py:3947} INFO - Setting next_dagrun for crypto_daily_pipeline to 2026-07-15 00:00:00+00:00, run_after=2026-07-16 00:00:00+00:00
[2026-07-15T08:55:07.387+0000] {processor.py:183} INFO - Processing /opt/airflow/dags/crypto_pipeline_dag.py took 0.048 seconds
[2026-07-15T08:55:37.522+0000] {processor.py:161} INFO - Started process (PID=1748) to work on /opt/airflow/dags/crypto_pipeline_dag.py
[2026-07-15T08:55:37.522+0000] {processor.py:830} INFO - Processing file /opt/airflow/dags/crypto_pipeline_dag.py for tasks to queue
[2026-07-15T08:55:37.524+0000] {logging_mixin.py:188} INFO - [2026-07-15T08:55:37.524+0000] {dagbag.py:545} INFO - Filling up the DagBag from /opt/airflow/dags/crypto_pipeline_dag.py
[2026-07-15T08:55:37.533+0000] {processor.py:840} INFO - DAG(s) 'crypto_daily_pipeline' retrieved from /opt/airflow/dags/crypto_pipeline_dag.py
[2026-07-15T08:55:37.552+0000] {logging_mixin.py:188} INFO - [2026-07-15T08:55:37.551+0000] {dag.py:3089} INFO - Sync 1 DAGs
[2026-07-15T08:55:37.561+0000] {logging_mixin.py:188} INFO - [2026-07-15T08:55:37.561+0000] {dag.py:3947} INFO - Setting next_dagrun for crypto_daily_pipeline to 2026-07-15 00:00:00+00:00, run_after=2026-07-16 00:00:00+00:00
[2026-07-15T08:55:37.567+0000] {processor.py:183} INFO - Processing /opt/airflow/dags/crypto_pipeline_dag.py took 0.049 seconds
[2026-07-15T08:56:07.721+0000] {processor.py:161} INFO - Started process (PID=1753) to work on /opt/airflow/dags/crypto_pipeline_dag.py
[2026-07-15T08:56:07.722+0000] {processor.py:830} INFO - Processing file /opt/airflow/dags/crypto_pipeline_dag.py for tasks to queue
[2026-07-15T08:56:07.724+0000] {logging_mixin.py:188} INFO - [2026-07-15T08:56:07.723+0000] {dagbag.py:545} INFO - Filling up the DagBag from /opt/airflow/dags/crypto_pipeline_dag.py
[2026-07-15T08:56:07.733+0000] {processor.py:840} INFO - DAG(s) 'crypto_daily_pipeline' retrieved from /opt/airflow/dags/crypto_pipeline_dag.py
[2026-07-15T08:56:07.751+0000] {logging_mixin.py:188} INFO - [2026-07-15T08:56:07.751+0000] {dag.py:3089} INFO - Sync 1 DAGs
[2026-07-15T08:56:07.761+0000] {logging_mixin.py:188} INFO - [2026-07-15T08:56:07.761+0000] {dag.py:3947} INFO - Setting next_dagrun for crypto_daily_pipeline to 2026-07-15 00:00:00+00:00, run_after=2026-07-16 00:00:00+00:00
[2026-07-15T08:56:07.767+0000] {processor.py:183} INFO - Processing /opt/airflow/dags/crypto_pipeline_dag.py took 0.049 seconds
[2026-07-15T08:56:37.933+0000] {processor.py:161} INFO - Started process (PID=1758) to work on /opt/airflow/dags/crypto_pipeline_dag.py
[2026-07-15T08:56:37.934+0000] {processor.py:830} INFO - Processing file /opt/airflow/dags/crypto_pipeline_dag.py for tasks to queue
[2026-07-15T08:56:37.936+0000] {logging_mixin.py:188} INFO - [2026-07-15T08:56:37.935+0000] {dagbag.py:545} INFO - Filling up the DagBag from /opt/airflow/dags/crypto_pipeline_dag.py
[2026-07-15T08:56:37.945+0000] {processor.py:840} INFO - DAG(s) 'crypto_daily_pipeline' retrieved from /opt/airflow/dags/crypto_pipeline_dag.py
[2026-07-15T08:56:37.962+0000] {logging_mixin.py:188} INFO - [2026-07-15T08:56:37.962+0000] {dag.py:3089} INFO - Sync 1 DAGs
[2026-07-15T08:56:37.972+0000] {logging_mixin.py:188} INFO - [2026-07-15T08:56:37.972+0000] {dag.py:3947} INFO - Setting next_dagrun for crypto_daily_pipeline to 2026-07-15 00:00:00+00:00, run_after=2026-07-16 00:00:00+00:00
[2026-07-15T08:56:37.979+0000] {processor.py:183} INFO - Processing /opt/airflow/dags/crypto_pipeline_dag.py took 0.050 seconds
[2026-07-15T08:57:08.148+0000] {processor.py:161} INFO - Started process (PID=1763) to work on /opt/airflow/dags/crypto_pipeline_dag.py
[2026-07-15T08:57:08.149+0000] {processor.py:830} INFO - Processing file /opt/airflow/dags/crypto_pipeline_dag.py for tasks to queue
[2026-07-15T08:57:08.150+0000] {logging_mixin.py:188} INFO - [2026-07-15T08:57:08.150+0000] {dagbag.py:545} INFO - Filling up the DagBag from /opt/airflow/dags/crypto_pipeline_dag.py
[2026-07-15T08:57:08.159+0000] {processor.py:840} INFO - DAG(s) 'crypto_daily_pipeline' retrieved from /opt/airflow/dags/crypto_pipeline_dag.py
[2026-07-15T08:57:08.181+0000] {logging_mixin.py:188} INFO - [2026-07-15T08:57:08.181+0000] {dag.py:3089} INFO - Sync 1 DAGs
[2026-07-15T08:57:08.193+0000] {logging_mixin.py:188} INFO - [2026-07-15T08:57:08.193+0000] {dag.py:3947} INFO - Setting next_dagrun for crypto_daily_pipeline to 2026-07-15 00:00:00+00:00, run_after=2026-07-16 00:00:00+00:00
[2026-07-15T08:57:08.203+0000] {processor.py:183} INFO - Processing /opt/airflow/dags/crypto_pipeline_dag.py took 0.059 seconds
[2026-07-15T08:57:38.344+0000] {processor.py:161} INFO - Started process (PID=1768) to work on /opt/airflow/dags/crypto_pipeline_dag.py
[2026-07-15T08:57:38.347+0000] {processor.py:830} INFO - Processing file /opt/airflow/dags/crypto_pipeline_dag.py for tasks to queue
[2026-07-15T08:57:38.349+0000] {logging_mixin.py:188} INFO - [2026-07-15T08:57:38.348+0000] {dagbag.py:545} INFO - Filling up the DagBag from /opt/airflow/dags/crypto_pipeline_dag.py
[2026-07-15T08:57:38.357+0000] {processor.py:840} INFO - DAG(s) 'crypto_daily_pipeline' retrieved from /opt/airflow/dags/crypto_pipeline_dag.py
[2026-07-15T08:57:38.374+0000] {logging_mixin.py:188} INFO - [2026-07-15T08:57:38.374+0000] {dag.py:3089} INFO - Sync 1 DAGs
[2026-07-15T08:57:38.384+0000] {logging_mixin.py:188} INFO - [2026-07-15T08:57:38.384+0000] {dag.py:3947} INFO - Setting next_dagrun for crypto_daily_pipeline to 2026-07-15 00:00:00+00:00, run_after=2026-07-16 00:00:00+00:00
[2026-07-15T08:57:38.389+0000] {processor.py:183} INFO - Processing /opt/airflow/dags/crypto_pipeline_dag.py took 0.049 seconds
[2026-07-15T08:58:08.547+0000] {processor.py:161} INFO - Started process (PID=1773) to work on /opt/airflow/dags/crypto_pipeline_dag.py
[2026-07-15T08:58:08.548+0000] {processor.py:830} INFO - Processing file /opt/airflow/dags/crypto_pipeline_dag.py for tasks to queue
[2026-07-15T08:58:08.549+0000] {logging_mixin.py:188} INFO - [2026-07-15T08:58:08.549+0000] {dagbag.py:545} INFO - Filling up the DagBag from /opt/airflow/dags/crypto_pipeline_dag.py
[2026-07-15T08:58:08.558+0000] {processor.py:840} INFO - DAG(s) 'crypto_daily_pipeline' retrieved from /opt/airflow/dags/crypto_pipeline_dag.py
[2026-07-15T08:58:08.578+0000] {logging_mixin.py:188} INFO - [2026-07-15T08:58:08.578+0000] {dag.py:3089} INFO - Sync 1 DAGs
[2026-07-15T08:58:08.587+0000] {logging_mixin.py:188} INFO - [2026-07-15T08:58:08.587+0000] {dag.py:3947} INFO - Setting next_dagrun for crypto_daily_pipeline to 2026-07-15 00:00:00+00:00, run_after=2026-07-16 00:00:00+00:00
[2026-07-15T08:58:08.594+0000] {processor.py:183} INFO - Processing /opt/airflow/dags/crypto_pipeline_dag.py took 0.050 seconds
[2026-07-15T08:58:38.770+0000] {processor.py:161} INFO - Started process (PID=1778) to work on /opt/airflow/dags/crypto_pipeline_dag.py
[2026-07-15T08:58:38.771+0000] {processor.py:830} INFO - Processing file /opt/airflow/dags/crypto_pipeline_dag.py for tasks to queue
[2026-07-15T08:58:38.773+0000] {logging_mixin.py:188} INFO - [2026-07-15T08:58:38.773+0000] {dagbag.py:545} INFO - Filling up the DagBag from /opt/airflow/dags/crypto_pipeline_dag.py
[2026-07-15T08:58:38.782+0000] {processor.py:840} INFO - DAG(s) 'crypto_daily_pipeline' retrieved from /opt/airflow/dags/crypto_pipeline_dag.py
[2026-07-15T08:58:38.803+0000] {logging_mixin.py:188} INFO - [2026-07-15T08:58:38.803+0000] {dag.py:3089} INFO - Sync 1 DAGs
[2026-07-15T08:58:38.814+0000] {logging_mixin.py:188} INFO - [2026-07-15T08:58:38.814+0000] {dag.py:3947} INFO - Setting next_dagrun for crypto_daily_pipeline to 2026-07-15 00:00:00+00:00, run_after=2026-07-16 00:00:00+00:00
[2026-07-15T08:58:38.822+0000] {processor.py:183} INFO - Processing /opt/airflow/dags/crypto_pipeline_dag.py took 0.057 seconds
[2026-07-15T08:59:08.963+0000] {processor.py:161} INFO - Started process (PID=1783) to work on /opt/airflow/dags/crypto_pipeline_dag.py
[2026-07-15T08:59:08.966+0000] {processor.py:830} INFO - Processing file /opt/airflow/dags/crypto_pipeline_dag.py for tasks to queue
[2026-07-15T08:59:08.968+0000] {logging_mixin.py:188} INFO - [2026-07-15T08:59:08.968+0000] {dagbag.py:545} INFO - Filling up the DagBag from /opt/airflow/dags/crypto_pipeline_dag.py
[2026-07-15T08:59:08.977+0000] {processor.py:840} INFO - DAG(s) 'crypto_daily_pipeline' retrieved from /opt/airflow/dags/crypto_pipeline_dag.py
[2026-07-15T08:59:08.996+0000] {logging_mixin.py:188} INFO - [2026-07-15T08:59:08.996+0000] {dag.py:3089} INFO - Sync 1 DAGs
[2026-07-15T08:59:09.005+0000] {logging_mixin.py:188} INFO - [2026-07-15T08:59:09.005+0000] {dag.py:3947} INFO - Setting next_dagrun for crypto_daily_pipeline to 2026-07-15 00:00:00+00:00, run_after=2026-07-16 00:00:00+00:00
[2026-07-15T08:59:09.011+0000] {processor.py:183} INFO - Processing /opt/airflow/dags/crypto_pipeline_dag.py took 0.054 seconds
[2026-07-15T08:59:39.171+0000] {processor.py:161} INFO - Started process (PID=1788) to work on /opt/airflow/dags/crypto_pipeline_dag.py
[2026-07-15T08:59:39.171+0000] {processor.py:830} INFO - Processing file /opt/airflow/dags/crypto_pipeline_dag.py for tasks to queue
[2026-07-15T08:59:39.173+0000] {logging_mixin.py:188} INFO - [2026-07-15T08:59:39.173+0000] {dagbag.py:545} INFO - Filling up the DagBag from /opt/airflow/dags/crypto_pipeline_dag.py
[2026-07-15T08:59:39.182+0000] {processor.py:840} INFO - DAG(s) 'crypto_daily_pipeline' retrieved from /opt/airflow/dags/crypto_pipeline_dag.py
[2026-07-15T08:59:39.200+0000] {logging_mixin.py:188} INFO - [2026-07-15T08:59:39.200+0000] {dag.py:3089} INFO - Sync 1 DAGs
[2026-07-15T08:59:39.209+0000] {logging_mixin.py:188} INFO - [2026-07-15T08:59:39.209+0000] {dag.py:3947} INFO - Setting next_dagrun for crypto_daily_pipeline to 2026-07-15 00:00:00+00:00, run_after=2026-07-16 00:00:00+00:00
[2026-07-15T08:59:39.218+0000] {processor.py:183} INFO - Processing /opt/airflow/dags/crypto_pipeline_dag.py took 0.052 seconds
[2026-07-15T09:00:09.357+0000] {processor.py:161} INFO - Started process (PID=1793) to work on /opt/airflow/dags/crypto_pipeline_dag.py
[2026-07-15T09:00:09.358+0000] {processor.py:830} INFO - Processing file /opt/airflow/dags/crypto_pipeline_dag.py for tasks to queue
[2026-07-15T09:00:09.360+0000] {logging_mixin.py:188} INFO - [2026-07-15T09:00:09.360+0000] {dagbag.py:545} INFO - Filling up the DagBag from /opt/airflow/dags/crypto_pipeline_dag.py
[2026-07-15T09:00:09.369+0000] {processor.py:840} INFO - DAG(s) 'crypto_daily_pipeline' retrieved from /opt/airflow/dags/crypto_pipeline_dag.py
[2026-07-15T09:00:09.385+0000] {logging_mixin.py:188} INFO - [2026-07-15T09:00:09.385+0000] {dag.py:3089} INFO - Sync 1 DAGs
[2026-07-15T09:00:09.395+0000] {logging_mixin.py:188} INFO - [2026-07-15T09:00:09.395+0000] {dag.py:3947} INFO - Setting next_dagrun for crypto_daily_pipeline to 2026-07-15 00:00:00+00:00, run_after=2026-07-16 00:00:00+00:00
[2026-07-15T09:00:09.402+0000] {processor.py:183} INFO - Processing /opt/airflow/dags/crypto_pipeline_dag.py took 0.050 seconds
[2026-07-15T09:00:39.559+0000] {processor.py:161} INFO - Started process (PID=1798) to work on /opt/airflow/dags/crypto_pipeline_dag.py
[2026-07-15T09:00:39.560+0000] {processor.py:830} INFO - Processing file /opt/airflow/dags/crypto_pipeline_dag.py for tasks to queue
[2026-07-15T09:00:39.560+0000] {logging_mixin.py:188} INFO - [2026-07-15T09:00:39.560+0000] {dagbag.py:545} INFO - Filling up the DagBag from /opt/airflow/dags/crypto_pipeline_dag.py
[2026-07-15T09:00:39.565+0000] {processor.py:840} INFO - DAG(s) 'crypto_daily_pipeline' retrieved from /opt/airflow/dags/crypto_pipeline_dag.py
[2026-07-15T09:00:39.578+0000] {logging_mixin.py:188} INFO - [2026-07-15T09:00:39.578+0000] {dag.py:3089} INFO - Sync 1 DAGs
[2026-07-15T09:00:39.585+0000] {logging_mixin.py:188} INFO - [2026-07-15T09:00:39.585+0000] {dag.py:3947} INFO - Setting next_dagrun for crypto_daily_pipeline to 2026-07-15 00:00:00+00:00, run_after=2026-07-16 00:00:00+00:00
[2026-07-15T09:00:39.590+0000] {processor.py:183} INFO - Processing /opt/airflow/dags/crypto_pipeline_dag.py took 0.034 seconds
[2026-07-15T09:01:09.754+0000] {processor.py:161} INFO - Started process (PID=1803) to work on /opt/airflow/dags/crypto_pipeline_dag.py
[2026-07-15T09:01:09.754+0000] {processor.py:830} INFO - Processing file /opt/airflow/dags/crypto_pipeline_dag.py for tasks to queue
[2026-07-15T09:01:09.755+0000] {logging_mixin.py:188} INFO - [2026-07-15T09:01:09.755+0000] {dagbag.py:545} INFO - Filling up the DagBag from /opt/airflow/dags/crypto_pipeline_dag.py
[2026-07-15T09:01:09.761+0000] {processor.py:840} INFO - DAG(s) 'crypto_daily_pipeline' retrieved from /opt/airflow/dags/crypto_pipeline_dag.py
[2026-07-15T09:01:09.773+0000] {logging_mixin.py:188} INFO - [2026-07-15T09:01:09.773+0000] {dag.py:3089} INFO - Sync 1 DAGs
[2026-07-15T09:01:09.781+0000] {logging_mixin.py:188} INFO - [2026-07-15T09:01:09.780+0000] {dag.py:3947} INFO - Setting next_dagrun for crypto_daily_pipeline to 2026-07-15 00:00:00+00:00, run_after=2026-07-16 00:00:00+00:00
[2026-07-15T09:01:09.787+0000] {processor.py:183} INFO - Processing /opt/airflow/dags/crypto_pipeline_dag.py took 0.036 seconds
[2026-07-15T09:01:39.957+0000] {processor.py:161} INFO - Started process (PID=1808) to work on /opt/airflow/dags/crypto_pipeline_dag.py
[2026-07-15T09:01:39.958+0000] {processor.py:830} INFO - Processing file /opt/airflow/dags/crypto_pipeline_dag.py for tasks to queue
[2026-07-15T09:01:39.959+0000] {logging_mixin.py:188} INFO - [2026-07-15T09:01:39.959+0000] {dagbag.py:545} INFO - Filling up the DagBag from /opt/airflow/dags/crypto_pipeline_dag.py
[2026-07-15T09:01:39.968+0000] {processor.py:840} INFO - DAG(s) 'crypto_daily_pipeline' retrieved from /opt/airflow/dags/crypto_pipeline_dag.py
[2026-07-15T09:01:39.985+0000] {logging_mixin.py:188} INFO - [2026-07-15T09:01:39.985+0000] {dag.py:3089} INFO - Sync 1 DAGs
[2026-07-15T09:01:39.995+0000] {logging_mixin.py:188} INFO - [2026-07-15T09:01:39.995+0000] {dag.py:3947} INFO - Setting next_dagrun for crypto_daily_pipeline to 2026-07-15 00:00:00+00:00, run_after=2026-07-16 00:00:00+00:00
[2026-07-15T09:01:40.001+0000] {processor.py:183} INFO - Processing /opt/airflow/dags/crypto_pipeline_dag.py took 0.049 seconds
[2026-07-15T09:02:10.163+0000] {processor.py:161} INFO - Started process (PID=1813) to work on /opt/airflow/dags/crypto_pipeline_dag.py
[2026-07-15T09:02:10.164+0000] {processor.py:830} INFO - Processing file /opt/airflow/dags/crypto_pipeline_dag.py for tasks to queue
[2026-07-15T09:02:10.166+0000] {logging_mixin.py:188} INFO - [2026-07-15T09:02:10.166+0000] {dagbag.py:545} INFO - Filling up the DagBag from /opt/airflow/dags/crypto_pipeline_dag.py
[2026-07-15T09:02:10.175+0000] {processor.py:840} INFO - DAG(s) 'crypto_daily_pipeline' retrieved from /opt/airflow/dags/crypto_pipeline_dag.py
[2026-07-15T09:02:10.193+0000] {logging_mixin.py:188} INFO - [2026-07-15T09:02:10.192+0000] {dag.py:3089} INFO - Sync 1 DAGs
[2026-07-15T09:02:10.203+0000] {logging_mixin.py:188} INFO - [2026-07-15T09:02:10.203+0000] {dag.py:3947} INFO - Setting next_dagrun for crypto_daily_pipeline to 2026-07-15 00:00:00+00:00, run_after=2026-07-16 00:00:00+00:00
[2026-07-15T09:02:10.210+0000] {processor.py:183} INFO - Processing /opt/airflow/dags/crypto_pipeline_dag.py took 0.053 seconds
[2026-07-15T09:02:40.377+0000] {processor.py:161} INFO - Started process (PID=1818) to work on /opt/airflow/dags/crypto_pipeline_dag.py
[2026-07-15T09:02:40.378+0000] {processor.py:830} INFO - Processing file /opt/airflow/dags/crypto_pipeline_dag.py for tasks to queue
[2026-07-15T09:02:40.379+0000] {logging_mixin.py:188} INFO - [2026-07-15T09:02:40.379+0000] {dagbag.py:545} INFO - Filling up the DagBag from /opt/airflow/dags/crypto_pipeline_dag.py
[2026-07-15T09:02:40.388+0000] {processor.py:840} INFO - DAG(s) 'crypto_daily_pipeline' retrieved from /opt/airflow/dags/crypto_pipeline_dag.py
[2026-07-15T09:02:40.405+0000] {logging_mixin.py:188} INFO - [2026-07-15T09:02:40.405+0000] {dag.py:3089} INFO - Sync 1 DAGs
[2026-07-15T09:02:40.415+0000] {logging_mixin.py:188} INFO - [2026-07-15T09:02:40.415+0000] {dag.py:3947} INFO - Setting next_dagrun for crypto_daily_pipeline to 2026-07-15 00:00:00+00:00, run_after=2026-07-16 00:00:00+00:00
[2026-07-15T09:02:40.421+0000] {processor.py:183} INFO - Processing /opt/airflow/dags/crypto_pipeline_dag.py took 0.050 seconds
[2026-07-15T09:03:10.579+0000] {processor.py:161} INFO - Started process (PID=1823) to work on /opt/airflow/dags/crypto_pipeline_dag.py
[2026-07-15T09:03:10.581+0000] {processor.py:830} INFO - Processing file /opt/airflow/dags/crypto_pipeline_dag.py for tasks to queue
[2026-07-15T09:03:10.582+0000] {logging_mixin.py:188} INFO - [2026-07-15T09:03:10.582+0000] {dagbag.py:545} INFO - Filling up the DagBag from /opt/airflow/dags/crypto_pipeline_dag.py
[2026-07-15T09:03:10.591+0000] {processor.py:840} INFO - DAG(s) 'crypto_daily_pipeline' retrieved from /opt/airflow/dags/crypto_pipeline_dag.py
[2026-07-15T09:03:10.609+0000] {logging_mixin.py:188} INFO - [2026-07-15T09:03:10.609+0000] {dag.py:3089} INFO - Sync 1 DAGs
[2026-07-15T09:03:10.620+0000] {logging_mixin.py:188} INFO - [2026-07-15T09:03:10.620+0000] {dag.py:3947} INFO - Setting next_dagrun for crypto_daily_pipeline to 2026-07-15 00:00:00+00:00, run_after=2026-07-16 00:00:00+00:00
[2026-07-15T09:03:10.626+0000] {processor.py:183} INFO - Processing /opt/airflow/dags/crypto_pipeline_dag.py took 0.051 seconds
[2026-07-15T09:03:40.771+0000] {processor.py:161} INFO - Started process (PID=1828) to work on /opt/airflow/dags/crypto_pipeline_dag.py
[2026-07-15T09:03:40.772+0000] {processor.py:830} INFO - Processing file /opt/airflow/dags/crypto_pipeline_dag.py for tasks to queue
[2026-07-15T09:03:40.773+0000] {logging_mixin.py:188} INFO - [2026-07-15T09:03:40.773+0000] {dagbag.py:545} INFO - Filling up the DagBag from /opt/airflow/dags/crypto_pipeline_dag.py
[2026-07-15T09:03:40.782+0000] {processor.py:840} INFO - DAG(s) 'crypto_daily_pipeline' retrieved from /opt/airflow/dags/crypto_pipeline_dag.py
[2026-07-15T09:03:40.800+0000] {logging_mixin.py:188} INFO - [2026-07-15T09:03:40.800+0000] {dag.py:3089} INFO - Sync 1 DAGs
[2026-07-15T09:03:40.809+0000] {logging_mixin.py:188} INFO - [2026-07-15T09:03:40.809+0000] {dag.py:3947} INFO - Setting next_dagrun for crypto_daily_pipeline to 2026-07-15 00:00:00+00:00, run_after=2026-07-16 00:00:00+00:00
[2026-07-15T09:03:40.815+0000] {processor.py:183} INFO - Processing /opt/airflow/dags/crypto_pipeline_dag.py took 0.050 seconds
[2026-07-15T09:04:10.989+0000] {processor.py:161} INFO - Started process (PID=1833) to work on /opt/airflow/dags/crypto_pipeline_dag.py
[2026-07-15T09:04:10.990+0000] {processor.py:830} INFO - Processing file /opt/airflow/dags/crypto_pipeline_dag.py for tasks to queue
[2026-07-15T09:04:10.991+0000] {logging_mixin.py:188} INFO - [2026-07-15T09:04:10.991+0000] {dagbag.py:545} INFO - Filling up the DagBag from /opt/airflow/dags/crypto_pipeline_dag.py
[2026-07-15T09:04:10.999+0000] {processor.py:840} INFO - DAG(s) 'crypto_daily_pipeline' retrieved from /opt/airflow/dags/crypto_pipeline_dag.py
[2026-07-15T09:04:11.017+0000] {logging_mixin.py:188} INFO - [2026-07-15T09:04:11.017+0000] {dag.py:3089} INFO - Sync 1 DAGs
[2026-07-15T09:04:11.027+0000] {logging_mixin.py:188} INFO - [2026-07-15T09:04:11.027+0000] {dag.py:3947} INFO - Setting next_dagrun for crypto_daily_pipeline to 2026-07-15 00:00:00+00:00, run_after=2026-07-16 00:00:00+00:00
[2026-07-15T09:04:11.033+0000] {processor.py:183} INFO - Processing /opt/airflow/dags/crypto_pipeline_dag.py took 0.049 seconds
[2026-07-15T09:04:41.182+0000] {processor.py:161} INFO - Started process (PID=1838) to work on /opt/airflow/dags/crypto_pipeline_dag.py
[2026-07-15T09:04:41.183+0000] {processor.py:830} INFO - Processing file /opt/airflow/dags/crypto_pipeline_dag.py for tasks to queue
[2026-07-15T09:04:41.184+0000] {logging_mixin.py:188} INFO - [2026-07-15T09:04:41.184+0000] {dagbag.py:545} INFO - Filling up the DagBag from /opt/airflow/dags/crypto_pipeline_dag.py
[2026-07-15T09:04:41.193+0000] {processor.py:840} INFO - DAG(s) 'crypto_daily_pipeline' retrieved from /opt/airflow/dags/crypto_pipeline_dag.py
[2026-07-15T09:04:41.210+0000] {logging_mixin.py:188} INFO - [2026-07-15T09:04:41.210+0000] {dag.py:3089} INFO - Sync 1 DAGs
[2026-07-15T09:04:41.220+0000] {logging_mixin.py:188} INFO - [2026-07-15T09:04:41.220+0000] {dag.py:3947} INFO - Setting next_dagrun for crypto_daily_pipeline to 2026-07-15 00:00:00+00:00, run_after=2026-07-16 00:00:00+00:00
[2026-07-15T09:04:41.226+0000] {processor.py:183} INFO - Processing /opt/airflow/dags/crypto_pipeline_dag.py took 0.050 seconds
[2026-07-15T09:05:11.409+0000] {processor.py:161} INFO - Started process (PID=1843) to work on /opt/airflow/dags/crypto_pipeline_dag.py
[2026-07-15T09:05:11.410+0000] {processor.py:830} INFO - Processing file /opt/airflow/dags/crypto_pipeline_dag.py for tasks to queue
[2026-07-15T09:05:11.411+0000] {logging_mixin.py:188} INFO - [2026-07-15T09:05:11.411+0000] {dagbag.py:545} INFO - Filling up the DagBag from /opt/airflow/dags/crypto_pipeline_dag.py
[2026-07-15T09:05:11.420+0000] {processor.py:840} INFO - DAG(s) 'crypto_daily_pipeline' retrieved from /opt/airflow/dags/crypto_pipeline_dag.py
[2026-07-15T09:05:11.437+0000] {logging_mixin.py:188} INFO - [2026-07-15T09:05:11.437+0000] {dag.py:3089} INFO - Sync 1 DAGs
[2026-07-15T09:05:11.448+0000] {logging_mixin.py:188} INFO - [2026-07-15T09:05:11.448+0000] {dag.py:3947} INFO - Setting next_dagrun for crypto_daily_pipeline to 2026-07-15 00:00:00+00:00, run_after=2026-07-16 00:00:00+00:00
[2026-07-15T09:05:11.454+0000] {processor.py:183} INFO - Processing /opt/airflow/dags/crypto_pipeline_dag.py took 0.049 seconds
[2026-07-15T09:05:41.620+0000] {processor.py:161} INFO - Started process (PID=1848) to work on /opt/airflow/dags/crypto_pipeline_dag.py
[2026-07-15T09:05:41.620+0000] {processor.py:830} INFO - Processing file /opt/airflow/dags/crypto_pipeline_dag.py for tasks to queue
[2026-07-15T09:05:41.622+0000] {logging_mixin.py:188} INFO - [2026-07-15T09:05:41.621+0000] {dagbag.py:545} INFO - Filling up the DagBag from /opt/airflow/dags/crypto_pipeline_dag.py
[2026-07-15T09:05:41.629+0000] {processor.py:840} INFO - DAG(s) 'crypto_daily_pipeline' retrieved from /opt/airflow/dags/crypto_pipeline_dag.py
[2026-07-15T09:05:41.645+0000] {logging_mixin.py:188} INFO - [2026-07-15T09:05:41.645+0000] {dag.py:3089} INFO - Sync 1 DAGs
[2026-07-15T09:05:41.654+0000] {logging_mixin.py:188} INFO - [2026-07-15T09:05:41.654+0000] {dag.py:3947} INFO - Setting next_dagrun for crypto_daily_pipeline to 2026-07-15 00:00:00+00:00, run_after=2026-07-16 00:00:00+00:00
[2026-07-15T09:05:41.660+0000] {processor.py:183} INFO - Processing /opt/airflow/dags/crypto_pipeline_dag.py took 0.044 seconds
[2026-07-15T09:06:11.823+0000] {processor.py:161} INFO - Started process (PID=1853) to work on /opt/airflow/dags/crypto_pipeline_dag.py
[2026-07-15T09:06:11.824+0000] {processor.py:830} INFO - Processing file /opt/airflow/dags/crypto_pipeline_dag.py for tasks to queue
[2026-07-15T09:06:11.826+0000] {logging_mixin.py:188} INFO - [2026-07-15T09:06:11.825+0000] {dagbag.py:545} INFO - Filling up the DagBag from /opt/airflow/dags/crypto_pipeline_dag.py
[2026-07-15T09:06:11.835+0000] {processor.py:840} INFO - DAG(s) 'crypto_daily_pipeline' retrieved from /opt/airflow/dags/crypto_pipeline_dag.py
[2026-07-15T09:06:11.852+0000] {logging_mixin.py:188} INFO - [2026-07-15T09:06:11.852+0000] {dag.py:3089} INFO - Sync 1 DAGs
[2026-07-15T09:06:11.864+0000] {logging_mixin.py:188} INFO - [2026-07-15T09:06:11.864+0000] {dag.py:3947} INFO - Setting next_dagrun for crypto_daily_pipeline to 2026-07-15 00:00:00+00:00, run_after=2026-07-16 00:00:00+00:00
[2026-07-15T09:06:11.869+0000] {processor.py:183} INFO - Processing /opt/airflow/dags/crypto_pipeline_dag.py took 0.051 seconds
[2026-07-15T09:06:42.058+0000] {processor.py:161} INFO - Started process (PID=1858) to work on /opt/airflow/dags/crypto_pipeline_dag.py
[2026-07-15T09:06:42.059+0000] {processor.py:830} INFO - Processing file /opt/airflow/dags/crypto_pipeline_dag.py for tasks to queue
[2026-07-15T09:06:42.060+0000] {logging_mixin.py:188} INFO - [2026-07-15T09:06:42.060+0000] {dagbag.py:545} INFO - Filling up the DagBag from /opt/airflow/dags/crypto_pipeline_dag.py
[2026-07-15T09:06:42.069+0000] {processor.py:840} INFO - DAG(s) 'crypto_daily_pipeline' retrieved from /opt/airflow/dags/crypto_pipeline_dag.py
[2026-07-15T09:06:42.088+0000] {logging_mixin.py:188} INFO - [2026-07-15T09:06:42.087+0000] {dag.py:3089} INFO - Sync 1 DAGs
[2026-07-15T09:06:42.098+0000] {logging_mixin.py:188} INFO - [2026-07-15T09:06:42.098+0000] {dag.py:3947} INFO - Setting next_dagrun for crypto_daily_pipeline to 2026-07-15 00:00:00+00:00, run_after=2026-07-16 00:00:00+00:00
[2026-07-15T09:06:42.103+0000] {processor.py:183} INFO - Processing /opt/airflow/dags/crypto_pipeline_dag.py took 0.050 seconds
[2026-07-15T09:07:12.299+0000] {processor.py:161} INFO - Started process (PID=1863) to work on /opt/airflow/dags/crypto_pipeline_dag.py
[2026-07-15T09:07:12.299+0000] {processor.py:830} INFO - Processing file /opt/airflow/dags/crypto_pipeline_dag.py for tasks to queue
[2026-07-15T09:07:12.301+0000] {logging_mixin.py:188} INFO - [2026-07-15T09:07:12.301+0000] {dagbag.py:545} INFO - Filling up the DagBag from /opt/airflow/dags/crypto_pipeline_dag.py
[2026-07-15T09:07:12.310+0000] {processor.py:840} INFO - DAG(s) 'crypto_daily_pipeline' retrieved from /opt/airflow/dags/crypto_pipeline_dag.py
[2026-07-15T09:07:12.330+0000] {logging_mixin.py:188} INFO - [2026-07-15T09:07:12.330+0000] {dag.py:3089} INFO - Sync 1 DAGs
[2026-07-15T09:07:12.341+0000] {logging_mixin.py:188} INFO - [2026-07-15T09:07:12.341+0000] {dag.py:3947} INFO - Setting next_dagrun for crypto_daily_pipeline to 2026-07-15 00:00:00+00:00, run_after=2026-07-16 00:00:00+00:00
[2026-07-15T09:07:12.350+0000] {processor.py:183} INFO - Processing /opt/airflow/dags/crypto_pipeline_dag.py took 0.056 seconds
[2026-07-15T09:07:42.539+0000] {processor.py:161} INFO - Started process (PID=1868) to work on /opt/airflow/dags/crypto_pipeline_dag.py
[2026-07-15T09:07:42.539+0000] {processor.py:830} INFO - Processing file /opt/airflow/dags/crypto_pipeline_dag.py for tasks to queue
[2026-07-15T09:07:42.541+0000] {logging_mixin.py:188} INFO - [2026-07-15T09:07:42.541+0000] {dagbag.py:545} INFO - Filling up the DagBag from /opt/airflow/dags/crypto_pipeline_dag.py
[2026-07-15T09:07:42.550+0000] {processor.py:840} INFO - DAG(s) 'crypto_daily_pipeline' retrieved from /opt/airflow/dags/crypto_pipeline_dag.py
[2026-07-15T09:07:42.568+0000] {logging_mixin.py:188} INFO - [2026-07-15T09:07:42.568+0000] {dag.py:3089} INFO - Sync 1 DAGs
[2026-07-15T09:07:42.578+0000] {logging_mixin.py:188} INFO - [2026-07-15T09:07:42.578+0000] {dag.py:3947} INFO - Setting next_dagrun for crypto_daily_pipeline to 2026-07-15 00:00:00+00:00, run_after=2026-07-16 00:00:00+00:00
[2026-07-15T09:07:42.587+0000] {processor.py:183} INFO - Processing /opt/airflow/dags/crypto_pipeline_dag.py took 0.053 seconds
[2026-07-15T09:08:12.753+0000] {processor.py:161} INFO - Started process (PID=1873) to work on /opt/airflow/dags/crypto_pipeline_dag.py
[2026-07-15T09:08:12.754+0000] {processor.py:830} INFO - Processing file /opt/airflow/dags/crypto_pipeline_dag.py for tasks to queue
[2026-07-15T09:08:12.755+0000] {logging_mixin.py:188} INFO - [2026-07-15T09:08:12.755+0000] {dagbag.py:545} INFO - Filling up the DagBag from /opt/airflow/dags/crypto_pipeline_dag.py
[2026-07-15T09:08:12.765+0000] {processor.py:840} INFO - DAG(s) 'crypto_daily_pipeline' retrieved from /opt/airflow/dags/crypto_pipeline_dag.py
[2026-07-15T09:08:12.783+0000] {logging_mixin.py:188} INFO - [2026-07-15T09:08:12.783+0000] {dag.py:3089} INFO - Sync 1 DAGs
[2026-07-15T09:08:12.792+0000] {logging_mixin.py:188} INFO - [2026-07-15T09:08:12.792+0000] {dag.py:3947} INFO - Setting next_dagrun for crypto_daily_pipeline to 2026-07-15 00:00:00+00:00, run_after=2026-07-16 00:00:00+00:00
[2026-07-15T09:08:12.798+0000] {processor.py:183} INFO - Processing /opt/airflow/dags/crypto_pipeline_dag.py took 0.050 seconds
[2026-07-15T09:08:43.003+0000] {processor.py:161} INFO - Started process (PID=1878) to work on /opt/airflow/dags/crypto_pipeline_dag.py
[2026-07-15T09:08:43.004+0000] {processor.py:830} INFO - Processing file /opt/airflow/dags/crypto_pipeline_dag.py for tasks to queue
[2026-07-15T09:08:43.006+0000] {logging_mixin.py:188} INFO - [2026-07-15T09:08:43.005+0000] {dagbag.py:545} INFO - Filling up the DagBag from /opt/airflow/dags/crypto_pipeline_dag.py
[2026-07-15T09:08:43.015+0000] {processor.py:840} INFO - DAG(s) 'crypto_daily_pipeline' retrieved from /opt/airflow/dags/crypto_pipeline_dag.py
[2026-07-15T09:08:43.033+0000] {logging_mixin.py:188} INFO - [2026-07-15T09:08:43.033+0000] {dag.py:3089} INFO - Sync 1 DAGs
[2026-07-15T09:08:43.044+0000] {logging_mixin.py:188} INFO - [2026-07-15T09:08:43.044+0000] {dag.py:3947} INFO - Setting next_dagrun for crypto_daily_pipeline to 2026-07-15 00:00:00+00:00, run_after=2026-07-16 00:00:00+00:00
[2026-07-15T09:08:43.050+0000] {processor.py:183} INFO - Processing /opt/airflow/dags/crypto_pipeline_dag.py took 0.051 seconds
[2026-07-15T09:09:13.229+0000] {processor.py:161} INFO - Started process (PID=1883) to work on /opt/airflow/dags/crypto_pipeline_dag.py
[2026-07-15T09:09:13.230+0000] {processor.py:830} INFO - Processing file /opt/airflow/dags/crypto_pipeline_dag.py for tasks to queue
[2026-07-15T09:09:13.232+0000] {logging_mixin.py:188} INFO - [2026-07-15T09:09:13.232+0000] {dagbag.py:545} INFO - Filling up the DagBag from /opt/airflow/dags/crypto_pipeline_dag.py
[2026-07-15T09:09:13.241+0000] {processor.py:840} INFO - DAG(s) 'crypto_daily_pipeline' retrieved from /opt/airflow/dags/crypto_pipeline_dag.py
[2026-07-15T09:09:13.259+0000] {logging_mixin.py:188} INFO - [2026-07-15T09:09:13.258+0000] {dag.py:3089} INFO - Sync 1 DAGs
[2026-07-15T09:09:13.269+0000] {logging_mixin.py:188} INFO - [2026-07-15T09:09:13.269+0000] {dag.py:3947} INFO - Setting next_dagrun for crypto_daily_pipeline to 2026-07-15 00:00:00+00:00, run_after=2026-07-16 00:00:00+00:00
[2026-07-15T09:09:13.275+0000] {processor.py:183} INFO - Processing /opt/airflow/dags/crypto_pipeline_dag.py took 0.051 seconds
[2026-07-15T09:09:43.490+0000] {processor.py:161} INFO - Started process (PID=1888) to work on /opt/airflow/dags/crypto_pipeline_dag.py
[2026-07-15T09:09:43.491+0000] {processor.py:830} INFO - Processing file /opt/airflow/dags/crypto_pipeline_dag.py for tasks to queue
[2026-07-15T09:09:43.492+0000] {logging_mixin.py:188} INFO - [2026-07-15T09:09:43.492+0000] {dagbag.py:545} INFO - Filling up the DagBag from /opt/airflow/dags/crypto_pipeline_dag.py
[2026-07-15T09:09:43.501+0000] {processor.py:840} INFO - DAG(s) 'crypto_daily_pipeline' retrieved from /opt/airflow/dags/crypto_pipeline_dag.py
[2026-07-15T09:09:43.518+0000] {logging_mixin.py:188} INFO - [2026-07-15T09:09:43.518+0000] {dag.py:3089} INFO - Sync 1 DAGs
[2026-07-15T09:09:43.528+0000] {logging_mixin.py:188} INFO - [2026-07-15T09:09:43.528+0000] {dag.py:3947} INFO - Setting next_dagrun for crypto_daily_pipeline to 2026-07-15 00:00:00+00:00, run_after=2026-07-16 00:00:00+00:00
[2026-07-15T09:09:43.534+0000] {processor.py:183} INFO - Processing /opt/airflow/dags/crypto_pipeline_dag.py took 0.049 seconds
[2026-07-15T09:10:13.723+0000] {processor.py:161} INFO - Started process (PID=1893) to work on /opt/airflow/dags/crypto_pipeline_dag.py
[2026-07-15T09:10:13.724+0000] {processor.py:830} INFO - Processing file /opt/airflow/dags/crypto_pipeline_dag.py for tasks to queue
[2026-07-15T09:10:13.725+0000] {logging_mixin.py:188} INFO - [2026-07-15T09:10:13.725+0000] {dagbag.py:545} INFO - Filling up the DagBag from /opt/airflow/dags/crypto_pipeline_dag.py
[2026-07-15T09:10:13.734+0000] {processor.py:840} INFO - DAG(s) 'crypto_daily_pipeline' retrieved from /opt/airflow/dags/crypto_pipeline_dag.py
[2026-07-15T09:10:13.748+0000] {logging_mixin.py:188} INFO - [2026-07-15T09:10:13.748+0000] {dag.py:3089} INFO - Sync 1 DAGs
[2026-07-15T09:10:13.757+0000] {logging_mixin.py:188} INFO - [2026-07-15T09:10:13.757+0000] {dag.py:3947} INFO - Setting next_dagrun for crypto_daily_pipeline to 2026-07-15 00:00:00+00:00, run_after=2026-07-16 00:00:00+00:00
[2026-07-15T09:10:13.763+0000] {processor.py:183} INFO - Processing /opt/airflow/dags/crypto_pipeline_dag.py took 0.045 seconds
[2026-07-15T09:10:43.930+0000] {processor.py:161} INFO - Started process (PID=1898) to work on /opt/airflow/dags/crypto_pipeline_dag.py
[2026-07-15T09:10:43.931+0000] {processor.py:830} INFO - Processing file /opt/airflow/dags/crypto_pipeline_dag.py for tasks to queue
[2026-07-15T09:10:43.932+0000] {logging_mixin.py:188} INFO - [2026-07-15T09:10:43.932+0000] {dagbag.py:545} INFO - Filling up the DagBag from /opt/airflow/dags/crypto_pipeline_dag.py
[2026-07-15T09:10:43.941+0000] {processor.py:840} INFO - DAG(s) 'crypto_daily_pipeline' retrieved from /opt/airflow/dags/crypto_pipeline_dag.py
[2026-07-15T09:10:43.959+0000] {logging_mixin.py:188} INFO - [2026-07-15T09:10:43.959+0000] {dag.py:3089} INFO - Sync 1 DAGs
[2026-07-15T09:10:43.969+0000] {logging_mixin.py:188} INFO - [2026-07-15T09:10:43.969+0000] {dag.py:3947} INFO - Setting next_dagrun for crypto_daily_pipeline to 2026-07-15 00:00:00+00:00, run_after=2026-07-16 00:00:00+00:00
[2026-07-15T09:10:43.975+0000] {processor.py:183} INFO - Processing /opt/airflow/dags/crypto_pipeline_dag.py took 0.050 seconds
[2026-07-15T09:11:14.150+0000] {processor.py:161} INFO - Started process (PID=1903) to work on /opt/airflow/dags/crypto_pipeline_dag.py
[2026-07-15T09:11:14.151+0000] {processor.py:830} INFO - Processing file /opt/airflow/dags/crypto_pipeline_dag.py for tasks to queue
[2026-07-15T09:11:14.152+0000] {logging_mixin.py:188} INFO - [2026-07-15T09:11:14.152+0000] {dagbag.py:545} INFO - Filling up the DagBag from /opt/airflow/dags/crypto_pipeline_dag.py
[2026-07-15T09:11:14.160+0000] {processor.py:840} INFO - DAG(s) 'crypto_daily_pipeline' retrieved from /opt/airflow/dags/crypto_pipeline_dag.py
[2026-07-15T09:11:14.179+0000] {logging_mixin.py:188} INFO - [2026-07-15T09:11:14.179+0000] {dag.py:3089} INFO - Sync 1 DAGs
[2026-07-15T09:11:14.187+0000] {logging_mixin.py:188} INFO - [2026-07-15T09:11:14.187+0000] {dag.py:3947} INFO - Setting next_dagrun for crypto_daily_pipeline to 2026-07-15 00:00:00+00:00, run_after=2026-07-16 00:00:00+00:00
[2026-07-15T09:11:14.192+0000] {processor.py:183} INFO - Processing /opt/airflow/dags/crypto_pipeline_dag.py took 0.047 seconds
[2026-07-15T09:11:44.373+0000] {processor.py:161} INFO - Started process (PID=1908) to work on /opt/airflow/dags/crypto_pipeline_dag.py
[2026-07-15T09:11:44.374+0000] {processor.py:830} INFO - Processing file /opt/airflow/dags/crypto_pipeline_dag.py for tasks to queue
[2026-07-15T09:11:44.376+0000] {logging_mixin.py:188} INFO - [2026-07-15T09:11:44.376+0000] {dagbag.py:545} INFO - Filling up the DagBag from /opt/airflow/dags/crypto_pipeline_dag.py
[2026-07-15T09:11:44.384+0000] {processor.py:840} INFO - DAG(s) 'crypto_daily_pipeline' retrieved from /opt/airflow/dags/crypto_pipeline_dag.py
[2026-07-15T09:11:44.402+0000] {logging_mixin.py:188} INFO - [2026-07-15T09:11:44.401+0000] {dag.py:3089} INFO - Sync 1 DAGs
[2026-07-15T09:11:44.411+0000] {logging_mixin.py:188} INFO - [2026-07-15T09:11:44.411+0000] {dag.py:3947} INFO - Setting next_dagrun for crypto_daily_pipeline to 2026-07-15 00:00:00+00:00, run_after=2026-07-16 00:00:00+00:00
[2026-07-15T09:11:44.417+0000] {processor.py:183} INFO - Processing /opt/airflow/dags/crypto_pipeline_dag.py took 0.048 seconds
[2026-07-15T09:12:14.598+0000] {processor.py:161} INFO - Started process (PID=1913) to work on /opt/airflow/dags/crypto_pipeline_dag.py
[2026-07-15T09:12:14.599+0000] {processor.py:830} INFO - Processing file /opt/airflow/dags/crypto_pipeline_dag.py for tasks to queue
[2026-07-15T09:12:14.601+0000] {logging_mixin.py:188} INFO - [2026-07-15T09:12:14.600+0000] {dagbag.py:545} INFO - Filling up the DagBag from /opt/airflow/dags/crypto_pipeline_dag.py
[2026-07-15T09:12:14.610+0000] {processor.py:840} INFO - DAG(s) 'crypto_daily_pipeline' retrieved from /opt/airflow/dags/crypto_pipeline_dag.py
[2026-07-15T09:12:14.627+0000] {logging_mixin.py:188} INFO - [2026-07-15T09:12:14.627+0000] {dag.py:3089} INFO - Sync 1 DAGs
[2026-07-15T09:12:14.637+0000] {logging_mixin.py:188} INFO - [2026-07-15T09:12:14.637+0000] {dag.py:3947} INFO - Setting next_dagrun for crypto_daily_pipeline to 2026-07-15 00:00:00+00:00, run_after=2026-07-16 00:00:00+00:00
[2026-07-15T09:12:14.643+0000] {processor.py:183} INFO - Processing /opt/airflow/dags/crypto_pipeline_dag.py took 0.049 seconds
[2026-07-15T09:12:44.813+0000] {processor.py:161} INFO - Started process (PID=1918) to work on /opt/airflow/dags/crypto_pipeline_dag.py
[2026-07-15T09:12:44.813+0000] {processor.py:830} INFO - Processing file /opt/airflow/dags/crypto_pipeline_dag.py for tasks to queue
[2026-07-15T09:12:44.814+0000] {logging_mixin.py:188} INFO - [2026-07-15T09:12:44.814+0000] {dagbag.py:545} INFO - Filling up the DagBag from /opt/airflow/dags/crypto_pipeline_dag.py
[2026-07-15T09:12:44.819+0000] {processor.py:840} INFO - DAG(s) 'crypto_daily_pipeline' retrieved from /opt/airflow/dags/crypto_pipeline_dag.py
[2026-07-15T09:12:44.830+0000] {logging_mixin.py:188} INFO - [2026-07-15T09:12:44.830+0000] {dag.py:3089} INFO - Sync 1 DAGs
[2026-07-15T09:12:44.838+0000] {logging_mixin.py:188} INFO - [2026-07-15T09:12:44.838+0000] {dag.py:3947} INFO - Setting next_dagrun for crypto_daily_pipeline to 2026-07-15 00:00:00+00:00, run_after=2026-07-16 00:00:00+00:00
[2026-07-15T09:12:44.844+0000] {processor.py:183} INFO - Processing /opt/airflow/dags/crypto_pipeline_dag.py took 0.033 seconds
[2026-07-15T09:13:15.051+0000] {processor.py:161} INFO - Started process (PID=1923) to work on /opt/airflow/dags/crypto_pipeline_dag.py
[2026-07-15T09:13:15.052+0000] {processor.py:830} INFO - Processing file /opt/airflow/dags/crypto_pipeline_dag.py for tasks to queue
[2026-07-15T09:13:15.054+0000] {logging_mixin.py:188} INFO - [2026-07-15T09:13:15.054+0000] {dagbag.py:545} INFO - Filling up the DagBag from /opt/airflow/dags/crypto_pipeline_dag.py
[2026-07-15T09:13:15.063+0000] {processor.py:840} INFO - DAG(s) 'crypto_daily_pipeline' retrieved from /opt/airflow/dags/crypto_pipeline_dag.py
[2026-07-15T09:13:15.080+0000] {logging_mixin.py:188} INFO - [2026-07-15T09:13:15.080+0000] {dag.py:3089} INFO - Sync 1 DAGs
[2026-07-15T09:13:15.090+0000] {logging_mixin.py:188} INFO - [2026-07-15T09:13:15.090+0000] {dag.py:3947} INFO - Setting next_dagrun for crypto_daily_pipeline to 2026-07-15 00:00:00+00:00, run_after=2026-07-16 00:00:00+00:00
[2026-07-15T09:13:15.096+0000] {processor.py:183} INFO - Processing /opt/airflow/dags/crypto_pipeline_dag.py took 0.049 seconds
[2026-07-15T09:13:45.276+0000] {processor.py:161} INFO - Started process (PID=1928) to work on /opt/airflow/dags/crypto_pipeline_dag.py
[2026-07-15T09:13:45.277+0000] {processor.py:830} INFO - Processing file /opt/airflow/dags/crypto_pipeline_dag.py for tasks to queue
[2026-07-15T09:13:45.279+0000] {logging_mixin.py:188} INFO - [2026-07-15T09:13:45.279+0000] {dagbag.py:545} INFO - Filling up the DagBag from /opt/airflow/dags/crypto_pipeline_dag.py
[2026-07-15T09:13:45.288+0000] {processor.py:840} INFO - DAG(s) 'crypto_daily_pipeline' retrieved from /opt/airflow/dags/crypto_pipeline_dag.py
[2026-07-15T09:13:45.306+0000] {logging_mixin.py:188} INFO - [2026-07-15T09:13:45.306+0000] {dag.py:3089} INFO - Sync 1 DAGs
[2026-07-15T09:13:45.316+0000] {logging_mixin.py:188} INFO - [2026-07-15T09:13:45.316+0000] {dag.py:3947} INFO - Setting next_dagrun for crypto_daily_pipeline to 2026-07-15 00:00:00+00:00, run_after=2026-07-16 00:00:00+00:00
[2026-07-15T09:13:45.323+0000] {processor.py:183} INFO - Processing /opt/airflow/dags/crypto_pipeline_dag.py took 0.051 seconds
[2026-07-15T09:14:15.501+0000] {processor.py:161} INFO - Started process (PID=1933) to work on /opt/airflow/dags/crypto_pipeline_dag.py
[2026-07-15T09:14:15.502+0000] {processor.py:830} INFO - Processing file /opt/airflow/dags/crypto_pipeline_dag.py for tasks to queue
[2026-07-15T09:14:15.503+0000] {logging_mixin.py:188} INFO - [2026-07-15T09:14:15.503+0000] {dagbag.py:545} INFO - Filling up the DagBag from /opt/airflow/dags/crypto_pipeline_dag.py
[2026-07-15T09:14:15.512+0000] {processor.py:840} INFO - DAG(s) 'crypto_daily_pipeline' retrieved from /opt/airflow/dags/crypto_pipeline_dag.py
[2026-07-15T09:14:15.529+0000] {logging_mixin.py:188} INFO - [2026-07-15T09:14:15.529+0000] {dag.py:3089} INFO - Sync 1 DAGs
[2026-07-15T09:14:15.539+0000] {logging_mixin.py:188} INFO - [2026-07-15T09:14:15.539+0000] {dag.py:3947} INFO - Setting next_dagrun for crypto_daily_pipeline to 2026-07-15 00:00:00+00:00, run_after=2026-07-16 00:00:00+00:00
[2026-07-15T09:14:15.545+0000] {processor.py:183} INFO - Processing /opt/airflow/dags/crypto_pipeline_dag.py took 0.049 seconds
[2026-07-15T09:14:45.711+0000] {processor.py:161} INFO - Started process (PID=1938) to work on /opt/airflow/dags/crypto_pipeline_dag.py
[2026-07-15T09:14:45.712+0000] {processor.py:830} INFO - Processing file /opt/airflow/dags/crypto_pipeline_dag.py for tasks to queue
[2026-07-15T09:14:45.714+0000] {logging_mixin.py:188} INFO - [2026-07-15T09:14:45.714+0000] {dagbag.py:545} INFO - Filling up the DagBag from /opt/airflow/dags/crypto_pipeline_dag.py
[2026-07-15T09:14:45.723+0000] {processor.py:840} INFO - DAG(s) 'crypto_daily_pipeline' retrieved from /opt/airflow/dags/crypto_pipeline_dag.py
[2026-07-15T09:14:45.741+0000] {logging_mixin.py:188} INFO - [2026-07-15T09:14:45.741+0000] {dag.py:3089} INFO - Sync 1 DAGs
[2026-07-15T09:14:45.752+0000] {logging_mixin.py:188} INFO - [2026-07-15T09:14:45.751+0000] {dag.py:3947} INFO - Setting next_dagrun for crypto_daily_pipeline to 2026-07-15 00:00:00+00:00, run_after=2026-07-16 00:00:00+00:00
[2026-07-15T09:14:45.758+0000] {processor.py:183} INFO - Processing /opt/airflow/dags/crypto_pipeline_dag.py took 0.051 seconds
[2026-07-15T09:15:15.922+0000] {processor.py:161} INFO - Started process (PID=1943) to work on /opt/airflow/dags/crypto_pipeline_dag.py
[2026-07-15T09:15:15.923+0000] {processor.py:830} INFO - Processing file /opt/airflow/dags/crypto_pipeline_dag.py for tasks to queue
[2026-07-15T09:15:15.925+0000] {logging_mixin.py:188} INFO - [2026-07-15T09:15:15.925+0000] {dagbag.py:545} INFO - Filling up the DagBag from /opt/airflow/dags/crypto_pipeline_dag.py
[2026-07-15T09:15:15.934+0000] {processor.py:840} INFO - DAG(s) 'crypto_daily_pipeline' retrieved from /opt/airflow/dags/crypto_pipeline_dag.py
[2026-07-15T09:15:15.951+0000] {logging_mixin.py:188} INFO - [2026-07-15T09:15:15.951+0000] {dag.py:3089} INFO - Sync 1 DAGs
[2026-07-15T09:15:15.962+0000] {logging_mixin.py:188} INFO - [2026-07-15T09:15:15.962+0000] {dag.py:3947} INFO - Setting next_dagrun for crypto_daily_pipeline to 2026-07-15 00:00:00+00:00, run_after=2026-07-16 00:00:00+00:00
[2026-07-15T09:15:15.969+0000] {processor.py:183} INFO - Processing /opt/airflow/dags/crypto_pipeline_dag.py took 0.051 seconds
[2026-07-15T09:15:46.137+0000] {processor.py:161} INFO - Started process (PID=1948) to work on /opt/airflow/dags/crypto_pipeline_dag.py
[2026-07-15T09:15:46.137+0000] {processor.py:830} INFO - Processing file /opt/airflow/dags/crypto_pipeline_dag.py for tasks to queue
[2026-07-15T09:15:46.139+0000] {logging_mixin.py:188} INFO - [2026-07-15T09:15:46.138+0000] {dagbag.py:545} INFO - Filling up the DagBag from /opt/airflow/dags/crypto_pipeline_dag.py
[2026-07-15T09:15:46.147+0000] {processor.py:840} INFO - DAG(s) 'crypto_daily_pipeline' retrieved from /opt/airflow/dags/crypto_pipeline_dag.py
[2026-07-15T09:15:46.165+0000] {logging_mixin.py:188} INFO - [2026-07-15T09:15:46.164+0000] {dag.py:3089} INFO - Sync 1 DAGs
[2026-07-15T09:15:46.176+0000] {logging_mixin.py:188} INFO - [2026-07-15T09:15:46.176+0000] {dag.py:3947} INFO - Setting next_dagrun for crypto_daily_pipeline to 2026-07-15 00:00:00+00:00, run_after=2026-07-16 00:00:00+00:00
[2026-07-15T09:15:46.182+0000] {processor.py:183} INFO - Processing /opt/airflow/dags/crypto_pipeline_dag.py took 0.050 seconds
[2026-07-15T09:16:16.353+0000] {processor.py:161} INFO - Started process (PID=1953) to work on /opt/airflow/dags/crypto_pipeline_dag.py
[2026-07-15T09:16:16.354+0000] {processor.py:830} INFO - Processing file /opt/airflow/dags/crypto_pipeline_dag.py for tasks to queue
[2026-07-15T09:16:16.355+0000] {logging_mixin.py:188} INFO - [2026-07-15T09:16:16.355+0000] {dagbag.py:545} INFO - Filling up the DagBag from /opt/airflow/dags/crypto_pipeline_dag.py
[2026-07-15T09:16:16.366+0000] {processor.py:840} INFO - DAG(s) 'crypto_daily_pipeline' retrieved from /opt/airflow/dags/crypto_pipeline_dag.py
[2026-07-15T09:16:16.383+0000] {logging_mixin.py:188} INFO - [2026-07-15T09:16:16.383+0000] {dag.py:3089} INFO - Sync 1 DAGs
[2026-07-15T09:16:16.393+0000] {logging_mixin.py:188} INFO - [2026-07-15T09:16:16.393+0000] {dag.py:3947} INFO - Setting next_dagrun for crypto_daily_pipeline to 2026-07-15 00:00:00+00:00, run_after=2026-07-16 00:00:00+00:00
[2026-07-15T09:16:16.399+0000] {processor.py:183} INFO - Processing /opt/airflow/dags/crypto_pipeline_dag.py took 0.051 seconds
[2026-07-15T09:16:46.583+0000] {processor.py:161} INFO - Started process (PID=1958) to work on /opt/airflow/dags/crypto_pipeline_dag.py
[2026-07-15T09:16:46.584+0000] {processor.py:830} INFO - Processing file /opt/airflow/dags/crypto_pipeline_dag.py for tasks to queue
[2026-07-15T09:16:46.585+0000] {logging_mixin.py:188} INFO - [2026-07-15T09:16:46.585+0000] {dagbag.py:545} INFO - Filling up the DagBag from /opt/airflow/dags/crypto_pipeline_dag.py
[2026-07-15T09:16:46.594+0000] {processor.py:840} INFO - DAG(s) 'crypto_daily_pipeline' retrieved from /opt/airflow/dags/crypto_pipeline_dag.py
[2026-07-15T09:16:46.611+0000] {logging_mixin.py:188} INFO - [2026-07-15T09:16:46.611+0000] {dag.py:3089} INFO - Sync 1 DAGs
[2026-07-15T09:16:46.621+0000] {logging_mixin.py:188} INFO - [2026-07-15T09:16:46.621+0000] {dag.py:3947} INFO - Setting next_dagrun for crypto_daily_pipeline to 2026-07-15 00:00:00+00:00, run_after=2026-07-16 00:00:00+00:00
[2026-07-15T09:16:46.627+0000] {processor.py:183} INFO - Processing /opt/airflow/dags/crypto_pipeline_dag.py took 0.050 seconds
[2026-07-15T09:17:16.795+0000] {processor.py:161} INFO - Started process (PID=1963) to work on /opt/airflow/dags/crypto_pipeline_dag.py
[2026-07-15T09:17:16.797+0000] {processor.py:830} INFO - Processing file /opt/airflow/dags/crypto_pipeline_dag.py for tasks to queue
[2026-07-15T09:17:16.799+0000] {logging_mixin.py:188} INFO - [2026-07-15T09:17:16.799+0000] {dagbag.py:545} INFO - Filling up the DagBag from /opt/airflow/dags/crypto_pipeline_dag.py
[2026-07-15T09:17:16.807+0000] {processor.py:840} INFO - DAG(s) 'crypto_daily_pipeline' retrieved from /opt/airflow/dags/crypto_pipeline_dag.py
[2026-07-15T09:17:16.824+0000] {logging_mixin.py:188} INFO - [2026-07-15T09:17:16.823+0000] {dag.py:3089} INFO - Sync 1 DAGs
[2026-07-15T09:17:16.833+0000] {logging_mixin.py:188} INFO - [2026-07-15T09:17:16.833+0000] {dag.py:3947} INFO - Setting next_dagrun for crypto_daily_pipeline to 2026-07-15 00:00:00+00:00, run_after=2026-07-16 00:00:00+00:00
[2026-07-15T09:17:16.839+0000] {processor.py:183} INFO - Processing /opt/airflow/dags/crypto_pipeline_dag.py took 0.049 seconds
[2026-07-15T09:17:47.020+0000] {processor.py:161} INFO - Started process (PID=1968) to work on /opt/airflow/dags/crypto_pipeline_dag.py
[2026-07-15T09:17:47.020+0000] {processor.py:830} INFO - Processing file /opt/airflow/dags/crypto_pipeline_dag.py for tasks to queue
[2026-07-15T09:17:47.022+0000] {logging_mixin.py:188} INFO - [2026-07-15T09:17:47.022+0000] {dagbag.py:545} INFO - Filling up the DagBag from /opt/airflow/dags/crypto_pipeline_dag.py
[2026-07-15T09:17:47.031+0000] {processor.py:840} INFO - DAG(s) 'crypto_daily_pipeline' retrieved from /opt/airflow/dags/crypto_pipeline_dag.py
[2026-07-15T09:17:47.049+0000] {logging_mixin.py:188} INFO - [2026-07-15T09:17:47.049+0000] {dag.py:3089} INFO - Sync 1 DAGs
[2026-07-15T09:17:47.059+0000] {logging_mixin.py:188} INFO - [2026-07-15T09:17:47.059+0000] {dag.py:3947} INFO - Setting next_dagrun for crypto_daily_pipeline to 2026-07-15 00:00:00+00:00, run_after=2026-07-16 00:00:00+00:00
[2026-07-15T09:17:47.066+0000] {processor.py:183} INFO - Processing /opt/airflow/dags/crypto_pipeline_dag.py took 0.051 seconds
[2026-07-15T09:18:17.259+0000] {processor.py:161} INFO - Started process (PID=1973) to work on /opt/airflow/dags/crypto_pipeline_dag.py
[2026-07-15T09:18:17.261+0000] {processor.py:830} INFO - Processing file /opt/airflow/dags/crypto_pipeline_dag.py for tasks to queue
[2026-07-15T09:18:17.263+0000] {logging_mixin.py:188} INFO - [2026-07-15T09:18:17.262+0000] {dagbag.py:545} INFO - Filling up the DagBag from /opt/airflow/dags/crypto_pipeline_dag.py
[2026-07-15T09:18:17.272+0000] {processor.py:840} INFO - DAG(s) 'crypto_daily_pipeline' retrieved from /opt/airflow/dags/crypto_pipeline_dag.py
[2026-07-15T09:18:17.289+0000] {logging_mixin.py:188} INFO - [2026-07-15T09:18:17.289+0000] {dag.py:3089} INFO - Sync 1 DAGs
[2026-07-15T09:18:17.298+0000] {logging_mixin.py:188} INFO - [2026-07-15T09:18:17.298+0000] {dag.py:3947} INFO - Setting next_dagrun for crypto_daily_pipeline to 2026-07-15 00:00:00+00:00, run_after=2026-07-16 00:00:00+00:00
[2026-07-15T09:18:17.304+0000] {processor.py:183} INFO - Processing /opt/airflow/dags/crypto_pipeline_dag.py took 0.049 seconds
[2026-07-15T09:18:47.487+0000] {processor.py:161} INFO - Started process (PID=1978) to work on /opt/airflow/dags/crypto_pipeline_dag.py
[2026-07-15T09:18:47.488+0000] {processor.py:830} INFO - Processing file /opt/airflow/dags/crypto_pipeline_dag.py for tasks to queue
[2026-07-15T09:18:47.489+0000] {logging_mixin.py:188} INFO - [2026-07-15T09:18:47.489+0000] {dagbag.py:545} INFO - Filling up the DagBag from /opt/airflow/dags/crypto_pipeline_dag.py
[2026-07-15T09:18:47.496+0000] {processor.py:840} INFO - DAG(s) 'crypto_daily_pipeline' retrieved from /opt/airflow/dags/crypto_pipeline_dag.py
[2026-07-15T09:18:47.513+0000] {logging_mixin.py:188} INFO - [2026-07-15T09:18:47.513+0000] {dag.py:3089} INFO - Sync 1 DAGs
[2026-07-15T09:18:47.522+0000] {logging_mixin.py:188} INFO - [2026-07-15T09:18:47.522+0000] {dag.py:3947} INFO - Setting next_dagrun for crypto_daily_pipeline to 2026-07-15 00:00:00+00:00, run_after=2026-07-16 00:00:00+00:00
[2026-07-15T09:18:47.528+0000] {processor.py:183} INFO - Processing /opt/airflow/dags/crypto_pipeline_dag.py took 0.045 seconds
[2026-07-15T09:19:17.701+0000] {processor.py:161} INFO - Started process (PID=1983) to work on /opt/airflow/dags/crypto_pipeline_dag.py
[2026-07-15T09:19:17.702+0000] {processor.py:830} INFO - Processing file /opt/airflow/dags/crypto_pipeline_dag.py for tasks to queue
[2026-07-15T09:19:17.703+0000] {logging_mixin.py:188} INFO - [2026-07-15T09:19:17.703+0000] {dagbag.py:545} INFO - Filling up the DagBag from /opt/airflow/dags/crypto_pipeline_dag.py
[2026-07-15T09:19:17.711+0000] {processor.py:840} INFO - DAG(s) 'crypto_daily_pipeline' retrieved from /opt/airflow/dags/crypto_pipeline_dag.py
[2026-07-15T09:19:17.729+0000] {logging_mixin.py:188} INFO - [2026-07-15T09:19:17.729+0000] {dag.py:3089} INFO - Sync 1 DAGs
[2026-07-15T09:19:17.738+0000] {logging_mixin.py:188} INFO - [2026-07-15T09:19:17.738+0000] {dag.py:3947} INFO - Setting next_dagrun for crypto_daily_pipeline to 2026-07-15 00:00:00+00:00, run_after=2026-07-16 00:00:00+00:00
[2026-07-15T09:19:17.744+0000] {processor.py:183} INFO - Processing /opt/airflow/dags/crypto_pipeline_dag.py took 0.048 seconds
[2026-07-15T09:19:47.918+0000] {processor.py:161} INFO - Started process (PID=1988) to work on /opt/airflow/dags/crypto_pipeline_dag.py
[2026-07-15T09:19:47.919+0000] {processor.py:830} INFO - Processing file /opt/airflow/dags/crypto_pipeline_dag.py for tasks to queue
[2026-07-15T09:19:47.921+0000] {logging_mixin.py:188} INFO - [2026-07-15T09:19:47.920+0000] {dagbag.py:545} INFO - Filling up the DagBag from /opt/airflow/dags/crypto_pipeline_dag.py
[2026-07-15T09:19:47.929+0000] {processor.py:840} INFO - DAG(s) 'crypto_daily_pipeline' retrieved from /opt/airflow/dags/crypto_pipeline_dag.py
[2026-07-15T09:19:47.946+0000] {logging_mixin.py:188} INFO - [2026-07-15T09:19:47.946+0000] {dag.py:3089} INFO - Sync 1 DAGs
[2026-07-15T09:19:47.957+0000] {logging_mixin.py:188} INFO - [2026-07-15T09:19:47.957+0000] {dag.py:3947} INFO - Setting next_dagrun for crypto_daily_pipeline to 2026-07-15 00:00:00+00:00, run_after=2026-07-16 00:00:00+00:00
[2026-07-15T09:19:47.962+0000] {processor.py:183} INFO - Processing /opt/airflow/dags/crypto_pipeline_dag.py took 0.049 seconds
[2026-07-15T09:20:18.146+0000] {processor.py:161} INFO - Started process (PID=1993) to work on /opt/airflow/dags/crypto_pipeline_dag.py
[2026-07-15T09:20:18.147+0000] {processor.py:830} INFO - Processing file /opt/airflow/dags/crypto_pipeline_dag.py for tasks to queue
[2026-07-15T09:20:18.147+0000] {logging_mixin.py:188} INFO - [2026-07-15T09:20:18.147+0000] {dagbag.py:545} INFO - Filling up the DagBag from /opt/airflow/dags/crypto_pipeline_dag.py
[2026-07-15T09:20:18.151+0000] {processor.py:840} INFO - DAG(s) 'crypto_daily_pipeline' retrieved from /opt/airflow/dags/crypto_pipeline_dag.py
[2026-07-15T09:20:18.160+0000] {logging_mixin.py:188} INFO - [2026-07-15T09:20:18.160+0000] {dag.py:3089} INFO - Sync 1 DAGs
[2026-07-15T09:20:18.166+0000] {logging_mixin.py:188} INFO - [2026-07-15T09:20:18.166+0000] {dag.py:3947} INFO - Setting next_dagrun for crypto_daily_pipeline to 2026-07-15 00:00:00+00:00, run_after=2026-07-16 00:00:00+00:00
[2026-07-15T09:20:18.171+0000] {processor.py:183} INFO - Processing /opt/airflow/dags/crypto_pipeline_dag.py took 0.027 seconds
[2026-07-15T09:20:48.374+0000] {processor.py:161} INFO - Started process (PID=1998) to work on /opt/airflow/dags/crypto_pipeline_dag.py
[2026-07-15T09:20:48.375+0000] {processor.py:830} INFO - Processing file /opt/airflow/dags/crypto_pipeline_dag.py for tasks to queue
[2026-07-15T09:20:48.376+0000] {logging_mixin.py:188} INFO - [2026-07-15T09:20:48.376+0000] {dagbag.py:545} INFO - Filling up the DagBag from /opt/airflow/dags/crypto_pipeline_dag.py
[2026-07-15T09:20:48.385+0000] {processor.py:840} INFO - DAG(s) 'crypto_daily_pipeline' retrieved from /opt/airflow/dags/crypto_pipeline_dag.py
[2026-07-15T09:20:48.402+0000] {logging_mixin.py:188} INFO - [2026-07-15T09:20:48.402+0000] {dag.py:3089} INFO - Sync 1 DAGs
[2026-07-15T09:20:48.412+0000] {logging_mixin.py:188} INFO - [2026-07-15T09:20:48.412+0000] {dag.py:3947} INFO - Setting next_dagrun for crypto_daily_pipeline to 2026-07-15 00:00:00+00:00, run_after=2026-07-16 00:00:00+00:00
[2026-07-15T09:20:48.419+0000] {processor.py:183} INFO - Processing /opt/airflow/dags/crypto_pipeline_dag.py took 0.050 seconds
[2026-07-15T09:21:18.613+0000] {processor.py:161} INFO - Started process (PID=2003) to work on /opt/airflow/dags/crypto_pipeline_dag.py
[2026-07-15T09:21:18.614+0000] {processor.py:830} INFO - Processing file /opt/airflow/dags/crypto_pipeline_dag.py for tasks to queue
[2026-07-15T09:21:18.616+0000] {logging_mixin.py:188} INFO - [2026-07-15T09:21:18.616+0000] {dagbag.py:545} INFO - Filling up the DagBag from /opt/airflow/dags/crypto_pipeline_dag.py
[2026-07-15T09:21:18.627+0000] {processor.py:840} INFO - DAG(s) 'crypto_daily_pipeline' retrieved from /opt/airflow/dags/crypto_pipeline_dag.py
[2026-07-15T09:21:18.645+0000] {logging_mixin.py:188} INFO - [2026-07-15T09:21:18.645+0000] {dag.py:3089} INFO - Sync 1 DAGs
[2026-07-15T09:21:18.655+0000] {logging_mixin.py:188} INFO - [2026-07-15T09:21:18.655+0000] {dag.py:3947} INFO - Setting next_dagrun for crypto_daily_pipeline to 2026-07-15 00:00:00+00:00, run_after=2026-07-16 00:00:00+00:00
[2026-07-15T09:21:18.661+0000] {processor.py:183} INFO - Processing /opt/airflow/dags/crypto_pipeline_dag.py took 0.052 seconds
[2026-07-15T09:21:48.831+0000] {processor.py:161} INFO - Started process (PID=2008) to work on /opt/airflow/dags/crypto_pipeline_dag.py
[2026-07-15T09:21:48.832+0000] {processor.py:830} INFO - Processing file /opt/airflow/dags/crypto_pipeline_dag.py for tasks to queue
[2026-07-15T09:21:48.834+0000] {logging_mixin.py:188} INFO - [2026-07-15T09:21:48.834+0000] {dagbag.py:545} INFO - Filling up the DagBag from /opt/airflow/dags/crypto_pipeline_dag.py
[2026-07-15T09:21:48.843+0000] {processor.py:840} INFO - DAG(s) 'crypto_daily_pipeline' retrieved from /opt/airflow/dags/crypto_pipeline_dag.py
[2026-07-15T09:21:48.861+0000] {logging_mixin.py:188} INFO - [2026-07-15T09:21:48.861+0000] {dag.py:3089} INFO - Sync 1 DAGs
[2026-07-15T09:21:48.872+0000] {logging_mixin.py:188} INFO - [2026-07-15T09:21:48.872+0000] {dag.py:3947} INFO - Setting next_dagrun for crypto_daily_pipeline to 2026-07-15 00:00:00+00:00, run_after=2026-07-16 00:00:00+00:00
[2026-07-15T09:21:48.878+0000] {processor.py:183} INFO - Processing /opt/airflow/dags/crypto_pipeline_dag.py took 0.050 seconds
[2026-07-15T09:22:19.053+0000] {processor.py:161} INFO - Started process (PID=2013) to work on /opt/airflow/dags/crypto_pipeline_dag.py
[2026-07-15T09:22:19.053+0000] {processor.py:830} INFO - Processing file /opt/airflow/dags/crypto_pipeline_dag.py for tasks to queue
[2026-07-15T09:22:19.055+0000] {logging_mixin.py:188} INFO - [2026-07-15T09:22:19.055+0000] {dagbag.py:545} INFO - Filling up the DagBag from /opt/airflow/dags/crypto_pipeline_dag.py
[2026-07-15T09:22:19.064+0000] {processor.py:840} INFO - DAG(s) 'crypto_daily_pipeline' retrieved from /opt/airflow/dags/crypto_pipeline_dag.py
[2026-07-15T09:22:19.082+0000] {logging_mixin.py:188} INFO - [2026-07-15T09:22:19.082+0000] {dag.py:3089} INFO - Sync 1 DAGs
[2026-07-15T09:22:19.093+0000] {logging_mixin.py:188} INFO - [2026-07-15T09:22:19.093+0000] {dag.py:3947} INFO - Setting next_dagrun for crypto_daily_pipeline to 2026-07-15 00:00:00+00:00, run_after=2026-07-16 00:00:00+00:00
[2026-07-15T09:22:19.099+0000] {processor.py:183} INFO - Processing /opt/airflow/dags/crypto_pipeline_dag.py took 0.050 seconds
[2026-07-15T09:22:49.279+0000] {processor.py:161} INFO - Started process (PID=2018) to work on /opt/airflow/dags/crypto_pipeline_dag.py
[2026-07-15T09:22:49.280+0000] {processor.py:830} INFO - Processing file /opt/airflow/dags/crypto_pipeline_dag.py for tasks to queue
[2026-07-15T09:22:49.281+0000] {logging_mixin.py:188} INFO - [2026-07-15T09:22:49.281+0000] {dagbag.py:545} INFO - Filling up the DagBag from /opt/airflow/dags/crypto_pipeline_dag.py
[2026-07-15T09:22:49.290+0000] {processor.py:840} INFO - DAG(s) 'crypto_daily_pipeline' retrieved from /opt/airflow/dags/crypto_pipeline_dag.py
[2026-07-15T09:22:49.308+0000] {logging_mixin.py:188} INFO - [2026-07-15T09:22:49.307+0000] {dag.py:3089} INFO - Sync 1 DAGs
[2026-07-15T09:22:49.317+0000] {logging_mixin.py:188} INFO - [2026-07-15T09:22:49.317+0000] {dag.py:3947} INFO - Setting next_dagrun for crypto_daily_pipeline to 2026-07-15 00:00:00+00:00, run_after=2026-07-16 00:00:00+00:00
[2026-07-15T09:22:49.327+0000] {processor.py:183} INFO - Processing /opt/airflow/dags/crypto_pipeline_dag.py took 0.053 seconds
[2026-07-15T09:23:19.489+0000] {processor.py:161} INFO - Started process (PID=2023) to work on /opt/airflow/dags/crypto_pipeline_dag.py
[2026-07-15T09:23:19.490+0000] {processor.py:830} INFO - Processing file /opt/airflow/dags/crypto_pipeline_dag.py for tasks to queue
[2026-07-15T09:23:19.491+0000] {logging_mixin.py:188} INFO - [2026-07-15T09:23:19.491+0000] {dagbag.py:545} INFO - Filling up the DagBag from /opt/airflow/dags/crypto_pipeline_dag.py
[2026-07-15T09:23:19.501+0000] {processor.py:840} INFO - DAG(s) 'crypto_daily_pipeline' retrieved from /opt/airflow/dags/crypto_pipeline_dag.py
[2026-07-15T09:23:19.519+0000] {logging_mixin.py:188} INFO - [2026-07-15T09:23:19.519+0000] {dag.py:3089} INFO - Sync 1 DAGs
[2026-07-15T09:23:19.529+0000] {logging_mixin.py:188} INFO - [2026-07-15T09:23:19.529+0000] {dag.py:3947} INFO - Setting next_dagrun for crypto_daily_pipeline to 2026-07-15 00:00:00+00:00, run_after=2026-07-16 00:00:00+00:00
[2026-07-15T09:23:19.537+0000] {processor.py:183} INFO - Processing /opt/airflow/dags/crypto_pipeline_dag.py took 0.053 seconds
[2026-07-15T09:23:49.738+0000] {processor.py:161} INFO - Started process (PID=2028) to work on /opt/airflow/dags/crypto_pipeline_dag.py
[2026-07-15T09:23:49.738+0000] {processor.py:830} INFO - Processing file /opt/airflow/dags/crypto_pipeline_dag.py for tasks to queue
[2026-07-15T09:23:49.739+0000] {logging_mixin.py:188} INFO - [2026-07-15T09:23:49.739+0000] {dagbag.py:545} INFO - Filling up the DagBag from /opt/airflow/dags/crypto_pipeline_dag.py
[2026-07-15T09:23:49.744+0000] {processor.py:840} INFO - DAG(s) 'crypto_daily_pipeline' retrieved from /opt/airflow/dags/crypto_pipeline_dag.py
[2026-07-15T09:23:49.757+0000] {logging_mixin.py:188} INFO - [2026-07-15T09:23:49.757+0000] {dag.py:3089} INFO - Sync 1 DAGs
[2026-07-15T09:23:49.768+0000] {logging_mixin.py:188} INFO - [2026-07-15T09:23:49.768+0000] {dag.py:3947} INFO - Setting next_dagrun for crypto_daily_pipeline to 2026-07-15 00:00:00+00:00, run_after=2026-07-16 00:00:00+00:00
[2026-07-15T09:23:49.777+0000] {processor.py:183} INFO - Processing /opt/airflow/dags/crypto_pipeline_dag.py took 0.041 seconds
[2026-07-15T09:24:19.932+0000] {processor.py:161} INFO - Started process (PID=2033) to work on /opt/airflow/dags/crypto_pipeline_dag.py
[2026-07-15T09:24:19.933+0000] {processor.py:830} INFO - Processing file /opt/airflow/dags/crypto_pipeline_dag.py for tasks to queue
[2026-07-15T09:24:19.934+0000] {logging_mixin.py:188} INFO - [2026-07-15T09:24:19.934+0000] {dagbag.py:545} INFO - Filling up the DagBag from /opt/airflow/dags/crypto_pipeline_dag.py
[2026-07-15T09:24:19.940+0000] {processor.py:840} INFO - DAG(s) 'crypto_daily_pipeline' retrieved from /opt/airflow/dags/crypto_pipeline_dag.py
[2026-07-15T09:24:19.954+0000] {logging_mixin.py:188} INFO - [2026-07-15T09:24:19.954+0000] {dag.py:3089} INFO - Sync 1 DAGs
[2026-07-15T09:24:19.961+0000] {logging_mixin.py:188} INFO - [2026-07-15T09:24:19.961+0000] {dag.py:3947} INFO - Setting next_dagrun for crypto_daily_pipeline to 2026-07-15 00:00:00+00:00, run_after=2026-07-16 00:00:00+00:00
[2026-07-15T09:24:19.967+0000] {processor.py:183} INFO - Processing /opt/airflow/dags/crypto_pipeline_dag.py took 0.037 seconds
[2026-07-15T09:24:50.185+0000] {processor.py:161} INFO - Started process (PID=2038) to work on /opt/airflow/dags/crypto_pipeline_dag.py
[2026-07-15T09:24:50.185+0000] {processor.py:830} INFO - Processing file /opt/airflow/dags/crypto_pipeline_dag.py for tasks to queue
[2026-07-15T09:24:50.187+0000] {logging_mixin.py:188} INFO - [2026-07-15T09:24:50.187+0000] {dagbag.py:545} INFO - Filling up the DagBag from /opt/airflow/dags/crypto_pipeline_dag.py
[2026-07-15T09:24:50.195+0000] {processor.py:840} INFO - DAG(s) 'crypto_daily_pipeline' retrieved from /opt/airflow/dags/crypto_pipeline_dag.py
[2026-07-15T09:24:50.214+0000] {logging_mixin.py:188} INFO - [2026-07-15T09:24:50.213+0000] {dag.py:3089} INFO - Sync 1 DAGs
[2026-07-15T09:24:50.224+0000] {logging_mixin.py:188} INFO - [2026-07-15T09:24:50.224+0000] {dag.py:3947} INFO - Setting next_dagrun for crypto_daily_pipeline to 2026-07-15 00:00:00+00:00, run_after=2026-07-16 00:00:00+00:00
[2026-07-15T09:24:50.230+0000] {processor.py:183} INFO - Processing /opt/airflow/dags/crypto_pipeline_dag.py took 0.051 seconds
[2026-07-15T09:25:20.422+0000] {processor.py:161} INFO - Started process (PID=2043) to work on /opt/airflow/dags/crypto_pipeline_dag.py
[2026-07-15T09:25:20.422+0000] {processor.py:830} INFO - Processing file /opt/airflow/dags/crypto_pipeline_dag.py for tasks to queue
[2026-07-15T09:25:20.424+0000] {logging_mixin.py:188} INFO - [2026-07-15T09:25:20.424+0000] {dagbag.py:545} INFO - Filling up the DagBag from /opt/airflow/dags/crypto_pipeline_dag.py
[2026-07-15T09:25:20.433+0000] {processor.py:840} INFO - DAG(s) 'crypto_daily_pipeline' retrieved from /opt/airflow/dags/crypto_pipeline_dag.py
[2026-07-15T09:25:20.452+0000] {logging_mixin.py:188} INFO - [2026-07-15T09:25:20.452+0000] {dag.py:3089} INFO - Sync 1 DAGs
[2026-07-15T09:25:20.463+0000] {logging_mixin.py:188} INFO - [2026-07-15T09:25:20.462+0000] {dag.py:3947} INFO - Setting next_dagrun for crypto_daily_pipeline to 2026-07-15 00:00:00+00:00, run_after=2026-07-16 00:00:00+00:00
[2026-07-15T09:25:20.468+0000] {processor.py:183} INFO - Processing /opt/airflow/dags/crypto_pipeline_dag.py took 0.051 seconds
[2026-07-15T09:25:50.676+0000] {processor.py:161} INFO - Started process (PID=2048) to work on /opt/airflow/dags/crypto_pipeline_dag.py
[2026-07-15T09:25:50.677+0000] {processor.py:830} INFO - Processing file /opt/airflow/dags/crypto_pipeline_dag.py for tasks to queue
[2026-07-15T09:25:50.678+0000] {logging_mixin.py:188} INFO - [2026-07-15T09:25:50.678+0000] {dagbag.py:545} INFO - Filling up the DagBag from /opt/airflow/dags/crypto_pipeline_dag.py
[2026-07-15T09:25:50.687+0000] {processor.py:840} INFO - DAG(s) 'crypto_daily_pipeline' retrieved from /opt/airflow/dags/crypto_pipeline_dag.py
[2026-07-15T09:25:50.704+0000] {logging_mixin.py:188} INFO - [2026-07-15T09:25:50.704+0000] {dag.py:3089} INFO - Sync 1 DAGs
[2026-07-15T09:25:50.713+0000] {logging_mixin.py:188} INFO - [2026-07-15T09:25:50.713+0000] {dag.py:3947} INFO - Setting next_dagrun for crypto_daily_pipeline to 2026-07-15 00:00:00+00:00, run_after=2026-07-16 00:00:00+00:00
[2026-07-15T09:25:50.719+0000] {processor.py:183} INFO - Processing /opt/airflow/dags/crypto_pipeline_dag.py took 0.048 seconds
[2026-07-15T09:26:20.876+0000] {processor.py:161} INFO - Started process (PID=2053) to work on /opt/airflow/dags/crypto_pipeline_dag.py
[2026-07-15T09:26:20.877+0000] {processor.py:830} INFO - Processing file /opt/airflow/dags/crypto_pipeline_dag.py for tasks to queue
[2026-07-15T09:26:20.879+0000] {logging_mixin.py:188} INFO - [2026-07-15T09:26:20.878+0000] {dagbag.py:545} INFO - Filling up the DagBag from /opt/airflow/dags/crypto_pipeline_dag.py
[2026-07-15T09:26:20.888+0000] {processor.py:840} INFO - DAG(s) 'crypto_daily_pipeline' retrieved from /opt/airflow/dags/crypto_pipeline_dag.py
[2026-07-15T09:26:20.906+0000] {logging_mixin.py:188} INFO - [2026-07-15T09:26:20.906+0000] {dag.py:3089} INFO - Sync 1 DAGs
[2026-07-15T09:26:20.916+0000] {logging_mixin.py:188} INFO - [2026-07-15T09:26:20.916+0000] {dag.py:3947} INFO - Setting next_dagrun for crypto_daily_pipeline to 2026-07-15 00:00:00+00:00, run_after=2026-07-16 00:00:00+00:00
[2026-07-15T09:26:20.922+0000] {processor.py:183} INFO - Processing /opt/airflow/dags/crypto_pipeline_dag.py took 0.051 seconds
[2026-07-15T09:26:51.125+0000] {processor.py:161} INFO - Started process (PID=2058) to work on /opt/airflow/dags/crypto_pipeline_dag.py
[2026-07-15T09:26:51.126+0000] {processor.py:830} INFO - Processing file /opt/airflow/dags/crypto_pipeline_dag.py for tasks to queue
[2026-07-15T09:26:51.127+0000] {logging_mixin.py:188} INFO - [2026-07-15T09:26:51.127+0000] {dagbag.py:545} INFO - Filling up the DagBag from /opt/airflow/dags/crypto_pipeline_dag.py
[2026-07-15T09:26:51.136+0000] {processor.py:840} INFO - DAG(s) 'crypto_daily_pipeline' retrieved from /opt/airflow/dags/crypto_pipeline_dag.py
[2026-07-15T09:26:51.153+0000] {logging_mixin.py:188} INFO - [2026-07-15T09:26:51.153+0000] {dag.py:3089} INFO - Sync 1 DAGs
[2026-07-15T09:26:51.163+0000] {logging_mixin.py:188} INFO - [2026-07-15T09:26:51.163+0000] {dag.py:3947} INFO - Setting next_dagrun for crypto_daily_pipeline to 2026-07-15 00:00:00+00:00, run_after=2026-07-16 00:00:00+00:00
[2026-07-15T09:26:51.170+0000] {processor.py:183} INFO - Processing /opt/airflow/dags/crypto_pipeline_dag.py took 0.050 seconds
[2026-07-15T09:27:21.329+0000] {processor.py:161} INFO - Started process (PID=2063) to work on /opt/airflow/dags/crypto_pipeline_dag.py
[2026-07-15T09:27:21.329+0000] {processor.py:830} INFO - Processing file /opt/airflow/dags/crypto_pipeline_dag.py for tasks to queue
[2026-07-15T09:27:21.330+0000] {logging_mixin.py:188} INFO - [2026-07-15T09:27:21.330+0000] {dagbag.py:545} INFO - Filling up the DagBag from /opt/airflow/dags/crypto_pipeline_dag.py
[2026-07-15T09:27:21.339+0000] {processor.py:840} INFO - DAG(s) 'crypto_daily_pipeline' retrieved from /opt/airflow/dags/crypto_pipeline_dag.py
[2026-07-15T09:27:21.355+0000] {logging_mixin.py:188} INFO - [2026-07-15T09:27:21.355+0000] {dag.py:3089} INFO - Sync 1 DAGs
[2026-07-15T09:27:21.364+0000] {logging_mixin.py:188} INFO - [2026-07-15T09:27:21.364+0000] {dag.py:3947} INFO - Setting next_dagrun for crypto_daily_pipeline to 2026-07-15 00:00:00+00:00, run_after=2026-07-16 00:00:00+00:00
[2026-07-15T09:27:21.370+0000] {processor.py:183} INFO - Processing /opt/airflow/dags/crypto_pipeline_dag.py took 0.045 seconds
[2026-07-15T09:27:51.582+0000] {processor.py:161} INFO - Started process (PID=2068) to work on /opt/airflow/dags/crypto_pipeline_dag.py
[2026-07-15T09:27:51.583+0000] {processor.py:830} INFO - Processing file /opt/airflow/dags/crypto_pipeline_dag.py for tasks to queue
[2026-07-15T09:27:51.585+0000] {logging_mixin.py:188} INFO - [2026-07-15T09:27:51.585+0000] {dagbag.py:545} INFO - Filling up the DagBag from /opt/airflow/dags/crypto_pipeline_dag.py
[2026-07-15T09:27:51.594+0000] {processor.py:840} INFO - DAG(s) 'crypto_daily_pipeline' retrieved from /opt/airflow/dags/crypto_pipeline_dag.py
[2026-07-15T09:27:51.612+0000] {logging_mixin.py:188} INFO - [2026-07-15T09:27:51.611+0000] {dag.py:3089} INFO - Sync 1 DAGs
[2026-07-15T09:27:51.622+0000] {logging_mixin.py:188} INFO - [2026-07-15T09:27:51.621+0000] {dag.py:3947} INFO - Setting next_dagrun for crypto_daily_pipeline to 2026-07-15 00:00:00+00:00, run_after=2026-07-16 00:00:00+00:00
[2026-07-15T09:27:51.628+0000] {processor.py:183} INFO - Processing /opt/airflow/dags/crypto_pipeline_dag.py took 0.050 seconds
[2026-07-15T09:28:21.798+0000] {processor.py:161} INFO - Started process (PID=2073) to work on /opt/airflow/dags/crypto_pipeline_dag.py
[2026-07-15T09:28:21.799+0000] {processor.py:830} INFO - Processing file /opt/airflow/dags/crypto_pipeline_dag.py for tasks to queue
[2026-07-15T09:28:21.802+0000] {logging_mixin.py:188} INFO - [2026-07-15T09:28:21.801+0000] {dagbag.py:545} INFO - Filling up the DagBag from /opt/airflow/dags/crypto_pipeline_dag.py
[2026-07-15T09:28:21.811+0000] {processor.py:840} INFO - DAG(s) 'crypto_daily_pipeline' retrieved from /opt/airflow/dags/crypto_pipeline_dag.py
[2026-07-15T09:28:21.828+0000] {logging_mixin.py:188} INFO - [2026-07-15T09:28:21.828+0000] {dag.py:3089} INFO - Sync 1 DAGs
[2026-07-15T09:28:21.839+0000] {logging_mixin.py:188} INFO - [2026-07-15T09:28:21.839+0000] {dag.py:3947} INFO - Setting next_dagrun for crypto_daily_pipeline to 2026-07-15 00:00:00+00:00, run_after=2026-07-16 00:00:00+00:00
[2026-07-15T09:28:21.845+0000] {processor.py:183} INFO - Processing /opt/airflow/dags/crypto_pipeline_dag.py took 0.051 seconds
[2026-07-15T09:28:52.009+0000] {processor.py:161} INFO - Started process (PID=2078) to work on /opt/airflow/dags/crypto_pipeline_dag.py
[2026-07-15T09:28:52.010+0000] {processor.py:830} INFO - Processing file /opt/airflow/dags/crypto_pipeline_dag.py for tasks to queue
[2026-07-15T09:28:52.011+0000] {logging_mixin.py:188} INFO - [2026-07-15T09:28:52.011+0000] {dagbag.py:545} INFO - Filling up the DagBag from /opt/airflow/dags/crypto_pipeline_dag.py
[2026-07-15T09:28:52.020+0000] {processor.py:840} INFO - DAG(s) 'crypto_daily_pipeline' retrieved from /opt/airflow/dags/crypto_pipeline_dag.py
[2026-07-15T09:28:52.037+0000] {logging_mixin.py:188} INFO - [2026-07-15T09:28:52.037+0000] {dag.py:3089} INFO - Sync 1 DAGs
[2026-07-15T09:28:52.046+0000] {logging_mixin.py:188} INFO - [2026-07-15T09:28:52.046+0000] {dag.py:3947} INFO - Setting next_dagrun for crypto_daily_pipeline to 2026-07-15 00:00:00+00:00, run_after=2026-07-16 00:00:00+00:00
[2026-07-15T09:28:52.052+0000] {processor.py:183} INFO - Processing /opt/airflow/dags/crypto_pipeline_dag.py took 0.048 seconds
[2026-07-15T09:29:22.222+0000] {processor.py:161} INFO - Started process (PID=2083) to work on /opt/airflow/dags/crypto_pipeline_dag.py
[2026-07-15T09:29:22.224+0000] {processor.py:830} INFO - Processing file /opt/airflow/dags/crypto_pipeline_dag.py for tasks to queue
[2026-07-15T09:29:22.225+0000] {logging_mixin.py:188} INFO - [2026-07-15T09:29:22.225+0000] {dagbag.py:545} INFO - Filling up the DagBag from /opt/airflow/dags/crypto_pipeline_dag.py
[2026-07-15T09:29:22.235+0000] {processor.py:840} INFO - DAG(s) 'crypto_daily_pipeline' retrieved from /opt/airflow/dags/crypto_pipeline_dag.py
[2026-07-15T09:29:22.253+0000] {logging_mixin.py:188} INFO - [2026-07-15T09:29:22.253+0000] {dag.py:3089} INFO - Sync 1 DAGs
[2026-07-15T09:29:22.263+0000] {logging_mixin.py:188} INFO - [2026-07-15T09:29:22.263+0000] {dag.py:3947} INFO - Setting next_dagrun for crypto_daily_pipeline to 2026-07-15 00:00:00+00:00, run_after=2026-07-16 00:00:00+00:00
[2026-07-15T09:29:22.270+0000] {processor.py:183} INFO - Processing /opt/airflow/dags/crypto_pipeline_dag.py took 0.052 seconds
[2026-07-15T09:29:52.460+0000] {processor.py:161} INFO - Started process (PID=2088) to work on /opt/airflow/dags/crypto_pipeline_dag.py
[2026-07-15T09:29:52.461+0000] {processor.py:830} INFO - Processing file /opt/airflow/dags/crypto_pipeline_dag.py for tasks to queue
[2026-07-15T09:29:52.463+0000] {logging_mixin.py:188} INFO - [2026-07-15T09:29:52.462+0000] {dagbag.py:545} INFO - Filling up the DagBag from /opt/airflow/dags/crypto_pipeline_dag.py
[2026-07-15T09:29:52.473+0000] {processor.py:840} INFO - DAG(s) 'crypto_daily_pipeline' retrieved from /opt/airflow/dags/crypto_pipeline_dag.py
[2026-07-15T09:29:52.491+0000] {logging_mixin.py:188} INFO - [2026-07-15T09:29:52.491+0000] {dag.py:3089} INFO - Sync 1 DAGs
[2026-07-15T09:29:52.501+0000] {logging_mixin.py:188} INFO - [2026-07-15T09:29:52.500+0000] {dag.py:3947} INFO - Setting next_dagrun for crypto_daily_pipeline to 2026-07-15 00:00:00+00:00, run_after=2026-07-16 00:00:00+00:00
[2026-07-15T09:29:52.507+0000] {processor.py:183} INFO - Processing /opt/airflow/dags/crypto_pipeline_dag.py took 0.052 seconds
[2026-07-15T09:30:22.706+0000] {processor.py:161} INFO - Started process (PID=2093) to work on /opt/airflow/dags/crypto_pipeline_dag.py
[2026-07-15T09:30:22.707+0000] {processor.py:830} INFO - Processing file /opt/airflow/dags/crypto_pipeline_dag.py for tasks to queue
[2026-07-15T09:30:22.708+0000] {logging_mixin.py:188} INFO - [2026-07-15T09:30:22.708+0000] {dagbag.py:545} INFO - Filling up the DagBag from /opt/airflow/dags/crypto_pipeline_dag.py
[2026-07-15T09:30:22.717+0000] {processor.py:840} INFO - DAG(s) 'crypto_daily_pipeline' retrieved from /opt/airflow/dags/crypto_pipeline_dag.py
[2026-07-15T09:30:22.735+0000] {logging_mixin.py:188} INFO - [2026-07-15T09:30:22.735+0000] {dag.py:3089} INFO - Sync 1 DAGs
[2026-07-15T09:30:22.745+0000] {logging_mixin.py:188} INFO - [2026-07-15T09:30:22.745+0000] {dag.py:3947} INFO - Setting next_dagrun for crypto_daily_pipeline to 2026-07-15 00:00:00+00:00, run_after=2026-07-16 00:00:00+00:00
[2026-07-15T09:30:22.751+0000] {processor.py:183} INFO - Processing /opt/airflow/dags/crypto_pipeline_dag.py took 0.050 seconds
[2026-07-15T09:30:52.912+0000] {processor.py:161} INFO - Started process (PID=2098) to work on /opt/airflow/dags/crypto_pipeline_dag.py
[2026-07-15T09:30:52.913+0000] {processor.py:830} INFO - Processing file /opt/airflow/dags/crypto_pipeline_dag.py for tasks to queue
[2026-07-15T09:30:52.914+0000] {logging_mixin.py:188} INFO - [2026-07-15T09:30:52.914+0000] {dagbag.py:545} INFO - Filling up the DagBag from /opt/airflow/dags/crypto_pipeline_dag.py
[2026-07-15T09:30:52.924+0000] {processor.py:840} INFO - DAG(s) 'crypto_daily_pipeline' retrieved from /opt/airflow/dags/crypto_pipeline_dag.py
[2026-07-15T09:30:52.942+0000] {logging_mixin.py:188} INFO - [2026-07-15T09:30:52.942+0000] {dag.py:3089} INFO - Sync 1 DAGs
[2026-07-15T09:30:52.951+0000] {logging_mixin.py:188} INFO - [2026-07-15T09:30:52.951+0000] {dag.py:3947} INFO - Setting next_dagrun for crypto_daily_pipeline to 2026-07-15 00:00:00+00:00, run_after=2026-07-16 00:00:00+00:00
[2026-07-15T09:30:52.957+0000] {processor.py:183} INFO - Processing /opt/airflow/dags/crypto_pipeline_dag.py took 0.050 seconds
[2026-07-15T09:31:23.128+0000] {processor.py:161} INFO - Started process (PID=2103) to work on /opt/airflow/dags/crypto_pipeline_dag.py
[2026-07-15T09:31:23.129+0000] {processor.py:830} INFO - Processing file /opt/airflow/dags/crypto_pipeline_dag.py for tasks to queue
[2026-07-15T09:31:23.131+0000] {logging_mixin.py:188} INFO - [2026-07-15T09:31:23.130+0000] {dagbag.py:545} INFO - Filling up the DagBag from /opt/airflow/dags/crypto_pipeline_dag.py
[2026-07-15T09:31:23.140+0000] {processor.py:840} INFO - DAG(s) 'crypto_daily_pipeline' retrieved from /opt/airflow/dags/crypto_pipeline_dag.py
[2026-07-15T09:31:23.158+0000] {logging_mixin.py:188} INFO - [2026-07-15T09:31:23.158+0000] {dag.py:3089} INFO - Sync 1 DAGs
[2026-07-15T09:31:23.168+0000] {logging_mixin.py:188} INFO - [2026-07-15T09:31:23.168+0000] {dag.py:3947} INFO - Setting next_dagrun for crypto_daily_pipeline to 2026-07-15 00:00:00+00:00, run_after=2026-07-16 00:00:00+00:00
[2026-07-15T09:31:23.174+0000] {processor.py:183} INFO - Processing /opt/airflow/dags/crypto_pipeline_dag.py took 0.051 seconds
[2026-07-15T09:31:53.347+0000] {processor.py:161} INFO - Started process (PID=2108) to work on /opt/airflow/dags/crypto_pipeline_dag.py
[2026-07-15T09:31:53.348+0000] {processor.py:830} INFO - Processing file /opt/airflow/dags/crypto_pipeline_dag.py for tasks to queue
[2026-07-15T09:31:53.350+0000] {logging_mixin.py:188} INFO - [2026-07-15T09:31:53.349+0000] {dagbag.py:545} INFO - Filling up the DagBag from /opt/airflow/dags/crypto_pipeline_dag.py
[2026-07-15T09:31:53.360+0000] {processor.py:840} INFO - DAG(s) 'crypto_daily_pipeline' retrieved from /opt/airflow/dags/crypto_pipeline_dag.py
[2026-07-15T09:31:53.376+0000] {logging_mixin.py:188} INFO - [2026-07-15T09:31:53.376+0000] {dag.py:3089} INFO - Sync 1 DAGs
[2026-07-15T09:31:53.385+0000] {logging_mixin.py:188} INFO - [2026-07-15T09:31:53.385+0000] {dag.py:3947} INFO - Setting next_dagrun for crypto_daily_pipeline to 2026-07-15 00:00:00+00:00, run_after=2026-07-16 00:00:00+00:00
[2026-07-15T09:31:53.392+0000] {processor.py:183} INFO - Processing /opt/airflow/dags/crypto_pipeline_dag.py took 0.051 seconds
[2026-07-15T09:32:23.584+0000] {processor.py:161} INFO - Started process (PID=2113) to work on /opt/airflow/dags/crypto_pipeline_dag.py
[2026-07-15T09:32:23.585+0000] {processor.py:830} INFO - Processing file /opt/airflow/dags/crypto_pipeline_dag.py for tasks to queue
[2026-07-15T09:32:23.586+0000] {logging_mixin.py:188} INFO - [2026-07-15T09:32:23.586+0000] {dagbag.py:545} INFO - Filling up the DagBag from /opt/airflow/dags/crypto_pipeline_dag.py
[2026-07-15T09:32:23.592+0000] {processor.py:840} INFO - DAG(s) 'crypto_daily_pipeline' retrieved from /opt/airflow/dags/crypto_pipeline_dag.py
[2026-07-15T09:32:23.606+0000] {logging_mixin.py:188} INFO - [2026-07-15T09:32:23.606+0000] {dag.py:3089} INFO - Sync 1 DAGs
[2026-07-15T09:32:23.614+0000] {logging_mixin.py:188} INFO - [2026-07-15T09:32:23.614+0000] {dag.py:3947} INFO - Setting next_dagrun for crypto_daily_pipeline to 2026-07-15 00:00:00+00:00, run_after=2026-07-16 00:00:00+00:00
[2026-07-15T09:32:23.620+0000] {processor.py:183} INFO - Processing /opt/airflow/dags/crypto_pipeline_dag.py took 0.039 seconds
[2026-07-15T09:32:53.795+0000] {processor.py:161} INFO - Started process (PID=2118) to work on /opt/airflow/dags/crypto_pipeline_dag.py
[2026-07-15T09:32:53.796+0000] {processor.py:830} INFO - Processing file /opt/airflow/dags/crypto_pipeline_dag.py for tasks to queue
[2026-07-15T09:32:53.797+0000] {logging_mixin.py:188} INFO - [2026-07-15T09:32:53.797+0000] {dagbag.py:545} INFO - Filling up the DagBag from /opt/airflow/dags/crypto_pipeline_dag.py
[2026-07-15T09:32:53.806+0000] {processor.py:840} INFO - DAG(s) 'crypto_daily_pipeline' retrieved from /opt/airflow/dags/crypto_pipeline_dag.py
[2026-07-15T09:32:53.824+0000] {logging_mixin.py:188} INFO - [2026-07-15T09:32:53.824+0000] {dag.py:3089} INFO - Sync 1 DAGs
[2026-07-15T09:32:53.834+0000] {logging_mixin.py:188} INFO - [2026-07-15T09:32:53.834+0000] {dag.py:3947} INFO - Setting next_dagrun for crypto_daily_pipeline to 2026-07-15 00:00:00+00:00, run_after=2026-07-16 00:00:00+00:00
[2026-07-15T09:32:53.840+0000] {processor.py:183} INFO - Processing /opt/airflow/dags/crypto_pipeline_dag.py took 0.050 seconds
[2026-07-15T09:33:24.000+0000] {processor.py:161} INFO - Started process (PID=2123) to work on /opt/airflow/dags/crypto_pipeline_dag.py
[2026-07-15T09:33:24.001+0000] {processor.py:830} INFO - Processing file /opt/airflow/dags/crypto_pipeline_dag.py for tasks to queue
[2026-07-15T09:33:24.002+0000] {logging_mixin.py:188} INFO - [2026-07-15T09:33:24.002+0000] {dagbag.py:545} INFO - Filling up the DagBag from /opt/airflow/dags/crypto_pipeline_dag.py
[2026-07-15T09:33:24.011+0000] {processor.py:840} INFO - DAG(s) 'crypto_daily_pipeline' retrieved from /opt/airflow/dags/crypto_pipeline_dag.py
[2026-07-15T09:33:24.029+0000] {logging_mixin.py:188} INFO - [2026-07-15T09:33:24.029+0000] {dag.py:3089} INFO - Sync 1 DAGs
[2026-07-15T09:33:24.038+0000] {logging_mixin.py:188} INFO - [2026-07-15T09:33:24.038+0000] {dag.py:3947} INFO - Setting next_dagrun for crypto_daily_pipeline to 2026-07-15 00:00:00+00:00, run_after=2026-07-16 00:00:00+00:00
[2026-07-15T09:33:24.045+0000] {processor.py:183} INFO - Processing /opt/airflow/dags/crypto_pipeline_dag.py took 0.050 seconds
[2026-07-15T09:33:54.253+0000] {processor.py:161} INFO - Started process (PID=2128) to work on /opt/airflow/dags/crypto_pipeline_dag.py
[2026-07-15T09:33:54.254+0000] {processor.py:830} INFO - Processing file /opt/airflow/dags/crypto_pipeline_dag.py for tasks to queue
[2026-07-15T09:33:54.255+0000] {logging_mixin.py:188} INFO - [2026-07-15T09:33:54.255+0000] {dagbag.py:545} INFO - Filling up the DagBag from /opt/airflow/dags/crypto_pipeline_dag.py
[2026-07-15T09:33:54.264+0000] {processor.py:840} INFO - DAG(s) 'crypto_daily_pipeline' retrieved from /opt/airflow/dags/crypto_pipeline_dag.py
[2026-07-15T09:33:54.281+0000] {logging_mixin.py:188} INFO - [2026-07-15T09:33:54.281+0000] {dag.py:3089} INFO - Sync 1 DAGs
[2026-07-15T09:33:54.290+0000] {logging_mixin.py:188} INFO - [2026-07-15T09:33:54.290+0000] {dag.py:3947} INFO - Setting next_dagrun for crypto_daily_pipeline to 2026-07-15 00:00:00+00:00, run_after=2026-07-16 00:00:00+00:00
[2026-07-15T09:33:54.296+0000] {processor.py:183} INFO - Processing /opt/airflow/dags/crypto_pipeline_dag.py took 0.047 seconds
[2026-07-15T09:34:24.454+0000] {processor.py:161} INFO - Started process (PID=2133) to work on /opt/airflow/dags/crypto_pipeline_dag.py
[2026-07-15T09:34:24.455+0000] {processor.py:830} INFO - Processing file /opt/airflow/dags/crypto_pipeline_dag.py for tasks to queue
[2026-07-15T09:34:24.457+0000] {logging_mixin.py:188} INFO - [2026-07-15T09:34:24.456+0000] {dagbag.py:545} INFO - Filling up the DagBag from /opt/airflow/dags/crypto_pipeline_dag.py
[2026-07-15T09:34:24.466+0000] {processor.py:840} INFO - DAG(s) 'crypto_daily_pipeline' retrieved from /opt/airflow/dags/crypto_pipeline_dag.py
[2026-07-15T09:34:24.484+0000] {logging_mixin.py:188} INFO - [2026-07-15T09:34:24.483+0000] {dag.py:3089} INFO - Sync 1 DAGs
[2026-07-15T09:34:24.493+0000] {logging_mixin.py:188} INFO - [2026-07-15T09:34:24.493+0000] {dag.py:3947} INFO - Setting next_dagrun for crypto_daily_pipeline to 2026-07-15 00:00:00+00:00, run_after=2026-07-16 00:00:00+00:00
[2026-07-15T09:34:24.498+0000] {processor.py:183} INFO - Processing /opt/airflow/dags/crypto_pipeline_dag.py took 0.048 seconds
[2026-07-15T09:34:54.708+0000] {processor.py:161} INFO - Started process (PID=2138) to work on /opt/airflow/dags/crypto_pipeline_dag.py
[2026-07-15T09:34:54.709+0000] {processor.py:830} INFO - Processing file /opt/airflow/dags/crypto_pipeline_dag.py for tasks to queue
[2026-07-15T09:34:54.710+0000] {logging_mixin.py:188} INFO - [2026-07-15T09:34:54.710+0000] {dagbag.py:545} INFO - Filling up the DagBag from /opt/airflow/dags/crypto_pipeline_dag.py
[2026-07-15T09:34:54.719+0000] {processor.py:840} INFO - DAG(s) 'crypto_daily_pipeline' retrieved from /opt/airflow/dags/crypto_pipeline_dag.py
[2026-07-15T09:34:54.735+0000] {logging_mixin.py:188} INFO - [2026-07-15T09:34:54.735+0000] {dag.py:3089} INFO - Sync 1 DAGs
[2026-07-15T09:34:54.744+0000] {logging_mixin.py:188} INFO - [2026-07-15T09:34:54.744+0000] {dag.py:3947} INFO - Setting next_dagrun for crypto_daily_pipeline to 2026-07-15 00:00:00+00:00, run_after=2026-07-16 00:00:00+00:00
[2026-07-15T09:34:54.751+0000] {processor.py:183} INFO - Processing /opt/airflow/dags/crypto_pipeline_dag.py took 0.049 seconds
[2026-07-15T09:35:24.904+0000] {processor.py:161} INFO - Started process (PID=2143) to work on /opt/airflow/dags/crypto_pipeline_dag.py
[2026-07-15T09:35:24.905+0000] {processor.py:830} INFO - Processing file /opt/airflow/dags/crypto_pipeline_dag.py for tasks to queue
[2026-07-15T09:35:24.906+0000] {logging_mixin.py:188} INFO - [2026-07-15T09:35:24.905+0000] {dagbag.py:545} INFO - Filling up the DagBag from /opt/airflow/dags/crypto_pipeline_dag.py
[2026-07-15T09:35:24.911+0000] {processor.py:840} INFO - DAG(s) 'crypto_daily_pipeline' retrieved from /opt/airflow/dags/crypto_pipeline_dag.py
[2026-07-15T09:35:24.925+0000] {logging_mixin.py:188} INFO - [2026-07-15T09:35:24.925+0000] {dag.py:3089} INFO - Sync 1 DAGs
[2026-07-15T09:35:24.934+0000] {logging_mixin.py:188} INFO - [2026-07-15T09:35:24.934+0000] {dag.py:3947} INFO - Setting next_dagrun for crypto_daily_pipeline to 2026-07-15 00:00:00+00:00, run_after=2026-07-16 00:00:00+00:00
[2026-07-15T09:35:24.942+0000] {processor.py:183} INFO - Processing /opt/airflow/dags/crypto_pipeline_dag.py took 0.040 seconds
[2026-07-15T09:35:55.120+0000] {processor.py:161} INFO - Started process (PID=2148) to work on /opt/airflow/dags/crypto_pipeline_dag.py
[2026-07-15T09:35:55.121+0000] {processor.py:830} INFO - Processing file /opt/airflow/dags/crypto_pipeline_dag.py for tasks to queue
[2026-07-15T09:35:55.123+0000] {logging_mixin.py:188} INFO - [2026-07-15T09:35:55.122+0000] {dagbag.py:545} INFO - Filling up the DagBag from /opt/airflow/dags/crypto_pipeline_dag.py
[2026-07-15T09:35:55.135+0000] {processor.py:840} INFO - DAG(s) 'crypto_daily_pipeline' retrieved from /opt/airflow/dags/crypto_pipeline_dag.py
[2026-07-15T09:35:55.154+0000] {logging_mixin.py:188} INFO - [2026-07-15T09:35:55.154+0000] {dag.py:3089} INFO - Sync 1 DAGs
[2026-07-15T09:35:55.164+0000] {logging_mixin.py:188} INFO - [2026-07-15T09:35:55.164+0000] {dag.py:3947} INFO - Setting next_dagrun for crypto_daily_pipeline to 2026-07-15 00:00:00+00:00, run_after=2026-07-16 00:00:00+00:00
[2026-07-15T09:35:55.170+0000] {processor.py:183} INFO - Processing /opt/airflow/dags/crypto_pipeline_dag.py took 0.057 seconds
[2026-07-15T09:36:25.301+0000] {processor.py:161} INFO - Started process (PID=2153) to work on /opt/airflow/dags/crypto_pipeline_dag.py
[2026-07-15T09:36:25.301+0000] {processor.py:830} INFO - Processing file /opt/airflow/dags/crypto_pipeline_dag.py for tasks to queue
[2026-07-15T09:36:25.303+0000] {logging_mixin.py:188} INFO - [2026-07-15T09:36:25.303+0000] {dagbag.py:545} INFO - Filling up the DagBag from /opt/airflow/dags/crypto_pipeline_dag.py
[2026-07-15T09:36:25.313+0000] {processor.py:840} INFO - DAG(s) 'crypto_daily_pipeline' retrieved from /opt/airflow/dags/crypto_pipeline_dag.py
[2026-07-15T09:36:25.334+0000] {logging_mixin.py:188} INFO - [2026-07-15T09:36:25.334+0000] {dag.py:3089} INFO - Sync 1 DAGs
[2026-07-15T09:36:25.344+0000] {logging_mixin.py:188} INFO - [2026-07-15T09:36:25.344+0000] {dag.py:3947} INFO - Setting next_dagrun for crypto_daily_pipeline to 2026-07-15 00:00:00+00:00, run_after=2026-07-16 00:00:00+00:00
[2026-07-15T09:36:25.350+0000] {processor.py:183} INFO - Processing /opt/airflow/dags/crypto_pipeline_dag.py took 0.053 seconds
[2026-07-15T09:36:55.496+0000] {processor.py:161} INFO - Started process (PID=2158) to work on /opt/airflow/dags/crypto_pipeline_dag.py
[2026-07-15T09:36:55.497+0000] {processor.py:830} INFO - Processing file /opt/airflow/dags/crypto_pipeline_dag.py for tasks to queue
[2026-07-15T09:36:55.498+0000] {logging_mixin.py:188} INFO - [2026-07-15T09:36:55.498+0000] {dagbag.py:545} INFO - Filling up the DagBag from /opt/airflow/dags/crypto_pipeline_dag.py
[2026-07-15T09:36:55.509+0000] {processor.py:840} INFO - DAG(s) 'crypto_daily_pipeline' retrieved from /opt/airflow/dags/crypto_pipeline_dag.py
[2026-07-15T09:36:55.527+0000] {logging_mixin.py:188} INFO - [2026-07-15T09:36:55.527+0000] {dag.py:3089} INFO - Sync 1 DAGs
[2026-07-15T09:36:55.535+0000] {logging_mixin.py:188} INFO - [2026-07-15T09:36:55.535+0000] {dag.py:3947} INFO - Setting next_dagrun for crypto_daily_pipeline to 2026-07-15 00:00:00+00:00, run_after=2026-07-16 00:00:00+00:00
[2026-07-15T09:36:55.542+0000] {processor.py:183} INFO - Processing /opt/airflow/dags/crypto_pipeline_dag.py took 0.049 seconds
[2026-07-15T09:37:25.679+0000] {processor.py:161} INFO - Started process (PID=2163) to work on /opt/airflow/dags/crypto_pipeline_dag.py
[2026-07-15T09:37:25.680+0000] {processor.py:830} INFO - Processing file /opt/airflow/dags/crypto_pipeline_dag.py for tasks to queue
[2026-07-15T09:37:25.681+0000] {logging_mixin.py:188} INFO - [2026-07-15T09:37:25.680+0000] {dagbag.py:545} INFO - Filling up the DagBag from /opt/airflow/dags/crypto_pipeline_dag.py
[2026-07-15T09:37:25.690+0000] {processor.py:840} INFO - DAG(s) 'crypto_daily_pipeline' retrieved from /opt/airflow/dags/crypto_pipeline_dag.py
[2026-07-15T09:37:25.707+0000] {logging_mixin.py:188} INFO - [2026-07-15T09:37:25.707+0000] {dag.py:3089} INFO - Sync 1 DAGs
[2026-07-15T09:37:25.716+0000] {logging_mixin.py:188} INFO - [2026-07-15T09:37:25.716+0000] {dag.py:3947} INFO - Setting next_dagrun for crypto_daily_pipeline to 2026-07-15 00:00:00+00:00, run_after=2026-07-16 00:00:00+00:00
[2026-07-15T09:37:25.722+0000] {processor.py:183} INFO - Processing /opt/airflow/dags/crypto_pipeline_dag.py took 0.046 seconds
[2026-07-15T09:37:55.864+0000] {processor.py:161} INFO - Started process (PID=2168) to work on /opt/airflow/dags/crypto_pipeline_dag.py
[2026-07-15T09:37:55.865+0000] {processor.py:830} INFO - Processing file /opt/airflow/dags/crypto_pipeline_dag.py for tasks to queue
[2026-07-15T09:37:55.866+0000] {logging_mixin.py:188} INFO - [2026-07-15T09:37:55.866+0000] {dagbag.py:545} INFO - Filling up the DagBag from /opt/airflow/dags/crypto_pipeline_dag.py
[2026-07-15T09:37:55.876+0000] {processor.py:840} INFO - DAG(s) 'crypto_daily_pipeline' retrieved from /opt/airflow/dags/crypto_pipeline_dag.py
[2026-07-15T09:37:55.895+0000] {logging_mixin.py:188} INFO - [2026-07-15T09:37:55.895+0000] {dag.py:3089} INFO - Sync 1 DAGs
[2026-07-15T09:37:55.903+0000] {logging_mixin.py:188} INFO - [2026-07-15T09:37:55.903+0000] {dag.py:3947} INFO - Setting next_dagrun for crypto_daily_pipeline to 2026-07-15 00:00:00+00:00, run_after=2026-07-16 00:00:00+00:00
[2026-07-15T09:37:55.909+0000] {processor.py:183} INFO - Processing /opt/airflow/dags/crypto_pipeline_dag.py took 0.049 seconds
[2026-07-15T09:38:26.051+0000] {processor.py:161} INFO - Started process (PID=2173) to work on /opt/airflow/dags/crypto_pipeline_dag.py
[2026-07-15T09:38:26.052+0000] {processor.py:830} INFO - Processing file /opt/airflow/dags/crypto_pipeline_dag.py for tasks to queue
[2026-07-15T09:38:26.054+0000] {logging_mixin.py:188} INFO - [2026-07-15T09:38:26.053+0000] {dagbag.py:545} INFO - Filling up the DagBag from /opt/airflow/dags/crypto_pipeline_dag.py
[2026-07-15T09:38:26.063+0000] {processor.py:840} INFO - DAG(s) 'crypto_daily_pipeline' retrieved from /opt/airflow/dags/crypto_pipeline_dag.py
[2026-07-15T09:38:26.081+0000] {logging_mixin.py:188} INFO - [2026-07-15T09:38:26.081+0000] {dag.py:3089} INFO - Sync 1 DAGs
[2026-07-15T09:38:26.089+0000] {logging_mixin.py:188} INFO - [2026-07-15T09:38:26.089+0000] {dag.py:3947} INFO - Setting next_dagrun for crypto_daily_pipeline to 2026-07-15 00:00:00+00:00, run_after=2026-07-16 00:00:00+00:00
[2026-07-15T09:38:26.095+0000] {processor.py:183} INFO - Processing /opt/airflow/dags/crypto_pipeline_dag.py took 0.047 seconds
[2026-07-15T09:38:56.223+0000] {processor.py:161} INFO - Started process (PID=2178) to work on /opt/airflow/dags/crypto_pipeline_dag.py
[2026-07-15T09:38:56.224+0000] {processor.py:830} INFO - Processing file /opt/airflow/dags/crypto_pipeline_dag.py for tasks to queue
[2026-07-15T09:38:56.225+0000] {logging_mixin.py:188} INFO - [2026-07-15T09:38:56.225+0000] {dagbag.py:545} INFO - Filling up the DagBag from /opt/airflow/dags/crypto_pipeline_dag.py
[2026-07-15T09:38:56.234+0000] {processor.py:840} INFO - DAG(s) 'crypto_daily_pipeline' retrieved from /opt/airflow/dags/crypto_pipeline_dag.py
[2026-07-15T09:38:56.251+0000] {logging_mixin.py:188} INFO - [2026-07-15T09:38:56.251+0000] {dag.py:3089} INFO - Sync 1 DAGs
[2026-07-15T09:38:56.261+0000] {logging_mixin.py:188} INFO - [2026-07-15T09:38:56.261+0000] {dag.py:3947} INFO - Setting next_dagrun for crypto_daily_pipeline to 2026-07-15 00:00:00+00:00, run_after=2026-07-16 00:00:00+00:00
[2026-07-15T09:38:56.267+0000] {processor.py:183} INFO - Processing /opt/airflow/dags/crypto_pipeline_dag.py took 0.048 seconds
[2026-07-15T09:39:26.413+0000] {processor.py:161} INFO - Started process (PID=2183) to work on /opt/airflow/dags/crypto_pipeline_dag.py
[2026-07-15T09:39:26.413+0000] {processor.py:830} INFO - Processing file /opt/airflow/dags/crypto_pipeline_dag.py for tasks to queue
[2026-07-15T09:39:26.415+0000] {logging_mixin.py:188} INFO - [2026-07-15T09:39:26.415+0000] {dagbag.py:545} INFO - Filling up the DagBag from /opt/airflow/dags/crypto_pipeline_dag.py
[2026-07-15T09:39:26.424+0000] {processor.py:840} INFO - DAG(s) 'crypto_daily_pipeline' retrieved from /opt/airflow/dags/crypto_pipeline_dag.py
[2026-07-15T09:39:26.443+0000] {logging_mixin.py:188} INFO - [2026-07-15T09:39:26.443+0000] {dag.py:3089} INFO - Sync 1 DAGs
[2026-07-15T09:39:26.454+0000] {logging_mixin.py:188} INFO - [2026-07-15T09:39:26.454+0000] {dag.py:3947} INFO - Setting next_dagrun for crypto_daily_pipeline to 2026-07-15 00:00:00+00:00, run_after=2026-07-16 00:00:00+00:00
[2026-07-15T09:39:26.459+0000] {processor.py:183} INFO - Processing /opt/airflow/dags/crypto_pipeline_dag.py took 0.050 seconds
[2026-07-15T09:39:56.593+0000] {processor.py:161} INFO - Started process (PID=2188) to work on /opt/airflow/dags/crypto_pipeline_dag.py
[2026-07-15T09:39:56.594+0000] {processor.py:830} INFO - Processing file /opt/airflow/dags/crypto_pipeline_dag.py for tasks to queue
[2026-07-15T09:39:56.595+0000] {logging_mixin.py:188} INFO - [2026-07-15T09:39:56.595+0000] {dagbag.py:545} INFO - Filling up the DagBag from /opt/airflow/dags/crypto_pipeline_dag.py
[2026-07-15T09:39:56.605+0000] {processor.py:840} INFO - DAG(s) 'crypto_daily_pipeline' retrieved from /opt/airflow/dags/crypto_pipeline_dag.py
[2026-07-15T09:39:56.623+0000] {logging_mixin.py:188} INFO - [2026-07-15T09:39:56.623+0000] {dag.py:3089} INFO - Sync 1 DAGs
[2026-07-15T09:39:56.633+0000] {logging_mixin.py:188} INFO - [2026-07-15T09:39:56.632+0000] {dag.py:3947} INFO - Setting next_dagrun for crypto_daily_pipeline to 2026-07-15 00:00:00+00:00, run_after=2026-07-16 00:00:00+00:00
[2026-07-15T09:39:56.641+0000] {processor.py:183} INFO - Processing /opt/airflow/dags/crypto_pipeline_dag.py took 0.053 seconds
[2026-07-15T09:40:26.803+0000] {processor.py:161} INFO - Started process (PID=2193) to work on /opt/airflow/dags/crypto_pipeline_dag.py
[2026-07-15T09:40:26.804+0000] {processor.py:830} INFO - Processing file /opt/airflow/dags/crypto_pipeline_dag.py for tasks to queue
[2026-07-15T09:40:26.806+0000] {logging_mixin.py:188} INFO - [2026-07-15T09:40:26.806+0000] {dagbag.py:545} INFO - Filling up the DagBag from /opt/airflow/dags/crypto_pipeline_dag.py
[2026-07-15T09:40:26.815+0000] {processor.py:840} INFO - DAG(s) 'crypto_daily_pipeline' retrieved from /opt/airflow/dags/crypto_pipeline_dag.py
[2026-07-15T09:40:26.834+0000] {logging_mixin.py:188} INFO - [2026-07-15T09:40:26.834+0000] {dag.py:3089} INFO - Sync 1 DAGs
[2026-07-15T09:40:26.844+0000] {logging_mixin.py:188} INFO - [2026-07-15T09:40:26.843+0000] {dag.py:3947} INFO - Setting next_dagrun for crypto_daily_pipeline to 2026-07-15 00:00:00+00:00, run_after=2026-07-16 00:00:00+00:00
[2026-07-15T09:40:26.849+0000] {processor.py:183} INFO - Processing /opt/airflow/dags/crypto_pipeline_dag.py took 0.050 seconds
[2026-07-15T09:40:57.002+0000] {processor.py:161} INFO - Started process (PID=2198) to work on /opt/airflow/dags/crypto_pipeline_dag.py
[2026-07-15T09:40:57.004+0000] {processor.py:830} INFO - Processing file /opt/airflow/dags/crypto_pipeline_dag.py for tasks to queue
[2026-07-15T09:40:57.005+0000] {logging_mixin.py:188} INFO - [2026-07-15T09:40:57.005+0000] {dagbag.py:545} INFO - Filling up the DagBag from /opt/airflow/dags/crypto_pipeline_dag.py
[2026-07-15T09:40:57.014+0000] {processor.py:840} INFO - DAG(s) 'crypto_daily_pipeline' retrieved from /opt/airflow/dags/crypto_pipeline_dag.py
[2026-07-15T09:40:57.032+0000] {logging_mixin.py:188} INFO - [2026-07-15T09:40:57.032+0000] {dag.py:3089} INFO - Sync 1 DAGs
[2026-07-15T09:40:57.042+0000] {logging_mixin.py:188} INFO - [2026-07-15T09:40:57.042+0000] {dag.py:3947} INFO - Setting next_dagrun for crypto_daily_pipeline to 2026-07-15 00:00:00+00:00, run_after=2026-07-16 00:00:00+00:00
[2026-07-15T09:40:57.047+0000] {processor.py:183} INFO - Processing /opt/airflow/dags/crypto_pipeline_dag.py took 0.049 seconds
[2026-07-15T09:41:27.194+0000] {processor.py:161} INFO - Started process (PID=2203) to work on /opt/airflow/dags/crypto_pipeline_dag.py
[2026-07-15T09:41:27.195+0000] {processor.py:830} INFO - Processing file /opt/airflow/dags/crypto_pipeline_dag.py for tasks to queue
[2026-07-15T09:41:27.196+0000] {logging_mixin.py:188} INFO - [2026-07-15T09:41:27.196+0000] {dagbag.py:545} INFO - Filling up the DagBag from /opt/airflow/dags/crypto_pipeline_dag.py
[2026-07-15T09:41:27.206+0000] {processor.py:840} INFO - DAG(s) 'crypto_daily_pipeline' retrieved from /opt/airflow/dags/crypto_pipeline_dag.py
[2026-07-15T09:41:27.225+0000] {logging_mixin.py:188} INFO - [2026-07-15T09:41:27.225+0000] {dag.py:3089} INFO - Sync 1 DAGs
[2026-07-15T09:41:27.234+0000] {logging_mixin.py:188} INFO - [2026-07-15T09:41:27.234+0000] {dag.py:3947} INFO - Setting next_dagrun for crypto_daily_pipeline to 2026-07-15 00:00:00+00:00, run_after=2026-07-16 00:00:00+00:00
[2026-07-15T09:41:27.240+0000] {processor.py:183} INFO - Processing /opt/airflow/dags/crypto_pipeline_dag.py took 0.050 seconds
[2026-07-15T09:41:57.401+0000] {processor.py:161} INFO - Started process (PID=2208) to work on /opt/airflow/dags/crypto_pipeline_dag.py
[2026-07-15T09:41:57.402+0000] {processor.py:830} INFO - Processing file /opt/airflow/dags/crypto_pipeline_dag.py for tasks to queue
[2026-07-15T09:41:57.403+0000] {logging_mixin.py:188} INFO - [2026-07-15T09:41:57.403+0000] {dagbag.py:545} INFO - Filling up the DagBag from /opt/airflow/dags/crypto_pipeline_dag.py
[2026-07-15T09:41:57.412+0000] {processor.py:840} INFO - DAG(s) 'crypto_daily_pipeline' retrieved from /opt/airflow/dags/crypto_pipeline_dag.py
[2026-07-15T09:41:57.431+0000] {logging_mixin.py:188} INFO - [2026-07-15T09:41:57.431+0000] {dag.py:3089} INFO - Sync 1 DAGs
[2026-07-15T09:41:57.440+0000] {logging_mixin.py:188} INFO - [2026-07-15T09:41:57.440+0000] {dag.py:3947} INFO - Setting next_dagrun for crypto_daily_pipeline to 2026-07-15 00:00:00+00:00, run_after=2026-07-16 00:00:00+00:00
[2026-07-15T09:41:57.446+0000] {processor.py:183} INFO - Processing /opt/airflow/dags/crypto_pipeline_dag.py took 0.049 seconds
[2026-07-15T09:42:27.612+0000] {processor.py:161} INFO - Started process (PID=2213) to work on /opt/airflow/dags/crypto_pipeline_dag.py
[2026-07-15T09:42:27.613+0000] {processor.py:830} INFO - Processing file /opt/airflow/dags/crypto_pipeline_dag.py for tasks to queue
[2026-07-15T09:42:27.615+0000] {logging_mixin.py:188} INFO - [2026-07-15T09:42:27.614+0000] {dagbag.py:545} INFO - Filling up the DagBag from /opt/airflow/dags/crypto_pipeline_dag.py
[2026-07-15T09:42:27.624+0000] {processor.py:840} INFO - DAG(s) 'crypto_daily_pipeline' retrieved from /opt/airflow/dags/crypto_pipeline_dag.py
[2026-07-15T09:42:27.643+0000] {logging_mixin.py:188} INFO - [2026-07-15T09:42:27.643+0000] {dag.py:3089} INFO - Sync 1 DAGs
[2026-07-15T09:42:27.653+0000] {logging_mixin.py:188} INFO - [2026-07-15T09:42:27.653+0000] {dag.py:3947} INFO - Setting next_dagrun for crypto_daily_pipeline to 2026-07-15 00:00:00+00:00, run_after=2026-07-16 00:00:00+00:00
[2026-07-15T09:42:27.659+0000] {processor.py:183} INFO - Processing /opt/airflow/dags/crypto_pipeline_dag.py took 0.050 seconds
[2026-07-15T09:42:57.801+0000] {processor.py:161} INFO - Started process (PID=2218) to work on /opt/airflow/dags/crypto_pipeline_dag.py
[2026-07-15T09:42:57.802+0000] {processor.py:830} INFO - Processing file /opt/airflow/dags/crypto_pipeline_dag.py for tasks to queue
[2026-07-15T09:42:57.803+0000] {logging_mixin.py:188} INFO - [2026-07-15T09:42:57.803+0000] {dagbag.py:545} INFO - Filling up the DagBag from /opt/airflow/dags/crypto_pipeline_dag.py
[2026-07-15T09:42:57.813+0000] {processor.py:840} INFO - DAG(s) 'crypto_daily_pipeline' retrieved from /opt/airflow/dags/crypto_pipeline_dag.py
[2026-07-15T09:42:57.831+0000] {logging_mixin.py:188} INFO - [2026-07-15T09:42:57.831+0000] {dag.py:3089} INFO - Sync 1 DAGs
[2026-07-15T09:42:57.841+0000] {logging_mixin.py:188} INFO - [2026-07-15T09:42:57.841+0000] {dag.py:3947} INFO - Setting next_dagrun for crypto_daily_pipeline to 2026-07-15 00:00:00+00:00, run_after=2026-07-16 00:00:00+00:00
[2026-07-15T09:42:57.847+0000] {processor.py:183} INFO - Processing /opt/airflow/dags/crypto_pipeline_dag.py took 0.050 seconds
[2026-07-15T09:43:28.001+0000] {processor.py:161} INFO - Started process (PID=2223) to work on /opt/airflow/dags/crypto_pipeline_dag.py
[2026-07-15T09:43:28.002+0000] {processor.py:830} INFO - Processing file /opt/airflow/dags/crypto_pipeline_dag.py for tasks to queue
[2026-07-15T09:43:28.004+0000] {logging_mixin.py:188} INFO - [2026-07-15T09:43:28.004+0000] {dagbag.py:545} INFO - Filling up the DagBag from /opt/airflow/dags/crypto_pipeline_dag.py
[2026-07-15T09:43:28.013+0000] {processor.py:840} INFO - DAG(s) 'crypto_daily_pipeline' retrieved from /opt/airflow/dags/crypto_pipeline_dag.py
[2026-07-15T09:43:28.032+0000] {logging_mixin.py:188} INFO - [2026-07-15T09:43:28.032+0000] {dag.py:3089} INFO - Sync 1 DAGs
[2026-07-15T09:43:28.041+0000] {logging_mixin.py:188} INFO - [2026-07-15T09:43:28.041+0000] {dag.py:3947} INFO - Setting next_dagrun for crypto_daily_pipeline to 2026-07-15 00:00:00+00:00, run_after=2026-07-16 00:00:00+00:00
[2026-07-15T09:43:28.047+0000] {processor.py:183} INFO - Processing /opt/airflow/dags/crypto_pipeline_dag.py took 0.050 seconds
[2026-07-15T09:43:58.200+0000] {processor.py:161} INFO - Started process (PID=2228) to work on /opt/airflow/dags/crypto_pipeline_dag.py
[2026-07-15T09:43:58.201+0000] {processor.py:830} INFO - Processing file /opt/airflow/dags/crypto_pipeline_dag.py for tasks to queue
[2026-07-15T09:43:58.203+0000] {logging_mixin.py:188} INFO - [2026-07-15T09:43:58.202+0000] {dagbag.py:545} INFO - Filling up the DagBag from /opt/airflow/dags/crypto_pipeline_dag.py
[2026-07-15T09:43:58.212+0000] {processor.py:840} INFO - DAG(s) 'crypto_daily_pipeline' retrieved from /opt/airflow/dags/crypto_pipeline_dag.py
[2026-07-15T09:43:58.231+0000] {logging_mixin.py:188} INFO - [2026-07-15T09:43:58.231+0000] {dag.py:3089} INFO - Sync 1 DAGs
[2026-07-15T09:43:58.240+0000] {logging_mixin.py:188} INFO - [2026-07-15T09:43:58.240+0000] {dag.py:3947} INFO - Setting next_dagrun for crypto_daily_pipeline to 2026-07-15 00:00:00+00:00, run_after=2026-07-16 00:00:00+00:00
[2026-07-15T09:43:58.248+0000] {processor.py:183} INFO - Processing /opt/airflow/dags/crypto_pipeline_dag.py took 0.051 seconds
[2026-07-15T09:44:28.391+0000] {processor.py:161} INFO - Started process (PID=2233) to work on /opt/airflow/dags/crypto_pipeline_dag.py
[2026-07-15T09:44:28.392+0000] {processor.py:830} INFO - Processing file /opt/airflow/dags/crypto_pipeline_dag.py for tasks to queue
[2026-07-15T09:44:28.393+0000] {logging_mixin.py:188} INFO - [2026-07-15T09:44:28.393+0000] {dagbag.py:545} INFO - Filling up the DagBag from /opt/airflow/dags/crypto_pipeline_dag.py
[2026-07-15T09:44:28.398+0000] {processor.py:840} INFO - DAG(s) 'crypto_daily_pipeline' retrieved from /opt/airflow/dags/crypto_pipeline_dag.py
[2026-07-15T09:44:28.411+0000] {logging_mixin.py:188} INFO - [2026-07-15T09:44:28.411+0000] {dag.py:3089} INFO - Sync 1 DAGs
[2026-07-15T09:44:28.420+0000] {logging_mixin.py:188} INFO - [2026-07-15T09:44:28.420+0000] {dag.py:3947} INFO - Setting next_dagrun for crypto_daily_pipeline to 2026-07-15 00:00:00+00:00, run_after=2026-07-16 00:00:00+00:00
[2026-07-15T09:44:28.426+0000] {processor.py:183} INFO - Processing /opt/airflow/dags/crypto_pipeline_dag.py took 0.037 seconds
[2026-07-15T09:44:58.579+0000] {processor.py:161} INFO - Started process (PID=2238) to work on /opt/airflow/dags/crypto_pipeline_dag.py
[2026-07-15T09:44:58.580+0000] {processor.py:830} INFO - Processing file /opt/airflow/dags/crypto_pipeline_dag.py for tasks to queue
[2026-07-15T09:44:58.582+0000] {logging_mixin.py:188} INFO - [2026-07-15T09:44:58.582+0000] {dagbag.py:545} INFO - Filling up the DagBag from /opt/airflow/dags/crypto_pipeline_dag.py
[2026-07-15T09:44:58.593+0000] {processor.py:840} INFO - DAG(s) 'crypto_daily_pipeline' retrieved from /opt/airflow/dags/crypto_pipeline_dag.py
[2026-07-15T09:44:58.613+0000] {logging_mixin.py:188} INFO - [2026-07-15T09:44:58.612+0000] {dag.py:3089} INFO - Sync 1 DAGs
[2026-07-15T09:44:58.624+0000] {logging_mixin.py:188} INFO - [2026-07-15T09:44:58.624+0000] {dag.py:3947} INFO - Setting next_dagrun for crypto_daily_pipeline to 2026-07-15 00:00:00+00:00, run_after=2026-07-16 00:00:00+00:00
[2026-07-15T09:44:58.630+0000] {processor.py:183} INFO - Processing /opt/airflow/dags/crypto_pipeline_dag.py took 0.056 seconds
[2026-07-15T09:45:28.761+0000] {processor.py:161} INFO - Started process (PID=2243) to work on /opt/airflow/dags/crypto_pipeline_dag.py
[2026-07-15T09:45:28.762+0000] {processor.py:830} INFO - Processing file /opt/airflow/dags/crypto_pipeline_dag.py for tasks to queue
[2026-07-15T09:45:28.764+0000] {logging_mixin.py:188} INFO - [2026-07-15T09:45:28.764+0000] {dagbag.py:545} INFO - Filling up the DagBag from /opt/airflow/dags/crypto_pipeline_dag.py
[2026-07-15T09:45:28.773+0000] {processor.py:840} INFO - DAG(s) 'crypto_daily_pipeline' retrieved from /opt/airflow/dags/crypto_pipeline_dag.py
[2026-07-15T09:45:28.791+0000] {logging_mixin.py:188} INFO - [2026-07-15T09:45:28.791+0000] {dag.py:3089} INFO - Sync 1 DAGs
[2026-07-15T09:45:28.801+0000] {logging_mixin.py:188} INFO - [2026-07-15T09:45:28.801+0000] {dag.py:3947} INFO - Setting next_dagrun for crypto_daily_pipeline to 2026-07-15 00:00:00+00:00, run_after=2026-07-16 00:00:00+00:00
[2026-07-15T09:45:28.808+0000] {processor.py:183} INFO - Processing /opt/airflow/dags/crypto_pipeline_dag.py took 0.051 seconds
[2026-07-15T09:45:58.952+0000] {processor.py:161} INFO - Started process (PID=2248) to work on /opt/airflow/dags/crypto_pipeline_dag.py
[2026-07-15T09:45:58.953+0000] {processor.py:830} INFO - Processing file /opt/airflow/dags/crypto_pipeline_dag.py for tasks to queue
[2026-07-15T09:45:58.955+0000] {logging_mixin.py:188} INFO - [2026-07-15T09:45:58.955+0000] {dagbag.py:545} INFO - Filling up the DagBag from /opt/airflow/dags/crypto_pipeline_dag.py
[2026-07-15T09:45:58.966+0000] {processor.py:840} INFO - DAG(s) 'crypto_daily_pipeline' retrieved from /opt/airflow/dags/crypto_pipeline_dag.py
[2026-07-15T09:45:58.984+0000] {logging_mixin.py:188} INFO - [2026-07-15T09:45:58.984+0000] {dag.py:3089} INFO - Sync 1 DAGs
[2026-07-15T09:45:58.994+0000] {logging_mixin.py:188} INFO - [2026-07-15T09:45:58.994+0000] {dag.py:3947} INFO - Setting next_dagrun for crypto_daily_pipeline to 2026-07-15 00:00:00+00:00, run_after=2026-07-16 00:00:00+00:00
[2026-07-15T09:45:59.000+0000] {processor.py:183} INFO - Processing /opt/airflow/dags/crypto_pipeline_dag.py took 0.052 seconds
[2026-07-15T09:46:29.127+0000] {processor.py:161} INFO - Started process (PID=2253) to work on /opt/airflow/dags/crypto_pipeline_dag.py
[2026-07-15T09:46:29.128+0000] {processor.py:830} INFO - Processing file /opt/airflow/dags/crypto_pipeline_dag.py for tasks to queue
[2026-07-15T09:46:29.129+0000] {logging_mixin.py:188} INFO - [2026-07-15T09:46:29.129+0000] {dagbag.py:545} INFO - Filling up the DagBag from /opt/airflow/dags/crypto_pipeline_dag.py
[2026-07-15T09:46:29.141+0000] {processor.py:840} INFO - DAG(s) 'crypto_daily_pipeline' retrieved from /opt/airflow/dags/crypto_pipeline_dag.py
[2026-07-15T09:46:29.159+0000] {logging_mixin.py:188} INFO - [2026-07-15T09:46:29.159+0000] {dag.py:3089} INFO - Sync 1 DAGs
[2026-07-15T09:46:29.168+0000] {logging_mixin.py:188} INFO - [2026-07-15T09:46:29.168+0000] {dag.py:3947} INFO - Setting next_dagrun for crypto_daily_pipeline to 2026-07-15 00:00:00+00:00, run_after=2026-07-16 00:00:00+00:00
[2026-07-15T09:46:29.174+0000] {processor.py:183} INFO - Processing /opt/airflow/dags/crypto_pipeline_dag.py took 0.051 seconds
[2026-07-15T09:46:59.325+0000] {processor.py:161} INFO - Started process (PID=2258) to work on /opt/airflow/dags/crypto_pipeline_dag.py
[2026-07-15T09:46:59.326+0000] {processor.py:830} INFO - Processing file /opt/airflow/dags/crypto_pipeline_dag.py for tasks to queue
[2026-07-15T09:46:59.328+0000] {logging_mixin.py:188} INFO - [2026-07-15T09:46:59.327+0000] {dagbag.py:545} INFO - Filling up the DagBag from /opt/airflow/dags/crypto_pipeline_dag.py
[2026-07-15T09:46:59.336+0000] {processor.py:840} INFO - DAG(s) 'crypto_daily_pipeline' retrieved from /opt/airflow/dags/crypto_pipeline_dag.py
[2026-07-15T09:46:59.353+0000] {logging_mixin.py:188} INFO - [2026-07-15T09:46:59.353+0000] {dag.py:3089} INFO - Sync 1 DAGs
[2026-07-15T09:46:59.362+0000] {logging_mixin.py:188} INFO - [2026-07-15T09:46:59.362+0000] {dag.py:3947} INFO - Setting next_dagrun for crypto_daily_pipeline to 2026-07-15 00:00:00+00:00, run_after=2026-07-16 00:00:00+00:00
[2026-07-15T09:46:59.369+0000] {processor.py:183} INFO - Processing /opt/airflow/dags/crypto_pipeline_dag.py took 0.048 seconds
[2026-07-15T09:47:29.511+0000] {processor.py:161} INFO - Started process (PID=2263) to work on /opt/airflow/dags/crypto_pipeline_dag.py
[2026-07-15T09:47:29.512+0000] {processor.py:830} INFO - Processing file /opt/airflow/dags/crypto_pipeline_dag.py for tasks to queue
[2026-07-15T09:47:29.513+0000] {logging_mixin.py:188} INFO - [2026-07-15T09:47:29.513+0000] {dagbag.py:545} INFO - Filling up the DagBag from /opt/airflow/dags/crypto_pipeline_dag.py
[2026-07-15T09:47:29.523+0000] {processor.py:840} INFO - DAG(s) 'crypto_daily_pipeline' retrieved from /opt/airflow/dags/crypto_pipeline_dag.py
[2026-07-15T09:47:29.541+0000] {logging_mixin.py:188} INFO - [2026-07-15T09:47:29.541+0000] {dag.py:3089} INFO - Sync 1 DAGs
[2026-07-15T09:47:29.551+0000] {logging_mixin.py:188} INFO - [2026-07-15T09:47:29.551+0000] {dag.py:3947} INFO - Setting next_dagrun for crypto_daily_pipeline to 2026-07-15 00:00:00+00:00, run_after=2026-07-16 00:00:00+00:00
[2026-07-15T09:47:29.557+0000] {processor.py:183} INFO - Processing /opt/airflow/dags/crypto_pipeline_dag.py took 0.050 seconds
[2026-07-15T09:47:59.707+0000] {processor.py:161} INFO - Started process (PID=2268) to work on /opt/airflow/dags/crypto_pipeline_dag.py
[2026-07-15T09:47:59.708+0000] {processor.py:830} INFO - Processing file /opt/airflow/dags/crypto_pipeline_dag.py for tasks to queue
[2026-07-15T09:47:59.709+0000] {logging_mixin.py:188} INFO - [2026-07-15T09:47:59.709+0000] {dagbag.py:545} INFO - Filling up the DagBag from /opt/airflow/dags/crypto_pipeline_dag.py
[2026-07-15T09:47:59.716+0000] {processor.py:840} INFO - DAG(s) 'crypto_daily_pipeline' retrieved from /opt/airflow/dags/crypto_pipeline_dag.py
[2026-07-15T09:47:59.732+0000] {logging_mixin.py:188} INFO - [2026-07-15T09:47:59.732+0000] {dag.py:3089} INFO - Sync 1 DAGs
[2026-07-15T09:47:59.742+0000] {logging_mixin.py:188} INFO - [2026-07-15T09:47:59.742+0000] {dag.py:3947} INFO - Setting next_dagrun for crypto_daily_pipeline to 2026-07-15 00:00:00+00:00, run_after=2026-07-16 00:00:00+00:00
[2026-07-15T09:47:59.749+0000] {processor.py:183} INFO - Processing /opt/airflow/dags/crypto_pipeline_dag.py took 0.045 seconds
[2026-07-15T09:48:29.898+0000] {processor.py:161} INFO - Started process (PID=2273) to work on /opt/airflow/dags/crypto_pipeline_dag.py
[2026-07-15T09:48:29.899+0000] {processor.py:830} INFO - Processing file /opt/airflow/dags/crypto_pipeline_dag.py for tasks to queue
[2026-07-15T09:48:29.901+0000] {logging_mixin.py:188} INFO - [2026-07-15T09:48:29.901+0000] {dagbag.py:545} INFO - Filling up the DagBag from /opt/airflow/dags/crypto_pipeline_dag.py
[2026-07-15T09:48:29.910+0000] {processor.py:840} INFO - DAG(s) 'crypto_daily_pipeline' retrieved from /opt/airflow/dags/crypto_pipeline_dag.py
[2026-07-15T09:48:29.928+0000] {logging_mixin.py:188} INFO - [2026-07-15T09:48:29.928+0000] {dag.py:3089} INFO - Sync 1 DAGs
[2026-07-15T09:48:29.938+0000] {logging_mixin.py:188} INFO - [2026-07-15T09:48:29.938+0000] {dag.py:3947} INFO - Setting next_dagrun for crypto_daily_pipeline to 2026-07-15 00:00:00+00:00, run_after=2026-07-16 00:00:00+00:00
[2026-07-15T09:48:29.944+0000] {processor.py:183} INFO - Processing /opt/airflow/dags/crypto_pipeline_dag.py took 0.051 seconds
[2026-07-15T09:49:00.080+0000] {processor.py:161} INFO - Started process (PID=2278) to work on /opt/airflow/dags/crypto_pipeline_dag.py
[2026-07-15T09:49:00.081+0000] {processor.py:830} INFO - Processing file /opt/airflow/dags/crypto_pipeline_dag.py for tasks to queue
[2026-07-15T09:49:00.082+0000] {logging_mixin.py:188} INFO - [2026-07-15T09:49:00.082+0000] {dagbag.py:545} INFO - Filling up the DagBag from /opt/airflow/dags/crypto_pipeline_dag.py
[2026-07-15T09:49:00.092+0000] {processor.py:840} INFO - DAG(s) 'crypto_daily_pipeline' retrieved from /opt/airflow/dags/crypto_pipeline_dag.py
[2026-07-15T09:49:00.110+0000] {logging_mixin.py:188} INFO - [2026-07-15T09:49:00.110+0000] {dag.py:3089} INFO - Sync 1 DAGs
[2026-07-15T09:49:00.119+0000] {logging_mixin.py:188} INFO - [2026-07-15T09:49:00.119+0000] {dag.py:3947} INFO - Setting next_dagrun for crypto_daily_pipeline to 2026-07-15 00:00:00+00:00, run_after=2026-07-16 00:00:00+00:00
[2026-07-15T09:49:00.125+0000] {processor.py:183} INFO - Processing /opt/airflow/dags/crypto_pipeline_dag.py took 0.049 seconds
[2026-07-15T09:49:30.277+0000] {processor.py:161} INFO - Started process (PID=2283) to work on /opt/airflow/dags/crypto_pipeline_dag.py
[2026-07-15T09:49:30.278+0000] {processor.py:830} INFO - Processing file /opt/airflow/dags/crypto_pipeline_dag.py for tasks to queue
[2026-07-15T09:49:30.279+0000] {logging_mixin.py:188} INFO - [2026-07-15T09:49:30.279+0000] {dagbag.py:545} INFO - Filling up the DagBag from /opt/airflow/dags/crypto_pipeline_dag.py
[2026-07-15T09:49:30.288+0000] {processor.py:840} INFO - DAG(s) 'crypto_daily_pipeline' retrieved from /opt/airflow/dags/crypto_pipeline_dag.py
[2026-07-15T09:49:30.307+0000] {logging_mixin.py:188} INFO - [2026-07-15T09:49:30.307+0000] {dag.py:3089} INFO - Sync 1 DAGs
[2026-07-15T09:49:30.317+0000] {logging_mixin.py:188} INFO - [2026-07-15T09:49:30.317+0000] {dag.py:3947} INFO - Setting next_dagrun for crypto_daily_pipeline to 2026-07-15 00:00:00+00:00, run_after=2026-07-16 00:00:00+00:00
[2026-07-15T09:49:30.323+0000] {processor.py:183} INFO - Processing /opt/airflow/dags/crypto_pipeline_dag.py took 0.049 seconds
[2026-07-15T09:50:00.466+0000] {processor.py:161} INFO - Started process (PID=2288) to work on /opt/airflow/dags/crypto_pipeline_dag.py
[2026-07-15T09:50:00.467+0000] {processor.py:830} INFO - Processing file /opt/airflow/dags/crypto_pipeline_dag.py for tasks to queue
[2026-07-15T09:50:00.469+0000] {logging_mixin.py:188} INFO - [2026-07-15T09:50:00.468+0000] {dagbag.py:545} INFO - Filling up the DagBag from /opt/airflow/dags/crypto_pipeline_dag.py
[2026-07-15T09:50:00.477+0000] {processor.py:840} INFO - DAG(s) 'crypto_daily_pipeline' retrieved from /opt/airflow/dags/crypto_pipeline_dag.py
[2026-07-15T09:50:00.494+0000] {logging_mixin.py:188} INFO - [2026-07-15T09:50:00.494+0000] {dag.py:3089} INFO - Sync 1 DAGs
[2026-07-15T09:50:00.505+0000] {logging_mixin.py:188} INFO - [2026-07-15T09:50:00.505+0000] {dag.py:3947} INFO - Setting next_dagrun for crypto_daily_pipeline to 2026-07-15 00:00:00+00:00, run_after=2026-07-16 00:00:00+00:00
[2026-07-15T09:50:00.510+0000] {processor.py:183} INFO - Processing /opt/airflow/dags/crypto_pipeline_dag.py took 0.049 seconds
[2026-07-15T09:50:30.665+0000] {processor.py:161} INFO - Started process (PID=2293) to work on /opt/airflow/dags/crypto_pipeline_dag.py
[2026-07-15T09:50:30.667+0000] {processor.py:830} INFO - Processing file /opt/airflow/dags/crypto_pipeline_dag.py for tasks to queue
[2026-07-15T09:50:30.668+0000] {logging_mixin.py:188} INFO - [2026-07-15T09:50:30.668+0000] {dagbag.py:545} INFO - Filling up the DagBag from /opt/airflow/dags/crypto_pipeline_dag.py
[2026-07-15T09:50:30.677+0000] {processor.py:840} INFO - DAG(s) 'crypto_daily_pipeline' retrieved from /opt/airflow/dags/crypto_pipeline_dag.py
[2026-07-15T09:50:30.695+0000] {logging_mixin.py:188} INFO - [2026-07-15T09:50:30.695+0000] {dag.py:3089} INFO - Sync 1 DAGs
[2026-07-15T09:50:30.705+0000] {logging_mixin.py:188} INFO - [2026-07-15T09:50:30.705+0000] {dag.py:3947} INFO - Setting next_dagrun for crypto_daily_pipeline to 2026-07-15 00:00:00+00:00, run_after=2026-07-16 00:00:00+00:00
[2026-07-15T09:50:30.711+0000] {processor.py:183} INFO - Processing /opt/airflow/dags/crypto_pipeline_dag.py took 0.050 seconds
[2026-07-15T09:51:00.855+0000] {processor.py:161} INFO - Started process (PID=2298) to work on /opt/airflow/dags/crypto_pipeline_dag.py
[2026-07-15T09:51:00.856+0000] {processor.py:830} INFO - Processing file /opt/airflow/dags/crypto_pipeline_dag.py for tasks to queue
[2026-07-15T09:51:00.857+0000] {logging_mixin.py:188} INFO - [2026-07-15T09:51:00.857+0000] {dagbag.py:545} INFO - Filling up the DagBag from /opt/airflow/dags/crypto_pipeline_dag.py
[2026-07-15T09:51:00.867+0000] {processor.py:840} INFO - DAG(s) 'crypto_daily_pipeline' retrieved from /opt/airflow/dags/crypto_pipeline_dag.py
[2026-07-15T09:51:00.884+0000] {logging_mixin.py:188} INFO - [2026-07-15T09:51:00.884+0000] {dag.py:3089} INFO - Sync 1 DAGs
[2026-07-15T09:51:00.894+0000] {logging_mixin.py:188} INFO - [2026-07-15T09:51:00.894+0000] {dag.py:3947} INFO - Setting next_dagrun for crypto_daily_pipeline to 2026-07-15 00:00:00+00:00, run_after=2026-07-16 00:00:00+00:00
[2026-07-15T09:51:00.900+0000] {processor.py:183} INFO - Processing /opt/airflow/dags/crypto_pipeline_dag.py took 0.050 seconds
[2026-07-15T09:51:31.050+0000] {processor.py:161} INFO - Started process (PID=2303) to work on /opt/airflow/dags/crypto_pipeline_dag.py
[2026-07-15T09:51:31.051+0000] {processor.py:830} INFO - Processing file /opt/airflow/dags/crypto_pipeline_dag.py for tasks to queue
[2026-07-15T09:51:31.053+0000] {logging_mixin.py:188} INFO - [2026-07-15T09:51:31.052+0000] {dagbag.py:545} INFO - Filling up the DagBag from /opt/airflow/dags/crypto_pipeline_dag.py
[2026-07-15T09:51:31.063+0000] {processor.py:840} INFO - DAG(s) 'crypto_daily_pipeline' retrieved from /opt/airflow/dags/crypto_pipeline_dag.py
[2026-07-15T09:51:31.083+0000] {logging_mixin.py:188} INFO - [2026-07-15T09:51:31.083+0000] {dag.py:3089} INFO - Sync 1 DAGs
[2026-07-15T09:51:31.093+0000] {logging_mixin.py:188} INFO - [2026-07-15T09:51:31.093+0000] {dag.py:3947} INFO - Setting next_dagrun for crypto_daily_pipeline to 2026-07-15 00:00:00+00:00, run_after=2026-07-16 00:00:00+00:00
[2026-07-15T09:51:31.099+0000] {processor.py:183} INFO - Processing /opt/airflow/dags/crypto_pipeline_dag.py took 0.055 seconds
[2026-07-15T09:52:01.233+0000] {processor.py:161} INFO - Started process (PID=2308) to work on /opt/airflow/dags/crypto_pipeline_dag.py
[2026-07-15T09:52:01.234+0000] {processor.py:830} INFO - Processing file /opt/airflow/dags/crypto_pipeline_dag.py for tasks to queue
[2026-07-15T09:52:01.236+0000] {logging_mixin.py:188} INFO - [2026-07-15T09:52:01.236+0000] {dagbag.py:545} INFO - Filling up the DagBag from /opt/airflow/dags/crypto_pipeline_dag.py
[2026-07-15T09:52:01.245+0000] {processor.py:840} INFO - DAG(s) 'crypto_daily_pipeline' retrieved from /opt/airflow/dags/crypto_pipeline_dag.py
[2026-07-15T09:52:01.263+0000] {logging_mixin.py:188} INFO - [2026-07-15T09:52:01.263+0000] {dag.py:3089} INFO - Sync 1 DAGs
[2026-07-15T09:52:01.273+0000] {logging_mixin.py:188} INFO - [2026-07-15T09:52:01.273+0000] {dag.py:3947} INFO - Setting next_dagrun for crypto_daily_pipeline to 2026-07-15 00:00:00+00:00, run_after=2026-07-16 00:00:00+00:00
[2026-07-15T09:52:01.279+0000] {processor.py:183} INFO - Processing /opt/airflow/dags/crypto_pipeline_dag.py took 0.051 seconds
[2026-07-15T09:52:31.429+0000] {processor.py:161} INFO - Started process (PID=2313) to work on /opt/airflow/dags/crypto_pipeline_dag.py
[2026-07-15T09:52:31.429+0000] {processor.py:830} INFO - Processing file /opt/airflow/dags/crypto_pipeline_dag.py for tasks to queue
[2026-07-15T09:52:31.430+0000] {logging_mixin.py:188} INFO - [2026-07-15T09:52:31.430+0000] {dagbag.py:545} INFO - Filling up the DagBag from /opt/airflow/dags/crypto_pipeline_dag.py
[2026-07-15T09:52:31.440+0000] {processor.py:840} INFO - DAG(s) 'crypto_daily_pipeline' retrieved from /opt/airflow/dags/crypto_pipeline_dag.py
[2026-07-15T09:52:31.458+0000] {logging_mixin.py:188} INFO - [2026-07-15T09:52:31.458+0000] {dag.py:3089} INFO - Sync 1 DAGs
[2026-07-15T09:52:31.468+0000] {logging_mixin.py:188} INFO - [2026-07-15T09:52:31.468+0000] {dag.py:3947} INFO - Setting next_dagrun for crypto_daily_pipeline to 2026-07-15 00:00:00+00:00, run_after=2026-07-16 00:00:00+00:00
[2026-07-15T09:52:31.476+0000] {processor.py:183} INFO - Processing /opt/airflow/dags/crypto_pipeline_dag.py took 0.051 seconds
[2026-07-15T09:53:01.602+0000] {processor.py:161} INFO - Started process (PID=2318) to work on /opt/airflow/dags/crypto_pipeline_dag.py
[2026-07-15T09:53:01.603+0000] {processor.py:830} INFO - Processing file /opt/airflow/dags/crypto_pipeline_dag.py for tasks to queue
[2026-07-15T09:53:01.605+0000] {logging_mixin.py:188} INFO - [2026-07-15T09:53:01.605+0000] {dagbag.py:545} INFO - Filling up the DagBag from /opt/airflow/dags/crypto_pipeline_dag.py
[2026-07-15T09:53:01.614+0000] {processor.py:840} INFO - DAG(s) 'crypto_daily_pipeline' retrieved from /opt/airflow/dags/crypto_pipeline_dag.py
[2026-07-15T09:53:01.631+0000] {logging_mixin.py:188} INFO - [2026-07-15T09:53:01.631+0000] {dag.py:3089} INFO - Sync 1 DAGs
[2026-07-15T09:53:01.641+0000] {logging_mixin.py:188} INFO - [2026-07-15T09:53:01.641+0000] {dag.py:3947} INFO - Setting next_dagrun for crypto_daily_pipeline to 2026-07-15 00:00:00+00:00, run_after=2026-07-16 00:00:00+00:00
[2026-07-15T09:53:01.649+0000] {processor.py:183} INFO - Processing /opt/airflow/dags/crypto_pipeline_dag.py took 0.051 seconds
[2026-07-15T09:53:31.774+0000] {processor.py:161} INFO - Started process (PID=2323) to work on /opt/airflow/dags/crypto_pipeline_dag.py
[2026-07-15T09:53:31.774+0000] {processor.py:830} INFO - Processing file /opt/airflow/dags/crypto_pipeline_dag.py for tasks to queue
[2026-07-15T09:53:31.776+0000] {logging_mixin.py:188} INFO - [2026-07-15T09:53:31.776+0000] {dagbag.py:545} INFO - Filling up the DagBag from /opt/airflow/dags/crypto_pipeline_dag.py
[2026-07-15T09:53:31.781+0000] {processor.py:840} INFO - DAG(s) 'crypto_daily_pipeline' retrieved from /opt/airflow/dags/crypto_pipeline_dag.py
[2026-07-15T09:53:31.793+0000] {logging_mixin.py:188} INFO - [2026-07-15T09:53:31.793+0000] {dag.py:3089} INFO - Sync 1 DAGs
[2026-07-15T09:53:31.800+0000] {logging_mixin.py:188} INFO - [2026-07-15T09:53:31.800+0000] {dag.py:3947} INFO - Setting next_dagrun for crypto_daily_pipeline to 2026-07-15 00:00:00+00:00, run_after=2026-07-16 00:00:00+00:00
[2026-07-15T09:53:31.808+0000] {processor.py:183} INFO - Processing /opt/airflow/dags/crypto_pipeline_dag.py took 0.039 seconds
[2026-07-15T09:54:01.981+0000] {processor.py:161} INFO - Started process (PID=2328) to work on /opt/airflow/dags/crypto_pipeline_dag.py
[2026-07-15T09:54:01.982+0000] {processor.py:830} INFO - Processing file /opt/airflow/dags/crypto_pipeline_dag.py for tasks to queue
[2026-07-15T09:54:01.983+0000] {logging_mixin.py:188} INFO - [2026-07-15T09:54:01.983+0000] {dagbag.py:545} INFO - Filling up the DagBag from /opt/airflow/dags/crypto_pipeline_dag.py
[2026-07-15T09:54:01.992+0000] {processor.py:840} INFO - DAG(s) 'crypto_daily_pipeline' retrieved from /opt/airflow/dags/crypto_pipeline_dag.py
[2026-07-15T09:54:02.010+0000] {logging_mixin.py:188} INFO - [2026-07-15T09:54:02.010+0000] {dag.py:3089} INFO - Sync 1 DAGs
[2026-07-15T09:54:02.021+0000] {logging_mixin.py:188} INFO - [2026-07-15T09:54:02.021+0000] {dag.py:3947} INFO - Setting next_dagrun for crypto_daily_pipeline to 2026-07-15 00:00:00+00:00, run_after=2026-07-16 00:00:00+00:00
[2026-07-15T09:54:02.027+0000] {processor.py:183} INFO - Processing /opt/airflow/dags/crypto_pipeline_dag.py took 0.050 seconds
[2026-07-15T09:54:32.171+0000] {processor.py:161} INFO - Started process (PID=2333) to work on /opt/airflow/dags/crypto_pipeline_dag.py
[2026-07-15T09:54:32.172+0000] {processor.py:830} INFO - Processing file /opt/airflow/dags/crypto_pipeline_dag.py for tasks to queue
[2026-07-15T09:54:32.173+0000] {logging_mixin.py:188} INFO - [2026-07-15T09:54:32.173+0000] {dagbag.py:545} INFO - Filling up the DagBag from /opt/airflow/dags/crypto_pipeline_dag.py
[2026-07-15T09:54:32.183+0000] {processor.py:840} INFO - DAG(s) 'crypto_daily_pipeline' retrieved from /opt/airflow/dags/crypto_pipeline_dag.py
[2026-07-15T09:54:32.201+0000] {logging_mixin.py:188} INFO - [2026-07-15T09:54:32.201+0000] {dag.py:3089} INFO - Sync 1 DAGs
[2026-07-15T09:54:32.211+0000] {logging_mixin.py:188} INFO - [2026-07-15T09:54:32.211+0000] {dag.py:3947} INFO - Setting next_dagrun for crypto_daily_pipeline to 2026-07-15 00:00:00+00:00, run_after=2026-07-16 00:00:00+00:00
[2026-07-15T09:54:32.218+0000] {processor.py:183} INFO - Processing /opt/airflow/dags/crypto_pipeline_dag.py took 0.050 seconds
[2026-07-15T09:55:02.366+0000] {processor.py:161} INFO - Started process (PID=2338) to work on /opt/airflow/dags/crypto_pipeline_dag.py
[2026-07-15T09:55:02.367+0000] {processor.py:830} INFO - Processing file /opt/airflow/dags/crypto_pipeline_dag.py for tasks to queue
[2026-07-15T09:55:02.368+0000] {logging_mixin.py:188} INFO - [2026-07-15T09:55:02.368+0000] {dagbag.py:545} INFO - Filling up the DagBag from /opt/airflow/dags/crypto_pipeline_dag.py
[2026-07-15T09:55:02.375+0000] {processor.py:840} INFO - DAG(s) 'crypto_daily_pipeline' retrieved from /opt/airflow/dags/crypto_pipeline_dag.py
[2026-07-15T09:55:02.391+0000] {logging_mixin.py:188} INFO - [2026-07-15T09:55:02.391+0000] {dag.py:3089} INFO - Sync 1 DAGs
[2026-07-15T09:55:02.399+0000] {logging_mixin.py:188} INFO - [2026-07-15T09:55:02.399+0000] {dag.py:3947} INFO - Setting next_dagrun for crypto_daily_pipeline to 2026-07-15 00:00:00+00:00, run_after=2026-07-16 00:00:00+00:00
[2026-07-15T09:55:02.404+0000] {processor.py:183} INFO - Processing /opt/airflow/dags/crypto_pipeline_dag.py took 0.042 seconds
[2026-07-15T09:55:32.559+0000] {processor.py:161} INFO - Started process (PID=2343) to work on /opt/airflow/dags/crypto_pipeline_dag.py
[2026-07-15T09:55:32.560+0000] {processor.py:830} INFO - Processing file /opt/airflow/dags/crypto_pipeline_dag.py for tasks to queue
[2026-07-15T09:55:32.562+0000] {logging_mixin.py:188} INFO - [2026-07-15T09:55:32.561+0000] {dagbag.py:545} INFO - Filling up the DagBag from /opt/airflow/dags/crypto_pipeline_dag.py
[2026-07-15T09:55:32.571+0000] {processor.py:840} INFO - DAG(s) 'crypto_daily_pipeline' retrieved from /opt/airflow/dags/crypto_pipeline_dag.py
[2026-07-15T09:55:32.588+0000] {logging_mixin.py:188} INFO - [2026-07-15T09:55:32.588+0000] {dag.py:3089} INFO - Sync 1 DAGs
[2026-07-15T09:55:32.599+0000] {logging_mixin.py:188} INFO - [2026-07-15T09:55:32.599+0000] {dag.py:3947} INFO - Setting next_dagrun for crypto_daily_pipeline to 2026-07-15 00:00:00+00:00, run_after=2026-07-16 00:00:00+00:00
[2026-07-15T09:55:32.605+0000] {processor.py:183} INFO - Processing /opt/airflow/dags/crypto_pipeline_dag.py took 0.050 seconds
[2026-07-15T09:56:02.747+0000] {processor.py:161} INFO - Started process (PID=2348) to work on /opt/airflow/dags/crypto_pipeline_dag.py
[2026-07-15T09:56:02.748+0000] {processor.py:830} INFO - Processing file /opt/airflow/dags/crypto_pipeline_dag.py for tasks to queue
[2026-07-15T09:56:02.749+0000] {logging_mixin.py:188} INFO - [2026-07-15T09:56:02.749+0000] {dagbag.py:545} INFO - Filling up the DagBag from /opt/airflow/dags/crypto_pipeline_dag.py
[2026-07-15T09:56:02.758+0000] {processor.py:840} INFO - DAG(s) 'crypto_daily_pipeline' retrieved from /opt/airflow/dags/crypto_pipeline_dag.py
[2026-07-15T09:56:02.776+0000] {logging_mixin.py:188} INFO - [2026-07-15T09:56:02.776+0000] {dag.py:3089} INFO - Sync 1 DAGs
[2026-07-15T09:56:02.785+0000] {logging_mixin.py:188} INFO - [2026-07-15T09:56:02.785+0000] {dag.py:3947} INFO - Setting next_dagrun for crypto_daily_pipeline to 2026-07-15 00:00:00+00:00, run_after=2026-07-16 00:00:00+00:00
[2026-07-15T09:56:02.791+0000] {processor.py:183} INFO - Processing /opt/airflow/dags/crypto_pipeline_dag.py took 0.047 seconds
[2026-07-15T09:56:32.926+0000] {processor.py:161} INFO - Started process (PID=2353) to work on /opt/airflow/dags/crypto_pipeline_dag.py
[2026-07-15T09:56:32.926+0000] {processor.py:830} INFO - Processing file /opt/airflow/dags/crypto_pipeline_dag.py for tasks to queue
[2026-07-15T09:56:32.927+0000] {logging_mixin.py:188} INFO - [2026-07-15T09:56:32.927+0000] {dagbag.py:545} INFO - Filling up the DagBag from /opt/airflow/dags/crypto_pipeline_dag.py
[2026-07-15T09:56:32.935+0000] {processor.py:840} INFO - DAG(s) 'crypto_daily_pipeline' retrieved from /opt/airflow/dags/crypto_pipeline_dag.py
[2026-07-15T09:56:32.953+0000] {logging_mixin.py:188} INFO - [2026-07-15T09:56:32.952+0000] {dag.py:3089} INFO - Sync 1 DAGs
[2026-07-15T09:56:32.962+0000] {logging_mixin.py:188} INFO - [2026-07-15T09:56:32.962+0000] {dag.py:3947} INFO - Setting next_dagrun for crypto_daily_pipeline to 2026-07-15 00:00:00+00:00, run_after=2026-07-16 00:00:00+00:00
[2026-07-15T09:56:32.969+0000] {processor.py:183} INFO - Processing /opt/airflow/dags/crypto_pipeline_dag.py took 0.047 seconds
[2026-07-15T09:57:03.131+0000] {processor.py:161} INFO - Started process (PID=2358) to work on /opt/airflow/dags/crypto_pipeline_dag.py
[2026-07-15T09:57:03.132+0000] {processor.py:830} INFO - Processing file /opt/airflow/dags/crypto_pipeline_dag.py for tasks to queue
[2026-07-15T09:57:03.134+0000] {logging_mixin.py:188} INFO - [2026-07-15T09:57:03.134+0000] {dagbag.py:545} INFO - Filling up the DagBag from /opt/airflow/dags/crypto_pipeline_dag.py
[2026-07-15T09:57:03.145+0000] {processor.py:840} INFO - DAG(s) 'crypto_daily_pipeline' retrieved from /opt/airflow/dags/crypto_pipeline_dag.py
[2026-07-15T09:57:03.162+0000] {logging_mixin.py:188} INFO - [2026-07-15T09:57:03.162+0000] {dag.py:3089} INFO - Sync 1 DAGs
[2026-07-15T09:57:03.172+0000] {logging_mixin.py:188} INFO - [2026-07-15T09:57:03.172+0000] {dag.py:3947} INFO - Setting next_dagrun for crypto_daily_pipeline to 2026-07-15 00:00:00+00:00, run_after=2026-07-16 00:00:00+00:00
[2026-07-15T09:57:03.178+0000] {processor.py:183} INFO - Processing /opt/airflow/dags/crypto_pipeline_dag.py took 0.051 seconds
[2026-07-15T09:57:33.316+0000] {processor.py:161} INFO - Started process (PID=2363) to work on /opt/airflow/dags/crypto_pipeline_dag.py
[2026-07-15T09:57:33.317+0000] {processor.py:830} INFO - Processing file /opt/airflow/dags/crypto_pipeline_dag.py for tasks to queue
[2026-07-15T09:57:33.318+0000] {logging_mixin.py:188} INFO - [2026-07-15T09:57:33.318+0000] {dagbag.py:545} INFO - Filling up the DagBag from /opt/airflow/dags/crypto_pipeline_dag.py
[2026-07-15T09:57:33.327+0000] {processor.py:840} INFO - DAG(s) 'crypto_daily_pipeline' retrieved from /opt/airflow/dags/crypto_pipeline_dag.py
[2026-07-15T09:57:33.345+0000] {logging_mixin.py:188} INFO - [2026-07-15T09:57:33.345+0000] {dag.py:3089} INFO - Sync 1 DAGs
[2026-07-15T09:57:33.355+0000] {logging_mixin.py:188} INFO - [2026-07-15T09:57:33.355+0000] {dag.py:3947} INFO - Setting next_dagrun for crypto_daily_pipeline to 2026-07-15 00:00:00+00:00, run_after=2026-07-16 00:00:00+00:00
[2026-07-15T09:57:33.361+0000] {processor.py:183} INFO - Processing /opt/airflow/dags/crypto_pipeline_dag.py took 0.048 seconds
[2026-07-15T09:58:03.500+0000] {processor.py:161} INFO - Started process (PID=2368) to work on /opt/airflow/dags/crypto_pipeline_dag.py
[2026-07-15T09:58:03.501+0000] {processor.py:830} INFO - Processing file /opt/airflow/dags/crypto_pipeline_dag.py for tasks to queue
[2026-07-15T09:58:03.503+0000] {logging_mixin.py:188} INFO - [2026-07-15T09:58:03.502+0000] {dagbag.py:545} INFO - Filling up the DagBag from /opt/airflow/dags/crypto_pipeline_dag.py
[2026-07-15T09:58:03.511+0000] {processor.py:840} INFO - DAG(s) 'crypto_daily_pipeline' retrieved from /opt/airflow/dags/crypto_pipeline_dag.py
[2026-07-15T09:58:03.529+0000] {logging_mixin.py:188} INFO - [2026-07-15T09:58:03.528+0000] {dag.py:3089} INFO - Sync 1 DAGs
[2026-07-15T09:58:03.538+0000] {logging_mixin.py:188} INFO - [2026-07-15T09:58:03.538+0000] {dag.py:3947} INFO - Setting next_dagrun for crypto_daily_pipeline to 2026-07-15 00:00:00+00:00, run_after=2026-07-16 00:00:00+00:00
[2026-07-15T09:58:03.544+0000] {processor.py:183} INFO - Processing /opt/airflow/dags/crypto_pipeline_dag.py took 0.049 seconds
[2026-07-15T09:58:33.711+0000] {processor.py:161} INFO - Started process (PID=2373) to work on /opt/airflow/dags/crypto_pipeline_dag.py
[2026-07-15T09:58:33.712+0000] {processor.py:830} INFO - Processing file /opt/airflow/dags/crypto_pipeline_dag.py for tasks to queue
[2026-07-15T09:58:33.714+0000] {logging_mixin.py:188} INFO - [2026-07-15T09:58:33.714+0000] {dagbag.py:545} INFO - Filling up the DagBag from /opt/airflow/dags/crypto_pipeline_dag.py
[2026-07-15T09:58:33.723+0000] {processor.py:840} INFO - DAG(s) 'crypto_daily_pipeline' retrieved from /opt/airflow/dags/crypto_pipeline_dag.py
[2026-07-15T09:58:33.740+0000] {logging_mixin.py:188} INFO - [2026-07-15T09:58:33.740+0000] {dag.py:3089} INFO - Sync 1 DAGs
[2026-07-15T09:58:33.750+0000] {logging_mixin.py:188} INFO - [2026-07-15T09:58:33.750+0000] {dag.py:3947} INFO - Setting next_dagrun for crypto_daily_pipeline to 2026-07-15 00:00:00+00:00, run_after=2026-07-16 00:00:00+00:00
[2026-07-15T09:58:33.756+0000] {processor.py:183} INFO - Processing /opt/airflow/dags/crypto_pipeline_dag.py took 0.050 seconds
[2026-07-15T09:59:03.891+0000] {processor.py:161} INFO - Started process (PID=2378) to work on /opt/airflow/dags/crypto_pipeline_dag.py
[2026-07-15T09:59:03.891+0000] {processor.py:830} INFO - Processing file /opt/airflow/dags/crypto_pipeline_dag.py for tasks to queue
[2026-07-15T09:59:03.893+0000] {logging_mixin.py:188} INFO - [2026-07-15T09:59:03.892+0000] {dagbag.py:545} INFO - Filling up the DagBag from /opt/airflow/dags/crypto_pipeline_dag.py
[2026-07-15T09:59:03.902+0000] {processor.py:840} INFO - DAG(s) 'crypto_daily_pipeline' retrieved from /opt/airflow/dags/crypto_pipeline_dag.py
[2026-07-15T09:59:03.920+0000] {logging_mixin.py:188} INFO - [2026-07-15T09:59:03.919+0000] {dag.py:3089} INFO - Sync 1 DAGs
[2026-07-15T09:59:03.929+0000] {logging_mixin.py:188} INFO - [2026-07-15T09:59:03.929+0000] {dag.py:3947} INFO - Setting next_dagrun for crypto_daily_pipeline to 2026-07-15 00:00:00+00:00, run_after=2026-07-16 00:00:00+00:00
[2026-07-15T09:59:03.935+0000] {processor.py:183} INFO - Processing /opt/airflow/dags/crypto_pipeline_dag.py took 0.049 seconds
[2026-07-15T09:59:34.076+0000] {processor.py:161} INFO - Started process (PID=2383) to work on /opt/airflow/dags/crypto_pipeline_dag.py
[2026-07-15T09:59:34.076+0000] {processor.py:830} INFO - Processing file /opt/airflow/dags/crypto_pipeline_dag.py for tasks to queue
[2026-07-15T09:59:34.078+0000] {logging_mixin.py:188} INFO - [2026-07-15T09:59:34.078+0000] {dagbag.py:545} INFO - Filling up the DagBag from /opt/airflow/dags/crypto_pipeline_dag.py
[2026-07-15T09:59:34.087+0000] {processor.py:840} INFO - DAG(s) 'crypto_daily_pipeline' retrieved from /opt/airflow/dags/crypto_pipeline_dag.py
[2026-07-15T09:59:34.106+0000] {logging_mixin.py:188} INFO - [2026-07-15T09:59:34.105+0000] {dag.py:3089} INFO - Sync 1 DAGs
[2026-07-15T09:59:34.115+0000] {logging_mixin.py:188} INFO - [2026-07-15T09:59:34.115+0000] {dag.py:3947} INFO - Setting next_dagrun for crypto_daily_pipeline to 2026-07-15 00:00:00+00:00, run_after=2026-07-16 00:00:00+00:00
[2026-07-15T09:59:34.123+0000] {processor.py:183} INFO - Processing /opt/airflow/dags/crypto_pipeline_dag.py took 0.051 seconds
[2026-07-15T10:00:04.292+0000] {processor.py:161} INFO - Started process (PID=2388) to work on /opt/airflow/dags/crypto_pipeline_dag.py
[2026-07-15T10:00:04.292+0000] {processor.py:830} INFO - Processing file /opt/airflow/dags/crypto_pipeline_dag.py for tasks to queue
[2026-07-15T10:00:04.293+0000] {logging_mixin.py:188} INFO - [2026-07-15T10:00:04.293+0000] {dagbag.py:545} INFO - Filling up the DagBag from /opt/airflow/dags/crypto_pipeline_dag.py
[2026-07-15T10:00:04.297+0000] {processor.py:840} INFO - DAG(s) 'crypto_daily_pipeline' retrieved from /opt/airflow/dags/crypto_pipeline_dag.py
[2026-07-15T10:00:04.307+0000] {logging_mixin.py:188} INFO - [2026-07-15T10:00:04.307+0000] {dag.py:3089} INFO - Sync 1 DAGs
[2026-07-15T10:00:04.314+0000] {logging_mixin.py:188} INFO - [2026-07-15T10:00:04.314+0000] {dag.py:3947} INFO - Setting next_dagrun for crypto_daily_pipeline to 2026-07-15 00:00:00+00:00, run_after=2026-07-16 00:00:00+00:00
[2026-07-15T10:00:04.319+0000] {processor.py:183} INFO - Processing /opt/airflow/dags/crypto_pipeline_dag.py took 0.030 seconds
[2026-07-15T10:00:34.477+0000] {processor.py:161} INFO - Started process (PID=2393) to work on /opt/airflow/dags/crypto_pipeline_dag.py
[2026-07-15T10:00:34.477+0000] {processor.py:830} INFO - Processing file /opt/airflow/dags/crypto_pipeline_dag.py for tasks to queue
[2026-07-15T10:00:34.478+0000] {logging_mixin.py:188} INFO - [2026-07-15T10:00:34.478+0000] {dagbag.py:545} INFO - Filling up the DagBag from /opt/airflow/dags/crypto_pipeline_dag.py
[2026-07-15T10:00:34.484+0000] {processor.py:840} INFO - DAG(s) 'crypto_daily_pipeline' retrieved from /opt/airflow/dags/crypto_pipeline_dag.py
[2026-07-15T10:00:34.498+0000] {logging_mixin.py:188} INFO - [2026-07-15T10:00:34.498+0000] {dag.py:3089} INFO - Sync 1 DAGs
[2026-07-15T10:00:34.506+0000] {logging_mixin.py:188} INFO - [2026-07-15T10:00:34.506+0000] {dag.py:3947} INFO - Setting next_dagrun for crypto_daily_pipeline to 2026-07-15 00:00:00+00:00, run_after=2026-07-16 00:00:00+00:00
[2026-07-15T10:00:34.512+0000] {processor.py:183} INFO - Processing /opt/airflow/dags/crypto_pipeline_dag.py took 0.038 seconds
[2026-07-15T10:01:04.657+0000] {processor.py:161} INFO - Started process (PID=2398) to work on /opt/airflow/dags/crypto_pipeline_dag.py
[2026-07-15T10:01:04.658+0000] {processor.py:830} INFO - Processing file /opt/airflow/dags/crypto_pipeline_dag.py for tasks to queue
[2026-07-15T10:01:04.660+0000] {logging_mixin.py:188} INFO - [2026-07-15T10:01:04.659+0000] {dagbag.py:545} INFO - Filling up the DagBag from /opt/airflow/dags/crypto_pipeline_dag.py
[2026-07-15T10:01:04.668+0000] {processor.py:840} INFO - DAG(s) 'crypto_daily_pipeline' retrieved from /opt/airflow/dags/crypto_pipeline_dag.py
[2026-07-15T10:01:04.685+0000] {logging_mixin.py:188} INFO - [2026-07-15T10:01:04.685+0000] {dag.py:3089} INFO - Sync 1 DAGs
[2026-07-15T10:01:04.695+0000] {logging_mixin.py:188} INFO - [2026-07-15T10:01:04.695+0000] {dag.py:3947} INFO - Setting next_dagrun for crypto_daily_pipeline to 2026-07-15 00:00:00+00:00, run_after=2026-07-16 00:00:00+00:00
[2026-07-15T10:01:04.701+0000] {processor.py:183} INFO - Processing /opt/airflow/dags/crypto_pipeline_dag.py took 0.047 seconds
[2026-07-15T10:01:34.838+0000] {processor.py:161} INFO - Started process (PID=2403) to work on /opt/airflow/dags/crypto_pipeline_dag.py
[2026-07-15T10:01:34.839+0000] {processor.py:830} INFO - Processing file /opt/airflow/dags/crypto_pipeline_dag.py for tasks to queue
[2026-07-15T10:01:34.840+0000] {logging_mixin.py:188} INFO - [2026-07-15T10:01:34.840+0000] {dagbag.py:545} INFO - Filling up the DagBag from /opt/airflow/dags/crypto_pipeline_dag.py
[2026-07-15T10:01:34.849+0000] {processor.py:840} INFO - DAG(s) 'crypto_daily_pipeline' retrieved from /opt/airflow/dags/crypto_pipeline_dag.py
[2026-07-15T10:01:34.867+0000] {logging_mixin.py:188} INFO - [2026-07-15T10:01:34.867+0000] {dag.py:3089} INFO - Sync 1 DAGs
[2026-07-15T10:01:34.878+0000] {logging_mixin.py:188} INFO - [2026-07-15T10:01:34.878+0000] {dag.py:3947} INFO - Setting next_dagrun for crypto_daily_pipeline to 2026-07-15 00:00:00+00:00, run_after=2026-07-16 00:00:00+00:00
[2026-07-15T10:01:34.885+0000] {processor.py:183} INFO - Processing /opt/airflow/dags/crypto_pipeline_dag.py took 0.051 seconds
[2026-07-15T10:02:05.049+0000] {processor.py:161} INFO - Started process (PID=2408) to work on /opt/airflow/dags/crypto_pipeline_dag.py
[2026-07-15T10:02:05.050+0000] {processor.py:830} INFO - Processing file /opt/airflow/dags/crypto_pipeline_dag.py for tasks to queue
[2026-07-15T10:02:05.052+0000] {logging_mixin.py:188} INFO - [2026-07-15T10:02:05.052+0000] {dagbag.py:545} INFO - Filling up the DagBag from /opt/airflow/dags/crypto_pipeline_dag.py
[2026-07-15T10:02:05.061+0000] {processor.py:840} INFO - DAG(s) 'crypto_daily_pipeline' retrieved from /opt/airflow/dags/crypto_pipeline_dag.py
[2026-07-15T10:02:05.078+0000] {logging_mixin.py:188} INFO - [2026-07-15T10:02:05.077+0000] {dag.py:3089} INFO - Sync 1 DAGs
[2026-07-15T10:02:05.087+0000] {logging_mixin.py:188} INFO - [2026-07-15T10:02:05.087+0000] {dag.py:3947} INFO - Setting next_dagrun for crypto_daily_pipeline to 2026-07-15 00:00:00+00:00, run_after=2026-07-16 00:00:00+00:00
[2026-07-15T10:02:05.093+0000] {processor.py:183} INFO - Processing /opt/airflow/dags/crypto_pipeline_dag.py took 0.048 seconds
[2026-07-15T10:02:35.233+0000] {processor.py:161} INFO - Started process (PID=2413) to work on /opt/airflow/dags/crypto_pipeline_dag.py
[2026-07-15T10:02:35.234+0000] {processor.py:830} INFO - Processing file /opt/airflow/dags/crypto_pipeline_dag.py for tasks to queue
[2026-07-15T10:02:35.236+0000] {logging_mixin.py:188} INFO - [2026-07-15T10:02:35.235+0000] {dagbag.py:545} INFO - Filling up the DagBag from /opt/airflow/dags/crypto_pipeline_dag.py
[2026-07-15T10:02:35.245+0000] {processor.py:840} INFO - DAG(s) 'crypto_daily_pipeline' retrieved from /opt/airflow/dags/crypto_pipeline_dag.py
[2026-07-15T10:02:35.264+0000] {logging_mixin.py:188} INFO - [2026-07-15T10:02:35.264+0000] {dag.py:3089} INFO - Sync 1 DAGs
[2026-07-15T10:02:35.274+0000] {logging_mixin.py:188} INFO - [2026-07-15T10:02:35.274+0000] {dag.py:3947} INFO - Setting next_dagrun for crypto_daily_pipeline to 2026-07-15 00:00:00+00:00, run_after=2026-07-16 00:00:00+00:00
[2026-07-15T10:02:35.280+0000] {processor.py:183} INFO - Processing /opt/airflow/dags/crypto_pipeline_dag.py took 0.052 seconds
[2026-07-15T10:03:05.415+0000] {processor.py:161} INFO - Started process (PID=2418) to work on /opt/airflow/dags/crypto_pipeline_dag.py
[2026-07-15T10:03:05.416+0000] {processor.py:830} INFO - Processing file /opt/airflow/dags/crypto_pipeline_dag.py for tasks to queue
[2026-07-15T10:03:05.417+0000] {logging_mixin.py:188} INFO - [2026-07-15T10:03:05.417+0000] {dagbag.py:545} INFO - Filling up the DagBag from /opt/airflow/dags/crypto_pipeline_dag.py
[2026-07-15T10:03:05.426+0000] {processor.py:840} INFO - DAG(s) 'crypto_daily_pipeline' retrieved from /opt/airflow/dags/crypto_pipeline_dag.py
[2026-07-15T10:03:05.444+0000] {logging_mixin.py:188} INFO - [2026-07-15T10:03:05.444+0000] {dag.py:3089} INFO - Sync 1 DAGs
[2026-07-15T10:03:05.453+0000] {logging_mixin.py:188} INFO - [2026-07-15T10:03:05.453+0000] {dag.py:3947} INFO - Setting next_dagrun for crypto_daily_pipeline to 2026-07-15 00:00:00+00:00, run_after=2026-07-16 00:00:00+00:00
[2026-07-15T10:03:05.459+0000] {processor.py:183} INFO - Processing /opt/airflow/dags/crypto_pipeline_dag.py took 0.048 seconds
[2026-07-15T10:03:35.597+0000] {processor.py:161} INFO - Started process (PID=2423) to work on /opt/airflow/dags/crypto_pipeline_dag.py
[2026-07-15T10:03:35.598+0000] {processor.py:830} INFO - Processing file /opt/airflow/dags/crypto_pipeline_dag.py for tasks to queue
[2026-07-15T10:03:35.602+0000] {logging_mixin.py:188} INFO - [2026-07-15T10:03:35.601+0000] {dagbag.py:545} INFO - Filling up the DagBag from /opt/airflow/dags/crypto_pipeline_dag.py
[2026-07-15T10:03:35.611+0000] {processor.py:840} INFO - DAG(s) 'crypto_daily_pipeline' retrieved from /opt/airflow/dags/crypto_pipeline_dag.py
[2026-07-15T10:03:35.629+0000] {logging_mixin.py:188} INFO - [2026-07-15T10:03:35.629+0000] {dag.py:3089} INFO - Sync 1 DAGs
[2026-07-15T10:03:35.638+0000] {logging_mixin.py:188} INFO - [2026-07-15T10:03:35.638+0000] {dag.py:3947} INFO - Setting next_dagrun for crypto_daily_pipeline to 2026-07-15 00:00:00+00:00, run_after=2026-07-16 00:00:00+00:00
[2026-07-15T10:03:35.644+0000] {processor.py:183} INFO - Processing /opt/airflow/dags/crypto_pipeline_dag.py took 0.052 seconds
[2026-07-15T10:04:05.788+0000] {processor.py:161} INFO - Started process (PID=2428) to work on /opt/airflow/dags/crypto_pipeline_dag.py
[2026-07-15T10:04:05.788+0000] {processor.py:830} INFO - Processing file /opt/airflow/dags/crypto_pipeline_dag.py for tasks to queue
[2026-07-15T10:04:05.790+0000] {logging_mixin.py:188} INFO - [2026-07-15T10:04:05.790+0000] {dagbag.py:545} INFO - Filling up the DagBag from /opt/airflow/dags/crypto_pipeline_dag.py
[2026-07-15T10:04:05.800+0000] {processor.py:840} INFO - DAG(s) 'crypto_daily_pipeline' retrieved from /opt/airflow/dags/crypto_pipeline_dag.py
[2026-07-15T10:04:05.818+0000] {logging_mixin.py:188} INFO - [2026-07-15T10:04:05.818+0000] {dag.py:3089} INFO - Sync 1 DAGs
[2026-07-15T10:04:05.828+0000] {logging_mixin.py:188} INFO - [2026-07-15T10:04:05.828+0000] {dag.py:3947} INFO - Setting next_dagrun for crypto_daily_pipeline to 2026-07-15 00:00:00+00:00, run_after=2026-07-16 00:00:00+00:00
[2026-07-15T10:04:05.834+0000] {processor.py:183} INFO - Processing /opt/airflow/dags/crypto_pipeline_dag.py took 0.050 seconds
[2026-07-15T10:04:35.979+0000] {processor.py:161} INFO - Started process (PID=2433) to work on /opt/airflow/dags/crypto_pipeline_dag.py
[2026-07-15T10:04:35.980+0000] {processor.py:830} INFO - Processing file /opt/airflow/dags/crypto_pipeline_dag.py for tasks to queue
[2026-07-15T10:04:35.981+0000] {logging_mixin.py:188} INFO - [2026-07-15T10:04:35.981+0000] {dagbag.py:545} INFO - Filling up the DagBag from /opt/airflow/dags/crypto_pipeline_dag.py
[2026-07-15T10:04:35.991+0000] {processor.py:840} INFO - DAG(s) 'crypto_daily_pipeline' retrieved from /opt/airflow/dags/crypto_pipeline_dag.py
[2026-07-15T10:04:36.010+0000] {logging_mixin.py:188} INFO - [2026-07-15T10:04:36.010+0000] {dag.py:3089} INFO - Sync 1 DAGs
[2026-07-15T10:04:36.020+0000] {logging_mixin.py:188} INFO - [2026-07-15T10:04:36.020+0000] {dag.py:3947} INFO - Setting next_dagrun for crypto_daily_pipeline to 2026-07-15 00:00:00+00:00, run_after=2026-07-16 00:00:00+00:00
[2026-07-15T10:04:36.026+0000] {processor.py:183} INFO - Processing /opt/airflow/dags/crypto_pipeline_dag.py took 0.051 seconds
[2026-07-15T10:05:06.198+0000] {processor.py:161} INFO - Started process (PID=2438) to work on /opt/airflow/dags/crypto_pipeline_dag.py
[2026-07-15T10:05:06.198+0000] {processor.py:830} INFO - Processing file /opt/airflow/dags/crypto_pipeline_dag.py for tasks to queue
[2026-07-15T10:05:06.199+0000] {logging_mixin.py:188} INFO - [2026-07-15T10:05:06.199+0000] {dagbag.py:545} INFO - Filling up the DagBag from /opt/airflow/dags/crypto_pipeline_dag.py
[2026-07-15T10:05:06.208+0000] {processor.py:840} INFO - DAG(s) 'crypto_daily_pipeline' retrieved from /opt/airflow/dags/crypto_pipeline_dag.py
[2026-07-15T10:05:06.226+0000] {logging_mixin.py:188} INFO - [2026-07-15T10:05:06.226+0000] {dag.py:3089} INFO - Sync 1 DAGs
[2026-07-15T10:05:06.236+0000] {logging_mixin.py:188} INFO - [2026-07-15T10:05:06.236+0000] {dag.py:3947} INFO - Setting next_dagrun for crypto_daily_pipeline to 2026-07-15 00:00:00+00:00, run_after=2026-07-16 00:00:00+00:00
[2026-07-15T10:05:06.242+0000] {processor.py:183} INFO - Processing /opt/airflow/dags/crypto_pipeline_dag.py took 0.048 seconds
[2026-07-15T10:05:36.380+0000] {processor.py:161} INFO - Started process (PID=2443) to work on /opt/airflow/dags/crypto_pipeline_dag.py
[2026-07-15T10:05:36.381+0000] {processor.py:830} INFO - Processing file /opt/airflow/dags/crypto_pipeline_dag.py for tasks to queue
[2026-07-15T10:05:36.383+0000] {logging_mixin.py:188} INFO - [2026-07-15T10:05:36.382+0000] {dagbag.py:545} INFO - Filling up the DagBag from /opt/airflow/dags/crypto_pipeline_dag.py
[2026-07-15T10:05:36.392+0000] {processor.py:840} INFO - DAG(s) 'crypto_daily_pipeline' retrieved from /opt/airflow/dags/crypto_pipeline_dag.py
[2026-07-15T10:05:36.409+0000] {logging_mixin.py:188} INFO - [2026-07-15T10:05:36.408+0000] {dag.py:3089} INFO - Sync 1 DAGs
[2026-07-15T10:05:36.418+0000] {logging_mixin.py:188} INFO - [2026-07-15T10:05:36.418+0000] {dag.py:3947} INFO - Setting next_dagrun for crypto_daily_pipeline to 2026-07-15 00:00:00+00:00, run_after=2026-07-16 00:00:00+00:00
[2026-07-15T10:05:36.424+0000] {processor.py:183} INFO - Processing /opt/airflow/dags/crypto_pipeline_dag.py took 0.049 seconds
[2026-07-15T10:06:06.587+0000] {processor.py:161} INFO - Started process (PID=2448) to work on /opt/airflow/dags/crypto_pipeline_dag.py
[2026-07-15T10:06:06.587+0000] {processor.py:830} INFO - Processing file /opt/airflow/dags/crypto_pipeline_dag.py for tasks to queue
[2026-07-15T10:06:06.589+0000] {logging_mixin.py:188} INFO - [2026-07-15T10:06:06.589+0000] {dagbag.py:545} INFO - Filling up the DagBag from /opt/airflow/dags/crypto_pipeline_dag.py
[2026-07-15T10:06:06.598+0000] {processor.py:840} INFO - DAG(s) 'crypto_daily_pipeline' retrieved from /opt/airflow/dags/crypto_pipeline_dag.py
[2026-07-15T10:06:06.616+0000] {logging_mixin.py:188} INFO - [2026-07-15T10:06:06.616+0000] {dag.py:3089} INFO - Sync 1 DAGs
[2026-07-15T10:06:06.625+0000] {logging_mixin.py:188} INFO - [2026-07-15T10:06:06.625+0000] {dag.py:3947} INFO - Setting next_dagrun for crypto_daily_pipeline to 2026-07-15 00:00:00+00:00, run_after=2026-07-16 00:00:00+00:00
[2026-07-15T10:06:06.631+0000] {processor.py:183} INFO - Processing /opt/airflow/dags/crypto_pipeline_dag.py took 0.049 seconds
[2026-07-15T10:06:36.787+0000] {processor.py:161} INFO - Started process (PID=2453) to work on /opt/airflow/dags/crypto_pipeline_dag.py
[2026-07-15T10:06:36.787+0000] {processor.py:830} INFO - Processing file /opt/airflow/dags/crypto_pipeline_dag.py for tasks to queue
[2026-07-15T10:06:36.788+0000] {logging_mixin.py:188} INFO - [2026-07-15T10:06:36.788+0000] {dagbag.py:545} INFO - Filling up the DagBag from /opt/airflow/dags/crypto_pipeline_dag.py
[2026-07-15T10:06:36.798+0000] {processor.py:840} INFO - DAG(s) 'crypto_daily_pipeline' retrieved from /opt/airflow/dags/crypto_pipeline_dag.py
[2026-07-15T10:06:36.817+0000] {logging_mixin.py:188} INFO - [2026-07-15T10:06:36.817+0000] {dag.py:3089} INFO - Sync 1 DAGs
[2026-07-15T10:06:36.827+0000] {logging_mixin.py:188} INFO - [2026-07-15T10:06:36.827+0000] {dag.py:3947} INFO - Setting next_dagrun for crypto_daily_pipeline to 2026-07-15 00:00:00+00:00, run_after=2026-07-16 00:00:00+00:00
[2026-07-15T10:06:36.833+0000] {processor.py:183} INFO - Processing /opt/airflow/dags/crypto_pipeline_dag.py took 0.050 seconds
[2026-07-15T10:07:06.975+0000] {processor.py:161} INFO - Started process (PID=2458) to work on /opt/airflow/dags/crypto_pipeline_dag.py
[2026-07-15T10:07:06.976+0000] {processor.py:830} INFO - Processing file /opt/airflow/dags/crypto_pipeline_dag.py for tasks to queue
[2026-07-15T10:07:06.978+0000] {logging_mixin.py:188} INFO - [2026-07-15T10:07:06.978+0000] {dagbag.py:545} INFO - Filling up the DagBag from /opt/airflow/dags/crypto_pipeline_dag.py
[2026-07-15T10:07:06.987+0000] {processor.py:840} INFO - DAG(s) 'crypto_daily_pipeline' retrieved from /opt/airflow/dags/crypto_pipeline_dag.py
[2026-07-15T10:07:07.004+0000] {logging_mixin.py:188} INFO - [2026-07-15T10:07:07.004+0000] {dag.py:3089} INFO - Sync 1 DAGs
[2026-07-15T10:07:07.013+0000] {logging_mixin.py:188} INFO - [2026-07-15T10:07:07.013+0000] {dag.py:3947} INFO - Setting next_dagrun for crypto_daily_pipeline to 2026-07-15 00:00:00+00:00, run_after=2026-07-16 00:00:00+00:00
[2026-07-15T10:07:07.020+0000] {processor.py:183} INFO - Processing /opt/airflow/dags/crypto_pipeline_dag.py took 0.048 seconds
[2026-07-15T10:07:37.159+0000] {processor.py:161} INFO - Started process (PID=2463) to work on /opt/airflow/dags/crypto_pipeline_dag.py
[2026-07-15T10:07:37.160+0000] {processor.py:830} INFO - Processing file /opt/airflow/dags/crypto_pipeline_dag.py for tasks to queue
[2026-07-15T10:07:37.161+0000] {logging_mixin.py:188} INFO - [2026-07-15T10:07:37.160+0000] {dagbag.py:545} INFO - Filling up the DagBag from /opt/airflow/dags/crypto_pipeline_dag.py
[2026-07-15T10:07:37.170+0000] {processor.py:840} INFO - DAG(s) 'crypto_daily_pipeline' retrieved from /opt/airflow/dags/crypto_pipeline_dag.py
[2026-07-15T10:07:37.189+0000] {logging_mixin.py:188} INFO - [2026-07-15T10:07:37.189+0000] {dag.py:3089} INFO - Sync 1 DAGs
[2026-07-15T10:07:37.199+0000] {logging_mixin.py:188} INFO - [2026-07-15T10:07:37.199+0000] {dag.py:3947} INFO - Setting next_dagrun for crypto_daily_pipeline to 2026-07-15 00:00:00+00:00, run_after=2026-07-16 00:00:00+00:00
[2026-07-15T10:07:37.209+0000] {processor.py:183} INFO - Processing /opt/airflow/dags/crypto_pipeline_dag.py took 0.053 seconds
[2026-07-15T10:08:07.340+0000] {processor.py:161} INFO - Started process (PID=2468) to work on /opt/airflow/dags/crypto_pipeline_dag.py
[2026-07-15T10:08:07.341+0000] {processor.py:830} INFO - Processing file /opt/airflow/dags/crypto_pipeline_dag.py for tasks to queue
[2026-07-15T10:08:07.342+0000] {logging_mixin.py:188} INFO - [2026-07-15T10:08:07.342+0000] {dagbag.py:545} INFO - Filling up the DagBag from /opt/airflow/dags/crypto_pipeline_dag.py
[2026-07-15T10:08:07.351+0000] {processor.py:840} INFO - DAG(s) 'crypto_daily_pipeline' retrieved from /opt/airflow/dags/crypto_pipeline_dag.py
[2026-07-15T10:08:07.368+0000] {logging_mixin.py:188} INFO - [2026-07-15T10:08:07.368+0000] {dag.py:3089} INFO - Sync 1 DAGs
[2026-07-15T10:08:07.377+0000] {logging_mixin.py:188} INFO - [2026-07-15T10:08:07.377+0000] {dag.py:3947} INFO - Setting next_dagrun for crypto_daily_pipeline to 2026-07-15 00:00:00+00:00, run_after=2026-07-16 00:00:00+00:00
[2026-07-15T10:08:07.384+0000] {processor.py:183} INFO - Processing /opt/airflow/dags/crypto_pipeline_dag.py took 0.048 seconds
[2026-07-15T10:08:37.538+0000] {processor.py:161} INFO - Started process (PID=2473) to work on /opt/airflow/dags/crypto_pipeline_dag.py
[2026-07-15T10:08:37.539+0000] {processor.py:830} INFO - Processing file /opt/airflow/dags/crypto_pipeline_dag.py for tasks to queue
[2026-07-15T10:08:37.540+0000] {logging_mixin.py:188} INFO - [2026-07-15T10:08:37.540+0000] {dagbag.py:545} INFO - Filling up the DagBag from /opt/airflow/dags/crypto_pipeline_dag.py
[2026-07-15T10:08:37.550+0000] {processor.py:840} INFO - DAG(s) 'crypto_daily_pipeline' retrieved from /opt/airflow/dags/crypto_pipeline_dag.py
[2026-07-15T10:08:37.568+0000] {logging_mixin.py:188} INFO - [2026-07-15T10:08:37.567+0000] {dag.py:3089} INFO - Sync 1 DAGs
[2026-07-15T10:08:37.578+0000] {logging_mixin.py:188} INFO - [2026-07-15T10:08:37.578+0000] {dag.py:3947} INFO - Setting next_dagrun for crypto_daily_pipeline to 2026-07-15 00:00:00+00:00, run_after=2026-07-16 00:00:00+00:00
[2026-07-15T10:08:37.584+0000] {processor.py:183} INFO - Processing /opt/airflow/dags/crypto_pipeline_dag.py took 0.050 seconds
[2026-07-15T10:09:07.734+0000] {processor.py:161} INFO - Started process (PID=2478) to work on /opt/airflow/dags/crypto_pipeline_dag.py
[2026-07-15T10:09:07.735+0000] {processor.py:830} INFO - Processing file /opt/airflow/dags/crypto_pipeline_dag.py for tasks to queue
[2026-07-15T10:09:07.736+0000] {logging_mixin.py:188} INFO - [2026-07-15T10:09:07.736+0000] {dagbag.py:545} INFO - Filling up the DagBag from /opt/airflow/dags/crypto_pipeline_dag.py
[2026-07-15T10:09:07.745+0000] {processor.py:840} INFO - DAG(s) 'crypto_daily_pipeline' retrieved from /opt/airflow/dags/crypto_pipeline_dag.py
[2026-07-15T10:09:07.762+0000] {logging_mixin.py:188} INFO - [2026-07-15T10:09:07.762+0000] {dag.py:3089} INFO - Sync 1 DAGs
[2026-07-15T10:09:07.773+0000] {logging_mixin.py:188} INFO - [2026-07-15T10:09:07.772+0000] {dag.py:3947} INFO - Setting next_dagrun for crypto_daily_pipeline to 2026-07-15 00:00:00+00:00, run_after=2026-07-16 00:00:00+00:00
[2026-07-15T10:09:07.779+0000] {processor.py:183} INFO - Processing /opt/airflow/dags/crypto_pipeline_dag.py took 0.050 seconds
[2026-07-15T10:09:37.937+0000] {processor.py:161} INFO - Started process (PID=2483) to work on /opt/airflow/dags/crypto_pipeline_dag.py
[2026-07-15T10:09:37.938+0000] {processor.py:830} INFO - Processing file /opt/airflow/dags/crypto_pipeline_dag.py for tasks to queue
[2026-07-15T10:09:37.941+0000] {logging_mixin.py:188} INFO - [2026-07-15T10:09:37.940+0000] {dagbag.py:545} INFO - Filling up the DagBag from /opt/airflow/dags/crypto_pipeline_dag.py
[2026-07-15T10:09:37.955+0000] {processor.py:840} INFO - DAG(s) 'crypto_daily_pipeline' retrieved from /opt/airflow/dags/crypto_pipeline_dag.py
[2026-07-15T10:09:37.977+0000] {logging_mixin.py:188} INFO - [2026-07-15T10:09:37.976+0000] {dag.py:3089} INFO - Sync 1 DAGs
[2026-07-15T10:09:37.988+0000] {logging_mixin.py:188} INFO - [2026-07-15T10:09:37.988+0000] {dag.py:3947} INFO - Setting next_dagrun for crypto_daily_pipeline to 2026-07-15 00:00:00+00:00, run_after=2026-07-16 00:00:00+00:00
[2026-07-15T10:09:37.996+0000] {processor.py:183} INFO - Processing /opt/airflow/dags/crypto_pipeline_dag.py took 0.068 seconds
[2026-07-15T10:10:08.148+0000] {processor.py:161} INFO - Started process (PID=2488) to work on /opt/airflow/dags/crypto_pipeline_dag.py
[2026-07-15T10:10:08.149+0000] {processor.py:830} INFO - Processing file /opt/airflow/dags/crypto_pipeline_dag.py for tasks to queue
[2026-07-15T10:10:08.151+0000] {logging_mixin.py:188} INFO - [2026-07-15T10:10:08.151+0000] {dagbag.py:545} INFO - Filling up the DagBag from /opt/airflow/dags/crypto_pipeline_dag.py
[2026-07-15T10:10:08.160+0000] {processor.py:840} INFO - DAG(s) 'crypto_daily_pipeline' retrieved from /opt/airflow/dags/crypto_pipeline_dag.py
[2026-07-15T10:10:08.178+0000] {logging_mixin.py:188} INFO - [2026-07-15T10:10:08.178+0000] {dag.py:3089} INFO - Sync 1 DAGs
[2026-07-15T10:10:08.188+0000] {logging_mixin.py:188} INFO - [2026-07-15T10:10:08.188+0000] {dag.py:3947} INFO - Setting next_dagrun for crypto_daily_pipeline to 2026-07-15 00:00:00+00:00, run_after=2026-07-16 00:00:00+00:00
[2026-07-15T10:10:08.194+0000] {processor.py:183} INFO - Processing /opt/airflow/dags/crypto_pipeline_dag.py took 0.050 seconds
[2026-07-15T10:10:38.356+0000] {processor.py:161} INFO - Started process (PID=2493) to work on /opt/airflow/dags/crypto_pipeline_dag.py
[2026-07-15T10:10:38.357+0000] {processor.py:830} INFO - Processing file /opt/airflow/dags/crypto_pipeline_dag.py for tasks to queue
[2026-07-15T10:10:38.358+0000] {logging_mixin.py:188} INFO - [2026-07-15T10:10:38.358+0000] {dagbag.py:545} INFO - Filling up the DagBag from /opt/airflow/dags/crypto_pipeline_dag.py
[2026-07-15T10:10:38.367+0000] {processor.py:840} INFO - DAG(s) 'crypto_daily_pipeline' retrieved from /opt/airflow/dags/crypto_pipeline_dag.py
[2026-07-15T10:10:38.384+0000] {logging_mixin.py:188} INFO - [2026-07-15T10:10:38.384+0000] {dag.py:3089} INFO - Sync 1 DAGs
[2026-07-15T10:10:38.394+0000] {logging_mixin.py:188} INFO - [2026-07-15T10:10:38.394+0000] {dag.py:3947} INFO - Setting next_dagrun for crypto_daily_pipeline to 2026-07-15 00:00:00+00:00, run_after=2026-07-16 00:00:00+00:00
[2026-07-15T10:10:38.401+0000] {processor.py:183} INFO - Processing /opt/airflow/dags/crypto_pipeline_dag.py took 0.050 seconds
[2026-07-15T10:11:08.563+0000] {processor.py:161} INFO - Started process (PID=2498) to work on /opt/airflow/dags/crypto_pipeline_dag.py
[2026-07-15T10:11:08.565+0000] {processor.py:830} INFO - Processing file /opt/airflow/dags/crypto_pipeline_dag.py for tasks to queue
[2026-07-15T10:11:08.567+0000] {logging_mixin.py:188} INFO - [2026-07-15T10:11:08.566+0000] {dagbag.py:545} INFO - Filling up the DagBag from /opt/airflow/dags/crypto_pipeline_dag.py
[2026-07-15T10:11:08.576+0000] {processor.py:840} INFO - DAG(s) 'crypto_daily_pipeline' retrieved from /opt/airflow/dags/crypto_pipeline_dag.py
[2026-07-15T10:11:08.593+0000] {logging_mixin.py:188} INFO - [2026-07-15T10:11:08.593+0000] {dag.py:3089} INFO - Sync 1 DAGs
[2026-07-15T10:11:08.602+0000] {logging_mixin.py:188} INFO - [2026-07-15T10:11:08.602+0000] {dag.py:3947} INFO - Setting next_dagrun for crypto_daily_pipeline to 2026-07-15 00:00:00+00:00, run_after=2026-07-16 00:00:00+00:00
[2026-07-15T10:11:08.609+0000] {processor.py:183} INFO - Processing /opt/airflow/dags/crypto_pipeline_dag.py took 0.051 seconds
[2026-07-15T10:11:38.768+0000] {processor.py:161} INFO - Started process (PID=2503) to work on /opt/airflow/dags/crypto_pipeline_dag.py
[2026-07-15T10:11:38.769+0000] {processor.py:830} INFO - Processing file /opt/airflow/dags/crypto_pipeline_dag.py for tasks to queue
[2026-07-15T10:11:38.771+0000] {logging_mixin.py:188} INFO - [2026-07-15T10:11:38.771+0000] {dagbag.py:545} INFO - Filling up the DagBag from /opt/airflow/dags/crypto_pipeline_dag.py
[2026-07-15T10:11:38.780+0000] {processor.py:840} INFO - DAG(s) 'crypto_daily_pipeline' retrieved from /opt/airflow/dags/crypto_pipeline_dag.py
[2026-07-15T10:11:38.798+0000] {logging_mixin.py:188} INFO - [2026-07-15T10:11:38.798+0000] {dag.py:3089} INFO - Sync 1 DAGs
[2026-07-15T10:11:38.808+0000] {logging_mixin.py:188} INFO - [2026-07-15T10:11:38.808+0000] {dag.py:3947} INFO - Setting next_dagrun for crypto_daily_pipeline to 2026-07-15 00:00:00+00:00, run_after=2026-07-16 00:00:00+00:00
[2026-07-15T10:11:38.814+0000] {processor.py:183} INFO - Processing /opt/airflow/dags/crypto_pipeline_dag.py took 0.050 seconds
[2026-07-15T10:12:08.980+0000] {processor.py:161} INFO - Started process (PID=2508) to work on /opt/airflow/dags/crypto_pipeline_dag.py
[2026-07-15T10:12:08.981+0000] {processor.py:830} INFO - Processing file /opt/airflow/dags/crypto_pipeline_dag.py for tasks to queue
[2026-07-15T10:12:08.983+0000] {logging_mixin.py:188} INFO - [2026-07-15T10:12:08.983+0000] {dagbag.py:545} INFO - Filling up the DagBag from /opt/airflow/dags/crypto_pipeline_dag.py
[2026-07-15T10:12:08.991+0000] {processor.py:840} INFO - DAG(s) 'crypto_daily_pipeline' retrieved from /opt/airflow/dags/crypto_pipeline_dag.py
[2026-07-15T10:12:09.008+0000] {logging_mixin.py:188} INFO - [2026-07-15T10:12:09.008+0000] {dag.py:3089} INFO - Sync 1 DAGs
[2026-07-15T10:12:09.018+0000] {logging_mixin.py:188} INFO - [2026-07-15T10:12:09.018+0000] {dag.py:3947} INFO - Setting next_dagrun for crypto_daily_pipeline to 2026-07-15 00:00:00+00:00, run_after=2026-07-16 00:00:00+00:00
[2026-07-15T10:12:09.024+0000] {processor.py:183} INFO - Processing /opt/airflow/dags/crypto_pipeline_dag.py took 0.049 seconds
[2026-07-15T10:12:39.175+0000] {processor.py:161} INFO - Started process (PID=2513) to work on /opt/airflow/dags/crypto_pipeline_dag.py
[2026-07-15T10:12:39.175+0000] {processor.py:830} INFO - Processing file /opt/airflow/dags/crypto_pipeline_dag.py for tasks to queue
[2026-07-15T10:12:39.178+0000] {logging_mixin.py:188} INFO - [2026-07-15T10:12:39.177+0000] {dagbag.py:545} INFO - Filling up the DagBag from /opt/airflow/dags/crypto_pipeline_dag.py
[2026-07-15T10:12:39.187+0000] {processor.py:840} INFO - DAG(s) 'crypto_daily_pipeline' retrieved from /opt/airflow/dags/crypto_pipeline_dag.py
[2026-07-15T10:12:39.204+0000] {logging_mixin.py:188} INFO - [2026-07-15T10:12:39.204+0000] {dag.py:3089} INFO - Sync 1 DAGs
[2026-07-15T10:12:39.214+0000] {logging_mixin.py:188} INFO - [2026-07-15T10:12:39.214+0000] {dag.py:3947} INFO - Setting next_dagrun for crypto_daily_pipeline to 2026-07-15 00:00:00+00:00, run_after=2026-07-16 00:00:00+00:00
[2026-07-15T10:12:39.220+0000] {processor.py:183} INFO - Processing /opt/airflow/dags/crypto_pipeline_dag.py took 0.050 seconds
[2026-07-15T10:13:09.415+0000] {processor.py:161} INFO - Started process (PID=2518) to work on /opt/airflow/dags/crypto_pipeline_dag.py
[2026-07-15T10:13:09.415+0000] {processor.py:830} INFO - Processing file /opt/airflow/dags/crypto_pipeline_dag.py for tasks to queue
[2026-07-15T10:13:09.417+0000] {logging_mixin.py:188} INFO - [2026-07-15T10:13:09.417+0000] {dagbag.py:545} INFO - Filling up the DagBag from /opt/airflow/dags/crypto_pipeline_dag.py
[2026-07-15T10:13:09.425+0000] {processor.py:840} INFO - DAG(s) 'crypto_daily_pipeline' retrieved from /opt/airflow/dags/crypto_pipeline_dag.py
[2026-07-15T10:13:09.442+0000] {logging_mixin.py:188} INFO - [2026-07-15T10:13:09.442+0000] {dag.py:3089} INFO - Sync 1 DAGs
[2026-07-15T10:13:09.452+0000] {logging_mixin.py:188} INFO - [2026-07-15T10:13:09.452+0000] {dag.py:3947} INFO - Setting next_dagrun for crypto_daily_pipeline to 2026-07-15 00:00:00+00:00, run_after=2026-07-16 00:00:00+00:00
[2026-07-15T10:13:09.458+0000] {processor.py:183} INFO - Processing /opt/airflow/dags/crypto_pipeline_dag.py took 0.048 seconds
[2026-07-15T10:13:39.638+0000] {processor.py:161} INFO - Started process (PID=2523) to work on /opt/airflow/dags/crypto_pipeline_dag.py
[2026-07-15T10:13:39.640+0000] {processor.py:830} INFO - Processing file /opt/airflow/dags/crypto_pipeline_dag.py for tasks to queue
[2026-07-15T10:13:39.642+0000] {logging_mixin.py:188} INFO - [2026-07-15T10:13:39.642+0000] {dagbag.py:545} INFO - Filling up the DagBag from /opt/airflow/dags/crypto_pipeline_dag.py
[2026-07-15T10:13:39.650+0000] {processor.py:840} INFO - DAG(s) 'crypto_daily_pipeline' retrieved from /opt/airflow/dags/crypto_pipeline_dag.py
[2026-07-15T10:13:39.667+0000] {logging_mixin.py:188} INFO - [2026-07-15T10:13:39.667+0000] {dag.py:3089} INFO - Sync 1 DAGs
[2026-07-15T10:13:39.677+0000] {logging_mixin.py:188} INFO - [2026-07-15T10:13:39.677+0000] {dag.py:3947} INFO - Setting next_dagrun for crypto_daily_pipeline to 2026-07-15 00:00:00+00:00, run_after=2026-07-16 00:00:00+00:00
[2026-07-15T10:13:39.682+0000] {processor.py:183} INFO - Processing /opt/airflow/dags/crypto_pipeline_dag.py took 0.049 seconds
[2026-07-15T10:14:09.835+0000] {processor.py:161} INFO - Started process (PID=2528) to work on /opt/airflow/dags/crypto_pipeline_dag.py
[2026-07-15T10:14:09.835+0000] {processor.py:830} INFO - Processing file /opt/airflow/dags/crypto_pipeline_dag.py for tasks to queue
[2026-07-15T10:14:09.836+0000] {logging_mixin.py:188} INFO - [2026-07-15T10:14:09.836+0000] {dagbag.py:545} INFO - Filling up the DagBag from /opt/airflow/dags/crypto_pipeline_dag.py
[2026-07-15T10:14:09.840+0000] {processor.py:840} INFO - DAG(s) 'crypto_daily_pipeline' retrieved from /opt/airflow/dags/crypto_pipeline_dag.py
[2026-07-15T10:14:09.851+0000] {logging_mixin.py:188} INFO - [2026-07-15T10:14:09.850+0000] {dag.py:3089} INFO - Sync 1 DAGs
[2026-07-15T10:14:09.858+0000] {logging_mixin.py:188} INFO - [2026-07-15T10:14:09.858+0000] {dag.py:3947} INFO - Setting next_dagrun for crypto_daily_pipeline to 2026-07-15 00:00:00+00:00, run_after=2026-07-16 00:00:00+00:00
[2026-07-15T10:14:09.863+0000] {processor.py:183} INFO - Processing /opt/airflow/dags/crypto_pipeline_dag.py took 0.030 seconds
[2026-07-15T10:14:40.022+0000] {processor.py:161} INFO - Started process (PID=2533) to work on /opt/airflow/dags/crypto_pipeline_dag.py
[2026-07-15T10:14:40.023+0000] {processor.py:830} INFO - Processing file /opt/airflow/dags/crypto_pipeline_dag.py for tasks to queue
[2026-07-15T10:14:40.025+0000] {logging_mixin.py:188} INFO - [2026-07-15T10:14:40.024+0000] {dagbag.py:545} INFO - Filling up the DagBag from /opt/airflow/dags/crypto_pipeline_dag.py
[2026-07-15T10:14:40.034+0000] {processor.py:840} INFO - DAG(s) 'crypto_daily_pipeline' retrieved from /opt/airflow/dags/crypto_pipeline_dag.py
[2026-07-15T10:14:40.053+0000] {logging_mixin.py:188} INFO - [2026-07-15T10:14:40.053+0000] {dag.py:3089} INFO - Sync 1 DAGs
[2026-07-15T10:14:40.064+0000] {logging_mixin.py:188} INFO - [2026-07-15T10:14:40.064+0000] {dag.py:3947} INFO - Setting next_dagrun for crypto_daily_pipeline to 2026-07-15 00:00:00+00:00, run_after=2026-07-16 00:00:00+00:00
[2026-07-15T10:14:40.070+0000] {processor.py:183} INFO - Processing /opt/airflow/dags/crypto_pipeline_dag.py took 0.052 seconds
[2026-07-15T10:15:10.208+0000] {processor.py:161} INFO - Started process (PID=2538) to work on /opt/airflow/dags/crypto_pipeline_dag.py
[2026-07-15T10:15:10.208+0000] {processor.py:830} INFO - Processing file /opt/airflow/dags/crypto_pipeline_dag.py for tasks to queue
[2026-07-15T10:15:10.210+0000] {logging_mixin.py:188} INFO - [2026-07-15T10:15:10.210+0000] {dagbag.py:545} INFO - Filling up the DagBag from /opt/airflow/dags/crypto_pipeline_dag.py
[2026-07-15T10:15:10.219+0000] {processor.py:840} INFO - DAG(s) 'crypto_daily_pipeline' retrieved from /opt/airflow/dags/crypto_pipeline_dag.py
[2026-07-15T10:15:10.237+0000] {logging_mixin.py:188} INFO - [2026-07-15T10:15:10.237+0000] {dag.py:3089} INFO - Sync 1 DAGs
[2026-07-15T10:15:10.248+0000] {logging_mixin.py:188} INFO - [2026-07-15T10:15:10.248+0000] {dag.py:3947} INFO - Setting next_dagrun for crypto_daily_pipeline to 2026-07-15 00:00:00+00:00, run_after=2026-07-16 00:00:00+00:00
[2026-07-15T10:15:10.254+0000] {processor.py:183} INFO - Processing /opt/airflow/dags/crypto_pipeline_dag.py took 0.050 seconds
[2026-07-15T10:15:40.399+0000] {processor.py:161} INFO - Started process (PID=2543) to work on /opt/airflow/dags/crypto_pipeline_dag.py
[2026-07-15T10:15:40.400+0000] {processor.py:830} INFO - Processing file /opt/airflow/dags/crypto_pipeline_dag.py for tasks to queue
[2026-07-15T10:15:40.402+0000] {logging_mixin.py:188} INFO - [2026-07-15T10:15:40.402+0000] {dagbag.py:545} INFO - Filling up the DagBag from /opt/airflow/dags/crypto_pipeline_dag.py
[2026-07-15T10:15:40.411+0000] {processor.py:840} INFO - DAG(s) 'crypto_daily_pipeline' retrieved from /opt/airflow/dags/crypto_pipeline_dag.py
[2026-07-15T10:15:40.429+0000] {logging_mixin.py:188} INFO - [2026-07-15T10:15:40.429+0000] {dag.py:3089} INFO - Sync 1 DAGs
[2026-07-15T10:15:40.439+0000] {logging_mixin.py:188} INFO - [2026-07-15T10:15:40.439+0000] {dag.py:3947} INFO - Setting next_dagrun for crypto_daily_pipeline to 2026-07-15 00:00:00+00:00, run_after=2026-07-16 00:00:00+00:00
[2026-07-15T10:15:40.445+0000] {processor.py:183} INFO - Processing /opt/airflow/dags/crypto_pipeline_dag.py took 0.049 seconds
[2026-07-15T10:16:10.601+0000] {processor.py:161} INFO - Started process (PID=2548) to work on /opt/airflow/dags/crypto_pipeline_dag.py
[2026-07-15T10:16:10.602+0000] {processor.py:830} INFO - Processing file /opt/airflow/dags/crypto_pipeline_dag.py for tasks to queue
[2026-07-15T10:16:10.604+0000] {logging_mixin.py:188} INFO - [2026-07-15T10:16:10.603+0000] {dagbag.py:545} INFO - Filling up the DagBag from /opt/airflow/dags/crypto_pipeline_dag.py
[2026-07-15T10:16:10.612+0000] {processor.py:840} INFO - DAG(s) 'crypto_daily_pipeline' retrieved from /opt/airflow/dags/crypto_pipeline_dag.py
[2026-07-15T10:16:10.629+0000] {logging_mixin.py:188} INFO - [2026-07-15T10:16:10.629+0000] {dag.py:3089} INFO - Sync 1 DAGs
[2026-07-15T10:16:10.639+0000] {logging_mixin.py:188} INFO - [2026-07-15T10:16:10.639+0000] {dag.py:3947} INFO - Setting next_dagrun for crypto_daily_pipeline to 2026-07-15 00:00:00+00:00, run_after=2026-07-16 00:00:00+00:00
[2026-07-15T10:16:10.645+0000] {processor.py:183} INFO - Processing /opt/airflow/dags/crypto_pipeline_dag.py took 0.048 seconds
[2026-07-15T10:16:40.813+0000] {processor.py:161} INFO - Started process (PID=2553) to work on /opt/airflow/dags/crypto_pipeline_dag.py
[2026-07-15T10:16:40.813+0000] {processor.py:830} INFO - Processing file /opt/airflow/dags/crypto_pipeline_dag.py for tasks to queue
[2026-07-15T10:16:40.815+0000] {logging_mixin.py:188} INFO - [2026-07-15T10:16:40.815+0000] {dagbag.py:545} INFO - Filling up the DagBag from /opt/airflow/dags/crypto_pipeline_dag.py
[2026-07-15T10:16:40.824+0000] {processor.py:840} INFO - DAG(s) 'crypto_daily_pipeline' retrieved from /opt/airflow/dags/crypto_pipeline_dag.py
[2026-07-15T10:16:40.842+0000] {logging_mixin.py:188} INFO - [2026-07-15T10:16:40.842+0000] {dag.py:3089} INFO - Sync 1 DAGs
[2026-07-15T10:16:40.852+0000] {logging_mixin.py:188} INFO - [2026-07-15T10:16:40.852+0000] {dag.py:3947} INFO - Setting next_dagrun for crypto_daily_pipeline to 2026-07-15 00:00:00+00:00, run_after=2026-07-16 00:00:00+00:00
[2026-07-15T10:16:40.858+0000] {processor.py:183} INFO - Processing /opt/airflow/dags/crypto_pipeline_dag.py took 0.050 seconds
[2026-07-15T10:17:11.010+0000] {processor.py:161} INFO - Started process (PID=2558) to work on /opt/airflow/dags/crypto_pipeline_dag.py
[2026-07-15T10:17:11.011+0000] {processor.py:830} INFO - Processing file /opt/airflow/dags/crypto_pipeline_dag.py for tasks to queue
[2026-07-15T10:17:11.013+0000] {logging_mixin.py:188} INFO - [2026-07-15T10:17:11.012+0000] {dagbag.py:545} INFO - Filling up the DagBag from /opt/airflow/dags/crypto_pipeline_dag.py
[2026-07-15T10:17:11.021+0000] {processor.py:840} INFO - DAG(s) 'crypto_daily_pipeline' retrieved from /opt/airflow/dags/crypto_pipeline_dag.py
[2026-07-15T10:17:11.039+0000] {logging_mixin.py:188} INFO - [2026-07-15T10:17:11.039+0000] {dag.py:3089} INFO - Sync 1 DAGs
[2026-07-15T10:17:11.049+0000] {logging_mixin.py:188} INFO - [2026-07-15T10:17:11.049+0000] {dag.py:3947} INFO - Setting next_dagrun for crypto_daily_pipeline to 2026-07-15 00:00:00+00:00, run_after=2026-07-16 00:00:00+00:00
[2026-07-15T10:17:11.055+0000] {processor.py:183} INFO - Processing /opt/airflow/dags/crypto_pipeline_dag.py took 0.049 seconds
[2026-07-15T10:17:41.197+0000] {processor.py:161} INFO - Started process (PID=2563) to work on /opt/airflow/dags/crypto_pipeline_dag.py
[2026-07-15T10:17:41.198+0000] {processor.py:830} INFO - Processing file /opt/airflow/dags/crypto_pipeline_dag.py for tasks to queue
[2026-07-15T10:17:41.199+0000] {logging_mixin.py:188} INFO - [2026-07-15T10:17:41.199+0000] {dagbag.py:545} INFO - Filling up the DagBag from /opt/airflow/dags/crypto_pipeline_dag.py
[2026-07-15T10:17:41.209+0000] {processor.py:840} INFO - DAG(s) 'crypto_daily_pipeline' retrieved from /opt/airflow/dags/crypto_pipeline_dag.py
[2026-07-15T10:17:41.227+0000] {logging_mixin.py:188} INFO - [2026-07-15T10:17:41.227+0000] {dag.py:3089} INFO - Sync 1 DAGs
[2026-07-15T10:17:41.237+0000] {logging_mixin.py:188} INFO - [2026-07-15T10:17:41.237+0000] {dag.py:3947} INFO - Setting next_dagrun for crypto_daily_pipeline to 2026-07-15 00:00:00+00:00, run_after=2026-07-16 00:00:00+00:00
[2026-07-15T10:17:41.243+0000] {processor.py:183} INFO - Processing /opt/airflow/dags/crypto_pipeline_dag.py took 0.050 seconds
[2026-07-15T10:18:11.374+0000] {processor.py:161} INFO - Started process (PID=2568) to work on /opt/airflow/dags/crypto_pipeline_dag.py
[2026-07-15T10:18:11.374+0000] {processor.py:830} INFO - Processing file /opt/airflow/dags/crypto_pipeline_dag.py for tasks to queue
[2026-07-15T10:18:11.375+0000] {logging_mixin.py:188} INFO - [2026-07-15T10:18:11.375+0000] {dagbag.py:545} INFO - Filling up the DagBag from /opt/airflow/dags/crypto_pipeline_dag.py
[2026-07-15T10:18:11.378+0000] {processor.py:840} INFO - DAG(s) 'crypto_daily_pipeline' retrieved from /opt/airflow/dags/crypto_pipeline_dag.py
[2026-07-15T10:18:11.387+0000] {logging_mixin.py:188} INFO - [2026-07-15T10:18:11.387+0000] {dag.py:3089} INFO - Sync 1 DAGs
[2026-07-15T10:18:11.394+0000] {logging_mixin.py:188} INFO - [2026-07-15T10:18:11.394+0000] {dag.py:3947} INFO - Setting next_dagrun for crypto_daily_pipeline to 2026-07-15 00:00:00+00:00, run_after=2026-07-16 00:00:00+00:00
[2026-07-15T10:18:11.399+0000] {processor.py:183} INFO - Processing /opt/airflow/dags/crypto_pipeline_dag.py took 0.027 seconds
[2026-07-15T10:18:41.583+0000] {processor.py:161} INFO - Started process (PID=2573) to work on /opt/airflow/dags/crypto_pipeline_dag.py
[2026-07-15T10:18:41.584+0000] {processor.py:830} INFO - Processing file /opt/airflow/dags/crypto_pipeline_dag.py for tasks to queue
[2026-07-15T10:18:41.586+0000] {logging_mixin.py:188} INFO - [2026-07-15T10:18:41.585+0000] {dagbag.py:545} INFO - Filling up the DagBag from /opt/airflow/dags/crypto_pipeline_dag.py
[2026-07-15T10:18:41.594+0000] {processor.py:840} INFO - DAG(s) 'crypto_daily_pipeline' retrieved from /opt/airflow/dags/crypto_pipeline_dag.py
[2026-07-15T10:18:41.611+0000] {logging_mixin.py:188} INFO - [2026-07-15T10:18:41.611+0000] {dag.py:3089} INFO - Sync 1 DAGs
[2026-07-15T10:18:41.621+0000] {logging_mixin.py:188} INFO - [2026-07-15T10:18:41.621+0000] {dag.py:3947} INFO - Setting next_dagrun for crypto_daily_pipeline to 2026-07-15 00:00:00+00:00, run_after=2026-07-16 00:00:00+00:00
[2026-07-15T10:18:41.627+0000] {processor.py:183} INFO - Processing /opt/airflow/dags/crypto_pipeline_dag.py took 0.047 seconds
[2026-07-15T10:19:11.778+0000] {processor.py:161} INFO - Started process (PID=2578) to work on /opt/airflow/dags/crypto_pipeline_dag.py
[2026-07-15T10:19:11.779+0000] {processor.py:830} INFO - Processing file /opt/airflow/dags/crypto_pipeline_dag.py for tasks to queue
[2026-07-15T10:19:11.780+0000] {logging_mixin.py:188} INFO - [2026-07-15T10:19:11.779+0000] {dagbag.py:545} INFO - Filling up the DagBag from /opt/airflow/dags/crypto_pipeline_dag.py
[2026-07-15T10:19:11.789+0000] {processor.py:840} INFO - DAG(s) 'crypto_daily_pipeline' retrieved from /opt/airflow/dags/crypto_pipeline_dag.py
[2026-07-15T10:19:11.808+0000] {logging_mixin.py:188} INFO - [2026-07-15T10:19:11.807+0000] {dag.py:3089} INFO - Sync 1 DAGs
[2026-07-15T10:19:11.817+0000] {logging_mixin.py:188} INFO - [2026-07-15T10:19:11.817+0000] {dag.py:3947} INFO - Setting next_dagrun for crypto_daily_pipeline to 2026-07-15 00:00:00+00:00, run_after=2026-07-16 00:00:00+00:00
[2026-07-15T10:19:11.823+0000] {processor.py:183} INFO - Processing /opt/airflow/dags/crypto_pipeline_dag.py took 0.048 seconds
[2026-07-15T10:19:41.999+0000] {processor.py:161} INFO - Started process (PID=2583) to work on /opt/airflow/dags/crypto_pipeline_dag.py
[2026-07-15T10:19:42.000+0000] {processor.py:830} INFO - Processing file /opt/airflow/dags/crypto_pipeline_dag.py for tasks to queue
[2026-07-15T10:19:42.001+0000] {logging_mixin.py:188} INFO - [2026-07-15T10:19:42.001+0000] {dagbag.py:545} INFO - Filling up the DagBag from /opt/airflow/dags/crypto_pipeline_dag.py
[2026-07-15T10:19:42.011+0000] {processor.py:840} INFO - DAG(s) 'crypto_daily_pipeline' retrieved from /opt/airflow/dags/crypto_pipeline_dag.py
[2026-07-15T10:19:42.029+0000] {logging_mixin.py:188} INFO - [2026-07-15T10:19:42.028+0000] {dag.py:3089} INFO - Sync 1 DAGs
[2026-07-15T10:19:42.037+0000] {logging_mixin.py:188} INFO - [2026-07-15T10:19:42.037+0000] {dag.py:3947} INFO - Setting next_dagrun for crypto_daily_pipeline to 2026-07-15 00:00:00+00:00, run_after=2026-07-16 00:00:00+00:00
[2026-07-15T10:19:42.043+0000] {processor.py:183} INFO - Processing /opt/airflow/dags/crypto_pipeline_dag.py took 0.047 seconds
[2026-07-15T10:20:12.206+0000] {processor.py:161} INFO - Started process (PID=2588) to work on /opt/airflow/dags/crypto_pipeline_dag.py
[2026-07-15T10:20:12.207+0000] {processor.py:830} INFO - Processing file /opt/airflow/dags/crypto_pipeline_dag.py for tasks to queue
[2026-07-15T10:20:12.208+0000] {logging_mixin.py:188} INFO - [2026-07-15T10:20:12.207+0000] {dagbag.py:545} INFO - Filling up the DagBag from /opt/airflow/dags/crypto_pipeline_dag.py
[2026-07-15T10:20:12.218+0000] {processor.py:840} INFO - DAG(s) 'crypto_daily_pipeline' retrieved from /opt/airflow/dags/crypto_pipeline_dag.py
[2026-07-15T10:20:12.235+0000] {logging_mixin.py:188} INFO - [2026-07-15T10:20:12.235+0000] {dag.py:3089} INFO - Sync 1 DAGs
[2026-07-15T10:20:12.245+0000] {logging_mixin.py:188} INFO - [2026-07-15T10:20:12.245+0000] {dag.py:3947} INFO - Setting next_dagrun for crypto_daily_pipeline to 2026-07-15 00:00:00+00:00, run_after=2026-07-16 00:00:00+00:00
[2026-07-15T10:20:12.252+0000] {processor.py:183} INFO - Processing /opt/airflow/dags/crypto_pipeline_dag.py took 0.050 seconds
[2026-07-15T10:20:42.402+0000] {processor.py:161} INFO - Started process (PID=2593) to work on /opt/airflow/dags/crypto_pipeline_dag.py
[2026-07-15T10:20:42.403+0000] {processor.py:830} INFO - Processing file /opt/airflow/dags/crypto_pipeline_dag.py for tasks to queue
[2026-07-15T10:20:42.405+0000] {logging_mixin.py:188} INFO - [2026-07-15T10:20:42.404+0000] {dagbag.py:545} INFO - Filling up the DagBag from /opt/airflow/dags/crypto_pipeline_dag.py
[2026-07-15T10:20:42.414+0000] {processor.py:840} INFO - DAG(s) 'crypto_daily_pipeline' retrieved from /opt/airflow/dags/crypto_pipeline_dag.py
[2026-07-15T10:20:42.433+0000] {logging_mixin.py:188} INFO - [2026-07-15T10:20:42.433+0000] {dag.py:3089} INFO - Sync 1 DAGs
[2026-07-15T10:20:42.443+0000] {logging_mixin.py:188} INFO - [2026-07-15T10:20:42.443+0000] {dag.py:3947} INFO - Setting next_dagrun for crypto_daily_pipeline to 2026-07-15 00:00:00+00:00, run_after=2026-07-16 00:00:00+00:00
[2026-07-15T10:20:42.448+0000] {processor.py:183} INFO - Processing /opt/airflow/dags/crypto_pipeline_dag.py took 0.050 seconds
[2026-07-15T10:21:12.608+0000] {processor.py:161} INFO - Started process (PID=2598) to work on /opt/airflow/dags/crypto_pipeline_dag.py
[2026-07-15T10:21:12.609+0000] {processor.py:830} INFO - Processing file /opt/airflow/dags/crypto_pipeline_dag.py for tasks to queue
[2026-07-15T10:21:12.610+0000] {logging_mixin.py:188} INFO - [2026-07-15T10:21:12.610+0000] {dagbag.py:545} INFO - Filling up the DagBag from /opt/airflow/dags/crypto_pipeline_dag.py
[2026-07-15T10:21:12.619+0000] {processor.py:840} INFO - DAG(s) 'crypto_daily_pipeline' retrieved from /opt/airflow/dags/crypto_pipeline_dag.py
[2026-07-15T10:21:12.635+0000] {logging_mixin.py:188} INFO - [2026-07-15T10:21:12.635+0000] {dag.py:3089} INFO - Sync 1 DAGs
[2026-07-15T10:21:12.643+0000] {logging_mixin.py:188} INFO - [2026-07-15T10:21:12.643+0000] {dag.py:3947} INFO - Setting next_dagrun for crypto_daily_pipeline to 2026-07-15 00:00:00+00:00, run_after=2026-07-16 00:00:00+00:00
[2026-07-15T10:21:12.648+0000] {processor.py:183} INFO - Processing /opt/airflow/dags/crypto_pipeline_dag.py took 0.044 seconds
[2026-07-15T10:21:42.823+0000] {processor.py:161} INFO - Started process (PID=2603) to work on /opt/airflow/dags/crypto_pipeline_dag.py
[2026-07-15T10:21:42.824+0000] {processor.py:830} INFO - Processing file /opt/airflow/dags/crypto_pipeline_dag.py for tasks to queue
[2026-07-15T10:21:42.825+0000] {logging_mixin.py:188} INFO - [2026-07-15T10:21:42.824+0000] {dagbag.py:545} INFO - Filling up the DagBag from /opt/airflow/dags/crypto_pipeline_dag.py
[2026-07-15T10:21:42.835+0000] {processor.py:840} INFO - DAG(s) 'crypto_daily_pipeline' retrieved from /opt/airflow/dags/crypto_pipeline_dag.py
[2026-07-15T10:21:42.851+0000] {logging_mixin.py:188} INFO - [2026-07-15T10:21:42.851+0000] {dag.py:3089} INFO - Sync 1 DAGs
[2026-07-15T10:21:42.860+0000] {logging_mixin.py:188} INFO - [2026-07-15T10:21:42.860+0000] {dag.py:3947} INFO - Setting next_dagrun for crypto_daily_pipeline to 2026-07-15 00:00:00+00:00, run_after=2026-07-16 00:00:00+00:00
[2026-07-15T10:21:42.865+0000] {processor.py:183} INFO - Processing /opt/airflow/dags/crypto_pipeline_dag.py took 0.046 seconds
[2026-07-15T10:22:13.026+0000] {processor.py:161} INFO - Started process (PID=2608) to work on /opt/airflow/dags/crypto_pipeline_dag.py
[2026-07-15T10:22:13.027+0000] {processor.py:830} INFO - Processing file /opt/airflow/dags/crypto_pipeline_dag.py for tasks to queue
[2026-07-15T10:22:13.028+0000] {logging_mixin.py:188} INFO - [2026-07-15T10:22:13.028+0000] {dagbag.py:545} INFO - Filling up the DagBag from /opt/airflow/dags/crypto_pipeline_dag.py
[2026-07-15T10:22:13.037+0000] {processor.py:840} INFO - DAG(s) 'crypto_daily_pipeline' retrieved from /opt/airflow/dags/crypto_pipeline_dag.py
[2026-07-15T10:22:13.052+0000] {logging_mixin.py:188} INFO - [2026-07-15T10:22:13.052+0000] {dag.py:3089} INFO - Sync 1 DAGs
[2026-07-15T10:22:13.060+0000] {logging_mixin.py:188} INFO - [2026-07-15T10:22:13.060+0000] {dag.py:3947} INFO - Setting next_dagrun for crypto_daily_pipeline to 2026-07-15 00:00:00+00:00, run_after=2026-07-16 00:00:00+00:00
[2026-07-15T10:22:13.066+0000] {processor.py:183} INFO - Processing /opt/airflow/dags/crypto_pipeline_dag.py took 0.045 seconds
[2026-07-15T10:22:43.221+0000] {processor.py:161} INFO - Started process (PID=2613) to work on /opt/airflow/dags/crypto_pipeline_dag.py
[2026-07-15T10:22:43.221+0000] {processor.py:830} INFO - Processing file /opt/airflow/dags/crypto_pipeline_dag.py for tasks to queue
[2026-07-15T10:22:43.222+0000] {logging_mixin.py:188} INFO - [2026-07-15T10:22:43.222+0000] {dagbag.py:545} INFO - Filling up the DagBag from /opt/airflow/dags/crypto_pipeline_dag.py
[2026-07-15T10:22:43.231+0000] {processor.py:840} INFO - DAG(s) 'crypto_daily_pipeline' retrieved from /opt/airflow/dags/crypto_pipeline_dag.py
[2026-07-15T10:22:43.250+0000] {logging_mixin.py:188} INFO - [2026-07-15T10:22:43.249+0000] {dag.py:3089} INFO - Sync 1 DAGs
[2026-07-15T10:22:43.259+0000] {logging_mixin.py:188} INFO - [2026-07-15T10:22:43.259+0000] {dag.py:3947} INFO - Setting next_dagrun for crypto_daily_pipeline to 2026-07-15 00:00:00+00:00, run_after=2026-07-16 00:00:00+00:00
[2026-07-15T10:22:43.264+0000] {processor.py:183} INFO - Processing /opt/airflow/dags/crypto_pipeline_dag.py took 0.047 seconds
[2026-07-15T10:23:13.430+0000] {processor.py:161} INFO - Started process (PID=2618) to work on /opt/airflow/dags/crypto_pipeline_dag.py
[2026-07-15T10:23:13.430+0000] {processor.py:830} INFO - Processing file /opt/airflow/dags/crypto_pipeline_dag.py for tasks to queue
[2026-07-15T10:23:13.432+0000] {logging_mixin.py:188} INFO - [2026-07-15T10:23:13.432+0000] {dagbag.py:545} INFO - Filling up the DagBag from /opt/airflow/dags/crypto_pipeline_dag.py
[2026-07-15T10:23:13.442+0000] {processor.py:840} INFO - DAG(s) 'crypto_daily_pipeline' retrieved from /opt/airflow/dags/crypto_pipeline_dag.py
[2026-07-15T10:23:13.461+0000] {logging_mixin.py:188} INFO - [2026-07-15T10:23:13.461+0000] {dag.py:3089} INFO - Sync 1 DAGs
[2026-07-15T10:23:13.470+0000] {logging_mixin.py:188} INFO - [2026-07-15T10:23:13.470+0000] {dag.py:3947} INFO - Setting next_dagrun for crypto_daily_pipeline to 2026-07-15 00:00:00+00:00, run_after=2026-07-16 00:00:00+00:00
[2026-07-15T10:23:13.476+0000] {processor.py:183} INFO - Processing /opt/airflow/dags/crypto_pipeline_dag.py took 0.050 seconds
[2026-07-15T10:23:43.618+0000] {processor.py:161} INFO - Started process (PID=2623) to work on /opt/airflow/dags/crypto_pipeline_dag.py
[2026-07-15T10:23:43.619+0000] {processor.py:830} INFO - Processing file /opt/airflow/dags/crypto_pipeline_dag.py for tasks to queue
[2026-07-15T10:23:43.620+0000] {logging_mixin.py:188} INFO - [2026-07-15T10:23:43.620+0000] {dagbag.py:545} INFO - Filling up the DagBag from /opt/airflow/dags/crypto_pipeline_dag.py
[2026-07-15T10:23:43.629+0000] {processor.py:840} INFO - DAG(s) 'crypto_daily_pipeline' retrieved from /opt/airflow/dags/crypto_pipeline_dag.py
[2026-07-15T10:23:43.646+0000] {logging_mixin.py:188} INFO - [2026-07-15T10:23:43.646+0000] {dag.py:3089} INFO - Sync 1 DAGs
[2026-07-15T10:23:43.655+0000] {logging_mixin.py:188} INFO - [2026-07-15T10:23:43.655+0000] {dag.py:3947} INFO - Setting next_dagrun for crypto_daily_pipeline to 2026-07-15 00:00:00+00:00, run_after=2026-07-16 00:00:00+00:00
[2026-07-15T10:23:43.661+0000] {processor.py:183} INFO - Processing /opt/airflow/dags/crypto_pipeline_dag.py took 0.048 seconds
[2026-07-15T10:24:13.812+0000] {processor.py:161} INFO - Started process (PID=2628) to work on /opt/airflow/dags/crypto_pipeline_dag.py
[2026-07-15T10:24:13.813+0000] {processor.py:830} INFO - Processing file /opt/airflow/dags/crypto_pipeline_dag.py for tasks to queue
[2026-07-15T10:24:13.814+0000] {logging_mixin.py:188} INFO - [2026-07-15T10:24:13.814+0000] {dagbag.py:545} INFO - Filling up the DagBag from /opt/airflow/dags/crypto_pipeline_dag.py
[2026-07-15T10:24:13.823+0000] {processor.py:840} INFO - DAG(s) 'crypto_daily_pipeline' retrieved from /opt/airflow/dags/crypto_pipeline_dag.py
[2026-07-15T10:24:13.839+0000] {logging_mixin.py:188} INFO - [2026-07-15T10:24:13.839+0000] {dag.py:3089} INFO - Sync 1 DAGs
[2026-07-15T10:24:13.847+0000] {logging_mixin.py:188} INFO - [2026-07-15T10:24:13.847+0000] {dag.py:3947} INFO - Setting next_dagrun for crypto_daily_pipeline to 2026-07-15 00:00:00+00:00, run_after=2026-07-16 00:00:00+00:00
[2026-07-15T10:24:13.853+0000] {processor.py:183} INFO - Processing /opt/airflow/dags/crypto_pipeline_dag.py took 0.045 seconds
[2026-07-15T10:24:44.000+0000] {processor.py:161} INFO - Started process (PID=2633) to work on /opt/airflow/dags/crypto_pipeline_dag.py
[2026-07-15T10:24:44.000+0000] {processor.py:830} INFO - Processing file /opt/airflow/dags/crypto_pipeline_dag.py for tasks to queue
[2026-07-15T10:24:44.002+0000] {logging_mixin.py:188} INFO - [2026-07-15T10:24:44.002+0000] {dagbag.py:545} INFO - Filling up the DagBag from /opt/airflow/dags/crypto_pipeline_dag.py
[2026-07-15T10:24:44.012+0000] {processor.py:840} INFO - DAG(s) 'crypto_daily_pipeline' retrieved from /opt/airflow/dags/crypto_pipeline_dag.py
[2026-07-15T10:24:44.030+0000] {logging_mixin.py:188} INFO - [2026-07-15T10:24:44.030+0000] {dag.py:3089} INFO - Sync 1 DAGs
[2026-07-15T10:24:44.038+0000] {logging_mixin.py:188} INFO - [2026-07-15T10:24:44.038+0000] {dag.py:3947} INFO - Setting next_dagrun for crypto_daily_pipeline to 2026-07-15 00:00:00+00:00, run_after=2026-07-16 00:00:00+00:00
[2026-07-15T10:24:44.044+0000] {processor.py:183} INFO - Processing /opt/airflow/dags/crypto_pipeline_dag.py took 0.049 seconds
[2026-07-15T10:25:14.204+0000] {processor.py:161} INFO - Started process (PID=2638) to work on /opt/airflow/dags/crypto_pipeline_dag.py
[2026-07-15T10:25:14.204+0000] {processor.py:830} INFO - Processing file /opt/airflow/dags/crypto_pipeline_dag.py for tasks to queue
[2026-07-15T10:25:14.206+0000] {logging_mixin.py:188} INFO - [2026-07-15T10:25:14.206+0000] {dagbag.py:545} INFO - Filling up the DagBag from /opt/airflow/dags/crypto_pipeline_dag.py
[2026-07-15T10:25:14.215+0000] {processor.py:840} INFO - DAG(s) 'crypto_daily_pipeline' retrieved from /opt/airflow/dags/crypto_pipeline_dag.py
[2026-07-15T10:25:14.232+0000] {logging_mixin.py:188} INFO - [2026-07-15T10:25:14.232+0000] {dag.py:3089} INFO - Sync 1 DAGs
[2026-07-15T10:25:14.240+0000] {logging_mixin.py:188} INFO - [2026-07-15T10:25:14.240+0000] {dag.py:3947} INFO - Setting next_dagrun for crypto_daily_pipeline to 2026-07-15 00:00:00+00:00, run_after=2026-07-16 00:00:00+00:00
[2026-07-15T10:25:14.246+0000] {processor.py:183} INFO - Processing /opt/airflow/dags/crypto_pipeline_dag.py took 0.047 seconds
[2026-07-15T10:25:44.395+0000] {processor.py:161} INFO - Started process (PID=2643) to work on /opt/airflow/dags/crypto_pipeline_dag.py
[2026-07-15T10:25:44.396+0000] {processor.py:830} INFO - Processing file /opt/airflow/dags/crypto_pipeline_dag.py for tasks to queue
[2026-07-15T10:25:44.397+0000] {logging_mixin.py:188} INFO - [2026-07-15T10:25:44.397+0000] {dagbag.py:545} INFO - Filling up the DagBag from /opt/airflow/dags/crypto_pipeline_dag.py
[2026-07-15T10:25:44.406+0000] {processor.py:840} INFO - DAG(s) 'crypto_daily_pipeline' retrieved from /opt/airflow/dags/crypto_pipeline_dag.py
[2026-07-15T10:25:44.423+0000] {logging_mixin.py:188} INFO - [2026-07-15T10:25:44.423+0000] {dag.py:3089} INFO - Sync 1 DAGs
[2026-07-15T10:25:44.432+0000] {logging_mixin.py:188} INFO - [2026-07-15T10:25:44.432+0000] {dag.py:3947} INFO - Setting next_dagrun for crypto_daily_pipeline to 2026-07-15 00:00:00+00:00, run_after=2026-07-16 00:00:00+00:00
[2026-07-15T10:25:44.438+0000] {processor.py:183} INFO - Processing /opt/airflow/dags/crypto_pipeline_dag.py took 0.048 seconds
[2026-07-15T10:26:14.593+0000] {processor.py:161} INFO - Started process (PID=2648) to work on /opt/airflow/dags/crypto_pipeline_dag.py
[2026-07-15T10:26:14.593+0000] {processor.py:830} INFO - Processing file /opt/airflow/dags/crypto_pipeline_dag.py for tasks to queue
[2026-07-15T10:26:14.595+0000] {logging_mixin.py:188} INFO - [2026-07-15T10:26:14.595+0000] {dagbag.py:545} INFO - Filling up the DagBag from /opt/airflow/dags/crypto_pipeline_dag.py
[2026-07-15T10:26:14.605+0000] {processor.py:840} INFO - DAG(s) 'crypto_daily_pipeline' retrieved from /opt/airflow/dags/crypto_pipeline_dag.py
[2026-07-15T10:26:14.623+0000] {logging_mixin.py:188} INFO - [2026-07-15T10:26:14.623+0000] {dag.py:3089} INFO - Sync 1 DAGs
[2026-07-15T10:26:14.632+0000] {logging_mixin.py:188} INFO - [2026-07-15T10:26:14.632+0000] {dag.py:3947} INFO - Setting next_dagrun for crypto_daily_pipeline to 2026-07-15 00:00:00+00:00, run_after=2026-07-16 00:00:00+00:00
[2026-07-15T10:26:14.639+0000] {processor.py:183} INFO - Processing /opt/airflow/dags/crypto_pipeline_dag.py took 0.050 seconds
[2026-07-15T10:26:44.777+0000] {processor.py:161} INFO - Started process (PID=2653) to work on /opt/airflow/dags/crypto_pipeline_dag.py
[2026-07-15T10:26:44.777+0000] {processor.py:830} INFO - Processing file /opt/airflow/dags/crypto_pipeline_dag.py for tasks to queue
[2026-07-15T10:26:44.779+0000] {logging_mixin.py:188} INFO - [2026-07-15T10:26:44.778+0000] {dagbag.py:545} INFO - Filling up the DagBag from /opt/airflow/dags/crypto_pipeline_dag.py
[2026-07-15T10:26:44.788+0000] {processor.py:840} INFO - DAG(s) 'crypto_daily_pipeline' retrieved from /opt/airflow/dags/crypto_pipeline_dag.py
[2026-07-15T10:26:44.806+0000] {logging_mixin.py:188} INFO - [2026-07-15T10:26:44.806+0000] {dag.py:3089} INFO - Sync 1 DAGs
[2026-07-15T10:26:44.816+0000] {logging_mixin.py:188} INFO - [2026-07-15T10:26:44.816+0000] {dag.py:3947} INFO - Setting next_dagrun for crypto_daily_pipeline to 2026-07-15 00:00:00+00:00, run_after=2026-07-16 00:00:00+00:00
[2026-07-15T10:26:44.822+0000] {processor.py:183} INFO - Processing /opt/airflow/dags/crypto_pipeline_dag.py took 0.049 seconds
[2026-07-15T10:27:14.995+0000] {processor.py:161} INFO - Started process (PID=2658) to work on /opt/airflow/dags/crypto_pipeline_dag.py
[2026-07-15T10:27:14.996+0000] {processor.py:830} INFO - Processing file /opt/airflow/dags/crypto_pipeline_dag.py for tasks to queue
[2026-07-15T10:27:14.998+0000] {logging_mixin.py:188} INFO - [2026-07-15T10:27:14.997+0000] {dagbag.py:545} INFO - Filling up the DagBag from /opt/airflow/dags/crypto_pipeline_dag.py
[2026-07-15T10:27:15.008+0000] {processor.py:840} INFO - DAG(s) 'crypto_daily_pipeline' retrieved from /opt/airflow/dags/crypto_pipeline_dag.py
[2026-07-15T10:27:15.024+0000] {logging_mixin.py:188} INFO - [2026-07-15T10:27:15.024+0000] {dag.py:3089} INFO - Sync 1 DAGs
[2026-07-15T10:27:15.032+0000] {logging_mixin.py:188} INFO - [2026-07-15T10:27:15.032+0000] {dag.py:3947} INFO - Setting next_dagrun for crypto_daily_pipeline to 2026-07-15 00:00:00+00:00, run_after=2026-07-16 00:00:00+00:00
[2026-07-15T10:27:15.038+0000] {processor.py:183} INFO - Processing /opt/airflow/dags/crypto_pipeline_dag.py took 0.047 seconds
[2026-07-15T10:27:45.170+0000] {processor.py:161} INFO - Started process (PID=2663) to work on /opt/airflow/dags/crypto_pipeline_dag.py
[2026-07-15T10:27:45.171+0000] {processor.py:830} INFO - Processing file /opt/airflow/dags/crypto_pipeline_dag.py for tasks to queue
[2026-07-15T10:27:45.172+0000] {logging_mixin.py:188} INFO - [2026-07-15T10:27:45.172+0000] {dagbag.py:545} INFO - Filling up the DagBag from /opt/airflow/dags/crypto_pipeline_dag.py
[2026-07-15T10:27:45.182+0000] {processor.py:840} INFO - DAG(s) 'crypto_daily_pipeline' retrieved from /opt/airflow/dags/crypto_pipeline_dag.py
[2026-07-15T10:27:45.201+0000] {logging_mixin.py:188} INFO - [2026-07-15T10:27:45.201+0000] {dag.py:3089} INFO - Sync 1 DAGs
[2026-07-15T10:27:45.211+0000] {logging_mixin.py:188} INFO - [2026-07-15T10:27:45.211+0000] {dag.py:3947} INFO - Setting next_dagrun for crypto_daily_pipeline to 2026-07-15 00:00:00+00:00, run_after=2026-07-16 00:00:00+00:00
[2026-07-15T10:27:45.217+0000] {processor.py:183} INFO - Processing /opt/airflow/dags/crypto_pipeline_dag.py took 0.051 seconds
[2026-07-15T10:28:15.372+0000] {processor.py:161} INFO - Started process (PID=2668) to work on /opt/airflow/dags/crypto_pipeline_dag.py
[2026-07-15T10:28:15.372+0000] {processor.py:830} INFO - Processing file /opt/airflow/dags/crypto_pipeline_dag.py for tasks to queue
[2026-07-15T10:28:15.374+0000] {logging_mixin.py:188} INFO - [2026-07-15T10:28:15.374+0000] {dagbag.py:545} INFO - Filling up the DagBag from /opt/airflow/dags/crypto_pipeline_dag.py
[2026-07-15T10:28:15.384+0000] {processor.py:840} INFO - DAG(s) 'crypto_daily_pipeline' retrieved from /opt/airflow/dags/crypto_pipeline_dag.py
[2026-07-15T10:28:15.401+0000] {logging_mixin.py:188} INFO - [2026-07-15T10:28:15.401+0000] {dag.py:3089} INFO - Sync 1 DAGs
[2026-07-15T10:28:15.410+0000] {logging_mixin.py:188} INFO - [2026-07-15T10:28:15.410+0000] {dag.py:3947} INFO - Setting next_dagrun for crypto_daily_pipeline to 2026-07-15 00:00:00+00:00, run_after=2026-07-16 00:00:00+00:00
[2026-07-15T10:28:15.416+0000] {processor.py:183} INFO - Processing /opt/airflow/dags/crypto_pipeline_dag.py took 0.049 seconds
[2026-07-15T10:28:45.559+0000] {processor.py:161} INFO - Started process (PID=2673) to work on /opt/airflow/dags/crypto_pipeline_dag.py
[2026-07-15T10:28:45.560+0000] {processor.py:830} INFO - Processing file /opt/airflow/dags/crypto_pipeline_dag.py for tasks to queue
[2026-07-15T10:28:45.562+0000] {logging_mixin.py:188} INFO - [2026-07-15T10:28:45.562+0000] {dagbag.py:545} INFO - Filling up the DagBag from /opt/airflow/dags/crypto_pipeline_dag.py
[2026-07-15T10:28:45.571+0000] {processor.py:840} INFO - DAG(s) 'crypto_daily_pipeline' retrieved from /opt/airflow/dags/crypto_pipeline_dag.py
[2026-07-15T10:28:45.587+0000] {logging_mixin.py:188} INFO - [2026-07-15T10:28:45.587+0000] {dag.py:3089} INFO - Sync 1 DAGs
[2026-07-15T10:28:45.595+0000] {logging_mixin.py:188} INFO - [2026-07-15T10:28:45.595+0000] {dag.py:3947} INFO - Setting next_dagrun for crypto_daily_pipeline to 2026-07-15 00:00:00+00:00, run_after=2026-07-16 00:00:00+00:00
[2026-07-15T10:28:45.601+0000] {processor.py:183} INFO - Processing /opt/airflow/dags/crypto_pipeline_dag.py took 0.046 seconds
[2026-07-15T10:29:15.745+0000] {processor.py:161} INFO - Started process (PID=2678) to work on /opt/airflow/dags/crypto_pipeline_dag.py
[2026-07-15T10:29:15.746+0000] {processor.py:830} INFO - Processing file /opt/airflow/dags/crypto_pipeline_dag.py for tasks to queue
[2026-07-15T10:29:15.747+0000] {logging_mixin.py:188} INFO - [2026-07-15T10:29:15.747+0000] {dagbag.py:545} INFO - Filling up the DagBag from /opt/airflow/dags/crypto_pipeline_dag.py
[2026-07-15T10:29:15.753+0000] {processor.py:840} INFO - DAG(s) 'crypto_daily_pipeline' retrieved from /opt/airflow/dags/crypto_pipeline_dag.py
[2026-07-15T10:29:15.766+0000] {logging_mixin.py:188} INFO - [2026-07-15T10:29:15.766+0000] {dag.py:3089} INFO - Sync 1 DAGs
[2026-07-15T10:29:15.774+0000] {logging_mixin.py:188} INFO - [2026-07-15T10:29:15.774+0000] {dag.py:3947} INFO - Setting next_dagrun for crypto_daily_pipeline to 2026-07-15 00:00:00+00:00, run_after=2026-07-16 00:00:00+00:00
[2026-07-15T10:29:15.780+0000] {processor.py:183} INFO - Processing /opt/airflow/dags/crypto_pipeline_dag.py took 0.038 seconds
[2026-07-15T10:29:45.922+0000] {processor.py:161} INFO - Started process (PID=2683) to work on /opt/airflow/dags/crypto_pipeline_dag.py
[2026-07-15T10:29:45.922+0000] {processor.py:830} INFO - Processing file /opt/airflow/dags/crypto_pipeline_dag.py for tasks to queue
[2026-07-15T10:29:45.924+0000] {logging_mixin.py:188} INFO - [2026-07-15T10:29:45.924+0000] {dagbag.py:545} INFO - Filling up the DagBag from /opt/airflow/dags/crypto_pipeline_dag.py
[2026-07-15T10:29:45.933+0000] {processor.py:840} INFO - DAG(s) 'crypto_daily_pipeline' retrieved from /opt/airflow/dags/crypto_pipeline_dag.py
[2026-07-15T10:29:45.950+0000] {logging_mixin.py:188} INFO - [2026-07-15T10:29:45.950+0000] {dag.py:3089} INFO - Sync 1 DAGs
[2026-07-15T10:29:45.960+0000] {logging_mixin.py:188} INFO - [2026-07-15T10:29:45.960+0000] {dag.py:3947} INFO - Setting next_dagrun for crypto_daily_pipeline to 2026-07-15 00:00:00+00:00, run_after=2026-07-16 00:00:00+00:00
[2026-07-15T10:29:45.966+0000] {processor.py:183} INFO - Processing /opt/airflow/dags/crypto_pipeline_dag.py took 0.048 seconds
[2026-07-15T10:30:16.127+0000] {processor.py:161} INFO - Started process (PID=2688) to work on /opt/airflow/dags/crypto_pipeline_dag.py
[2026-07-15T10:30:16.128+0000] {processor.py:830} INFO - Processing file /opt/airflow/dags/crypto_pipeline_dag.py for tasks to queue
[2026-07-15T10:30:16.129+0000] {logging_mixin.py:188} INFO - [2026-07-15T10:30:16.129+0000] {dagbag.py:545} INFO - Filling up the DagBag from /opt/airflow/dags/crypto_pipeline_dag.py
[2026-07-15T10:30:16.138+0000] {processor.py:840} INFO - DAG(s) 'crypto_daily_pipeline' retrieved from /opt/airflow/dags/crypto_pipeline_dag.py
[2026-07-15T10:30:16.156+0000] {logging_mixin.py:188} INFO - [2026-07-15T10:30:16.156+0000] {dag.py:3089} INFO - Sync 1 DAGs
[2026-07-15T10:30:16.166+0000] {logging_mixin.py:188} INFO - [2026-07-15T10:30:16.166+0000] {dag.py:3947} INFO - Setting next_dagrun for crypto_daily_pipeline to 2026-07-15 00:00:00+00:00, run_after=2026-07-16 00:00:00+00:00
[2026-07-15T10:30:16.172+0000] {processor.py:183} INFO - Processing /opt/airflow/dags/crypto_pipeline_dag.py took 0.049 seconds
[2026-07-15T10:30:46.299+0000] {processor.py:161} INFO - Started process (PID=2693) to work on /opt/airflow/dags/crypto_pipeline_dag.py
[2026-07-15T10:30:46.300+0000] {processor.py:830} INFO - Processing file /opt/airflow/dags/crypto_pipeline_dag.py for tasks to queue
[2026-07-15T10:30:46.301+0000] {logging_mixin.py:188} INFO - [2026-07-15T10:30:46.301+0000] {dagbag.py:545} INFO - Filling up the DagBag from /opt/airflow/dags/crypto_pipeline_dag.py
[2026-07-15T10:30:46.311+0000] {processor.py:840} INFO - DAG(s) 'crypto_daily_pipeline' retrieved from /opt/airflow/dags/crypto_pipeline_dag.py
[2026-07-15T10:30:46.329+0000] {logging_mixin.py:188} INFO - [2026-07-15T10:30:46.328+0000] {dag.py:3089} INFO - Sync 1 DAGs
[2026-07-15T10:30:46.338+0000] {logging_mixin.py:188} INFO - [2026-07-15T10:30:46.338+0000] {dag.py:3947} INFO - Setting next_dagrun for crypto_daily_pipeline to 2026-07-15 00:00:00+00:00, run_after=2026-07-16 00:00:00+00:00
[2026-07-15T10:30:46.344+0000] {processor.py:183} INFO - Processing /opt/airflow/dags/crypto_pipeline_dag.py took 0.050 seconds
[2026-07-15T10:31:16.483+0000] {processor.py:161} INFO - Started process (PID=2698) to work on /opt/airflow/dags/crypto_pipeline_dag.py
[2026-07-15T10:31:16.484+0000] {processor.py:830} INFO - Processing file /opt/airflow/dags/crypto_pipeline_dag.py for tasks to queue
[2026-07-15T10:31:16.485+0000] {logging_mixin.py:188} INFO - [2026-07-15T10:31:16.485+0000] {dagbag.py:545} INFO - Filling up the DagBag from /opt/airflow/dags/crypto_pipeline_dag.py
[2026-07-15T10:31:16.494+0000] {processor.py:840} INFO - DAG(s) 'crypto_daily_pipeline' retrieved from /opt/airflow/dags/crypto_pipeline_dag.py
[2026-07-15T10:31:16.512+0000] {logging_mixin.py:188} INFO - [2026-07-15T10:31:16.512+0000] {dag.py:3089} INFO - Sync 1 DAGs
[2026-07-15T10:31:16.521+0000] {logging_mixin.py:188} INFO - [2026-07-15T10:31:16.521+0000] {dag.py:3947} INFO - Setting next_dagrun for crypto_daily_pipeline to 2026-07-15 00:00:00+00:00, run_after=2026-07-16 00:00:00+00:00
[2026-07-15T10:31:16.527+0000] {processor.py:183} INFO - Processing /opt/airflow/dags/crypto_pipeline_dag.py took 0.049 seconds
[2026-07-15T10:31:46.676+0000] {processor.py:161} INFO - Started process (PID=2703) to work on /opt/airflow/dags/crypto_pipeline_dag.py
[2026-07-15T10:31:46.676+0000] {processor.py:830} INFO - Processing file /opt/airflow/dags/crypto_pipeline_dag.py for tasks to queue
[2026-07-15T10:31:46.677+0000] {logging_mixin.py:188} INFO - [2026-07-15T10:31:46.677+0000] {dagbag.py:545} INFO - Filling up the DagBag from /opt/airflow/dags/crypto_pipeline_dag.py
[2026-07-15T10:31:46.682+0000] {processor.py:840} INFO - DAG(s) 'crypto_daily_pipeline' retrieved from /opt/airflow/dags/crypto_pipeline_dag.py
[2026-07-15T10:31:46.694+0000] {logging_mixin.py:188} INFO - [2026-07-15T10:31:46.694+0000] {dag.py:3089} INFO - Sync 1 DAGs
[2026-07-15T10:31:46.702+0000] {logging_mixin.py:188} INFO - [2026-07-15T10:31:46.702+0000] {dag.py:3947} INFO - Setting next_dagrun for crypto_daily_pipeline to 2026-07-15 00:00:00+00:00, run_after=2026-07-16 00:00:00+00:00
[2026-07-15T10:31:46.709+0000] {processor.py:183} INFO - Processing /opt/airflow/dags/crypto_pipeline_dag.py took 0.036 seconds
[2026-07-15T10:32:16.861+0000] {processor.py:161} INFO - Started process (PID=2708) to work on /opt/airflow/dags/crypto_pipeline_dag.py
[2026-07-15T10:32:16.862+0000] {processor.py:830} INFO - Processing file /opt/airflow/dags/crypto_pipeline_dag.py for tasks to queue
[2026-07-15T10:32:16.864+0000] {logging_mixin.py:188} INFO - [2026-07-15T10:32:16.864+0000] {dagbag.py:545} INFO - Filling up the DagBag from /opt/airflow/dags/crypto_pipeline_dag.py
[2026-07-15T10:32:16.873+0000] {processor.py:840} INFO - DAG(s) 'crypto_daily_pipeline' retrieved from /opt/airflow/dags/crypto_pipeline_dag.py
[2026-07-15T10:32:16.891+0000] {logging_mixin.py:188} INFO - [2026-07-15T10:32:16.890+0000] {dag.py:3089} INFO - Sync 1 DAGs
[2026-07-15T10:32:16.901+0000] {logging_mixin.py:188} INFO - [2026-07-15T10:32:16.901+0000] {dag.py:3947} INFO - Setting next_dagrun for crypto_daily_pipeline to 2026-07-15 00:00:00+00:00, run_after=2026-07-16 00:00:00+00:00
[2026-07-15T10:32:16.907+0000] {processor.py:183} INFO - Processing /opt/airflow/dags/crypto_pipeline_dag.py took 0.049 seconds
[2026-07-15T10:32:47.056+0000] {processor.py:161} INFO - Started process (PID=2713) to work on /opt/airflow/dags/crypto_pipeline_dag.py
[2026-07-15T10:32:47.056+0000] {processor.py:830} INFO - Processing file /opt/airflow/dags/crypto_pipeline_dag.py for tasks to queue
[2026-07-15T10:32:47.058+0000] {logging_mixin.py:188} INFO - [2026-07-15T10:32:47.058+0000] {dagbag.py:545} INFO - Filling up the DagBag from /opt/airflow/dags/crypto_pipeline_dag.py
[2026-07-15T10:32:47.067+0000] {processor.py:840} INFO - DAG(s) 'crypto_daily_pipeline' retrieved from /opt/airflow/dags/crypto_pipeline_dag.py
[2026-07-15T10:32:47.087+0000] {logging_mixin.py:188} INFO - [2026-07-15T10:32:47.086+0000] {dag.py:3089} INFO - Sync 1 DAGs
[2026-07-15T10:32:47.097+0000] {logging_mixin.py:188} INFO - [2026-07-15T10:32:47.096+0000] {dag.py:3947} INFO - Setting next_dagrun for crypto_daily_pipeline to 2026-07-15 00:00:00+00:00, run_after=2026-07-16 00:00:00+00:00
[2026-07-15T10:32:47.102+0000] {processor.py:183} INFO - Processing /opt/airflow/dags/crypto_pipeline_dag.py took 0.050 seconds
[2026-07-15T10:33:17.245+0000] {processor.py:161} INFO - Started process (PID=2718) to work on /opt/airflow/dags/crypto_pipeline_dag.py
[2026-07-15T10:33:17.246+0000] {processor.py:830} INFO - Processing file /opt/airflow/dags/crypto_pipeline_dag.py for tasks to queue
[2026-07-15T10:33:17.248+0000] {logging_mixin.py:188} INFO - [2026-07-15T10:33:17.247+0000] {dagbag.py:545} INFO - Filling up the DagBag from /opt/airflow/dags/crypto_pipeline_dag.py
[2026-07-15T10:33:17.257+0000] {processor.py:840} INFO - DAG(s) 'crypto_daily_pipeline' retrieved from /opt/airflow/dags/crypto_pipeline_dag.py
[2026-07-15T10:33:17.274+0000] {logging_mixin.py:188} INFO - [2026-07-15T10:33:17.274+0000] {dag.py:3089} INFO - Sync 1 DAGs
[2026-07-15T10:33:17.282+0000] {logging_mixin.py:188} INFO - [2026-07-15T10:33:17.282+0000] {dag.py:3947} INFO - Setting next_dagrun for crypto_daily_pipeline to 2026-07-15 00:00:00+00:00, run_after=2026-07-16 00:00:00+00:00
[2026-07-15T10:33:17.288+0000] {processor.py:183} INFO - Processing /opt/airflow/dags/crypto_pipeline_dag.py took 0.047 seconds
[2026-07-15T10:33:47.411+0000] {processor.py:161} INFO - Started process (PID=2723) to work on /opt/airflow/dags/crypto_pipeline_dag.py
[2026-07-15T10:33:47.412+0000] {processor.py:830} INFO - Processing file /opt/airflow/dags/crypto_pipeline_dag.py for tasks to queue
[2026-07-15T10:33:47.413+0000] {logging_mixin.py:188} INFO - [2026-07-15T10:33:47.413+0000] {dagbag.py:545} INFO - Filling up the DagBag from /opt/airflow/dags/crypto_pipeline_dag.py
[2026-07-15T10:33:47.422+0000] {processor.py:840} INFO - DAG(s) 'crypto_daily_pipeline' retrieved from /opt/airflow/dags/crypto_pipeline_dag.py
[2026-07-15T10:33:47.440+0000] {logging_mixin.py:188} INFO - [2026-07-15T10:33:47.440+0000] {dag.py:3089} INFO - Sync 1 DAGs
[2026-07-15T10:33:47.449+0000] {logging_mixin.py:188} INFO - [2026-07-15T10:33:47.449+0000] {dag.py:3947} INFO - Setting next_dagrun for crypto_daily_pipeline to 2026-07-15 00:00:00+00:00, run_after=2026-07-16 00:00:00+00:00
[2026-07-15T10:33:47.454+0000] {processor.py:183} INFO - Processing /opt/airflow/dags/crypto_pipeline_dag.py took 0.047 seconds
[2026-07-15T10:34:17.599+0000] {processor.py:161} INFO - Started process (PID=2728) to work on /opt/airflow/dags/crypto_pipeline_dag.py
[2026-07-15T10:34:17.600+0000] {processor.py:830} INFO - Processing file /opt/airflow/dags/crypto_pipeline_dag.py for tasks to queue
[2026-07-15T10:34:17.601+0000] {logging_mixin.py:188} INFO - [2026-07-15T10:34:17.601+0000] {dagbag.py:545} INFO - Filling up the DagBag from /opt/airflow/dags/crypto_pipeline_dag.py
[2026-07-15T10:34:17.611+0000] {processor.py:840} INFO - DAG(s) 'crypto_daily_pipeline' retrieved from /opt/airflow/dags/crypto_pipeline_dag.py
[2026-07-15T10:34:17.631+0000] {logging_mixin.py:188} INFO - [2026-07-15T10:34:17.631+0000] {dag.py:3089} INFO - Sync 1 DAGs
[2026-07-15T10:34:17.640+0000] {logging_mixin.py:188} INFO - [2026-07-15T10:34:17.640+0000] {dag.py:3947} INFO - Setting next_dagrun for crypto_daily_pipeline to 2026-07-15 00:00:00+00:00, run_after=2026-07-16 00:00:00+00:00
[2026-07-15T10:34:17.646+0000] {processor.py:183} INFO - Processing /opt/airflow/dags/crypto_pipeline_dag.py took 0.051 seconds
[2026-07-15T10:34:47.793+0000] {processor.py:161} INFO - Started process (PID=2733) to work on /opt/airflow/dags/crypto_pipeline_dag.py
[2026-07-15T10:34:47.794+0000] {processor.py:830} INFO - Processing file /opt/airflow/dags/crypto_pipeline_dag.py for tasks to queue
[2026-07-15T10:34:47.795+0000] {logging_mixin.py:188} INFO - [2026-07-15T10:34:47.795+0000] {dagbag.py:545} INFO - Filling up the DagBag from /opt/airflow/dags/crypto_pipeline_dag.py
[2026-07-15T10:34:47.805+0000] {processor.py:840} INFO - DAG(s) 'crypto_daily_pipeline' retrieved from /opt/airflow/dags/crypto_pipeline_dag.py
[2026-07-15T10:34:47.822+0000] {logging_mixin.py:188} INFO - [2026-07-15T10:34:47.822+0000] {dag.py:3089} INFO - Sync 1 DAGs
[2026-07-15T10:34:47.831+0000] {logging_mixin.py:188} INFO - [2026-07-15T10:34:47.831+0000] {dag.py:3947} INFO - Setting next_dagrun for crypto_daily_pipeline to 2026-07-15 00:00:00+00:00, run_after=2026-07-16 00:00:00+00:00
[2026-07-15T10:34:47.836+0000] {processor.py:183} INFO - Processing /opt/airflow/dags/crypto_pipeline_dag.py took 0.047 seconds
[2026-07-15T10:35:17.988+0000] {processor.py:161} INFO - Started process (PID=2738) to work on /opt/airflow/dags/crypto_pipeline_dag.py
[2026-07-15T10:35:17.989+0000] {processor.py:830} INFO - Processing file /opt/airflow/dags/crypto_pipeline_dag.py for tasks to queue
[2026-07-15T10:35:17.991+0000] {logging_mixin.py:188} INFO - [2026-07-15T10:35:17.990+0000] {dagbag.py:545} INFO - Filling up the DagBag from /opt/airflow/dags/crypto_pipeline_dag.py
[2026-07-15T10:35:18.000+0000] {processor.py:840} INFO - DAG(s) 'crypto_daily_pipeline' retrieved from /opt/airflow/dags/crypto_pipeline_dag.py
[2026-07-15T10:35:18.018+0000] {logging_mixin.py:188} INFO - [2026-07-15T10:35:18.017+0000] {dag.py:3089} INFO - Sync 1 DAGs
[2026-07-15T10:35:18.027+0000] {logging_mixin.py:188} INFO - [2026-07-15T10:35:18.027+0000] {dag.py:3947} INFO - Setting next_dagrun for crypto_daily_pipeline to 2026-07-15 00:00:00+00:00, run_after=2026-07-16 00:00:00+00:00
[2026-07-15T10:35:18.033+0000] {processor.py:183} INFO - Processing /opt/airflow/dags/crypto_pipeline_dag.py took 0.049 seconds
[2026-07-15T10:35:48.196+0000] {processor.py:161} INFO - Started process (PID=2743) to work on /opt/airflow/dags/crypto_pipeline_dag.py
[2026-07-15T10:35:48.197+0000] {processor.py:830} INFO - Processing file /opt/airflow/dags/crypto_pipeline_dag.py for tasks to queue
[2026-07-15T10:35:48.199+0000] {logging_mixin.py:188} INFO - [2026-07-15T10:35:48.199+0000] {dagbag.py:545} INFO - Filling up the DagBag from /opt/airflow/dags/crypto_pipeline_dag.py
[2026-07-15T10:35:48.208+0000] {processor.py:840} INFO - DAG(s) 'crypto_daily_pipeline' retrieved from /opt/airflow/dags/crypto_pipeline_dag.py
[2026-07-15T10:35:48.225+0000] {logging_mixin.py:188} INFO - [2026-07-15T10:35:48.225+0000] {dag.py:3089} INFO - Sync 1 DAGs
[2026-07-15T10:35:48.235+0000] {logging_mixin.py:188} INFO - [2026-07-15T10:35:48.235+0000] {dag.py:3947} INFO - Setting next_dagrun for crypto_daily_pipeline to 2026-07-15 00:00:00+00:00, run_after=2026-07-16 00:00:00+00:00
[2026-07-15T10:35:48.240+0000] {processor.py:183} INFO - Processing /opt/airflow/dags/crypto_pipeline_dag.py took 0.048 seconds
[2026-07-15T10:36:18.388+0000] {processor.py:161} INFO - Started process (PID=2748) to work on /opt/airflow/dags/crypto_pipeline_dag.py
[2026-07-15T10:36:18.388+0000] {processor.py:830} INFO - Processing file /opt/airflow/dags/crypto_pipeline_dag.py for tasks to queue
[2026-07-15T10:36:18.390+0000] {logging_mixin.py:188} INFO - [2026-07-15T10:36:18.389+0000] {dagbag.py:545} INFO - Filling up the DagBag from /opt/airflow/dags/crypto_pipeline_dag.py
[2026-07-15T10:36:18.394+0000] {processor.py:840} INFO - DAG(s) 'crypto_daily_pipeline' retrieved from /opt/airflow/dags/crypto_pipeline_dag.py
[2026-07-15T10:36:18.406+0000] {logging_mixin.py:188} INFO - [2026-07-15T10:36:18.406+0000] {dag.py:3089} INFO - Sync 1 DAGs
[2026-07-15T10:36:18.413+0000] {logging_mixin.py:188} INFO - [2026-07-15T10:36:18.413+0000] {dag.py:3947} INFO - Setting next_dagrun for crypto_daily_pipeline to 2026-07-15 00:00:00+00:00, run_after=2026-07-16 00:00:00+00:00
[2026-07-15T10:36:18.419+0000] {processor.py:183} INFO - Processing /opt/airflow/dags/crypto_pipeline_dag.py took 0.034 seconds
[2026-07-15T10:36:48.600+0000] {processor.py:161} INFO - Started process (PID=2753) to work on /opt/airflow/dags/crypto_pipeline_dag.py
[2026-07-15T10:36:48.601+0000] {processor.py:830} INFO - Processing file /opt/airflow/dags/crypto_pipeline_dag.py for tasks to queue
[2026-07-15T10:36:48.602+0000] {logging_mixin.py:188} INFO - [2026-07-15T10:36:48.602+0000] {dagbag.py:545} INFO - Filling up the DagBag from /opt/airflow/dags/crypto_pipeline_dag.py
[2026-07-15T10:36:48.609+0000] {processor.py:840} INFO - DAG(s) 'crypto_daily_pipeline' retrieved from /opt/airflow/dags/crypto_pipeline_dag.py
[2026-07-15T10:36:48.623+0000] {logging_mixin.py:188} INFO - [2026-07-15T10:36:48.623+0000] {dag.py:3089} INFO - Sync 1 DAGs
[2026-07-15T10:36:48.632+0000] {logging_mixin.py:188} INFO - [2026-07-15T10:36:48.631+0000] {dag.py:3947} INFO - Setting next_dagrun for crypto_daily_pipeline to 2026-07-15 00:00:00+00:00, run_after=2026-07-16 00:00:00+00:00
[2026-07-15T10:36:48.637+0000] {processor.py:183} INFO - Processing /opt/airflow/dags/crypto_pipeline_dag.py took 0.041 seconds
[2026-07-15T10:37:18.797+0000] {processor.py:161} INFO - Started process (PID=2758) to work on /opt/airflow/dags/crypto_pipeline_dag.py
[2026-07-15T10:37:18.798+0000] {processor.py:830} INFO - Processing file /opt/airflow/dags/crypto_pipeline_dag.py for tasks to queue
[2026-07-15T10:37:18.799+0000] {logging_mixin.py:188} INFO - [2026-07-15T10:37:18.799+0000] {dagbag.py:545} INFO - Filling up the DagBag from /opt/airflow/dags/crypto_pipeline_dag.py
[2026-07-15T10:37:18.808+0000] {processor.py:840} INFO - DAG(s) 'crypto_daily_pipeline' retrieved from /opt/airflow/dags/crypto_pipeline_dag.py
[2026-07-15T10:37:18.826+0000] {logging_mixin.py:188} INFO - [2026-07-15T10:37:18.826+0000] {dag.py:3089} INFO - Sync 1 DAGs
[2026-07-15T10:37:18.835+0000] {logging_mixin.py:188} INFO - [2026-07-15T10:37:18.835+0000] {dag.py:3947} INFO - Setting next_dagrun for crypto_daily_pipeline to 2026-07-15 00:00:00+00:00, run_after=2026-07-16 00:00:00+00:00
[2026-07-15T10:37:18.844+0000] {processor.py:183} INFO - Processing /opt/airflow/dags/crypto_pipeline_dag.py took 0.051 seconds
[2026-07-15T10:37:48.999+0000] {processor.py:161} INFO - Started process (PID=2763) to work on /opt/airflow/dags/crypto_pipeline_dag.py
[2026-07-15T10:37:48.999+0000] {processor.py:830} INFO - Processing file /opt/airflow/dags/crypto_pipeline_dag.py for tasks to queue
[2026-07-15T10:37:49.001+0000] {logging_mixin.py:188} INFO - [2026-07-15T10:37:49.001+0000] {dagbag.py:545} INFO - Filling up the DagBag from /opt/airflow/dags/crypto_pipeline_dag.py
[2026-07-15T10:37:49.011+0000] {processor.py:840} INFO - DAG(s) 'crypto_daily_pipeline' retrieved from /opt/airflow/dags/crypto_pipeline_dag.py
[2026-07-15T10:37:49.029+0000] {logging_mixin.py:188} INFO - [2026-07-15T10:37:49.029+0000] {dag.py:3089} INFO - Sync 1 DAGs
[2026-07-15T10:37:49.040+0000] {logging_mixin.py:188} INFO - [2026-07-15T10:37:49.040+0000] {dag.py:3947} INFO - Setting next_dagrun for crypto_daily_pipeline to 2026-07-15 00:00:00+00:00, run_after=2026-07-16 00:00:00+00:00
[2026-07-15T10:37:49.046+0000] {processor.py:183} INFO - Processing /opt/airflow/dags/crypto_pipeline_dag.py took 0.052 seconds
[2026-07-15T10:38:19.197+0000] {processor.py:161} INFO - Started process (PID=2768) to work on /opt/airflow/dags/crypto_pipeline_dag.py
[2026-07-15T10:38:19.198+0000] {processor.py:830} INFO - Processing file /opt/airflow/dags/crypto_pipeline_dag.py for tasks to queue
[2026-07-15T10:38:19.200+0000] {logging_mixin.py:188} INFO - [2026-07-15T10:38:19.200+0000] {dagbag.py:545} INFO - Filling up the DagBag from /opt/airflow/dags/crypto_pipeline_dag.py
[2026-07-15T10:38:19.211+0000] {processor.py:840} INFO - DAG(s) 'crypto_daily_pipeline' retrieved from /opt/airflow/dags/crypto_pipeline_dag.py
[2026-07-15T10:38:19.228+0000] {logging_mixin.py:188} INFO - [2026-07-15T10:38:19.228+0000] {dag.py:3089} INFO - Sync 1 DAGs
[2026-07-15T10:38:19.239+0000] {logging_mixin.py:188} INFO - [2026-07-15T10:38:19.239+0000] {dag.py:3947} INFO - Setting next_dagrun for crypto_daily_pipeline to 2026-07-15 00:00:00+00:00, run_after=2026-07-16 00:00:00+00:00
[2026-07-15T10:38:19.245+0000] {processor.py:183} INFO - Processing /opt/airflow/dags/crypto_pipeline_dag.py took 0.052 seconds
[2026-07-15T10:38:49.406+0000] {processor.py:161} INFO - Started process (PID=2773) to work on /opt/airflow/dags/crypto_pipeline_dag.py
[2026-07-15T10:38:49.407+0000] {processor.py:830} INFO - Processing file /opt/airflow/dags/crypto_pipeline_dag.py for tasks to queue
[2026-07-15T10:38:49.408+0000] {logging_mixin.py:188} INFO - [2026-07-15T10:38:49.408+0000] {dagbag.py:545} INFO - Filling up the DagBag from /opt/airflow/dags/crypto_pipeline_dag.py
[2026-07-15T10:38:49.417+0000] {processor.py:840} INFO - DAG(s) 'crypto_daily_pipeline' retrieved from /opt/airflow/dags/crypto_pipeline_dag.py
[2026-07-15T10:38:49.435+0000] {logging_mixin.py:188} INFO - [2026-07-15T10:38:49.435+0000] {dag.py:3089} INFO - Sync 1 DAGs
[2026-07-15T10:38:49.445+0000] {logging_mixin.py:188} INFO - [2026-07-15T10:38:49.445+0000] {dag.py:3947} INFO - Setting next_dagrun for crypto_daily_pipeline to 2026-07-15 00:00:00+00:00, run_after=2026-07-16 00:00:00+00:00
[2026-07-15T10:38:49.452+0000] {processor.py:183} INFO - Processing /opt/airflow/dags/crypto_pipeline_dag.py took 0.050 seconds
[2026-07-15T10:39:19.624+0000] {processor.py:161} INFO - Started process (PID=2778) to work on /opt/airflow/dags/crypto_pipeline_dag.py
[2026-07-15T10:39:19.625+0000] {processor.py:830} INFO - Processing file /opt/airflow/dags/crypto_pipeline_dag.py for tasks to queue
[2026-07-15T10:39:19.626+0000] {logging_mixin.py:188} INFO - [2026-07-15T10:39:19.626+0000] {dagbag.py:545} INFO - Filling up the DagBag from /opt/airflow/dags/crypto_pipeline_dag.py
[2026-07-15T10:39:19.635+0000] {processor.py:840} INFO - DAG(s) 'crypto_daily_pipeline' retrieved from /opt/airflow/dags/crypto_pipeline_dag.py
[2026-07-15T10:39:19.654+0000] {logging_mixin.py:188} INFO - [2026-07-15T10:39:19.653+0000] {dag.py:3089} INFO - Sync 1 DAGs
[2026-07-15T10:39:19.664+0000] {logging_mixin.py:188} INFO - [2026-07-15T10:39:19.664+0000] {dag.py:3947} INFO - Setting next_dagrun for crypto_daily_pipeline to 2026-07-15 00:00:00+00:00, run_after=2026-07-16 00:00:00+00:00
[2026-07-15T10:39:19.670+0000] {processor.py:183} INFO - Processing /opt/airflow/dags/crypto_pipeline_dag.py took 0.050 seconds
[2026-07-15T10:39:49.809+0000] {processor.py:161} INFO - Started process (PID=2783) to work on /opt/airflow/dags/crypto_pipeline_dag.py
[2026-07-15T10:39:49.809+0000] {processor.py:830} INFO - Processing file /opt/airflow/dags/crypto_pipeline_dag.py for tasks to queue
[2026-07-15T10:39:49.810+0000] {logging_mixin.py:188} INFO - [2026-07-15T10:39:49.810+0000] {dagbag.py:545} INFO - Filling up the DagBag from /opt/airflow/dags/crypto_pipeline_dag.py
[2026-07-15T10:39:49.815+0000] {processor.py:840} INFO - DAG(s) 'crypto_daily_pipeline' retrieved from /opt/airflow/dags/crypto_pipeline_dag.py
[2026-07-15T10:39:49.827+0000] {logging_mixin.py:188} INFO - [2026-07-15T10:39:49.827+0000] {dag.py:3089} INFO - Sync 1 DAGs
[2026-07-15T10:39:49.834+0000] {logging_mixin.py:188} INFO - [2026-07-15T10:39:49.834+0000] {dag.py:3947} INFO - Setting next_dagrun for crypto_daily_pipeline to 2026-07-15 00:00:00+00:00, run_after=2026-07-16 00:00:00+00:00
[2026-07-15T10:39:49.842+0000] {processor.py:183} INFO - Processing /opt/airflow/dags/crypto_pipeline_dag.py took 0.036 seconds
[2026-07-15T10:40:20.035+0000] {processor.py:161} INFO - Started process (PID=2788) to work on /opt/airflow/dags/crypto_pipeline_dag.py
[2026-07-15T10:40:20.036+0000] {processor.py:830} INFO - Processing file /opt/airflow/dags/crypto_pipeline_dag.py for tasks to queue
[2026-07-15T10:40:20.038+0000] {logging_mixin.py:188} INFO - [2026-07-15T10:40:20.037+0000] {dagbag.py:545} INFO - Filling up the DagBag from /opt/airflow/dags/crypto_pipeline_dag.py
[2026-07-15T10:40:20.046+0000] {processor.py:840} INFO - DAG(s) 'crypto_daily_pipeline' retrieved from /opt/airflow/dags/crypto_pipeline_dag.py
[2026-07-15T10:40:20.063+0000] {logging_mixin.py:188} INFO - [2026-07-15T10:40:20.063+0000] {dag.py:3089} INFO - Sync 1 DAGs
[2026-07-15T10:40:20.073+0000] {logging_mixin.py:188} INFO - [2026-07-15T10:40:20.072+0000] {dag.py:3947} INFO - Setting next_dagrun for crypto_daily_pipeline to 2026-07-15 00:00:00+00:00, run_after=2026-07-16 00:00:00+00:00
[2026-07-15T10:40:20.079+0000] {processor.py:183} INFO - Processing /opt/airflow/dags/crypto_pipeline_dag.py took 0.048 seconds
[2026-07-15T10:40:50.227+0000] {processor.py:161} INFO - Started process (PID=2793) to work on /opt/airflow/dags/crypto_pipeline_dag.py
[2026-07-15T10:40:50.227+0000] {processor.py:830} INFO - Processing file /opt/airflow/dags/crypto_pipeline_dag.py for tasks to queue
[2026-07-15T10:40:50.229+0000] {logging_mixin.py:188} INFO - [2026-07-15T10:40:50.229+0000] {dagbag.py:545} INFO - Filling up the DagBag from /opt/airflow/dags/crypto_pipeline_dag.py
[2026-07-15T10:40:50.238+0000] {processor.py:840} INFO - DAG(s) 'crypto_daily_pipeline' retrieved from /opt/airflow/dags/crypto_pipeline_dag.py
[2026-07-15T10:40:50.258+0000] {logging_mixin.py:188} INFO - [2026-07-15T10:40:50.258+0000] {dag.py:3089} INFO - Sync 1 DAGs
[2026-07-15T10:40:50.268+0000] {logging_mixin.py:188} INFO - [2026-07-15T10:40:50.267+0000] {dag.py:3947} INFO - Setting next_dagrun for crypto_daily_pipeline to 2026-07-15 00:00:00+00:00, run_after=2026-07-16 00:00:00+00:00
[2026-07-15T10:40:50.274+0000] {processor.py:183} INFO - Processing /opt/airflow/dags/crypto_pipeline_dag.py took 0.052 seconds
[2026-07-15T10:41:20.464+0000] {processor.py:161} INFO - Started process (PID=2798) to work on /opt/airflow/dags/crypto_pipeline_dag.py
[2026-07-15T10:41:20.464+0000] {processor.py:830} INFO - Processing file /opt/airflow/dags/crypto_pipeline_dag.py for tasks to queue
[2026-07-15T10:41:20.467+0000] {logging_mixin.py:188} INFO - [2026-07-15T10:41:20.466+0000] {dagbag.py:545} INFO - Filling up the DagBag from /opt/airflow/dags/crypto_pipeline_dag.py
[2026-07-15T10:41:20.476+0000] {processor.py:840} INFO - DAG(s) 'crypto_daily_pipeline' retrieved from /opt/airflow/dags/crypto_pipeline_dag.py
[2026-07-15T10:41:20.493+0000] {logging_mixin.py:188} INFO - [2026-07-15T10:41:20.493+0000] {dag.py:3089} INFO - Sync 1 DAGs
[2026-07-15T10:41:20.504+0000] {logging_mixin.py:188} INFO - [2026-07-15T10:41:20.504+0000] {dag.py:3947} INFO - Setting next_dagrun for crypto_daily_pipeline to 2026-07-15 00:00:00+00:00, run_after=2026-07-16 00:00:00+00:00
[2026-07-15T10:41:20.510+0000] {processor.py:183} INFO - Processing /opt/airflow/dags/crypto_pipeline_dag.py took 0.050 seconds
[2026-07-15T10:41:50.681+0000] {processor.py:161} INFO - Started process (PID=2803) to work on /opt/airflow/dags/crypto_pipeline_dag.py
[2026-07-15T10:41:50.682+0000] {processor.py:830} INFO - Processing file /opt/airflow/dags/crypto_pipeline_dag.py for tasks to queue
[2026-07-15T10:41:50.684+0000] {logging_mixin.py:188} INFO - [2026-07-15T10:41:50.684+0000] {dagbag.py:545} INFO - Filling up the DagBag from /opt/airflow/dags/crypto_pipeline_dag.py
[2026-07-15T10:41:50.694+0000] {processor.py:840} INFO - DAG(s) 'crypto_daily_pipeline' retrieved from /opt/airflow/dags/crypto_pipeline_dag.py
[2026-07-15T10:41:50.711+0000] {logging_mixin.py:188} INFO - [2026-07-15T10:41:50.711+0000] {dag.py:3089} INFO - Sync 1 DAGs
[2026-07-15T10:41:50.720+0000] {logging_mixin.py:188} INFO - [2026-07-15T10:41:50.720+0000] {dag.py:3947} INFO - Setting next_dagrun for crypto_daily_pipeline to 2026-07-15 00:00:00+00:00, run_after=2026-07-16 00:00:00+00:00
[2026-07-15T10:41:50.726+0000] {processor.py:183} INFO - Processing /opt/airflow/dags/crypto_pipeline_dag.py took 0.050 seconds
[2026-07-15T10:42:20.895+0000] {processor.py:161} INFO - Started process (PID=2808) to work on /opt/airflow/dags/crypto_pipeline_dag.py
[2026-07-15T10:42:20.896+0000] {processor.py:830} INFO - Processing file /opt/airflow/dags/crypto_pipeline_dag.py for tasks to queue
[2026-07-15T10:42:20.897+0000] {logging_mixin.py:188} INFO - [2026-07-15T10:42:20.897+0000] {dagbag.py:545} INFO - Filling up the DagBag from /opt/airflow/dags/crypto_pipeline_dag.py
[2026-07-15T10:42:20.905+0000] {processor.py:840} INFO - DAG(s) 'crypto_daily_pipeline' retrieved from /opt/airflow/dags/crypto_pipeline_dag.py
[2026-07-15T10:42:20.922+0000] {logging_mixin.py:188} INFO - [2026-07-15T10:42:20.921+0000] {dag.py:3089} INFO - Sync 1 DAGs
[2026-07-15T10:42:20.931+0000] {logging_mixin.py:188} INFO - [2026-07-15T10:42:20.931+0000] {dag.py:3947} INFO - Setting next_dagrun for crypto_daily_pipeline to 2026-07-15 00:00:00+00:00, run_after=2026-07-16 00:00:00+00:00
[2026-07-15T10:42:20.936+0000] {processor.py:183} INFO - Processing /opt/airflow/dags/crypto_pipeline_dag.py took 0.045 seconds
[2026-07-15T10:42:51.091+0000] {processor.py:161} INFO - Started process (PID=2813) to work on /opt/airflow/dags/crypto_pipeline_dag.py
[2026-07-15T10:42:51.092+0000] {processor.py:830} INFO - Processing file /opt/airflow/dags/crypto_pipeline_dag.py for tasks to queue
[2026-07-15T10:42:51.094+0000] {logging_mixin.py:188} INFO - [2026-07-15T10:42:51.094+0000] {dagbag.py:545} INFO - Filling up the DagBag from /opt/airflow/dags/crypto_pipeline_dag.py
[2026-07-15T10:42:51.103+0000] {processor.py:840} INFO - DAG(s) 'crypto_daily_pipeline' retrieved from /opt/airflow/dags/crypto_pipeline_dag.py
[2026-07-15T10:42:51.122+0000] {logging_mixin.py:188} INFO - [2026-07-15T10:42:51.122+0000] {dag.py:3089} INFO - Sync 1 DAGs
[2026-07-15T10:42:51.132+0000] {logging_mixin.py:188} INFO - [2026-07-15T10:42:51.132+0000] {dag.py:3947} INFO - Setting next_dagrun for crypto_daily_pipeline to 2026-07-15 00:00:00+00:00, run_after=2026-07-16 00:00:00+00:00
[2026-07-15T10:42:51.139+0000] {processor.py:183} INFO - Processing /opt/airflow/dags/crypto_pipeline_dag.py took 0.052 seconds
[2026-07-15T10:43:21.291+0000] {processor.py:161} INFO - Started process (PID=2818) to work on /opt/airflow/dags/crypto_pipeline_dag.py
[2026-07-15T10:43:21.292+0000] {processor.py:830} INFO - Processing file /opt/airflow/dags/crypto_pipeline_dag.py for tasks to queue
[2026-07-15T10:43:21.293+0000] {logging_mixin.py:188} INFO - [2026-07-15T10:43:21.293+0000] {dagbag.py:545} INFO - Filling up the DagBag from /opt/airflow/dags/crypto_pipeline_dag.py
[2026-07-15T10:43:21.302+0000] {processor.py:840} INFO - DAG(s) 'crypto_daily_pipeline' retrieved from /opt/airflow/dags/crypto_pipeline_dag.py
[2026-07-15T10:43:21.319+0000] {logging_mixin.py:188} INFO - [2026-07-15T10:43:21.319+0000] {dag.py:3089} INFO - Sync 1 DAGs
[2026-07-15T10:43:21.330+0000] {logging_mixin.py:188} INFO - [2026-07-15T10:43:21.330+0000] {dag.py:3947} INFO - Setting next_dagrun for crypto_daily_pipeline to 2026-07-15 00:00:00+00:00, run_after=2026-07-16 00:00:00+00:00
[2026-07-15T10:43:21.336+0000] {processor.py:183} INFO - Processing /opt/airflow/dags/crypto_pipeline_dag.py took 0.050 seconds
[2026-07-15T10:43:51.538+0000] {processor.py:161} INFO - Started process (PID=2823) to work on /opt/airflow/dags/crypto_pipeline_dag.py
[2026-07-15T10:43:51.539+0000] {processor.py:830} INFO - Processing file /opt/airflow/dags/crypto_pipeline_dag.py for tasks to queue
[2026-07-15T10:43:51.541+0000] {logging_mixin.py:188} INFO - [2026-07-15T10:43:51.541+0000] {dagbag.py:545} INFO - Filling up the DagBag from /opt/airflow/dags/crypto_pipeline_dag.py
[2026-07-15T10:43:51.549+0000] {processor.py:840} INFO - DAG(s) 'crypto_daily_pipeline' retrieved from /opt/airflow/dags/crypto_pipeline_dag.py
[2026-07-15T10:43:51.566+0000] {logging_mixin.py:188} INFO - [2026-07-15T10:43:51.566+0000] {dag.py:3089} INFO - Sync 1 DAGs
[2026-07-15T10:43:51.576+0000] {logging_mixin.py:188} INFO - [2026-07-15T10:43:51.576+0000] {dag.py:3947} INFO - Setting next_dagrun for crypto_daily_pipeline to 2026-07-15 00:00:00+00:00, run_after=2026-07-16 00:00:00+00:00
[2026-07-15T10:43:51.582+0000] {processor.py:183} INFO - Processing /opt/airflow/dags/crypto_pipeline_dag.py took 0.049 seconds
[2026-07-15T10:44:21.725+0000] {processor.py:161} INFO - Started process (PID=2828) to work on /opt/airflow/dags/crypto_pipeline_dag.py
[2026-07-15T10:44:21.726+0000] {processor.py:830} INFO - Processing file /opt/airflow/dags/crypto_pipeline_dag.py for tasks to queue
[2026-07-15T10:44:21.728+0000] {logging_mixin.py:188} INFO - [2026-07-15T10:44:21.728+0000] {dagbag.py:545} INFO - Filling up the DagBag from /opt/airflow/dags/crypto_pipeline_dag.py
[2026-07-15T10:44:21.737+0000] {processor.py:840} INFO - DAG(s) 'crypto_daily_pipeline' retrieved from /opt/airflow/dags/crypto_pipeline_dag.py
[2026-07-15T10:44:21.755+0000] {logging_mixin.py:188} INFO - [2026-07-15T10:44:21.754+0000] {dag.py:3089} INFO - Sync 1 DAGs
[2026-07-15T10:44:21.764+0000] {logging_mixin.py:188} INFO - [2026-07-15T10:44:21.764+0000] {dag.py:3947} INFO - Setting next_dagrun for crypto_daily_pipeline to 2026-07-15 00:00:00+00:00, run_after=2026-07-16 00:00:00+00:00
[2026-07-15T10:44:21.771+0000] {processor.py:183} INFO - Processing /opt/airflow/dags/crypto_pipeline_dag.py took 0.050 seconds
[2026-07-15T10:44:51.926+0000] {processor.py:161} INFO - Started process (PID=2833) to work on /opt/airflow/dags/crypto_pipeline_dag.py
[2026-07-15T10:44:51.926+0000] {processor.py:830} INFO - Processing file /opt/airflow/dags/crypto_pipeline_dag.py for tasks to queue
[2026-07-15T10:44:51.928+0000] {logging_mixin.py:188} INFO - [2026-07-15T10:44:51.928+0000] {dagbag.py:545} INFO - Filling up the DagBag from /opt/airflow/dags/crypto_pipeline_dag.py
[2026-07-15T10:44:51.937+0000] {processor.py:840} INFO - DAG(s) 'crypto_daily_pipeline' retrieved from /opt/airflow/dags/crypto_pipeline_dag.py
[2026-07-15T10:44:51.957+0000] {logging_mixin.py:188} INFO - [2026-07-15T10:44:51.956+0000] {dag.py:3089} INFO - Sync 1 DAGs
[2026-07-15T10:44:51.966+0000] {logging_mixin.py:188} INFO - [2026-07-15T10:44:51.966+0000] {dag.py:3947} INFO - Setting next_dagrun for crypto_daily_pipeline to 2026-07-15 00:00:00+00:00, run_after=2026-07-16 00:00:00+00:00
[2026-07-15T10:44:51.972+0000] {processor.py:183} INFO - Processing /opt/airflow/dags/crypto_pipeline_dag.py took 0.051 seconds
[2026-07-15T10:45:22.173+0000] {processor.py:161} INFO - Started process (PID=2838) to work on /opt/airflow/dags/crypto_pipeline_dag.py
[2026-07-15T10:45:22.174+0000] {processor.py:830} INFO - Processing file /opt/airflow/dags/crypto_pipeline_dag.py for tasks to queue
[2026-07-15T10:45:22.176+0000] {logging_mixin.py:188} INFO - [2026-07-15T10:45:22.175+0000] {dagbag.py:545} INFO - Filling up the DagBag from /opt/airflow/dags/crypto_pipeline_dag.py
[2026-07-15T10:45:22.184+0000] {processor.py:840} INFO - DAG(s) 'crypto_daily_pipeline' retrieved from /opt/airflow/dags/crypto_pipeline_dag.py
[2026-07-15T10:45:22.201+0000] {logging_mixin.py:188} INFO - [2026-07-15T10:45:22.200+0000] {dag.py:3089} INFO - Sync 1 DAGs
[2026-07-15T10:45:22.210+0000] {logging_mixin.py:188} INFO - [2026-07-15T10:45:22.210+0000] {dag.py:3947} INFO - Setting next_dagrun for crypto_daily_pipeline to 2026-07-15 00:00:00+00:00, run_after=2026-07-16 00:00:00+00:00
[2026-07-15T10:45:22.216+0000] {processor.py:183} INFO - Processing /opt/airflow/dags/crypto_pipeline_dag.py took 0.047 seconds
[2026-07-15T10:45:52.392+0000] {processor.py:161} INFO - Started process (PID=2843) to work on /opt/airflow/dags/crypto_pipeline_dag.py
[2026-07-15T10:45:52.393+0000] {processor.py:830} INFO - Processing file /opt/airflow/dags/crypto_pipeline_dag.py for tasks to queue
[2026-07-15T10:45:52.394+0000] {logging_mixin.py:188} INFO - [2026-07-15T10:45:52.394+0000] {dagbag.py:545} INFO - Filling up the DagBag from /opt/airflow/dags/crypto_pipeline_dag.py
[2026-07-15T10:45:52.403+0000] {processor.py:840} INFO - DAG(s) 'crypto_daily_pipeline' retrieved from /opt/airflow/dags/crypto_pipeline_dag.py
[2026-07-15T10:45:52.419+0000] {logging_mixin.py:188} INFO - [2026-07-15T10:45:52.419+0000] {dag.py:3089} INFO - Sync 1 DAGs
[2026-07-15T10:45:52.427+0000] {logging_mixin.py:188} INFO - [2026-07-15T10:45:52.427+0000] {dag.py:3947} INFO - Setting next_dagrun for crypto_daily_pipeline to 2026-07-15 00:00:00+00:00, run_after=2026-07-16 00:00:00+00:00
[2026-07-15T10:45:52.433+0000] {processor.py:183} INFO - Processing /opt/airflow/dags/crypto_pipeline_dag.py took 0.047 seconds
[2026-07-15T10:46:22.632+0000] {processor.py:161} INFO - Started process (PID=2848) to work on /opt/airflow/dags/crypto_pipeline_dag.py
[2026-07-15T10:46:22.633+0000] {processor.py:830} INFO - Processing file /opt/airflow/dags/crypto_pipeline_dag.py for tasks to queue
[2026-07-15T10:46:22.634+0000] {logging_mixin.py:188} INFO - [2026-07-15T10:46:22.634+0000] {dagbag.py:545} INFO - Filling up the DagBag from /opt/airflow/dags/crypto_pipeline_dag.py
[2026-07-15T10:46:22.642+0000] {processor.py:840} INFO - DAG(s) 'crypto_daily_pipeline' retrieved from /opt/airflow/dags/crypto_pipeline_dag.py
[2026-07-15T10:46:22.659+0000] {logging_mixin.py:188} INFO - [2026-07-15T10:46:22.659+0000] {dag.py:3089} INFO - Sync 1 DAGs
[2026-07-15T10:46:22.668+0000] {logging_mixin.py:188} INFO - [2026-07-15T10:46:22.668+0000] {dag.py:3947} INFO - Setting next_dagrun for crypto_daily_pipeline to 2026-07-15 00:00:00+00:00, run_after=2026-07-16 00:00:00+00:00
[2026-07-15T10:46:22.674+0000] {processor.py:183} INFO - Processing /opt/airflow/dags/crypto_pipeline_dag.py took 0.047 seconds
[2026-07-15T10:46:52.814+0000] {processor.py:161} INFO - Started process (PID=2853) to work on /opt/airflow/dags/crypto_pipeline_dag.py
[2026-07-15T10:46:52.815+0000] {processor.py:830} INFO - Processing file /opt/airflow/dags/crypto_pipeline_dag.py for tasks to queue
[2026-07-15T10:46:52.816+0000] {logging_mixin.py:188} INFO - [2026-07-15T10:46:52.816+0000] {dagbag.py:545} INFO - Filling up the DagBag from /opt/airflow/dags/crypto_pipeline_dag.py
[2026-07-15T10:46:52.825+0000] {processor.py:840} INFO - DAG(s) 'crypto_daily_pipeline' retrieved from /opt/airflow/dags/crypto_pipeline_dag.py
[2026-07-15T10:46:52.844+0000] {logging_mixin.py:188} INFO - [2026-07-15T10:46:52.844+0000] {dag.py:3089} INFO - Sync 1 DAGs
[2026-07-15T10:46:52.855+0000] {logging_mixin.py:188} INFO - [2026-07-15T10:46:52.855+0000] {dag.py:3947} INFO - Setting next_dagrun for crypto_daily_pipeline to 2026-07-15 00:00:00+00:00, run_after=2026-07-16 00:00:00+00:00
[2026-07-15T10:46:52.861+0000] {processor.py:183} INFO - Processing /opt/airflow/dags/crypto_pipeline_dag.py took 0.051 seconds
[2026-07-15T10:47:23.019+0000] {processor.py:161} INFO - Started process (PID=2858) to work on /opt/airflow/dags/crypto_pipeline_dag.py
[2026-07-15T10:47:23.019+0000] {processor.py:830} INFO - Processing file /opt/airflow/dags/crypto_pipeline_dag.py for tasks to queue
[2026-07-15T10:47:23.020+0000] {logging_mixin.py:188} INFO - [2026-07-15T10:47:23.020+0000] {dagbag.py:545} INFO - Filling up the DagBag from /opt/airflow/dags/crypto_pipeline_dag.py
[2026-07-15T10:47:23.026+0000] {processor.py:840} INFO - DAG(s) 'crypto_daily_pipeline' retrieved from /opt/airflow/dags/crypto_pipeline_dag.py
[2026-07-15T10:47:23.040+0000] {logging_mixin.py:188} INFO - [2026-07-15T10:47:23.040+0000] {dag.py:3089} INFO - Sync 1 DAGs
[2026-07-15T10:47:23.048+0000] {logging_mixin.py:188} INFO - [2026-07-15T10:47:23.048+0000] {dag.py:3947} INFO - Setting next_dagrun for crypto_daily_pipeline to 2026-07-15 00:00:00+00:00, run_after=2026-07-16 00:00:00+00:00
[2026-07-15T10:47:23.053+0000] {processor.py:183} INFO - Processing /opt/airflow/dags/crypto_pipeline_dag.py took 0.038 seconds
[2026-07-15T10:47:53.287+0000] {processor.py:161} INFO - Started process (PID=2863) to work on /opt/airflow/dags/crypto_pipeline_dag.py
[2026-07-15T10:47:53.288+0000] {processor.py:830} INFO - Processing file /opt/airflow/dags/crypto_pipeline_dag.py for tasks to queue
[2026-07-15T10:47:53.289+0000] {logging_mixin.py:188} INFO - [2026-07-15T10:47:53.289+0000] {dagbag.py:545} INFO - Filling up the DagBag from /opt/airflow/dags/crypto_pipeline_dag.py
[2026-07-15T10:47:53.298+0000] {processor.py:840} INFO - DAG(s) 'crypto_daily_pipeline' retrieved from /opt/airflow/dags/crypto_pipeline_dag.py
[2026-07-15T10:47:53.315+0000] {logging_mixin.py:188} INFO - [2026-07-15T10:47:53.315+0000] {dag.py:3089} INFO - Sync 1 DAGs
[2026-07-15T10:47:53.326+0000] {logging_mixin.py:188} INFO - [2026-07-15T10:47:53.326+0000] {dag.py:3947} INFO - Setting next_dagrun for crypto_daily_pipeline to 2026-07-15 00:00:00+00:00, run_after=2026-07-16 00:00:00+00:00
[2026-07-15T10:47:53.332+0000] {processor.py:183} INFO - Processing /opt/airflow/dags/crypto_pipeline_dag.py took 0.050 seconds
[2026-07-15T10:48:23.501+0000] {processor.py:161} INFO - Started process (PID=2868) to work on /opt/airflow/dags/crypto_pipeline_dag.py
[2026-07-15T10:48:23.502+0000] {processor.py:830} INFO - Processing file /opt/airflow/dags/crypto_pipeline_dag.py for tasks to queue
[2026-07-15T10:48:23.503+0000] {logging_mixin.py:188} INFO - [2026-07-15T10:48:23.503+0000] {dagbag.py:545} INFO - Filling up the DagBag from /opt/airflow/dags/crypto_pipeline_dag.py
[2026-07-15T10:48:23.508+0000] {processor.py:840} INFO - DAG(s) 'crypto_daily_pipeline' retrieved from /opt/airflow/dags/crypto_pipeline_dag.py
[2026-07-15T10:48:23.522+0000] {logging_mixin.py:188} INFO - [2026-07-15T10:48:23.521+0000] {dag.py:3089} INFO - Sync 1 DAGs
[2026-07-15T10:48:23.529+0000] {logging_mixin.py:188} INFO - [2026-07-15T10:48:23.529+0000] {dag.py:3947} INFO - Setting next_dagrun for crypto_daily_pipeline to 2026-07-15 00:00:00+00:00, run_after=2026-07-16 00:00:00+00:00
[2026-07-15T10:48:23.535+0000] {processor.py:183} INFO - Processing /opt/airflow/dags/crypto_pipeline_dag.py took 0.037 seconds
[2026-07-15T10:48:53.742+0000] {processor.py:161} INFO - Started process (PID=2873) to work on /opt/airflow/dags/crypto_pipeline_dag.py
[2026-07-15T10:48:53.743+0000] {processor.py:830} INFO - Processing file /opt/airflow/dags/crypto_pipeline_dag.py for tasks to queue
[2026-07-15T10:48:53.744+0000] {logging_mixin.py:188} INFO - [2026-07-15T10:48:53.744+0000] {dagbag.py:545} INFO - Filling up the DagBag from /opt/airflow/dags/crypto_pipeline_dag.py
[2026-07-15T10:48:53.753+0000] {processor.py:840} INFO - DAG(s) 'crypto_daily_pipeline' retrieved from /opt/airflow/dags/crypto_pipeline_dag.py
[2026-07-15T10:48:53.771+0000] {logging_mixin.py:188} INFO - [2026-07-15T10:48:53.771+0000] {dag.py:3089} INFO - Sync 1 DAGs
[2026-07-15T10:48:53.782+0000] {logging_mixin.py:188} INFO - [2026-07-15T10:48:53.782+0000] {dag.py:3947} INFO - Setting next_dagrun for crypto_daily_pipeline to 2026-07-15 00:00:00+00:00, run_after=2026-07-16 00:00:00+00:00
[2026-07-15T10:48:53.788+0000] {processor.py:183} INFO - Processing /opt/airflow/dags/crypto_pipeline_dag.py took 0.051 seconds
[2026-07-15T10:49:23.972+0000] {processor.py:161} INFO - Started process (PID=2878) to work on /opt/airflow/dags/crypto_pipeline_dag.py
[2026-07-15T10:49:23.973+0000] {processor.py:830} INFO - Processing file /opt/airflow/dags/crypto_pipeline_dag.py for tasks to queue
[2026-07-15T10:49:23.974+0000] {logging_mixin.py:188} INFO - [2026-07-15T10:49:23.974+0000] {dagbag.py:545} INFO - Filling up the DagBag from /opt/airflow/dags/crypto_pipeline_dag.py
[2026-07-15T10:49:23.983+0000] {processor.py:840} INFO - DAG(s) 'crypto_daily_pipeline' retrieved from /opt/airflow/dags/crypto_pipeline_dag.py
[2026-07-15T10:49:24.000+0000] {logging_mixin.py:188} INFO - [2026-07-15T10:49:24.000+0000] {dag.py:3089} INFO - Sync 1 DAGs
[2026-07-15T10:49:24.011+0000] {logging_mixin.py:188} INFO - [2026-07-15T10:49:24.011+0000] {dag.py:3947} INFO - Setting next_dagrun for crypto_daily_pipeline to 2026-07-15 00:00:00+00:00, run_after=2026-07-16 00:00:00+00:00
[2026-07-15T10:49:24.018+0000] {processor.py:183} INFO - Processing /opt/airflow/dags/crypto_pipeline_dag.py took 0.050 seconds
[2026-07-15T10:49:54.244+0000] {processor.py:161} INFO - Started process (PID=2883) to work on /opt/airflow/dags/crypto_pipeline_dag.py
[2026-07-15T10:49:54.245+0000] {processor.py:830} INFO - Processing file /opt/airflow/dags/crypto_pipeline_dag.py for tasks to queue
[2026-07-15T10:49:54.247+0000] {logging_mixin.py:188} INFO - [2026-07-15T10:49:54.246+0000] {dagbag.py:545} INFO - Filling up the DagBag from /opt/airflow/dags/crypto_pipeline_dag.py
[2026-07-15T10:49:54.256+0000] {processor.py:840} INFO - DAG(s) 'crypto_daily_pipeline' retrieved from /opt/airflow/dags/crypto_pipeline_dag.py
[2026-07-15T10:49:54.273+0000] {logging_mixin.py:188} INFO - [2026-07-15T10:49:54.273+0000] {dag.py:3089} INFO - Sync 1 DAGs
[2026-07-15T10:49:54.282+0000] {logging_mixin.py:188} INFO - [2026-07-15T10:49:54.282+0000] {dag.py:3947} INFO - Setting next_dagrun for crypto_daily_pipeline to 2026-07-15 00:00:00+00:00, run_after=2026-07-16 00:00:00+00:00
[2026-07-15T10:49:54.288+0000] {processor.py:183} INFO - Processing /opt/airflow/dags/crypto_pipeline_dag.py took 0.048 seconds
[2026-07-15T10:50:24.463+0000] {processor.py:161} INFO - Started process (PID=2888) to work on /opt/airflow/dags/crypto_pipeline_dag.py
[2026-07-15T10:50:24.464+0000] {processor.py:830} INFO - Processing file /opt/airflow/dags/crypto_pipeline_dag.py for tasks to queue
[2026-07-15T10:50:24.466+0000] {logging_mixin.py:188} INFO - [2026-07-15T10:50:24.465+0000] {dagbag.py:545} INFO - Filling up the DagBag from /opt/airflow/dags/crypto_pipeline_dag.py
[2026-07-15T10:50:24.474+0000] {processor.py:840} INFO - DAG(s) 'crypto_daily_pipeline' retrieved from /opt/airflow/dags/crypto_pipeline_dag.py
[2026-07-15T10:50:24.492+0000] {logging_mixin.py:188} INFO - [2026-07-15T10:50:24.492+0000] {dag.py:3089} INFO - Sync 1 DAGs
[2026-07-15T10:50:24.501+0000] {logging_mixin.py:188} INFO - [2026-07-15T10:50:24.501+0000] {dag.py:3947} INFO - Setting next_dagrun for crypto_daily_pipeline to 2026-07-15 00:00:00+00:00, run_after=2026-07-16 00:00:00+00:00
[2026-07-15T10:50:24.507+0000] {processor.py:183} INFO - Processing /opt/airflow/dags/crypto_pipeline_dag.py took 0.048 seconds
[2026-07-15T10:50:54.691+0000] {processor.py:161} INFO - Started process (PID=2893) to work on /opt/airflow/dags/crypto_pipeline_dag.py
[2026-07-15T10:50:54.691+0000] {processor.py:830} INFO - Processing file /opt/airflow/dags/crypto_pipeline_dag.py for tasks to queue
[2026-07-15T10:50:54.693+0000] {logging_mixin.py:188} INFO - [2026-07-15T10:50:54.693+0000] {dagbag.py:545} INFO - Filling up the DagBag from /opt/airflow/dags/crypto_pipeline_dag.py
[2026-07-15T10:50:54.702+0000] {processor.py:840} INFO - DAG(s) 'crypto_daily_pipeline' retrieved from /opt/airflow/dags/crypto_pipeline_dag.py
[2026-07-15T10:50:54.718+0000] {logging_mixin.py:188} INFO - [2026-07-15T10:50:54.718+0000] {dag.py:3089} INFO - Sync 1 DAGs
[2026-07-15T10:50:54.727+0000] {logging_mixin.py:188} INFO - [2026-07-15T10:50:54.727+0000] {dag.py:3947} INFO - Setting next_dagrun for crypto_daily_pipeline to 2026-07-15 00:00:00+00:00, run_after=2026-07-16 00:00:00+00:00
[2026-07-15T10:50:54.734+0000] {processor.py:183} INFO - Processing /opt/airflow/dags/crypto_pipeline_dag.py took 0.048 seconds
[2026-07-15T10:51:24.886+0000] {processor.py:161} INFO - Started process (PID=2898) to work on /opt/airflow/dags/crypto_pipeline_dag.py
[2026-07-15T10:51:24.887+0000] {processor.py:830} INFO - Processing file /opt/airflow/dags/crypto_pipeline_dag.py for tasks to queue
[2026-07-15T10:51:24.888+0000] {logging_mixin.py:188} INFO - [2026-07-15T10:51:24.888+0000] {dagbag.py:545} INFO - Filling up the DagBag from /opt/airflow/dags/crypto_pipeline_dag.py
[2026-07-15T10:51:24.896+0000] {processor.py:840} INFO - DAG(s) 'crypto_daily_pipeline' retrieved from /opt/airflow/dags/crypto_pipeline_dag.py
[2026-07-15T10:51:24.911+0000] {logging_mixin.py:188} INFO - [2026-07-15T10:51:24.911+0000] {dag.py:3089} INFO - Sync 1 DAGs
[2026-07-15T10:51:24.919+0000] {logging_mixin.py:188} INFO - [2026-07-15T10:51:24.919+0000] {dag.py:3947} INFO - Setting next_dagrun for crypto_daily_pipeline to 2026-07-15 00:00:00+00:00, run_after=2026-07-16 00:00:00+00:00
[2026-07-15T10:51:24.925+0000] {processor.py:183} INFO - Processing /opt/airflow/dags/crypto_pipeline_dag.py took 0.043 seconds
[2026-07-15T10:51:55.106+0000] {processor.py:161} INFO - Started process (PID=2903) to work on /opt/airflow/dags/crypto_pipeline_dag.py
[2026-07-15T10:51:55.107+0000] {processor.py:830} INFO - Processing file /opt/airflow/dags/crypto_pipeline_dag.py for tasks to queue
[2026-07-15T10:51:55.108+0000] {logging_mixin.py:188} INFO - [2026-07-15T10:51:55.108+0000] {dagbag.py:545} INFO - Filling up the DagBag from /opt/airflow/dags/crypto_pipeline_dag.py
[2026-07-15T10:51:55.117+0000] {processor.py:840} INFO - DAG(s) 'crypto_daily_pipeline' retrieved from /opt/airflow/dags/crypto_pipeline_dag.py
[2026-07-15T10:51:55.135+0000] {logging_mixin.py:188} INFO - [2026-07-15T10:51:55.135+0000] {dag.py:3089} INFO - Sync 1 DAGs
[2026-07-15T10:51:55.145+0000] {logging_mixin.py:188} INFO - [2026-07-15T10:51:55.145+0000] {dag.py:3947} INFO - Setting next_dagrun for crypto_daily_pipeline to 2026-07-15 00:00:00+00:00, run_after=2026-07-16 00:00:00+00:00
[2026-07-15T10:51:55.151+0000] {processor.py:183} INFO - Processing /opt/airflow/dags/crypto_pipeline_dag.py took 0.050 seconds
[2026-07-15T10:52:25.340+0000] {processor.py:161} INFO - Started process (PID=2908) to work on /opt/airflow/dags/crypto_pipeline_dag.py
[2026-07-15T10:52:25.341+0000] {processor.py:830} INFO - Processing file /opt/airflow/dags/crypto_pipeline_dag.py for tasks to queue
[2026-07-15T10:52:25.342+0000] {logging_mixin.py:188} INFO - [2026-07-15T10:52:25.342+0000] {dagbag.py:545} INFO - Filling up the DagBag from /opt/airflow/dags/crypto_pipeline_dag.py
[2026-07-15T10:52:25.351+0000] {processor.py:840} INFO - DAG(s) 'crypto_daily_pipeline' retrieved from /opt/airflow/dags/crypto_pipeline_dag.py
[2026-07-15T10:52:25.368+0000] {logging_mixin.py:188} INFO - [2026-07-15T10:52:25.368+0000] {dag.py:3089} INFO - Sync 1 DAGs
[2026-07-15T10:52:25.378+0000] {logging_mixin.py:188} INFO - [2026-07-15T10:52:25.378+0000] {dag.py:3947} INFO - Setting next_dagrun for crypto_daily_pipeline to 2026-07-15 00:00:00+00:00, run_after=2026-07-16 00:00:00+00:00
[2026-07-15T10:52:25.385+0000] {processor.py:183} INFO - Processing /opt/airflow/dags/crypto_pipeline_dag.py took 0.050 seconds
[2026-07-15T10:52:55.554+0000] {processor.py:161} INFO - Started process (PID=2913) to work on /opt/airflow/dags/crypto_pipeline_dag.py
[2026-07-15T10:52:55.555+0000] {processor.py:830} INFO - Processing file /opt/airflow/dags/crypto_pipeline_dag.py for tasks to queue
[2026-07-15T10:52:55.557+0000] {logging_mixin.py:188} INFO - [2026-07-15T10:52:55.556+0000] {dagbag.py:545} INFO - Filling up the DagBag from /opt/airflow/dags/crypto_pipeline_dag.py
[2026-07-15T10:52:55.567+0000] {processor.py:840} INFO - DAG(s) 'crypto_daily_pipeline' retrieved from /opt/airflow/dags/crypto_pipeline_dag.py
[2026-07-15T10:52:55.584+0000] {logging_mixin.py:188} INFO - [2026-07-15T10:52:55.584+0000] {dag.py:3089} INFO - Sync 1 DAGs
[2026-07-15T10:52:55.594+0000] {logging_mixin.py:188} INFO - [2026-07-15T10:52:55.594+0000] {dag.py:3947} INFO - Setting next_dagrun for crypto_daily_pipeline to 2026-07-15 00:00:00+00:00, run_after=2026-07-16 00:00:00+00:00
[2026-07-15T10:52:55.603+0000] {processor.py:183} INFO - Processing /opt/airflow/dags/crypto_pipeline_dag.py took 0.053 seconds
[2026-07-15T10:53:25.790+0000] {processor.py:161} INFO - Started process (PID=2918) to work on /opt/airflow/dags/crypto_pipeline_dag.py
[2026-07-15T10:53:25.790+0000] {processor.py:830} INFO - Processing file /opt/airflow/dags/crypto_pipeline_dag.py for tasks to queue
[2026-07-15T10:53:25.791+0000] {logging_mixin.py:188} INFO - [2026-07-15T10:53:25.791+0000] {dagbag.py:545} INFO - Filling up the DagBag from /opt/airflow/dags/crypto_pipeline_dag.py
[2026-07-15T10:53:25.799+0000] {processor.py:840} INFO - DAG(s) 'crypto_daily_pipeline' retrieved from /opt/airflow/dags/crypto_pipeline_dag.py
[2026-07-15T10:53:25.816+0000] {logging_mixin.py:188} INFO - [2026-07-15T10:53:25.815+0000] {dag.py:3089} INFO - Sync 1 DAGs
[2026-07-15T10:53:25.825+0000] {logging_mixin.py:188} INFO - [2026-07-15T10:53:25.825+0000] {dag.py:3947} INFO - Setting next_dagrun for crypto_daily_pipeline to 2026-07-15 00:00:00+00:00, run_after=2026-07-16 00:00:00+00:00
[2026-07-15T10:53:25.831+0000] {processor.py:183} INFO - Processing /opt/airflow/dags/crypto_pipeline_dag.py took 0.045 seconds
[2026-07-15T10:53:56.028+0000] {processor.py:161} INFO - Started process (PID=2923) to work on /opt/airflow/dags/crypto_pipeline_dag.py
[2026-07-15T10:53:56.029+0000] {processor.py:830} INFO - Processing file /opt/airflow/dags/crypto_pipeline_dag.py for tasks to queue
[2026-07-15T10:53:56.030+0000] {logging_mixin.py:188} INFO - [2026-07-15T10:53:56.030+0000] {dagbag.py:545} INFO - Filling up the DagBag from /opt/airflow/dags/crypto_pipeline_dag.py
[2026-07-15T10:53:56.039+0000] {processor.py:840} INFO - DAG(s) 'crypto_daily_pipeline' retrieved from /opt/airflow/dags/crypto_pipeline_dag.py
[2026-07-15T10:53:56.056+0000] {logging_mixin.py:188} INFO - [2026-07-15T10:53:56.056+0000] {dag.py:3089} INFO - Sync 1 DAGs
[2026-07-15T10:53:56.066+0000] {logging_mixin.py:188} INFO - [2026-07-15T10:53:56.066+0000] {dag.py:3947} INFO - Setting next_dagrun for crypto_daily_pipeline to 2026-07-15 00:00:00+00:00, run_after=2026-07-16 00:00:00+00:00
[2026-07-15T10:53:56.072+0000] {processor.py:183} INFO - Processing /opt/airflow/dags/crypto_pipeline_dag.py took 0.049 seconds
[2026-07-15T10:54:26.226+0000] {processor.py:161} INFO - Started process (PID=2928) to work on /opt/airflow/dags/crypto_pipeline_dag.py
[2026-07-15T10:54:26.226+0000] {processor.py:830} INFO - Processing file /opt/airflow/dags/crypto_pipeline_dag.py for tasks to queue
[2026-07-15T10:54:26.228+0000] {logging_mixin.py:188} INFO - [2026-07-15T10:54:26.228+0000] {dagbag.py:545} INFO - Filling up the DagBag from /opt/airflow/dags/crypto_pipeline_dag.py
[2026-07-15T10:54:26.238+0000] {processor.py:840} INFO - DAG(s) 'crypto_daily_pipeline' retrieved from /opt/airflow/dags/crypto_pipeline_dag.py
[2026-07-15T10:54:26.257+0000] {logging_mixin.py:188} INFO - [2026-07-15T10:54:26.257+0000] {dag.py:3089} INFO - Sync 1 DAGs
[2026-07-15T10:54:26.267+0000] {logging_mixin.py:188} INFO - [2026-07-15T10:54:26.267+0000] {dag.py:3947} INFO - Setting next_dagrun for crypto_daily_pipeline to 2026-07-15 00:00:00+00:00, run_after=2026-07-16 00:00:00+00:00
[2026-07-15T10:54:26.273+0000] {processor.py:183} INFO - Processing /opt/airflow/dags/crypto_pipeline_dag.py took 0.051 seconds
[2026-07-15T10:54:56.438+0000] {processor.py:161} INFO - Started process (PID=2933) to work on /opt/airflow/dags/crypto_pipeline_dag.py
[2026-07-15T10:54:56.439+0000] {processor.py:830} INFO - Processing file /opt/airflow/dags/crypto_pipeline_dag.py for tasks to queue
[2026-07-15T10:54:56.441+0000] {logging_mixin.py:188} INFO - [2026-07-15T10:54:56.440+0000] {dagbag.py:545} INFO - Filling up the DagBag from /opt/airflow/dags/crypto_pipeline_dag.py
[2026-07-15T10:54:56.450+0000] {processor.py:840} INFO - DAG(s) 'crypto_daily_pipeline' retrieved from /opt/airflow/dags/crypto_pipeline_dag.py
[2026-07-15T10:54:56.468+0000] {logging_mixin.py:188} INFO - [2026-07-15T10:54:56.468+0000] {dag.py:3089} INFO - Sync 1 DAGs
[2026-07-15T10:54:56.479+0000] {logging_mixin.py:188} INFO - [2026-07-15T10:54:56.479+0000] {dag.py:3947} INFO - Setting next_dagrun for crypto_daily_pipeline to 2026-07-15 00:00:00+00:00, run_after=2026-07-16 00:00:00+00:00
[2026-07-15T10:54:56.487+0000] {processor.py:183} INFO - Processing /opt/airflow/dags/crypto_pipeline_dag.py took 0.053 seconds
[2026-07-15T10:55:26.666+0000] {processor.py:161} INFO - Started process (PID=2938) to work on /opt/airflow/dags/crypto_pipeline_dag.py
[2026-07-15T10:55:26.667+0000] {processor.py:830} INFO - Processing file /opt/airflow/dags/crypto_pipeline_dag.py for tasks to queue
[2026-07-15T10:55:26.669+0000] {logging_mixin.py:188} INFO - [2026-07-15T10:55:26.668+0000] {dagbag.py:545} INFO - Filling up the DagBag from /opt/airflow/dags/crypto_pipeline_dag.py
[2026-07-15T10:55:26.677+0000] {processor.py:840} INFO - DAG(s) 'crypto_daily_pipeline' retrieved from /opt/airflow/dags/crypto_pipeline_dag.py
[2026-07-15T10:55:26.695+0000] {logging_mixin.py:188} INFO - [2026-07-15T10:55:26.695+0000] {dag.py:3089} INFO - Sync 1 DAGs
[2026-07-15T10:55:26.705+0000] {logging_mixin.py:188} INFO - [2026-07-15T10:55:26.705+0000] {dag.py:3947} INFO - Setting next_dagrun for crypto_daily_pipeline to 2026-07-15 00:00:00+00:00, run_after=2026-07-16 00:00:00+00:00
[2026-07-15T10:55:26.711+0000] {processor.py:183} INFO - Processing /opt/airflow/dags/crypto_pipeline_dag.py took 0.050 seconds
[2026-07-15T10:55:56.861+0000] {processor.py:161} INFO - Started process (PID=2943) to work on /opt/airflow/dags/crypto_pipeline_dag.py
[2026-07-15T10:55:56.861+0000] {processor.py:830} INFO - Processing file /opt/airflow/dags/crypto_pipeline_dag.py for tasks to queue
[2026-07-15T10:55:56.864+0000] {logging_mixin.py:188} INFO - [2026-07-15T10:55:56.863+0000] {dagbag.py:545} INFO - Filling up the DagBag from /opt/airflow/dags/crypto_pipeline_dag.py
[2026-07-15T10:55:56.872+0000] {processor.py:840} INFO - DAG(s) 'crypto_daily_pipeline' retrieved from /opt/airflow/dags/crypto_pipeline_dag.py
[2026-07-15T10:55:56.889+0000] {logging_mixin.py:188} INFO - [2026-07-15T10:55:56.889+0000] {dag.py:3089} INFO - Sync 1 DAGs
[2026-07-15T10:55:56.899+0000] {logging_mixin.py:188} INFO - [2026-07-15T10:55:56.899+0000] {dag.py:3947} INFO - Setting next_dagrun for crypto_daily_pipeline to 2026-07-15 00:00:00+00:00, run_after=2026-07-16 00:00:00+00:00
[2026-07-15T10:55:56.905+0000] {processor.py:183} INFO - Processing /opt/airflow/dags/crypto_pipeline_dag.py took 0.050 seconds
[2026-07-15T10:56:27.082+0000] {processor.py:161} INFO - Started process (PID=2948) to work on /opt/airflow/dags/crypto_pipeline_dag.py
[2026-07-15T10:56:27.083+0000] {processor.py:830} INFO - Processing file /opt/airflow/dags/crypto_pipeline_dag.py for tasks to queue
[2026-07-15T10:56:27.086+0000] {logging_mixin.py:188} INFO - [2026-07-15T10:56:27.085+0000] {dagbag.py:545} INFO - Filling up the DagBag from /opt/airflow/dags/crypto_pipeline_dag.py
[2026-07-15T10:56:27.094+0000] {processor.py:840} INFO - DAG(s) 'crypto_daily_pipeline' retrieved from /opt/airflow/dags/crypto_pipeline_dag.py
[2026-07-15T10:56:27.112+0000] {logging_mixin.py:188} INFO - [2026-07-15T10:56:27.112+0000] {dag.py:3089} INFO - Sync 1 DAGs
[2026-07-15T10:56:27.123+0000] {logging_mixin.py:188} INFO - [2026-07-15T10:56:27.123+0000] {dag.py:3947} INFO - Setting next_dagrun for crypto_daily_pipeline to 2026-07-15 00:00:00+00:00, run_after=2026-07-16 00:00:00+00:00
[2026-07-15T10:56:27.129+0000] {processor.py:183} INFO - Processing /opt/airflow/dags/crypto_pipeline_dag.py took 0.052 seconds
[2026-07-15T10:56:57.299+0000] {processor.py:161} INFO - Started process (PID=2953) to work on /opt/airflow/dags/crypto_pipeline_dag.py
[2026-07-15T10:56:57.300+0000] {processor.py:830} INFO - Processing file /opt/airflow/dags/crypto_pipeline_dag.py for tasks to queue
[2026-07-15T10:56:57.302+0000] {logging_mixin.py:188} INFO - [2026-07-15T10:56:57.302+0000] {dagbag.py:545} INFO - Filling up the DagBag from /opt/airflow/dags/crypto_pipeline_dag.py
[2026-07-15T10:56:57.310+0000] {processor.py:840} INFO - DAG(s) 'crypto_daily_pipeline' retrieved from /opt/airflow/dags/crypto_pipeline_dag.py
[2026-07-15T10:56:57.329+0000] {logging_mixin.py:188} INFO - [2026-07-15T10:56:57.328+0000] {dag.py:3089} INFO - Sync 1 DAGs
[2026-07-15T10:56:57.338+0000] {logging_mixin.py:188} INFO - [2026-07-15T10:56:57.338+0000] {dag.py:3947} INFO - Setting next_dagrun for crypto_daily_pipeline to 2026-07-15 00:00:00+00:00, run_after=2026-07-16 00:00:00+00:00
[2026-07-15T10:56:57.344+0000] {processor.py:183} INFO - Processing /opt/airflow/dags/crypto_pipeline_dag.py took 0.050 seconds
[2026-07-15T10:57:27.547+0000] {processor.py:161} INFO - Started process (PID=2958) to work on /opt/airflow/dags/crypto_pipeline_dag.py
[2026-07-15T10:57:27.547+0000] {processor.py:830} INFO - Processing file /opt/airflow/dags/crypto_pipeline_dag.py for tasks to queue
[2026-07-15T10:57:27.549+0000] {logging_mixin.py:188} INFO - [2026-07-15T10:57:27.549+0000] {dagbag.py:545} INFO - Filling up the DagBag from /opt/airflow/dags/crypto_pipeline_dag.py
[2026-07-15T10:57:27.557+0000] {processor.py:840} INFO - DAG(s) 'crypto_daily_pipeline' retrieved from /opt/airflow/dags/crypto_pipeline_dag.py
[2026-07-15T10:57:27.574+0000] {logging_mixin.py:188} INFO - [2026-07-15T10:57:27.574+0000] {dag.py:3089} INFO - Sync 1 DAGs
[2026-07-15T10:57:27.584+0000] {logging_mixin.py:188} INFO - [2026-07-15T10:57:27.584+0000] {dag.py:3947} INFO - Setting next_dagrun for crypto_daily_pipeline to 2026-07-15 00:00:00+00:00, run_after=2026-07-16 00:00:00+00:00
[2026-07-15T10:57:27.590+0000] {processor.py:183} INFO - Processing /opt/airflow/dags/crypto_pipeline_dag.py took 0.049 seconds
[2026-07-15T10:57:57.743+0000] {processor.py:161} INFO - Started process (PID=2963) to work on /opt/airflow/dags/crypto_pipeline_dag.py
[2026-07-15T10:57:57.745+0000] {processor.py:830} INFO - Processing file /opt/airflow/dags/crypto_pipeline_dag.py for tasks to queue
[2026-07-15T10:57:57.747+0000] {logging_mixin.py:188} INFO - [2026-07-15T10:57:57.746+0000] {dagbag.py:545} INFO - Filling up the DagBag from /opt/airflow/dags/crypto_pipeline_dag.py
[2026-07-15T10:57:57.755+0000] {processor.py:840} INFO - DAG(s) 'crypto_daily_pipeline' retrieved from /opt/airflow/dags/crypto_pipeline_dag.py
[2026-07-15T10:57:57.773+0000] {logging_mixin.py:188} INFO - [2026-07-15T10:57:57.773+0000] {dag.py:3089} INFO - Sync 1 DAGs
[2026-07-15T10:57:57.783+0000] {logging_mixin.py:188} INFO - [2026-07-15T10:57:57.783+0000] {dag.py:3947} INFO - Setting next_dagrun for crypto_daily_pipeline to 2026-07-15 00:00:00+00:00, run_after=2026-07-16 00:00:00+00:00
[2026-07-15T10:57:57.791+0000] {processor.py:183} INFO - Processing /opt/airflow/dags/crypto_pipeline_dag.py took 0.052 seconds
[2026-07-15T10:58:27.953+0000] {processor.py:161} INFO - Started process (PID=2968) to work on /opt/airflow/dags/crypto_pipeline_dag.py
[2026-07-15T10:58:27.954+0000] {processor.py:830} INFO - Processing file /opt/airflow/dags/crypto_pipeline_dag.py for tasks to queue
[2026-07-15T10:58:27.956+0000] {logging_mixin.py:188} INFO - [2026-07-15T10:58:27.955+0000] {dagbag.py:545} INFO - Filling up the DagBag from /opt/airflow/dags/crypto_pipeline_dag.py
[2026-07-15T10:58:27.964+0000] {processor.py:840} INFO - DAG(s) 'crypto_daily_pipeline' retrieved from /opt/airflow/dags/crypto_pipeline_dag.py
[2026-07-15T10:58:27.982+0000] {logging_mixin.py:188} INFO - [2026-07-15T10:58:27.982+0000] {dag.py:3089} INFO - Sync 1 DAGs
[2026-07-15T10:58:27.991+0000] {logging_mixin.py:188} INFO - [2026-07-15T10:58:27.991+0000] {dag.py:3947} INFO - Setting next_dagrun for crypto_daily_pipeline to 2026-07-15 00:00:00+00:00, run_after=2026-07-16 00:00:00+00:00
[2026-07-15T10:58:27.997+0000] {processor.py:183} INFO - Processing /opt/airflow/dags/crypto_pipeline_dag.py took 0.048 seconds
[2026-07-15T10:58:58.152+0000] {processor.py:161} INFO - Started process (PID=2973) to work on /opt/airflow/dags/crypto_pipeline_dag.py
[2026-07-15T10:58:58.154+0000] {processor.py:830} INFO - Processing file /opt/airflow/dags/crypto_pipeline_dag.py for tasks to queue
[2026-07-15T10:58:58.157+0000] {logging_mixin.py:188} INFO - [2026-07-15T10:58:58.156+0000] {dagbag.py:545} INFO - Filling up the DagBag from /opt/airflow/dags/crypto_pipeline_dag.py
[2026-07-15T10:58:58.165+0000] {processor.py:840} INFO - DAG(s) 'crypto_daily_pipeline' retrieved from /opt/airflow/dags/crypto_pipeline_dag.py
[2026-07-15T10:58:58.183+0000] {logging_mixin.py:188} INFO - [2026-07-15T10:58:58.183+0000] {dag.py:3089} INFO - Sync 1 DAGs
[2026-07-15T10:58:58.194+0000] {logging_mixin.py:188} INFO - [2026-07-15T10:58:58.194+0000] {dag.py:3947} INFO - Setting next_dagrun for crypto_daily_pipeline to 2026-07-15 00:00:00+00:00, run_after=2026-07-16 00:00:00+00:00
[2026-07-15T10:58:58.200+0000] {processor.py:183} INFO - Processing /opt/airflow/dags/crypto_pipeline_dag.py took 0.052 seconds
[2026-07-15T10:59:28.352+0000] {processor.py:161} INFO - Started process (PID=2978) to work on /opt/airflow/dags/crypto_pipeline_dag.py
[2026-07-15T10:59:28.352+0000] {processor.py:830} INFO - Processing file /opt/airflow/dags/crypto_pipeline_dag.py for tasks to queue
[2026-07-15T10:59:28.353+0000] {logging_mixin.py:188} INFO - [2026-07-15T10:59:28.353+0000] {dagbag.py:545} INFO - Filling up the DagBag from /opt/airflow/dags/crypto_pipeline_dag.py
[2026-07-15T10:59:28.356+0000] {processor.py:840} INFO - DAG(s) 'crypto_daily_pipeline' retrieved from /opt/airflow/dags/crypto_pipeline_dag.py
[2026-07-15T10:59:28.366+0000] {logging_mixin.py:188} INFO - [2026-07-15T10:59:28.366+0000] {dag.py:3089} INFO - Sync 1 DAGs
[2026-07-15T10:59:28.373+0000] {logging_mixin.py:188} INFO - [2026-07-15T10:59:28.373+0000] {dag.py:3947} INFO - Setting next_dagrun for crypto_daily_pipeline to 2026-07-15 00:00:00+00:00, run_after=2026-07-16 00:00:00+00:00
[2026-07-15T10:59:28.377+0000] {processor.py:183} INFO - Processing /opt/airflow/dags/crypto_pipeline_dag.py took 0.027 seconds
[2026-07-15T10:59:58.579+0000] {processor.py:161} INFO - Started process (PID=2983) to work on /opt/airflow/dags/crypto_pipeline_dag.py
[2026-07-15T10:59:58.579+0000] {processor.py:830} INFO - Processing file /opt/airflow/dags/crypto_pipeline_dag.py for tasks to queue
[2026-07-15T10:59:58.581+0000] {logging_mixin.py:188} INFO - [2026-07-15T10:59:58.581+0000] {dagbag.py:545} INFO - Filling up the DagBag from /opt/airflow/dags/crypto_pipeline_dag.py
[2026-07-15T10:59:58.589+0000] {processor.py:840} INFO - DAG(s) 'crypto_daily_pipeline' retrieved from /opt/airflow/dags/crypto_pipeline_dag.py
[2026-07-15T10:59:58.608+0000] {logging_mixin.py:188} INFO - [2026-07-15T10:59:58.607+0000] {dag.py:3089} INFO - Sync 1 DAGs
[2026-07-15T10:59:58.618+0000] {logging_mixin.py:188} INFO - [2026-07-15T10:59:58.618+0000] {dag.py:3947} INFO - Setting next_dagrun for crypto_daily_pipeline to 2026-07-15 00:00:00+00:00, run_after=2026-07-16 00:00:00+00:00
[2026-07-15T10:59:58.623+0000] {processor.py:183} INFO - Processing /opt/airflow/dags/crypto_pipeline_dag.py took 0.050 seconds
[2026-07-15T11:00:28.791+0000] {processor.py:161} INFO - Started process (PID=2988) to work on /opt/airflow/dags/crypto_pipeline_dag.py
[2026-07-15T11:00:28.792+0000] {processor.py:830} INFO - Processing file /opt/airflow/dags/crypto_pipeline_dag.py for tasks to queue
[2026-07-15T11:00:28.793+0000] {logging_mixin.py:188} INFO - [2026-07-15T11:00:28.793+0000] {dagbag.py:545} INFO - Filling up the DagBag from /opt/airflow/dags/crypto_pipeline_dag.py
[2026-07-15T11:00:28.802+0000] {processor.py:840} INFO - DAG(s) 'crypto_daily_pipeline' retrieved from /opt/airflow/dags/crypto_pipeline_dag.py
[2026-07-15T11:00:28.819+0000] {logging_mixin.py:188} INFO - [2026-07-15T11:00:28.819+0000] {dag.py:3089} INFO - Sync 1 DAGs
[2026-07-15T11:00:28.829+0000] {logging_mixin.py:188} INFO - [2026-07-15T11:00:28.829+0000] {dag.py:3947} INFO - Setting next_dagrun for crypto_daily_pipeline to 2026-07-15 00:00:00+00:00, run_after=2026-07-16 00:00:00+00:00
[2026-07-15T11:00:28.835+0000] {processor.py:183} INFO - Processing /opt/airflow/dags/crypto_pipeline_dag.py took 0.049 seconds
[2026-07-15T11:00:58.996+0000] {processor.py:161} INFO - Started process (PID=2993) to work on /opt/airflow/dags/crypto_pipeline_dag.py
[2026-07-15T11:00:58.997+0000] {processor.py:830} INFO - Processing file /opt/airflow/dags/crypto_pipeline_dag.py for tasks to queue
[2026-07-15T11:00:58.999+0000] {logging_mixin.py:188} INFO - [2026-07-15T11:00:58.998+0000] {dagbag.py:545} INFO - Filling up the DagBag from /opt/airflow/dags/crypto_pipeline_dag.py
[2026-07-15T11:00:59.008+0000] {processor.py:840} INFO - DAG(s) 'crypto_daily_pipeline' retrieved from /opt/airflow/dags/crypto_pipeline_dag.py
[2026-07-15T11:00:59.026+0000] {logging_mixin.py:188} INFO - [2026-07-15T11:00:59.026+0000] {dag.py:3089} INFO - Sync 1 DAGs
[2026-07-15T11:00:59.036+0000] {logging_mixin.py:188} INFO - [2026-07-15T11:00:59.036+0000] {dag.py:3947} INFO - Setting next_dagrun for crypto_daily_pipeline to 2026-07-15 00:00:00+00:00, run_after=2026-07-16 00:00:00+00:00
[2026-07-15T11:00:59.043+0000] {processor.py:183} INFO - Processing /opt/airflow/dags/crypto_pipeline_dag.py took 0.051 seconds
[2026-07-15T11:01:29.279+0000] {processor.py:161} INFO - Started process (PID=2998) to work on /opt/airflow/dags/crypto_pipeline_dag.py
[2026-07-15T11:01:29.280+0000] {processor.py:830} INFO - Processing file /opt/airflow/dags/crypto_pipeline_dag.py for tasks to queue
[2026-07-15T11:01:29.281+0000] {logging_mixin.py:188} INFO - [2026-07-15T11:01:29.281+0000] {dagbag.py:545} INFO - Filling up the DagBag from /opt/airflow/dags/crypto_pipeline_dag.py
[2026-07-15T11:01:29.290+0000] {processor.py:840} INFO - DAG(s) 'crypto_daily_pipeline' retrieved from /opt/airflow/dags/crypto_pipeline_dag.py
[2026-07-15T11:01:29.309+0000] {logging_mixin.py:188} INFO - [2026-07-15T11:01:29.308+0000] {dag.py:3089} INFO - Sync 1 DAGs
[2026-07-15T11:01:29.319+0000] {logging_mixin.py:188} INFO - [2026-07-15T11:01:29.319+0000] {dag.py:3947} INFO - Setting next_dagrun for crypto_daily_pipeline to 2026-07-15 00:00:00+00:00, run_after=2026-07-16 00:00:00+00:00
[2026-07-15T11:01:29.325+0000] {processor.py:183} INFO - Processing /opt/airflow/dags/crypto_pipeline_dag.py took 0.051 seconds
[2026-07-15T11:01:59.494+0000] {processor.py:161} INFO - Started process (PID=3003) to work on /opt/airflow/dags/crypto_pipeline_dag.py
[2026-07-15T11:01:59.496+0000] {processor.py:830} INFO - Processing file /opt/airflow/dags/crypto_pipeline_dag.py for tasks to queue
[2026-07-15T11:01:59.498+0000] {logging_mixin.py:188} INFO - [2026-07-15T11:01:59.498+0000] {dagbag.py:545} INFO - Filling up the DagBag from /opt/airflow/dags/crypto_pipeline_dag.py
[2026-07-15T11:01:59.507+0000] {processor.py:840} INFO - DAG(s) 'crypto_daily_pipeline' retrieved from /opt/airflow/dags/crypto_pipeline_dag.py
[2026-07-15T11:01:59.524+0000] {logging_mixin.py:188} INFO - [2026-07-15T11:01:59.524+0000] {dag.py:3089} INFO - Sync 1 DAGs
[2026-07-15T11:01:59.534+0000] {logging_mixin.py:188} INFO - [2026-07-15T11:01:59.534+0000] {dag.py:3947} INFO - Setting next_dagrun for crypto_daily_pipeline to 2026-07-15 00:00:00+00:00, run_after=2026-07-16 00:00:00+00:00
[2026-07-15T11:01:59.540+0000] {processor.py:183} INFO - Processing /opt/airflow/dags/crypto_pipeline_dag.py took 0.051 seconds
[2026-07-15T11:02:29.711+0000] {processor.py:161} INFO - Started process (PID=3008) to work on /opt/airflow/dags/crypto_pipeline_dag.py
[2026-07-15T11:02:29.712+0000] {processor.py:830} INFO - Processing file /opt/airflow/dags/crypto_pipeline_dag.py for tasks to queue
[2026-07-15T11:02:29.712+0000] {logging_mixin.py:188} INFO - [2026-07-15T11:02:29.712+0000] {dagbag.py:545} INFO - Filling up the DagBag from /opt/airflow/dags/crypto_pipeline_dag.py
[2026-07-15T11:02:29.718+0000] {processor.py:840} INFO - DAG(s) 'crypto_daily_pipeline' retrieved from /opt/airflow/dags/crypto_pipeline_dag.py
[2026-07-15T11:02:29.730+0000] {logging_mixin.py:188} INFO - [2026-07-15T11:02:29.730+0000] {dag.py:3089} INFO - Sync 1 DAGs
[2026-07-15T11:02:29.738+0000] {logging_mixin.py:188} INFO - [2026-07-15T11:02:29.738+0000] {dag.py:3947} INFO - Setting next_dagrun for crypto_daily_pipeline to 2026-07-15 00:00:00+00:00, run_after=2026-07-16 00:00:00+00:00
[2026-07-15T11:02:29.744+0000] {processor.py:183} INFO - Processing /opt/airflow/dags/crypto_pipeline_dag.py took 0.036 seconds
[2026-07-15T11:02:59.874+0000] {processor.py:161} INFO - Started process (PID=3013) to work on /opt/airflow/dags/crypto_pipeline_dag.py
[2026-07-15T11:02:59.874+0000] {processor.py:830} INFO - Processing file /opt/airflow/dags/crypto_pipeline_dag.py for tasks to queue
[2026-07-15T11:02:59.875+0000] {logging_mixin.py:188} INFO - [2026-07-15T11:02:59.875+0000] {dagbag.py:545} INFO - Filling up the DagBag from /opt/airflow/dags/crypto_pipeline_dag.py
[2026-07-15T11:02:59.880+0000] {processor.py:840} INFO - DAG(s) 'crypto_daily_pipeline' retrieved from /opt/airflow/dags/crypto_pipeline_dag.py
[2026-07-15T11:02:59.892+0000] {logging_mixin.py:188} INFO - [2026-07-15T11:02:59.891+0000] {dag.py:3089} INFO - Sync 1 DAGs
[2026-07-15T11:02:59.899+0000] {logging_mixin.py:188} INFO - [2026-07-15T11:02:59.899+0000] {dag.py:3947} INFO - Setting next_dagrun for crypto_daily_pipeline to 2026-07-15 00:00:00+00:00, run_after=2026-07-16 00:00:00+00:00
[2026-07-15T11:02:59.904+0000] {processor.py:183} INFO - Processing /opt/airflow/dags/crypto_pipeline_dag.py took 0.032 seconds
[2026-07-15T11:03:30.106+0000] {processor.py:161} INFO - Started process (PID=3018) to work on /opt/airflow/dags/crypto_pipeline_dag.py
[2026-07-15T11:03:30.107+0000] {processor.py:830} INFO - Processing file /opt/airflow/dags/crypto_pipeline_dag.py for tasks to queue
[2026-07-15T11:03:30.109+0000] {logging_mixin.py:188} INFO - [2026-07-15T11:03:30.109+0000] {dagbag.py:545} INFO - Filling up the DagBag from /opt/airflow/dags/crypto_pipeline_dag.py
[2026-07-15T11:03:30.118+0000] {processor.py:840} INFO - DAG(s) 'crypto_daily_pipeline' retrieved from /opt/airflow/dags/crypto_pipeline_dag.py
[2026-07-15T11:03:30.135+0000] {logging_mixin.py:188} INFO - [2026-07-15T11:03:30.135+0000] {dag.py:3089} INFO - Sync 1 DAGs
[2026-07-15T11:03:30.146+0000] {logging_mixin.py:188} INFO - [2026-07-15T11:03:30.146+0000] {dag.py:3947} INFO - Setting next_dagrun for crypto_daily_pipeline to 2026-07-15 00:00:00+00:00, run_after=2026-07-16 00:00:00+00:00
[2026-07-15T11:03:30.153+0000] {processor.py:183} INFO - Processing /opt/airflow/dags/crypto_pipeline_dag.py took 0.051 seconds
[2026-07-15T11:04:00.315+0000] {processor.py:161} INFO - Started process (PID=3023) to work on /opt/airflow/dags/crypto_pipeline_dag.py
[2026-07-15T11:04:00.316+0000] {processor.py:830} INFO - Processing file /opt/airflow/dags/crypto_pipeline_dag.py for tasks to queue
[2026-07-15T11:04:00.318+0000] {logging_mixin.py:188} INFO - [2026-07-15T11:04:00.318+0000] {dagbag.py:545} INFO - Filling up the DagBag from /opt/airflow/dags/crypto_pipeline_dag.py
[2026-07-15T11:04:00.327+0000] {processor.py:840} INFO - DAG(s) 'crypto_daily_pipeline' retrieved from /opt/airflow/dags/crypto_pipeline_dag.py
[2026-07-15T11:04:00.345+0000] {logging_mixin.py:188} INFO - [2026-07-15T11:04:00.345+0000] {dag.py:3089} INFO - Sync 1 DAGs
[2026-07-15T11:04:00.356+0000] {logging_mixin.py:188} INFO - [2026-07-15T11:04:00.356+0000] {dag.py:3947} INFO - Setting next_dagrun for crypto_daily_pipeline to 2026-07-15 00:00:00+00:00, run_after=2026-07-16 00:00:00+00:00
[2026-07-15T11:04:00.362+0000] {processor.py:183} INFO - Processing /opt/airflow/dags/crypto_pipeline_dag.py took 0.051 seconds
[2026-07-15T11:04:30.558+0000] {processor.py:161} INFO - Started process (PID=3028) to work on /opt/airflow/dags/crypto_pipeline_dag.py
[2026-07-15T11:04:30.559+0000] {processor.py:830} INFO - Processing file /opt/airflow/dags/crypto_pipeline_dag.py for tasks to queue
[2026-07-15T11:04:30.560+0000] {logging_mixin.py:188} INFO - [2026-07-15T11:04:30.560+0000] {dagbag.py:545} INFO - Filling up the DagBag from /opt/airflow/dags/crypto_pipeline_dag.py
[2026-07-15T11:04:30.569+0000] {processor.py:840} INFO - DAG(s) 'crypto_daily_pipeline' retrieved from /opt/airflow/dags/crypto_pipeline_dag.py
[2026-07-15T11:04:30.586+0000] {logging_mixin.py:188} INFO - [2026-07-15T11:04:30.586+0000] {dag.py:3089} INFO - Sync 1 DAGs
[2026-07-15T11:04:30.597+0000] {logging_mixin.py:188} INFO - [2026-07-15T11:04:30.596+0000] {dag.py:3947} INFO - Setting next_dagrun for crypto_daily_pipeline to 2026-07-15 00:00:00+00:00, run_after=2026-07-16 00:00:00+00:00
[2026-07-15T11:04:30.604+0000] {processor.py:183} INFO - Processing /opt/airflow/dags/crypto_pipeline_dag.py took 0.051 seconds
[2026-07-15T11:05:00.746+0000] {processor.py:161} INFO - Started process (PID=3033) to work on /opt/airflow/dags/crypto_pipeline_dag.py
[2026-07-15T11:05:00.747+0000] {processor.py:830} INFO - Processing file /opt/airflow/dags/crypto_pipeline_dag.py for tasks to queue
[2026-07-15T11:05:00.749+0000] {logging_mixin.py:188} INFO - [2026-07-15T11:05:00.748+0000] {dagbag.py:545} INFO - Filling up the DagBag from /opt/airflow/dags/crypto_pipeline_dag.py
[2026-07-15T11:05:00.758+0000] {processor.py:840} INFO - DAG(s) 'crypto_daily_pipeline' retrieved from /opt/airflow/dags/crypto_pipeline_dag.py
[2026-07-15T11:05:00.776+0000] {logging_mixin.py:188} INFO - [2026-07-15T11:05:00.775+0000] {dag.py:3089} INFO - Sync 1 DAGs
[2026-07-15T11:05:00.785+0000] {logging_mixin.py:188} INFO - [2026-07-15T11:05:00.784+0000] {dag.py:3947} INFO - Setting next_dagrun for crypto_daily_pipeline to 2026-07-15 00:00:00+00:00, run_after=2026-07-16 00:00:00+00:00
[2026-07-15T11:05:00.791+0000] {processor.py:183} INFO - Processing /opt/airflow/dags/crypto_pipeline_dag.py took 0.050 seconds
[2026-07-15T11:05:30.941+0000] {processor.py:161} INFO - Started process (PID=3038) to work on /opt/airflow/dags/crypto_pipeline_dag.py
[2026-07-15T11:05:30.942+0000] {processor.py:830} INFO - Processing file /opt/airflow/dags/crypto_pipeline_dag.py for tasks to queue
[2026-07-15T11:05:30.943+0000] {logging_mixin.py:188} INFO - [2026-07-15T11:05:30.943+0000] {dagbag.py:545} INFO - Filling up the DagBag from /opt/airflow/dags/crypto_pipeline_dag.py
[2026-07-15T11:05:30.953+0000] {processor.py:840} INFO - DAG(s) 'crypto_daily_pipeline' retrieved from /opt/airflow/dags/crypto_pipeline_dag.py
[2026-07-15T11:05:30.974+0000] {logging_mixin.py:188} INFO - [2026-07-15T11:05:30.973+0000] {dag.py:3089} INFO - Sync 1 DAGs
[2026-07-15T11:05:30.982+0000] {logging_mixin.py:188} INFO - [2026-07-15T11:05:30.982+0000] {dag.py:3947} INFO - Setting next_dagrun for crypto_daily_pipeline to 2026-07-15 00:00:00+00:00, run_after=2026-07-16 00:00:00+00:00
[2026-07-15T11:05:30.989+0000] {processor.py:183} INFO - Processing /opt/airflow/dags/crypto_pipeline_dag.py took 0.052 seconds
[2026-07-15T11:06:01.151+0000] {processor.py:161} INFO - Started process (PID=3043) to work on /opt/airflow/dags/crypto_pipeline_dag.py
[2026-07-15T11:06:01.155+0000] {processor.py:830} INFO - Processing file /opt/airflow/dags/crypto_pipeline_dag.py for tasks to queue
[2026-07-15T11:06:01.157+0000] {logging_mixin.py:188} INFO - [2026-07-15T11:06:01.157+0000] {dagbag.py:545} INFO - Filling up the DagBag from /opt/airflow/dags/crypto_pipeline_dag.py
[2026-07-15T11:06:01.170+0000] {processor.py:840} INFO - DAG(s) 'crypto_daily_pipeline' retrieved from /opt/airflow/dags/crypto_pipeline_dag.py
[2026-07-15T11:06:01.190+0000] {logging_mixin.py:188} INFO - [2026-07-15T11:06:01.190+0000] {dag.py:3089} INFO - Sync 1 DAGs
[2026-07-15T11:06:01.200+0000] {logging_mixin.py:188} INFO - [2026-07-15T11:06:01.200+0000] {dag.py:3947} INFO - Setting next_dagrun for crypto_daily_pipeline to 2026-07-15 00:00:00+00:00, run_after=2026-07-16 00:00:00+00:00
[2026-07-15T11:06:01.206+0000] {processor.py:183} INFO - Processing /opt/airflow/dags/crypto_pipeline_dag.py took 0.063 seconds
[2026-07-15T11:06:31.321+0000] {processor.py:161} INFO - Started process (PID=3048) to work on /opt/airflow/dags/crypto_pipeline_dag.py
[2026-07-15T11:06:31.322+0000] {processor.py:830} INFO - Processing file /opt/airflow/dags/crypto_pipeline_dag.py for tasks to queue
[2026-07-15T11:06:31.324+0000] {logging_mixin.py:188} INFO - [2026-07-15T11:06:31.323+0000] {dagbag.py:545} INFO - Filling up the DagBag from /opt/airflow/dags/crypto_pipeline_dag.py
[2026-07-15T11:06:31.333+0000] {processor.py:840} INFO - DAG(s) 'crypto_daily_pipeline' retrieved from /opt/airflow/dags/crypto_pipeline_dag.py
[2026-07-15T11:06:31.352+0000] {logging_mixin.py:188} INFO - [2026-07-15T11:06:31.352+0000] {dag.py:3089} INFO - Sync 1 DAGs
[2026-07-15T11:06:31.362+0000] {logging_mixin.py:188} INFO - [2026-07-15T11:06:31.362+0000] {dag.py:3947} INFO - Setting next_dagrun for crypto_daily_pipeline to 2026-07-15 00:00:00+00:00, run_after=2026-07-16 00:00:00+00:00
[2026-07-15T11:06:31.368+0000] {processor.py:183} INFO - Processing /opt/airflow/dags/crypto_pipeline_dag.py took 0.052 seconds
[2026-07-15T11:07:01.514+0000] {processor.py:161} INFO - Started process (PID=3053) to work on /opt/airflow/dags/crypto_pipeline_dag.py
[2026-07-15T11:07:01.515+0000] {processor.py:830} INFO - Processing file /opt/airflow/dags/crypto_pipeline_dag.py for tasks to queue
[2026-07-15T11:07:01.517+0000] {logging_mixin.py:188} INFO - [2026-07-15T11:07:01.516+0000] {dagbag.py:545} INFO - Filling up the DagBag from /opt/airflow/dags/crypto_pipeline_dag.py
[2026-07-15T11:07:01.526+0000] {processor.py:840} INFO - DAG(s) 'crypto_daily_pipeline' retrieved from /opt/airflow/dags/crypto_pipeline_dag.py
[2026-07-15T11:07:01.544+0000] {logging_mixin.py:188} INFO - [2026-07-15T11:07:01.544+0000] {dag.py:3089} INFO - Sync 1 DAGs
[2026-07-15T11:07:01.554+0000] {logging_mixin.py:188} INFO - [2026-07-15T11:07:01.554+0000] {dag.py:3947} INFO - Setting next_dagrun for crypto_daily_pipeline to 2026-07-15 00:00:00+00:00, run_after=2026-07-16 00:00:00+00:00
[2026-07-15T11:07:01.560+0000] {processor.py:183} INFO - Processing /opt/airflow/dags/crypto_pipeline_dag.py took 0.051 seconds
[2026-07-15T11:07:31.705+0000] {processor.py:161} INFO - Started process (PID=3058) to work on /opt/airflow/dags/crypto_pipeline_dag.py
[2026-07-15T11:07:31.706+0000] {processor.py:830} INFO - Processing file /opt/airflow/dags/crypto_pipeline_dag.py for tasks to queue
[2026-07-15T11:07:31.707+0000] {logging_mixin.py:188} INFO - [2026-07-15T11:07:31.707+0000] {dagbag.py:545} INFO - Filling up the DagBag from /opt/airflow/dags/crypto_pipeline_dag.py
[2026-07-15T11:07:31.716+0000] {processor.py:840} INFO - DAG(s) 'crypto_daily_pipeline' retrieved from /opt/airflow/dags/crypto_pipeline_dag.py
[2026-07-15T11:07:31.735+0000] {logging_mixin.py:188} INFO - [2026-07-15T11:07:31.735+0000] {dag.py:3089} INFO - Sync 1 DAGs
[2026-07-15T11:07:31.744+0000] {logging_mixin.py:188} INFO - [2026-07-15T11:07:31.744+0000] {dag.py:3947} INFO - Setting next_dagrun for crypto_daily_pipeline to 2026-07-15 00:00:00+00:00, run_after=2026-07-16 00:00:00+00:00
[2026-07-15T11:07:31.750+0000] {processor.py:183} INFO - Processing /opt/airflow/dags/crypto_pipeline_dag.py took 0.050 seconds
[2026-07-15T11:08:01.898+0000] {processor.py:161} INFO - Started process (PID=3063) to work on /opt/airflow/dags/crypto_pipeline_dag.py
[2026-07-15T11:08:01.899+0000] {processor.py:830} INFO - Processing file /opt/airflow/dags/crypto_pipeline_dag.py for tasks to queue
[2026-07-15T11:08:01.900+0000] {logging_mixin.py:188} INFO - [2026-07-15T11:08:01.900+0000] {dagbag.py:545} INFO - Filling up the DagBag from /opt/airflow/dags/crypto_pipeline_dag.py
[2026-07-15T11:08:01.909+0000] {processor.py:840} INFO - DAG(s) 'crypto_daily_pipeline' retrieved from /opt/airflow/dags/crypto_pipeline_dag.py
[2026-07-15T11:08:01.927+0000] {logging_mixin.py:188} INFO - [2026-07-15T11:08:01.927+0000] {dag.py:3089} INFO - Sync 1 DAGs
[2026-07-15T11:08:01.938+0000] {logging_mixin.py:188} INFO - [2026-07-15T11:08:01.938+0000] {dag.py:3947} INFO - Setting next_dagrun for crypto_daily_pipeline to 2026-07-15 00:00:00+00:00, run_after=2026-07-16 00:00:00+00:00
[2026-07-15T11:08:01.948+0000] {processor.py:183} INFO - Processing /opt/airflow/dags/crypto_pipeline_dag.py took 0.055 seconds
[2026-07-15T11:08:32.110+0000] {processor.py:161} INFO - Started process (PID=3068) to work on /opt/airflow/dags/crypto_pipeline_dag.py
[2026-07-15T11:08:32.111+0000] {processor.py:830} INFO - Processing file /opt/airflow/dags/crypto_pipeline_dag.py for tasks to queue
[2026-07-15T11:08:32.113+0000] {logging_mixin.py:188} INFO - [2026-07-15T11:08:32.112+0000] {dagbag.py:545} INFO - Filling up the DagBag from /opt/airflow/dags/crypto_pipeline_dag.py
[2026-07-15T11:08:32.122+0000] {processor.py:840} INFO - DAG(s) 'crypto_daily_pipeline' retrieved from /opt/airflow/dags/crypto_pipeline_dag.py
[2026-07-15T11:08:32.140+0000] {logging_mixin.py:188} INFO - [2026-07-15T11:08:32.140+0000] {dag.py:3089} INFO - Sync 1 DAGs
[2026-07-15T11:08:32.150+0000] {logging_mixin.py:188} INFO - [2026-07-15T11:08:32.150+0000] {dag.py:3947} INFO - Setting next_dagrun for crypto_daily_pipeline to 2026-07-15 00:00:00+00:00, run_after=2026-07-16 00:00:00+00:00
[2026-07-15T11:08:32.157+0000] {processor.py:183} INFO - Processing /opt/airflow/dags/crypto_pipeline_dag.py took 0.051 seconds
[2026-07-15T11:09:02.325+0000] {processor.py:161} INFO - Started process (PID=3073) to work on /opt/airflow/dags/crypto_pipeline_dag.py
[2026-07-15T11:09:02.326+0000] {processor.py:830} INFO - Processing file /opt/airflow/dags/crypto_pipeline_dag.py for tasks to queue
[2026-07-15T11:09:02.327+0000] {logging_mixin.py:188} INFO - [2026-07-15T11:09:02.327+0000] {dagbag.py:545} INFO - Filling up the DagBag from /opt/airflow/dags/crypto_pipeline_dag.py
[2026-07-15T11:09:02.336+0000] {processor.py:840} INFO - DAG(s) 'crypto_daily_pipeline' retrieved from /opt/airflow/dags/crypto_pipeline_dag.py
[2026-07-15T11:09:02.355+0000] {logging_mixin.py:188} INFO - [2026-07-15T11:09:02.355+0000] {dag.py:3089} INFO - Sync 1 DAGs
[2026-07-15T11:09:02.366+0000] {logging_mixin.py:188} INFO - [2026-07-15T11:09:02.366+0000] {dag.py:3947} INFO - Setting next_dagrun for crypto_daily_pipeline to 2026-07-15 00:00:00+00:00, run_after=2026-07-16 00:00:00+00:00
[2026-07-15T11:09:02.372+0000] {processor.py:183} INFO - Processing /opt/airflow/dags/crypto_pipeline_dag.py took 0.052 seconds
[2026-07-15T11:09:32.528+0000] {processor.py:161} INFO - Started process (PID=3078) to work on /opt/airflow/dags/crypto_pipeline_dag.py
[2026-07-15T11:09:32.529+0000] {processor.py:830} INFO - Processing file /opt/airflow/dags/crypto_pipeline_dag.py for tasks to queue
[2026-07-15T11:09:32.529+0000] {logging_mixin.py:188} INFO - [2026-07-15T11:09:32.529+0000] {dagbag.py:545} INFO - Filling up the DagBag from /opt/airflow/dags/crypto_pipeline_dag.py
[2026-07-15T11:09:32.534+0000] {processor.py:840} INFO - DAG(s) 'crypto_daily_pipeline' retrieved from /opt/airflow/dags/crypto_pipeline_dag.py
[2026-07-15T11:09:32.544+0000] {logging_mixin.py:188} INFO - [2026-07-15T11:09:32.544+0000] {dag.py:3089} INFO - Sync 1 DAGs
[2026-07-15T11:09:32.550+0000] {logging_mixin.py:188} INFO - [2026-07-15T11:09:32.550+0000] {dag.py:3947} INFO - Setting next_dagrun for crypto_daily_pipeline to 2026-07-15 00:00:00+00:00, run_after=2026-07-16 00:00:00+00:00
[2026-07-15T11:09:32.556+0000] {processor.py:183} INFO - Processing /opt/airflow/dags/crypto_pipeline_dag.py took 0.030 seconds
[2026-07-15T11:10:02.771+0000] {processor.py:161} INFO - Started process (PID=3083) to work on /opt/airflow/dags/crypto_pipeline_dag.py
[2026-07-15T11:10:02.771+0000] {processor.py:830} INFO - Processing file /opt/airflow/dags/crypto_pipeline_dag.py for tasks to queue
[2026-07-15T11:10:02.773+0000] {logging_mixin.py:188} INFO - [2026-07-15T11:10:02.773+0000] {dagbag.py:545} INFO - Filling up the DagBag from /opt/airflow/dags/crypto_pipeline_dag.py
[2026-07-15T11:10:02.782+0000] {processor.py:840} INFO - DAG(s) 'crypto_daily_pipeline' retrieved from /opt/airflow/dags/crypto_pipeline_dag.py
[2026-07-15T11:10:02.798+0000] {logging_mixin.py:188} INFO - [2026-07-15T11:10:02.798+0000] {dag.py:3089} INFO - Sync 1 DAGs
[2026-07-15T11:10:02.809+0000] {logging_mixin.py:188} INFO - [2026-07-15T11:10:02.809+0000] {dag.py:3947} INFO - Setting next_dagrun for crypto_daily_pipeline to 2026-07-15 00:00:00+00:00, run_after=2026-07-16 00:00:00+00:00
[2026-07-15T11:10:02.815+0000] {processor.py:183} INFO - Processing /opt/airflow/dags/crypto_pipeline_dag.py took 0.049 seconds
[2026-07-15T11:10:32.975+0000] {processor.py:161} INFO - Started process (PID=3088) to work on /opt/airflow/dags/crypto_pipeline_dag.py
[2026-07-15T11:10:32.976+0000] {processor.py:830} INFO - Processing file /opt/airflow/dags/crypto_pipeline_dag.py for tasks to queue
[2026-07-15T11:10:32.977+0000] {logging_mixin.py:188} INFO - [2026-07-15T11:10:32.977+0000] {dagbag.py:545} INFO - Filling up the DagBag from /opt/airflow/dags/crypto_pipeline_dag.py
[2026-07-15T11:10:32.986+0000] {processor.py:840} INFO - DAG(s) 'crypto_daily_pipeline' retrieved from /opt/airflow/dags/crypto_pipeline_dag.py
[2026-07-15T11:10:33.003+0000] {logging_mixin.py:188} INFO - [2026-07-15T11:10:33.003+0000] {dag.py:3089} INFO - Sync 1 DAGs
[2026-07-15T11:10:33.012+0000] {logging_mixin.py:188} INFO - [2026-07-15T11:10:33.012+0000] {dag.py:3947} INFO - Setting next_dagrun for crypto_daily_pipeline to 2026-07-15 00:00:00+00:00, run_after=2026-07-16 00:00:00+00:00
[2026-07-15T11:10:33.019+0000] {processor.py:183} INFO - Processing /opt/airflow/dags/crypto_pipeline_dag.py took 0.049 seconds
[2026-07-15T11:11:03.174+0000] {processor.py:161} INFO - Started process (PID=3093) to work on /opt/airflow/dags/crypto_pipeline_dag.py
[2026-07-15T11:11:03.174+0000] {processor.py:830} INFO - Processing file /opt/airflow/dags/crypto_pipeline_dag.py for tasks to queue
[2026-07-15T11:11:03.176+0000] {logging_mixin.py:188} INFO - [2026-07-15T11:11:03.176+0000] {dagbag.py:545} INFO - Filling up the DagBag from /opt/airflow/dags/crypto_pipeline_dag.py
[2026-07-15T11:11:03.186+0000] {processor.py:840} INFO - DAG(s) 'crypto_daily_pipeline' retrieved from /opt/airflow/dags/crypto_pipeline_dag.py
[2026-07-15T11:11:03.203+0000] {logging_mixin.py:188} INFO - [2026-07-15T11:11:03.203+0000] {dag.py:3089} INFO - Sync 1 DAGs
[2026-07-15T11:11:03.215+0000] {logging_mixin.py:188} INFO - [2026-07-15T11:11:03.214+0000] {dag.py:3947} INFO - Setting next_dagrun for crypto_daily_pipeline to 2026-07-15 00:00:00+00:00, run_after=2026-07-16 00:00:00+00:00
[2026-07-15T11:11:03.221+0000] {processor.py:183} INFO - Processing /opt/airflow/dags/crypto_pipeline_dag.py took 0.052 seconds
[2026-07-15T11:11:33.397+0000] {processor.py:161} INFO - Started process (PID=3098) to work on /opt/airflow/dags/crypto_pipeline_dag.py
[2026-07-15T11:11:33.398+0000] {processor.py:830} INFO - Processing file /opt/airflow/dags/crypto_pipeline_dag.py for tasks to queue
[2026-07-15T11:11:33.400+0000] {logging_mixin.py:188} INFO - [2026-07-15T11:11:33.399+0000] {dagbag.py:545} INFO - Filling up the DagBag from /opt/airflow/dags/crypto_pipeline_dag.py
[2026-07-15T11:11:33.408+0000] {processor.py:840} INFO - DAG(s) 'crypto_daily_pipeline' retrieved from /opt/airflow/dags/crypto_pipeline_dag.py
[2026-07-15T11:11:33.424+0000] {logging_mixin.py:188} INFO - [2026-07-15T11:11:33.424+0000] {dag.py:3089} INFO - Sync 1 DAGs
[2026-07-15T11:11:33.434+0000] {logging_mixin.py:188} INFO - [2026-07-15T11:11:33.434+0000] {dag.py:3947} INFO - Setting next_dagrun for crypto_daily_pipeline to 2026-07-15 00:00:00+00:00, run_after=2026-07-16 00:00:00+00:00
[2026-07-15T11:11:33.440+0000] {processor.py:183} INFO - Processing /opt/airflow/dags/crypto_pipeline_dag.py took 0.048 seconds
[2026-07-15T11:12:03.604+0000] {processor.py:161} INFO - Started process (PID=3103) to work on /opt/airflow/dags/crypto_pipeline_dag.py
[2026-07-15T11:12:03.605+0000] {processor.py:830} INFO - Processing file /opt/airflow/dags/crypto_pipeline_dag.py for tasks to queue
[2026-07-15T11:12:03.607+0000] {logging_mixin.py:188} INFO - [2026-07-15T11:12:03.606+0000] {dagbag.py:545} INFO - Filling up the DagBag from /opt/airflow/dags/crypto_pipeline_dag.py
[2026-07-15T11:12:03.616+0000] {processor.py:840} INFO - DAG(s) 'crypto_daily_pipeline' retrieved from /opt/airflow/dags/crypto_pipeline_dag.py
[2026-07-15T11:12:03.635+0000] {logging_mixin.py:188} INFO - [2026-07-15T11:12:03.635+0000] {dag.py:3089} INFO - Sync 1 DAGs
[2026-07-15T11:12:03.645+0000] {logging_mixin.py:188} INFO - [2026-07-15T11:12:03.645+0000] {dag.py:3947} INFO - Setting next_dagrun for crypto_daily_pipeline to 2026-07-15 00:00:00+00:00, run_after=2026-07-16 00:00:00+00:00
[2026-07-15T11:12:03.651+0000] {processor.py:183} INFO - Processing /opt/airflow/dags/crypto_pipeline_dag.py took 0.051 seconds
[2026-07-15T11:12:33.791+0000] {processor.py:161} INFO - Started process (PID=3108) to work on /opt/airflow/dags/crypto_pipeline_dag.py
[2026-07-15T11:12:33.793+0000] {processor.py:830} INFO - Processing file /opt/airflow/dags/crypto_pipeline_dag.py for tasks to queue
[2026-07-15T11:12:33.794+0000] {logging_mixin.py:188} INFO - [2026-07-15T11:12:33.794+0000] {dagbag.py:545} INFO - Filling up the DagBag from /opt/airflow/dags/crypto_pipeline_dag.py
[2026-07-15T11:12:33.802+0000] {processor.py:840} INFO - DAG(s) 'crypto_daily_pipeline' retrieved from /opt/airflow/dags/crypto_pipeline_dag.py
[2026-07-15T11:12:33.820+0000] {logging_mixin.py:188} INFO - [2026-07-15T11:12:33.820+0000] {dag.py:3089} INFO - Sync 1 DAGs
[2026-07-15T11:12:33.829+0000] {logging_mixin.py:188} INFO - [2026-07-15T11:12:33.829+0000] {dag.py:3947} INFO - Setting next_dagrun for crypto_daily_pipeline to 2026-07-15 00:00:00+00:00, run_after=2026-07-16 00:00:00+00:00
[2026-07-15T11:12:33.835+0000] {processor.py:183} INFO - Processing /opt/airflow/dags/crypto_pipeline_dag.py took 0.050 seconds
[2026-07-15T11:13:04.016+0000] {processor.py:161} INFO - Started process (PID=3113) to work on /opt/airflow/dags/crypto_pipeline_dag.py
[2026-07-15T11:13:04.017+0000] {processor.py:830} INFO - Processing file /opt/airflow/dags/crypto_pipeline_dag.py for tasks to queue
[2026-07-15T11:13:04.019+0000] {logging_mixin.py:188} INFO - [2026-07-15T11:13:04.019+0000] {dagbag.py:545} INFO - Filling up the DagBag from /opt/airflow/dags/crypto_pipeline_dag.py
[2026-07-15T11:13:04.028+0000] {processor.py:840} INFO - DAG(s) 'crypto_daily_pipeline' retrieved from /opt/airflow/dags/crypto_pipeline_dag.py
[2026-07-15T11:13:04.045+0000] {logging_mixin.py:188} INFO - [2026-07-15T11:13:04.045+0000] {dag.py:3089} INFO - Sync 1 DAGs
[2026-07-15T11:13:04.054+0000] {logging_mixin.py:188} INFO - [2026-07-15T11:13:04.054+0000] {dag.py:3947} INFO - Setting next_dagrun for crypto_daily_pipeline to 2026-07-15 00:00:00+00:00, run_after=2026-07-16 00:00:00+00:00
[2026-07-15T11:13:04.060+0000] {processor.py:183} INFO - Processing /opt/airflow/dags/crypto_pipeline_dag.py took 0.048 seconds
[2026-07-15T11:13:34.228+0000] {processor.py:161} INFO - Started process (PID=3118) to work on /opt/airflow/dags/crypto_pipeline_dag.py
[2026-07-15T11:13:34.228+0000] {processor.py:830} INFO - Processing file /opt/airflow/dags/crypto_pipeline_dag.py for tasks to queue
[2026-07-15T11:13:34.230+0000] {logging_mixin.py:188} INFO - [2026-07-15T11:13:34.230+0000] {dagbag.py:545} INFO - Filling up the DagBag from /opt/airflow/dags/crypto_pipeline_dag.py
[2026-07-15T11:13:34.239+0000] {processor.py:840} INFO - DAG(s) 'crypto_daily_pipeline' retrieved from /opt/airflow/dags/crypto_pipeline_dag.py
[2026-07-15T11:13:34.256+0000] {logging_mixin.py:188} INFO - [2026-07-15T11:13:34.256+0000] {dag.py:3089} INFO - Sync 1 DAGs
[2026-07-15T11:13:34.265+0000] {logging_mixin.py:188} INFO - [2026-07-15T11:13:34.265+0000] {dag.py:3947} INFO - Setting next_dagrun for crypto_daily_pipeline to 2026-07-15 00:00:00+00:00, run_after=2026-07-16 00:00:00+00:00
[2026-07-15T11:13:34.272+0000] {processor.py:183} INFO - Processing /opt/airflow/dags/crypto_pipeline_dag.py took 0.049 seconds
[2026-07-15T11:14:04.483+0000] {processor.py:161} INFO - Started process (PID=3123) to work on /opt/airflow/dags/crypto_pipeline_dag.py
[2026-07-15T11:14:04.484+0000] {processor.py:830} INFO - Processing file /opt/airflow/dags/crypto_pipeline_dag.py for tasks to queue
[2026-07-15T11:14:04.485+0000] {logging_mixin.py:188} INFO - [2026-07-15T11:14:04.485+0000] {dagbag.py:545} INFO - Filling up the DagBag from /opt/airflow/dags/crypto_pipeline_dag.py
[2026-07-15T11:14:04.494+0000] {processor.py:840} INFO - DAG(s) 'crypto_daily_pipeline' retrieved from /opt/airflow/dags/crypto_pipeline_dag.py
[2026-07-15T11:14:04.512+0000] {logging_mixin.py:188} INFO - [2026-07-15T11:14:04.512+0000] {dag.py:3089} INFO - Sync 1 DAGs
[2026-07-15T11:14:04.523+0000] {logging_mixin.py:188} INFO - [2026-07-15T11:14:04.522+0000] {dag.py:3947} INFO - Setting next_dagrun for crypto_daily_pipeline to 2026-07-15 00:00:00+00:00, run_after=2026-07-16 00:00:00+00:00
[2026-07-15T11:14:04.529+0000] {processor.py:183} INFO - Processing /opt/airflow/dags/crypto_pipeline_dag.py took 0.050 seconds
[2026-07-15T11:14:34.690+0000] {processor.py:161} INFO - Started process (PID=3128) to work on /opt/airflow/dags/crypto_pipeline_dag.py
[2026-07-15T11:14:34.692+0000] {processor.py:830} INFO - Processing file /opt/airflow/dags/crypto_pipeline_dag.py for tasks to queue
[2026-07-15T11:14:34.695+0000] {logging_mixin.py:188} INFO - [2026-07-15T11:14:34.694+0000] {dagbag.py:545} INFO - Filling up the DagBag from /opt/airflow/dags/crypto_pipeline_dag.py
[2026-07-15T11:14:34.702+0000] {processor.py:840} INFO - DAG(s) 'crypto_daily_pipeline' retrieved from /opt/airflow/dags/crypto_pipeline_dag.py
[2026-07-15T11:14:34.717+0000] {logging_mixin.py:188} INFO - [2026-07-15T11:14:34.717+0000] {dag.py:3089} INFO - Sync 1 DAGs
[2026-07-15T11:14:34.726+0000] {logging_mixin.py:188} INFO - [2026-07-15T11:14:34.726+0000] {dag.py:3947} INFO - Setting next_dagrun for crypto_daily_pipeline to 2026-07-15 00:00:00+00:00, run_after=2026-07-16 00:00:00+00:00
[2026-07-15T11:14:34.733+0000] {processor.py:183} INFO - Processing /opt/airflow/dags/crypto_pipeline_dag.py took 0.048 seconds
[2026-07-15T11:15:04.896+0000] {processor.py:161} INFO - Started process (PID=3133) to work on /opt/airflow/dags/crypto_pipeline_dag.py
[2026-07-15T11:15:04.897+0000] {processor.py:830} INFO - Processing file /opt/airflow/dags/crypto_pipeline_dag.py for tasks to queue
[2026-07-15T11:15:04.898+0000] {logging_mixin.py:188} INFO - [2026-07-15T11:15:04.897+0000] {dagbag.py:545} INFO - Filling up the DagBag from /opt/airflow/dags/crypto_pipeline_dag.py
[2026-07-15T11:15:04.904+0000] {processor.py:840} INFO - DAG(s) 'crypto_daily_pipeline' retrieved from /opt/airflow/dags/crypto_pipeline_dag.py
[2026-07-15T11:15:04.919+0000] {logging_mixin.py:188} INFO - [2026-07-15T11:15:04.919+0000] {dag.py:3089} INFO - Sync 1 DAGs
[2026-07-15T11:15:04.927+0000] {logging_mixin.py:188} INFO - [2026-07-15T11:15:04.927+0000] {dag.py:3947} INFO - Setting next_dagrun for crypto_daily_pipeline to 2026-07-15 00:00:00+00:00, run_after=2026-07-16 00:00:00+00:00
[2026-07-15T11:15:04.935+0000] {processor.py:183} INFO - Processing /opt/airflow/dags/crypto_pipeline_dag.py took 0.043 seconds
[2026-07-15T11:15:35.129+0000] {processor.py:161} INFO - Started process (PID=3138) to work on /opt/airflow/dags/crypto_pipeline_dag.py
[2026-07-15T11:15:35.129+0000] {processor.py:830} INFO - Processing file /opt/airflow/dags/crypto_pipeline_dag.py for tasks to queue
[2026-07-15T11:15:35.131+0000] {logging_mixin.py:188} INFO - [2026-07-15T11:15:35.131+0000] {dagbag.py:545} INFO - Filling up the DagBag from /opt/airflow/dags/crypto_pipeline_dag.py
[2026-07-15T11:15:35.140+0000] {processor.py:840} INFO - DAG(s) 'crypto_daily_pipeline' retrieved from /opt/airflow/dags/crypto_pipeline_dag.py
[2026-07-15T11:15:35.158+0000] {logging_mixin.py:188} INFO - [2026-07-15T11:15:35.158+0000] {dag.py:3089} INFO - Sync 1 DAGs
[2026-07-15T11:15:35.167+0000] {logging_mixin.py:188} INFO - [2026-07-15T11:15:35.167+0000] {dag.py:3947} INFO - Setting next_dagrun for crypto_daily_pipeline to 2026-07-15 00:00:00+00:00, run_after=2026-07-16 00:00:00+00:00
[2026-07-15T11:15:35.174+0000] {processor.py:183} INFO - Processing /opt/airflow/dags/crypto_pipeline_dag.py took 0.049 seconds
[2026-07-15T11:16:05.344+0000] {processor.py:161} INFO - Started process (PID=3143) to work on /opt/airflow/dags/crypto_pipeline_dag.py
[2026-07-15T11:16:05.345+0000] {processor.py:830} INFO - Processing file /opt/airflow/dags/crypto_pipeline_dag.py for tasks to queue
[2026-07-15T11:16:05.346+0000] {logging_mixin.py:188} INFO - [2026-07-15T11:16:05.346+0000] {dagbag.py:545} INFO - Filling up the DagBag from /opt/airflow/dags/crypto_pipeline_dag.py
[2026-07-15T11:16:05.355+0000] {processor.py:840} INFO - DAG(s) 'crypto_daily_pipeline' retrieved from /opt/airflow/dags/crypto_pipeline_dag.py
[2026-07-15T11:16:05.373+0000] {logging_mixin.py:188} INFO - [2026-07-15T11:16:05.373+0000] {dag.py:3089} INFO - Sync 1 DAGs
[2026-07-15T11:16:05.383+0000] {logging_mixin.py:188} INFO - [2026-07-15T11:16:05.383+0000] {dag.py:3947} INFO - Setting next_dagrun for crypto_daily_pipeline to 2026-07-15 00:00:00+00:00, run_after=2026-07-16 00:00:00+00:00
[2026-07-15T11:16:05.392+0000] {processor.py:183} INFO - Processing /opt/airflow/dags/crypto_pipeline_dag.py took 0.052 seconds
[2026-07-15T11:16:35.558+0000] {processor.py:161} INFO - Started process (PID=3148) to work on /opt/airflow/dags/crypto_pipeline_dag.py
[2026-07-15T11:16:35.559+0000] {processor.py:830} INFO - Processing file /opt/airflow/dags/crypto_pipeline_dag.py for tasks to queue
[2026-07-15T11:16:35.561+0000] {logging_mixin.py:188} INFO - [2026-07-15T11:16:35.560+0000] {dagbag.py:545} INFO - Filling up the DagBag from /opt/airflow/dags/crypto_pipeline_dag.py
[2026-07-15T11:16:35.570+0000] {processor.py:840} INFO - DAG(s) 'crypto_daily_pipeline' retrieved from /opt/airflow/dags/crypto_pipeline_dag.py
[2026-07-15T11:16:35.588+0000] {logging_mixin.py:188} INFO - [2026-07-15T11:16:35.588+0000] {dag.py:3089} INFO - Sync 1 DAGs
[2026-07-15T11:16:35.598+0000] {logging_mixin.py:188} INFO - [2026-07-15T11:16:35.598+0000] {dag.py:3947} INFO - Setting next_dagrun for crypto_daily_pipeline to 2026-07-15 00:00:00+00:00, run_after=2026-07-16 00:00:00+00:00
[2026-07-15T11:16:35.605+0000] {processor.py:183} INFO - Processing /opt/airflow/dags/crypto_pipeline_dag.py took 0.051 seconds
[2026-07-15T11:17:05.786+0000] {processor.py:161} INFO - Started process (PID=3153) to work on /opt/airflow/dags/crypto_pipeline_dag.py
[2026-07-15T11:17:05.787+0000] {processor.py:830} INFO - Processing file /opt/airflow/dags/crypto_pipeline_dag.py for tasks to queue
[2026-07-15T11:17:05.788+0000] {logging_mixin.py:188} INFO - [2026-07-15T11:17:05.788+0000] {dagbag.py:545} INFO - Filling up the DagBag from /opt/airflow/dags/crypto_pipeline_dag.py
[2026-07-15T11:17:05.798+0000] {processor.py:840} INFO - DAG(s) 'crypto_daily_pipeline' retrieved from /opt/airflow/dags/crypto_pipeline_dag.py
[2026-07-15T11:17:05.816+0000] {logging_mixin.py:188} INFO - [2026-07-15T11:17:05.816+0000] {dag.py:3089} INFO - Sync 1 DAGs
[2026-07-15T11:17:05.828+0000] {logging_mixin.py:188} INFO - [2026-07-15T11:17:05.827+0000] {dag.py:3947} INFO - Setting next_dagrun for crypto_daily_pipeline to 2026-07-15 00:00:00+00:00, run_after=2026-07-16 00:00:00+00:00
[2026-07-15T11:17:05.834+0000] {processor.py:183} INFO - Processing /opt/airflow/dags/crypto_pipeline_dag.py took 0.052 seconds
[2026-07-15T11:17:35.980+0000] {processor.py:161} INFO - Started process (PID=3158) to work on /opt/airflow/dags/crypto_pipeline_dag.py
[2026-07-15T11:17:35.981+0000] {processor.py:830} INFO - Processing file /opt/airflow/dags/crypto_pipeline_dag.py for tasks to queue
[2026-07-15T11:17:35.982+0000] {logging_mixin.py:188} INFO - [2026-07-15T11:17:35.982+0000] {dagbag.py:545} INFO - Filling up the DagBag from /opt/airflow/dags/crypto_pipeline_dag.py
[2026-07-15T11:17:35.991+0000] {processor.py:840} INFO - DAG(s) 'crypto_daily_pipeline' retrieved from /opt/airflow/dags/crypto_pipeline_dag.py
[2026-07-15T11:17:36.009+0000] {logging_mixin.py:188} INFO - [2026-07-15T11:17:36.009+0000] {dag.py:3089} INFO - Sync 1 DAGs
[2026-07-15T11:17:36.020+0000] {logging_mixin.py:188} INFO - [2026-07-15T11:17:36.020+0000] {dag.py:3947} INFO - Setting next_dagrun for crypto_daily_pipeline to 2026-07-15 00:00:00+00:00, run_after=2026-07-16 00:00:00+00:00
[2026-07-15T11:17:36.026+0000] {processor.py:183} INFO - Processing /opt/airflow/dags/crypto_pipeline_dag.py took 0.050 seconds
[2026-07-15T11:18:06.211+0000] {processor.py:161} INFO - Started process (PID=3163) to work on /opt/airflow/dags/crypto_pipeline_dag.py
[2026-07-15T11:18:06.211+0000] {processor.py:830} INFO - Processing file /opt/airflow/dags/crypto_pipeline_dag.py for tasks to queue
[2026-07-15T11:18:06.212+0000] {logging_mixin.py:188} INFO - [2026-07-15T11:18:06.212+0000] {dagbag.py:545} INFO - Filling up the DagBag from /opt/airflow/dags/crypto_pipeline_dag.py
[2026-07-15T11:18:06.222+0000] {processor.py:840} INFO - DAG(s) 'crypto_daily_pipeline' retrieved from /opt/airflow/dags/crypto_pipeline_dag.py
[2026-07-15T11:18:06.241+0000] {logging_mixin.py:188} INFO - [2026-07-15T11:18:06.241+0000] {dag.py:3089} INFO - Sync 1 DAGs
[2026-07-15T11:18:06.252+0000] {logging_mixin.py:188} INFO - [2026-07-15T11:18:06.251+0000] {dag.py:3947} INFO - Setting next_dagrun for crypto_daily_pipeline to 2026-07-15 00:00:00+00:00, run_after=2026-07-16 00:00:00+00:00
[2026-07-15T11:18:06.257+0000] {processor.py:183} INFO - Processing /opt/airflow/dags/crypto_pipeline_dag.py took 0.051 seconds
[2026-07-15T11:18:36.421+0000] {processor.py:161} INFO - Started process (PID=3168) to work on /opt/airflow/dags/crypto_pipeline_dag.py
[2026-07-15T11:18:36.422+0000] {processor.py:830} INFO - Processing file /opt/airflow/dags/crypto_pipeline_dag.py for tasks to queue
[2026-07-15T11:18:36.424+0000] {logging_mixin.py:188} INFO - [2026-07-15T11:18:36.424+0000] {dagbag.py:545} INFO - Filling up the DagBag from /opt/airflow/dags/crypto_pipeline_dag.py
[2026-07-15T11:18:36.433+0000] {processor.py:840} INFO - DAG(s) 'crypto_daily_pipeline' retrieved from /opt/airflow/dags/crypto_pipeline_dag.py
[2026-07-15T11:18:36.450+0000] {logging_mixin.py:188} INFO - [2026-07-15T11:18:36.450+0000] {dag.py:3089} INFO - Sync 1 DAGs
[2026-07-15T11:18:36.459+0000] {logging_mixin.py:188} INFO - [2026-07-15T11:18:36.459+0000] {dag.py:3947} INFO - Setting next_dagrun for crypto_daily_pipeline to 2026-07-15 00:00:00+00:00, run_after=2026-07-16 00:00:00+00:00
[2026-07-15T11:18:36.465+0000] {processor.py:183} INFO - Processing /opt/airflow/dags/crypto_pipeline_dag.py took 0.050 seconds
[2026-07-15T11:19:06.626+0000] {processor.py:161} INFO - Started process (PID=3173) to work on /opt/airflow/dags/crypto_pipeline_dag.py
[2026-07-15T11:19:06.627+0000] {processor.py:830} INFO - Processing file /opt/airflow/dags/crypto_pipeline_dag.py for tasks to queue
[2026-07-15T11:19:06.629+0000] {logging_mixin.py:188} INFO - [2026-07-15T11:19:06.628+0000] {dagbag.py:545} INFO - Filling up the DagBag from /opt/airflow/dags/crypto_pipeline_dag.py
[2026-07-15T11:19:06.637+0000] {processor.py:840} INFO - DAG(s) 'crypto_daily_pipeline' retrieved from /opt/airflow/dags/crypto_pipeline_dag.py
[2026-07-15T11:19:06.654+0000] {logging_mixin.py:188} INFO - [2026-07-15T11:19:06.654+0000] {dag.py:3089} INFO - Sync 1 DAGs
[2026-07-15T11:19:06.665+0000] {logging_mixin.py:188} INFO - [2026-07-15T11:19:06.665+0000] {dag.py:3947} INFO - Setting next_dagrun for crypto_daily_pipeline to 2026-07-15 00:00:00+00:00, run_after=2026-07-16 00:00:00+00:00
[2026-07-15T11:19:06.670+0000] {processor.py:183} INFO - Processing /opt/airflow/dags/crypto_pipeline_dag.py took 0.050 seconds
[2026-07-15T11:19:36.856+0000] {processor.py:161} INFO - Started process (PID=3178) to work on /opt/airflow/dags/crypto_pipeline_dag.py
[2026-07-15T11:19:36.857+0000] {processor.py:830} INFO - Processing file /opt/airflow/dags/crypto_pipeline_dag.py for tasks to queue
[2026-07-15T11:19:36.861+0000] {logging_mixin.py:188} INFO - [2026-07-15T11:19:36.860+0000] {dagbag.py:545} INFO - Filling up the DagBag from /opt/airflow/dags/crypto_pipeline_dag.py
[2026-07-15T11:19:36.870+0000] {processor.py:840} INFO - DAG(s) 'crypto_daily_pipeline' retrieved from /opt/airflow/dags/crypto_pipeline_dag.py
[2026-07-15T11:19:36.886+0000] {logging_mixin.py:188} INFO - [2026-07-15T11:19:36.886+0000] {dag.py:3089} INFO - Sync 1 DAGs
[2026-07-15T11:19:36.895+0000] {logging_mixin.py:188} INFO - [2026-07-15T11:19:36.895+0000] {dag.py:3947} INFO - Setting next_dagrun for crypto_daily_pipeline to 2026-07-15 00:00:00+00:00, run_after=2026-07-16 00:00:00+00:00
[2026-07-15T11:19:36.901+0000] {processor.py:183} INFO - Processing /opt/airflow/dags/crypto_pipeline_dag.py took 0.050 seconds
[2026-07-15T11:20:07.089+0000] {processor.py:161} INFO - Started process (PID=3183) to work on /opt/airflow/dags/crypto_pipeline_dag.py
[2026-07-15T11:20:07.090+0000] {processor.py:830} INFO - Processing file /opt/airflow/dags/crypto_pipeline_dag.py for tasks to queue
[2026-07-15T11:20:07.092+0000] {logging_mixin.py:188} INFO - [2026-07-15T11:20:07.091+0000] {dagbag.py:545} INFO - Filling up the DagBag from /opt/airflow/dags/crypto_pipeline_dag.py
[2026-07-15T11:20:07.102+0000] {processor.py:840} INFO - DAG(s) 'crypto_daily_pipeline' retrieved from /opt/airflow/dags/crypto_pipeline_dag.py
[2026-07-15T11:20:07.119+0000] {logging_mixin.py:188} INFO - [2026-07-15T11:20:07.119+0000] {dag.py:3089} INFO - Sync 1 DAGs
[2026-07-15T11:20:07.130+0000] {logging_mixin.py:188} INFO - [2026-07-15T11:20:07.130+0000] {dag.py:3947} INFO - Setting next_dagrun for crypto_daily_pipeline to 2026-07-15 00:00:00+00:00, run_after=2026-07-16 00:00:00+00:00
[2026-07-15T11:20:07.136+0000] {processor.py:183} INFO - Processing /opt/airflow/dags/crypto_pipeline_dag.py took 0.051 seconds
[2026-07-15T11:20:37.308+0000] {processor.py:161} INFO - Started process (PID=3188) to work on /opt/airflow/dags/crypto_pipeline_dag.py
[2026-07-15T11:20:37.309+0000] {processor.py:830} INFO - Processing file /opt/airflow/dags/crypto_pipeline_dag.py for tasks to queue
[2026-07-15T11:20:37.311+0000] {logging_mixin.py:188} INFO - [2026-07-15T11:20:37.310+0000] {dagbag.py:545} INFO - Filling up the DagBag from /opt/airflow/dags/crypto_pipeline_dag.py
[2026-07-15T11:20:37.320+0000] {processor.py:840} INFO - DAG(s) 'crypto_daily_pipeline' retrieved from /opt/airflow/dags/crypto_pipeline_dag.py
[2026-07-15T11:20:37.337+0000] {logging_mixin.py:188} INFO - [2026-07-15T11:20:37.337+0000] {dag.py:3089} INFO - Sync 1 DAGs
[2026-07-15T11:20:37.347+0000] {logging_mixin.py:188} INFO - [2026-07-15T11:20:37.347+0000] {dag.py:3947} INFO - Setting next_dagrun for crypto_daily_pipeline to 2026-07-15 00:00:00+00:00, run_after=2026-07-16 00:00:00+00:00
[2026-07-15T11:20:37.353+0000] {processor.py:183} INFO - Processing /opt/airflow/dags/crypto_pipeline_dag.py took 0.050 seconds
[2026-07-15T11:21:07.554+0000] {processor.py:161} INFO - Started process (PID=3193) to work on /opt/airflow/dags/crypto_pipeline_dag.py
[2026-07-15T11:21:07.554+0000] {processor.py:830} INFO - Processing file /opt/airflow/dags/crypto_pipeline_dag.py for tasks to queue
[2026-07-15T11:21:07.555+0000] {logging_mixin.py:188} INFO - [2026-07-15T11:21:07.555+0000] {dagbag.py:545} INFO - Filling up the DagBag from /opt/airflow/dags/crypto_pipeline_dag.py
[2026-07-15T11:21:07.563+0000] {processor.py:840} INFO - DAG(s) 'crypto_daily_pipeline' retrieved from /opt/airflow/dags/crypto_pipeline_dag.py
[2026-07-15T11:21:07.578+0000] {logging_mixin.py:188} INFO - [2026-07-15T11:21:07.578+0000] {dag.py:3089} INFO - Sync 1 DAGs
[2026-07-15T11:21:07.587+0000] {logging_mixin.py:188} INFO - [2026-07-15T11:21:07.587+0000] {dag.py:3947} INFO - Setting next_dagrun for crypto_daily_pipeline to 2026-07-15 00:00:00+00:00, run_after=2026-07-16 00:00:00+00:00
[2026-07-15T11:21:07.594+0000] {processor.py:183} INFO - Processing /opt/airflow/dags/crypto_pipeline_dag.py took 0.044 seconds
[2026-07-15T11:21:37.730+0000] {processor.py:161} INFO - Started process (PID=3198) to work on /opt/airflow/dags/crypto_pipeline_dag.py
[2026-07-15T11:21:37.731+0000] {processor.py:830} INFO - Processing file /opt/airflow/dags/crypto_pipeline_dag.py for tasks to queue
[2026-07-15T11:21:37.732+0000] {logging_mixin.py:188} INFO - [2026-07-15T11:21:37.732+0000] {dagbag.py:545} INFO - Filling up the DagBag from /opt/airflow/dags/crypto_pipeline_dag.py
[2026-07-15T11:21:37.739+0000] {processor.py:840} INFO - DAG(s) 'crypto_daily_pipeline' retrieved from /opt/airflow/dags/crypto_pipeline_dag.py
[2026-07-15T11:21:37.757+0000] {logging_mixin.py:188} INFO - [2026-07-15T11:21:37.757+0000] {dag.py:3089} INFO - Sync 1 DAGs
[2026-07-15T11:21:37.767+0000] {logging_mixin.py:188} INFO - [2026-07-15T11:21:37.766+0000] {dag.py:3947} INFO - Setting next_dagrun for crypto_daily_pipeline to 2026-07-15 00:00:00+00:00, run_after=2026-07-16 00:00:00+00:00
[2026-07-15T11:21:37.778+0000] {processor.py:183} INFO - Processing /opt/airflow/dags/crypto_pipeline_dag.py took 0.052 seconds
[2026-07-15T11:22:07.919+0000] {processor.py:161} INFO - Started process (PID=3203) to work on /opt/airflow/dags/crypto_pipeline_dag.py
[2026-07-15T11:22:07.920+0000] {processor.py:830} INFO - Processing file /opt/airflow/dags/crypto_pipeline_dag.py for tasks to queue
[2026-07-15T11:22:07.922+0000] {logging_mixin.py:188} INFO - [2026-07-15T11:22:07.921+0000] {dagbag.py:545} INFO - Filling up the DagBag from /opt/airflow/dags/crypto_pipeline_dag.py
[2026-07-15T11:22:07.931+0000] {processor.py:840} INFO - DAG(s) 'crypto_daily_pipeline' retrieved from /opt/airflow/dags/crypto_pipeline_dag.py
[2026-07-15T11:22:07.949+0000] {logging_mixin.py:188} INFO - [2026-07-15T11:22:07.949+0000] {dag.py:3089} INFO - Sync 1 DAGs
[2026-07-15T11:22:07.959+0000] {logging_mixin.py:188} INFO - [2026-07-15T11:22:07.958+0000] {dag.py:3947} INFO - Setting next_dagrun for crypto_daily_pipeline to 2026-07-15 00:00:00+00:00, run_after=2026-07-16 00:00:00+00:00
[2026-07-15T11:22:07.965+0000] {processor.py:183} INFO - Processing /opt/airflow/dags/crypto_pipeline_dag.py took 0.051 seconds
[2026-07-15T11:22:38.120+0000] {processor.py:161} INFO - Started process (PID=3208) to work on /opt/airflow/dags/crypto_pipeline_dag.py
[2026-07-15T11:22:38.120+0000] {processor.py:830} INFO - Processing file /opt/airflow/dags/crypto_pipeline_dag.py for tasks to queue
[2026-07-15T11:22:38.121+0000] {logging_mixin.py:188} INFO - [2026-07-15T11:22:38.121+0000] {dagbag.py:545} INFO - Filling up the DagBag from /opt/airflow/dags/crypto_pipeline_dag.py
[2026-07-15T11:22:38.127+0000] {processor.py:840} INFO - DAG(s) 'crypto_daily_pipeline' retrieved from /opt/airflow/dags/crypto_pipeline_dag.py
[2026-07-15T11:22:38.139+0000] {logging_mixin.py:188} INFO - [2026-07-15T11:22:38.139+0000] {dag.py:3089} INFO - Sync 1 DAGs
[2026-07-15T11:22:38.148+0000] {logging_mixin.py:188} INFO - [2026-07-15T11:22:38.148+0000] {dag.py:3947} INFO - Setting next_dagrun for crypto_daily_pipeline to 2026-07-15 00:00:00+00:00, run_after=2026-07-16 00:00:00+00:00
[2026-07-15T11:22:38.155+0000] {processor.py:183} INFO - Processing /opt/airflow/dags/crypto_pipeline_dag.py took 0.038 seconds
[2026-07-15T11:23:08.309+0000] {processor.py:161} INFO - Started process (PID=3213) to work on /opt/airflow/dags/crypto_pipeline_dag.py
[2026-07-15T11:23:08.309+0000] {processor.py:830} INFO - Processing file /opt/airflow/dags/crypto_pipeline_dag.py for tasks to queue
[2026-07-15T11:23:08.311+0000] {logging_mixin.py:188} INFO - [2026-07-15T11:23:08.310+0000] {dagbag.py:545} INFO - Filling up the DagBag from /opt/airflow/dags/crypto_pipeline_dag.py
[2026-07-15T11:23:08.320+0000] {processor.py:840} INFO - DAG(s) 'crypto_daily_pipeline' retrieved from /opt/airflow/dags/crypto_pipeline_dag.py
[2026-07-15T11:23:08.338+0000] {logging_mixin.py:188} INFO - [2026-07-15T11:23:08.338+0000] {dag.py:3089} INFO - Sync 1 DAGs
[2026-07-15T11:23:08.349+0000] {logging_mixin.py:188} INFO - [2026-07-15T11:23:08.349+0000] {dag.py:3947} INFO - Setting next_dagrun for crypto_daily_pipeline to 2026-07-15 00:00:00+00:00, run_after=2026-07-16 00:00:00+00:00
[2026-07-15T11:23:08.358+0000] {processor.py:183} INFO - Processing /opt/airflow/dags/crypto_pipeline_dag.py took 0.053 seconds
[2026-07-15T11:23:38.495+0000] {processor.py:161} INFO - Started process (PID=3218) to work on /opt/airflow/dags/crypto_pipeline_dag.py
[2026-07-15T11:23:38.496+0000] {processor.py:830} INFO - Processing file /opt/airflow/dags/crypto_pipeline_dag.py for tasks to queue
[2026-07-15T11:23:38.498+0000] {logging_mixin.py:188} INFO - [2026-07-15T11:23:38.498+0000] {dagbag.py:545} INFO - Filling up the DagBag from /opt/airflow/dags/crypto_pipeline_dag.py
[2026-07-15T11:23:38.507+0000] {processor.py:840} INFO - DAG(s) 'crypto_daily_pipeline' retrieved from /opt/airflow/dags/crypto_pipeline_dag.py
[2026-07-15T11:23:38.525+0000] {logging_mixin.py:188} INFO - [2026-07-15T11:23:38.525+0000] {dag.py:3089} INFO - Sync 1 DAGs
[2026-07-15T11:23:38.535+0000] {logging_mixin.py:188} INFO - [2026-07-15T11:23:38.535+0000] {dag.py:3947} INFO - Setting next_dagrun for crypto_daily_pipeline to 2026-07-15 00:00:00+00:00, run_after=2026-07-16 00:00:00+00:00
[2026-07-15T11:23:38.541+0000] {processor.py:183} INFO - Processing /opt/airflow/dags/crypto_pipeline_dag.py took 0.050 seconds
[2026-07-15T11:24:08.706+0000] {processor.py:161} INFO - Started process (PID=3223) to work on /opt/airflow/dags/crypto_pipeline_dag.py
[2026-07-15T11:24:08.706+0000] {processor.py:830} INFO - Processing file /opt/airflow/dags/crypto_pipeline_dag.py for tasks to queue
[2026-07-15T11:24:08.708+0000] {logging_mixin.py:188} INFO - [2026-07-15T11:24:08.708+0000] {dagbag.py:545} INFO - Filling up the DagBag from /opt/airflow/dags/crypto_pipeline_dag.py
[2026-07-15T11:24:08.718+0000] {processor.py:840} INFO - DAG(s) 'crypto_daily_pipeline' retrieved from /opt/airflow/dags/crypto_pipeline_dag.py
[2026-07-15T11:24:08.736+0000] {logging_mixin.py:188} INFO - [2026-07-15T11:24:08.736+0000] {dag.py:3089} INFO - Sync 1 DAGs
[2026-07-15T11:24:08.745+0000] {logging_mixin.py:188} INFO - [2026-07-15T11:24:08.745+0000] {dag.py:3947} INFO - Setting next_dagrun for crypto_daily_pipeline to 2026-07-15 00:00:00+00:00, run_after=2026-07-16 00:00:00+00:00
[2026-07-15T11:24:08.751+0000] {processor.py:183} INFO - Processing /opt/airflow/dags/crypto_pipeline_dag.py took 0.049 seconds
[2026-07-15T16:40:41.103+0000] {processor.py:161} INFO - Started process (PID=166) to work on /opt/airflow/dags/crypto_pipeline_dag.py
[2026-07-15T16:40:41.103+0000] {processor.py:830} INFO - Processing file /opt/airflow/dags/crypto_pipeline_dag.py for tasks to queue
[2026-07-15T16:40:41.105+0000] {logging_mixin.py:188} INFO - [2026-07-15T16:40:41.105+0000] {dagbag.py:545} INFO - Filling up the DagBag from /opt/airflow/dags/crypto_pipeline_dag.py
[2026-07-15T16:40:41.122+0000] {processor.py:840} INFO - DAG(s) 'crypto_daily_pipeline' retrieved from /opt/airflow/dags/crypto_pipeline_dag.py
[2026-07-15T16:40:41.187+0000] {logging_mixin.py:188} INFO - [2026-07-15T16:40:41.187+0000] {dag.py:3089} INFO - Sync 1 DAGs
[2026-07-15T16:40:41.198+0000] {logging_mixin.py:188} INFO - [2026-07-15T16:40:41.198+0000] {dag.py:3947} INFO - Setting next_dagrun for crypto_daily_pipeline to 2026-07-15 00:00:00+00:00, run_after=2026-07-16 00:00:00+00:00
[2026-07-15T16:40:41.212+0000] {processor.py:183} INFO - Processing /opt/airflow/dags/crypto_pipeline_dag.py took 0.112 seconds
[2026-07-15T16:41:13.129+0000] {processor.py:161} INFO - Started process (PID=165) to work on /opt/airflow/dags/crypto_pipeline_dag.py
[2026-07-15T16:41:13.132+0000] {processor.py:830} INFO - Processing file /opt/airflow/dags/crypto_pipeline_dag.py for tasks to queue
[2026-07-15T16:41:13.133+0000] {logging_mixin.py:188} INFO - [2026-07-15T16:41:13.133+0000] {dagbag.py:545} INFO - Filling up the DagBag from /opt/airflow/dags/crypto_pipeline_dag.py
[2026-07-15T16:41:13.138+0000] {processor.py:840} INFO - DAG(s) 'crypto_daily_pipeline' retrieved from /opt/airflow/dags/crypto_pipeline_dag.py
[2026-07-15T16:41:13.177+0000] {logging_mixin.py:188} INFO - [2026-07-15T16:41:13.177+0000] {dag.py:3089} INFO - Sync 1 DAGs
[2026-07-15T16:41:13.184+0000] {logging_mixin.py:188} INFO - [2026-07-15T16:41:13.183+0000] {dag.py:3947} INFO - Setting next_dagrun for crypto_daily_pipeline to 2026-07-15 00:00:00+00:00, run_after=2026-07-16 00:00:00+00:00
[2026-07-15T16:41:13.192+0000] {processor.py:183} INFO - Processing /opt/airflow/dags/crypto_pipeline_dag.py took 0.064 seconds
[2026-07-15T16:41:43.273+0000] {processor.py:161} INFO - Started process (PID=171) to work on /opt/airflow/dags/crypto_pipeline_dag.py
[2026-07-15T16:41:43.274+0000] {processor.py:830} INFO - Processing file /opt/airflow/dags/crypto_pipeline_dag.py for tasks to queue
[2026-07-15T16:41:43.274+0000] {logging_mixin.py:188} INFO - [2026-07-15T16:41:43.274+0000] {dagbag.py:545} INFO - Filling up the DagBag from /opt/airflow/dags/crypto_pipeline_dag.py
[2026-07-15T16:41:43.279+0000] {processor.py:840} INFO - DAG(s) 'crypto_daily_pipeline' retrieved from /opt/airflow/dags/crypto_pipeline_dag.py
[2026-07-15T16:41:43.290+0000] {logging_mixin.py:188} INFO - [2026-07-15T16:41:43.290+0000] {dag.py:3089} INFO - Sync 1 DAGs
[2026-07-15T16:41:43.298+0000] {logging_mixin.py:188} INFO - [2026-07-15T16:41:43.298+0000] {dag.py:3947} INFO - Setting next_dagrun for crypto_daily_pipeline to 2026-07-15 00:00:00+00:00, run_after=2026-07-16 00:00:00+00:00
[2026-07-15T16:41:43.303+0000] {processor.py:183} INFO - Processing /opt/airflow/dags/crypto_pipeline_dag.py took 0.031 seconds
[2026-07-15T16:42:13.478+0000] {processor.py:161} INFO - Started process (PID=176) to work on /opt/airflow/dags/crypto_pipeline_dag.py
[2026-07-15T16:42:13.479+0000] {processor.py:830} INFO - Processing file /opt/airflow/dags/crypto_pipeline_dag.py for tasks to queue
[2026-07-15T16:42:13.480+0000] {logging_mixin.py:188} INFO - [2026-07-15T16:42:13.480+0000] {dagbag.py:545} INFO - Filling up the DagBag from /opt/airflow/dags/crypto_pipeline_dag.py
[2026-07-15T16:42:13.487+0000] {processor.py:840} INFO - DAG(s) 'crypto_daily_pipeline' retrieved from /opt/airflow/dags/crypto_pipeline_dag.py
[2026-07-15T16:42:13.501+0000] {logging_mixin.py:188} INFO - [2026-07-15T16:42:13.501+0000] {dag.py:3089} INFO - Sync 1 DAGs
[2026-07-15T16:42:13.510+0000] {logging_mixin.py:188} INFO - [2026-07-15T16:42:13.510+0000] {dag.py:3947} INFO - Setting next_dagrun for crypto_daily_pipeline to 2026-07-15 00:00:00+00:00, run_after=2026-07-16 00:00:00+00:00
[2026-07-15T16:42:13.516+0000] {processor.py:183} INFO - Processing /opt/airflow/dags/crypto_pipeline_dag.py took 0.042 seconds
[2026-07-15T16:42:43.625+0000] {processor.py:161} INFO - Started process (PID=181) to work on /opt/airflow/dags/crypto_pipeline_dag.py
[2026-07-15T16:42:43.626+0000] {processor.py:830} INFO - Processing file /opt/airflow/dags/crypto_pipeline_dag.py for tasks to queue
[2026-07-15T16:42:43.629+0000] {logging_mixin.py:188} INFO - [2026-07-15T16:42:43.628+0000] {dagbag.py:545} INFO - Filling up the DagBag from /opt/airflow/dags/crypto_pipeline_dag.py
[2026-07-15T16:42:43.639+0000] {processor.py:840} INFO - DAG(s) 'crypto_daily_pipeline' retrieved from /opt/airflow/dags/crypto_pipeline_dag.py
[2026-07-15T16:42:43.654+0000] {logging_mixin.py:188} INFO - [2026-07-15T16:42:43.654+0000] {dag.py:3089} INFO - Sync 1 DAGs
[2026-07-15T16:42:43.662+0000] {logging_mixin.py:188} INFO - [2026-07-15T16:42:43.662+0000] {dag.py:3947} INFO - Setting next_dagrun for crypto_daily_pipeline to 2026-07-15 00:00:00+00:00, run_after=2026-07-16 00:00:00+00:00
[2026-07-15T16:42:43.668+0000] {processor.py:183} INFO - Processing /opt/airflow/dags/crypto_pipeline_dag.py took 0.048 seconds
[2026-07-15T16:43:13.809+0000] {processor.py:161} INFO - Started process (PID=186) to work on /opt/airflow/dags/crypto_pipeline_dag.py
[2026-07-15T16:43:13.810+0000] {processor.py:830} INFO - Processing file /opt/airflow/dags/crypto_pipeline_dag.py for tasks to queue
[2026-07-15T16:43:13.811+0000] {logging_mixin.py:188} INFO - [2026-07-15T16:43:13.811+0000] {dagbag.py:545} INFO - Filling up the DagBag from /opt/airflow/dags/crypto_pipeline_dag.py
[2026-07-15T16:43:13.819+0000] {processor.py:840} INFO - DAG(s) 'crypto_daily_pipeline' retrieved from /opt/airflow/dags/crypto_pipeline_dag.py
[2026-07-15T16:43:13.836+0000] {logging_mixin.py:188} INFO - [2026-07-15T16:43:13.836+0000] {dag.py:3089} INFO - Sync 1 DAGs
[2026-07-15T16:43:13.846+0000] {logging_mixin.py:188} INFO - [2026-07-15T16:43:13.846+0000] {dag.py:3947} INFO - Setting next_dagrun for crypto_daily_pipeline to 2026-07-15 00:00:00+00:00, run_after=2026-07-16 00:00:00+00:00
[2026-07-15T16:43:13.851+0000] {processor.py:183} INFO - Processing /opt/airflow/dags/crypto_pipeline_dag.py took 0.048 seconds
[2026-07-15T16:43:43.993+0000] {processor.py:161} INFO - Started process (PID=191) to work on /opt/airflow/dags/crypto_pipeline_dag.py
[2026-07-15T16:43:43.993+0000] {processor.py:830} INFO - Processing file /opt/airflow/dags/crypto_pipeline_dag.py for tasks to queue
[2026-07-15T16:43:43.995+0000] {logging_mixin.py:188} INFO - [2026-07-15T16:43:43.994+0000] {dagbag.py:545} INFO - Filling up the DagBag from /opt/airflow/dags/crypto_pipeline_dag.py
[2026-07-15T16:43:44.001+0000] {processor.py:840} INFO - DAG(s) 'crypto_daily_pipeline' retrieved from /opt/airflow/dags/crypto_pipeline_dag.py
[2026-07-15T16:43:44.014+0000] {logging_mixin.py:188} INFO - [2026-07-15T16:43:44.014+0000] {dag.py:3089} INFO - Sync 1 DAGs
[2026-07-15T16:43:44.021+0000] {logging_mixin.py:188} INFO - [2026-07-15T16:43:44.021+0000] {dag.py:3947} INFO - Setting next_dagrun for crypto_daily_pipeline to 2026-07-15 00:00:00+00:00, run_after=2026-07-16 00:00:00+00:00
[2026-07-15T16:43:44.026+0000] {processor.py:183} INFO - Processing /opt/airflow/dags/crypto_pipeline_dag.py took 0.036 seconds
[2026-07-15T16:44:14.195+0000] {processor.py:161} INFO - Started process (PID=196) to work on /opt/airflow/dags/crypto_pipeline_dag.py
[2026-07-15T16:44:14.195+0000] {processor.py:830} INFO - Processing file /opt/airflow/dags/crypto_pipeline_dag.py for tasks to queue
[2026-07-15T16:44:14.196+0000] {logging_mixin.py:188} INFO - [2026-07-15T16:44:14.196+0000] {dagbag.py:545} INFO - Filling up the DagBag from /opt/airflow/dags/crypto_pipeline_dag.py
[2026-07-15T16:44:14.202+0000] {processor.py:840} INFO - DAG(s) 'crypto_daily_pipeline' retrieved from /opt/airflow/dags/crypto_pipeline_dag.py
[2026-07-15T16:44:14.214+0000] {logging_mixin.py:188} INFO - [2026-07-15T16:44:14.213+0000] {dag.py:3089} INFO - Sync 1 DAGs
[2026-07-15T16:44:14.221+0000] {logging_mixin.py:188} INFO - [2026-07-15T16:44:14.221+0000] {dag.py:3947} INFO - Setting next_dagrun for crypto_daily_pipeline to 2026-07-15 00:00:00+00:00, run_after=2026-07-16 00:00:00+00:00
[2026-07-15T16:44:14.228+0000] {processor.py:183} INFO - Processing /opt/airflow/dags/crypto_pipeline_dag.py took 0.036 seconds
[2026-07-15T16:44:44.402+0000] {processor.py:161} INFO - Started process (PID=201) to work on /opt/airflow/dags/crypto_pipeline_dag.py
[2026-07-15T16:44:44.402+0000] {processor.py:830} INFO - Processing file /opt/airflow/dags/crypto_pipeline_dag.py for tasks to queue
[2026-07-15T16:44:44.405+0000] {logging_mixin.py:188} INFO - [2026-07-15T16:44:44.404+0000] {dagbag.py:545} INFO - Filling up the DagBag from /opt/airflow/dags/crypto_pipeline_dag.py
[2026-07-15T16:44:44.415+0000] {processor.py:840} INFO - DAG(s) 'crypto_daily_pipeline' retrieved from /opt/airflow/dags/crypto_pipeline_dag.py
[2026-07-15T16:44:44.433+0000] {logging_mixin.py:188} INFO - [2026-07-15T16:44:44.433+0000] {dag.py:3089} INFO - Sync 1 DAGs
[2026-07-15T16:44:44.442+0000] {logging_mixin.py:188} INFO - [2026-07-15T16:44:44.442+0000] {dag.py:3947} INFO - Setting next_dagrun for crypto_daily_pipeline to 2026-07-15 00:00:00+00:00, run_after=2026-07-16 00:00:00+00:00
[2026-07-15T16:44:44.448+0000] {processor.py:183} INFO - Processing /opt/airflow/dags/crypto_pipeline_dag.py took 0.052 seconds
[2026-07-15T16:45:14.563+0000] {processor.py:161} INFO - Started process (PID=206) to work on /opt/airflow/dags/crypto_pipeline_dag.py
[2026-07-15T16:45:14.564+0000] {processor.py:830} INFO - Processing file /opt/airflow/dags/crypto_pipeline_dag.py for tasks to queue
[2026-07-15T16:45:14.565+0000] {logging_mixin.py:188} INFO - [2026-07-15T16:45:14.564+0000] {dagbag.py:545} INFO - Filling up the DagBag from /opt/airflow/dags/crypto_pipeline_dag.py
[2026-07-15T16:45:14.571+0000] {processor.py:840} INFO - DAG(s) 'crypto_daily_pipeline' retrieved from /opt/airflow/dags/crypto_pipeline_dag.py
[2026-07-15T16:45:14.587+0000] {logging_mixin.py:188} INFO - [2026-07-15T16:45:14.587+0000] {dag.py:3089} INFO - Sync 1 DAGs
[2026-07-15T16:45:14.598+0000] {logging_mixin.py:188} INFO - [2026-07-15T16:45:14.598+0000] {dag.py:3947} INFO - Setting next_dagrun for crypto_daily_pipeline to 2026-07-15 00:00:00+00:00, run_after=2026-07-16 00:00:00+00:00
[2026-07-15T16:45:14.605+0000] {processor.py:183} INFO - Processing /opt/airflow/dags/crypto_pipeline_dag.py took 0.044 seconds
[2026-07-15T16:45:44.756+0000] {processor.py:161} INFO - Started process (PID=211) to work on /opt/airflow/dags/crypto_pipeline_dag.py
[2026-07-15T16:45:44.756+0000] {processor.py:830} INFO - Processing file /opt/airflow/dags/crypto_pipeline_dag.py for tasks to queue
[2026-07-15T16:45:44.757+0000] {logging_mixin.py:188} INFO - [2026-07-15T16:45:44.757+0000] {dagbag.py:545} INFO - Filling up the DagBag from /opt/airflow/dags/crypto_pipeline_dag.py
[2026-07-15T16:45:44.762+0000] {processor.py:840} INFO - DAG(s) 'crypto_daily_pipeline' retrieved from /opt/airflow/dags/crypto_pipeline_dag.py
[2026-07-15T16:45:44.775+0000] {logging_mixin.py:188} INFO - [2026-07-15T16:45:44.775+0000] {dag.py:3089} INFO - Sync 1 DAGs
[2026-07-15T16:45:44.783+0000] {logging_mixin.py:188} INFO - [2026-07-15T16:45:44.783+0000] {dag.py:3947} INFO - Setting next_dagrun for crypto_daily_pipeline to 2026-07-15 00:00:00+00:00, run_after=2026-07-16 00:00:00+00:00
[2026-07-15T16:45:44.789+0000] {processor.py:183} INFO - Processing /opt/airflow/dags/crypto_pipeline_dag.py took 0.036 seconds
[2026-07-15T16:46:14.940+0000] {processor.py:161} INFO - Started process (PID=216) to work on /opt/airflow/dags/crypto_pipeline_dag.py
[2026-07-15T16:46:14.941+0000] {processor.py:830} INFO - Processing file /opt/airflow/dags/crypto_pipeline_dag.py for tasks to queue
[2026-07-15T16:46:14.942+0000] {logging_mixin.py:188} INFO - [2026-07-15T16:46:14.941+0000] {dagbag.py:545} INFO - Filling up the DagBag from /opt/airflow/dags/crypto_pipeline_dag.py
[2026-07-15T16:46:14.948+0000] {processor.py:840} INFO - DAG(s) 'crypto_daily_pipeline' retrieved from /opt/airflow/dags/crypto_pipeline_dag.py
[2026-07-15T16:46:14.961+0000] {logging_mixin.py:188} INFO - [2026-07-15T16:46:14.961+0000] {dag.py:3089} INFO - Sync 1 DAGs
[2026-07-15T16:46:14.969+0000] {logging_mixin.py:188} INFO - [2026-07-15T16:46:14.969+0000] {dag.py:3947} INFO - Setting next_dagrun for crypto_daily_pipeline to 2026-07-15 00:00:00+00:00, run_after=2026-07-16 00:00:00+00:00
[2026-07-15T16:46:14.975+0000] {processor.py:183} INFO - Processing /opt/airflow/dags/crypto_pipeline_dag.py took 0.037 seconds
[2026-07-15T16:46:45.105+0000] {processor.py:161} INFO - Started process (PID=221) to work on /opt/airflow/dags/crypto_pipeline_dag.py
[2026-07-15T16:46:45.105+0000] {processor.py:830} INFO - Processing file /opt/airflow/dags/crypto_pipeline_dag.py for tasks to queue
[2026-07-15T16:46:45.107+0000] {logging_mixin.py:188} INFO - [2026-07-15T16:46:45.106+0000] {dagbag.py:545} INFO - Filling up the DagBag from /opt/airflow/dags/crypto_pipeline_dag.py
[2026-07-15T16:46:45.117+0000] {processor.py:840} INFO - DAG(s) 'crypto_daily_pipeline' retrieved from /opt/airflow/dags/crypto_pipeline_dag.py
[2026-07-15T16:46:45.135+0000] {logging_mixin.py:188} INFO - [2026-07-15T16:46:45.135+0000] {dag.py:3089} INFO - Sync 1 DAGs
[2026-07-15T16:46:45.144+0000] {logging_mixin.py:188} INFO - [2026-07-15T16:46:45.144+0000] {dag.py:3947} INFO - Setting next_dagrun for crypto_daily_pipeline to 2026-07-15 00:00:00+00:00, run_after=2026-07-16 00:00:00+00:00
[2026-07-15T16:46:45.150+0000] {processor.py:183} INFO - Processing /opt/airflow/dags/crypto_pipeline_dag.py took 0.048 seconds
[2026-07-15T16:47:15.281+0000] {processor.py:161} INFO - Started process (PID=226) to work on /opt/airflow/dags/crypto_pipeline_dag.py
[2026-07-15T16:47:15.282+0000] {processor.py:830} INFO - Processing file /opt/airflow/dags/crypto_pipeline_dag.py for tasks to queue
[2026-07-15T16:47:15.284+0000] {logging_mixin.py:188} INFO - [2026-07-15T16:47:15.284+0000] {dagbag.py:545} INFO - Filling up the DagBag from /opt/airflow/dags/crypto_pipeline_dag.py
[2026-07-15T16:47:15.294+0000] {processor.py:840} INFO - DAG(s) 'crypto_daily_pipeline' retrieved from /opt/airflow/dags/crypto_pipeline_dag.py
[2026-07-15T16:47:15.310+0000] {logging_mixin.py:188} INFO - [2026-07-15T16:47:15.310+0000] {dag.py:3089} INFO - Sync 1 DAGs
[2026-07-15T16:47:15.318+0000] {logging_mixin.py:188} INFO - [2026-07-15T16:47:15.318+0000] {dag.py:3947} INFO - Setting next_dagrun for crypto_daily_pipeline to 2026-07-15 00:00:00+00:00, run_after=2026-07-16 00:00:00+00:00
[2026-07-15T16:47:15.325+0000] {processor.py:183} INFO - Processing /opt/airflow/dags/crypto_pipeline_dag.py took 0.048 seconds
[2026-07-15T16:47:45.469+0000] {processor.py:161} INFO - Started process (PID=231) to work on /opt/airflow/dags/crypto_pipeline_dag.py
[2026-07-15T16:47:45.470+0000] {processor.py:830} INFO - Processing file /opt/airflow/dags/crypto_pipeline_dag.py for tasks to queue
[2026-07-15T16:47:45.471+0000] {logging_mixin.py:188} INFO - [2026-07-15T16:47:45.471+0000] {dagbag.py:545} INFO - Filling up the DagBag from /opt/airflow/dags/crypto_pipeline_dag.py
[2026-07-15T16:47:45.481+0000] {processor.py:840} INFO - DAG(s) 'crypto_daily_pipeline' retrieved from /opt/airflow/dags/crypto_pipeline_dag.py
[2026-07-15T16:47:45.499+0000] {logging_mixin.py:188} INFO - [2026-07-15T16:47:45.499+0000] {dag.py:3089} INFO - Sync 1 DAGs
[2026-07-15T16:47:45.508+0000] {logging_mixin.py:188} INFO - [2026-07-15T16:47:45.508+0000] {dag.py:3947} INFO - Setting next_dagrun for crypto_daily_pipeline to 2026-07-15 00:00:00+00:00, run_after=2026-07-16 00:00:00+00:00
[2026-07-15T16:47:45.514+0000] {processor.py:183} INFO - Processing /opt/airflow/dags/crypto_pipeline_dag.py took 0.049 seconds
[2026-07-15T16:48:15.658+0000] {processor.py:161} INFO - Started process (PID=236) to work on /opt/airflow/dags/crypto_pipeline_dag.py
[2026-07-15T16:48:15.659+0000] {processor.py:830} INFO - Processing file /opt/airflow/dags/crypto_pipeline_dag.py for tasks to queue
[2026-07-15T16:48:15.661+0000] {logging_mixin.py:188} INFO - [2026-07-15T16:48:15.660+0000] {dagbag.py:545} INFO - Filling up the DagBag from /opt/airflow/dags/crypto_pipeline_dag.py
[2026-07-15T16:48:15.670+0000] {processor.py:840} INFO - DAG(s) 'crypto_daily_pipeline' retrieved from /opt/airflow/dags/crypto_pipeline_dag.py
[2026-07-15T16:48:15.687+0000] {logging_mixin.py:188} INFO - [2026-07-15T16:48:15.687+0000] {dag.py:3089} INFO - Sync 1 DAGs
[2026-07-15T16:48:15.697+0000] {logging_mixin.py:188} INFO - [2026-07-15T16:48:15.697+0000] {dag.py:3947} INFO - Setting next_dagrun for crypto_daily_pipeline to 2026-07-15 00:00:00+00:00, run_after=2026-07-16 00:00:00+00:00
[2026-07-15T16:48:15.703+0000] {processor.py:183} INFO - Processing /opt/airflow/dags/crypto_pipeline_dag.py took 0.049 seconds
[2026-07-15T16:48:45.832+0000] {processor.py:161} INFO - Started process (PID=241) to work on /opt/airflow/dags/crypto_pipeline_dag.py
[2026-07-15T16:48:45.833+0000] {processor.py:830} INFO - Processing file /opt/airflow/dags/crypto_pipeline_dag.py for tasks to queue
[2026-07-15T16:48:45.835+0000] {logging_mixin.py:188} INFO - [2026-07-15T16:48:45.834+0000] {dagbag.py:545} INFO - Filling up the DagBag from /opt/airflow/dags/crypto_pipeline_dag.py
[2026-07-15T16:48:45.845+0000] {processor.py:840} INFO - DAG(s) 'crypto_daily_pipeline' retrieved from /opt/airflow/dags/crypto_pipeline_dag.py
[2026-07-15T16:48:45.865+0000] {logging_mixin.py:188} INFO - [2026-07-15T16:48:45.865+0000] {dag.py:3089} INFO - Sync 1 DAGs
[2026-07-15T16:48:45.875+0000] {logging_mixin.py:188} INFO - [2026-07-15T16:48:45.875+0000] {dag.py:3947} INFO - Setting next_dagrun for crypto_daily_pipeline to 2026-07-15 00:00:00+00:00, run_after=2026-07-16 00:00:00+00:00
[2026-07-15T16:48:45.881+0000] {processor.py:183} INFO - Processing /opt/airflow/dags/crypto_pipeline_dag.py took 0.053 seconds
[2026-07-15T16:49:16.025+0000] {processor.py:161} INFO - Started process (PID=246) to work on /opt/airflow/dags/crypto_pipeline_dag.py
[2026-07-15T16:49:16.026+0000] {processor.py:830} INFO - Processing file /opt/airflow/dags/crypto_pipeline_dag.py for tasks to queue
[2026-07-15T16:49:16.027+0000] {logging_mixin.py:188} INFO - [2026-07-15T16:49:16.027+0000] {dagbag.py:545} INFO - Filling up the DagBag from /opt/airflow/dags/crypto_pipeline_dag.py
[2026-07-15T16:49:16.036+0000] {processor.py:840} INFO - DAG(s) 'crypto_daily_pipeline' retrieved from /opt/airflow/dags/crypto_pipeline_dag.py
[2026-07-15T16:49:16.054+0000] {logging_mixin.py:188} INFO - [2026-07-15T16:49:16.053+0000] {dag.py:3089} INFO - Sync 1 DAGs
[2026-07-15T16:49:16.064+0000] {logging_mixin.py:188} INFO - [2026-07-15T16:49:16.063+0000] {dag.py:3947} INFO - Setting next_dagrun for crypto_daily_pipeline to 2026-07-15 00:00:00+00:00, run_after=2026-07-16 00:00:00+00:00
[2026-07-15T16:49:16.069+0000] {processor.py:183} INFO - Processing /opt/airflow/dags/crypto_pipeline_dag.py took 0.048 seconds
[2026-07-15T16:49:46.204+0000] {processor.py:161} INFO - Started process (PID=251) to work on /opt/airflow/dags/crypto_pipeline_dag.py
[2026-07-15T16:49:46.205+0000] {processor.py:830} INFO - Processing file /opt/airflow/dags/crypto_pipeline_dag.py for tasks to queue
[2026-07-15T16:49:46.207+0000] {logging_mixin.py:188} INFO - [2026-07-15T16:49:46.207+0000] {dagbag.py:545} INFO - Filling up the DagBag from /opt/airflow/dags/crypto_pipeline_dag.py
[2026-07-15T16:49:46.216+0000] {processor.py:840} INFO - DAG(s) 'crypto_daily_pipeline' retrieved from /opt/airflow/dags/crypto_pipeline_dag.py
[2026-07-15T16:49:46.234+0000] {logging_mixin.py:188} INFO - [2026-07-15T16:49:46.234+0000] {dag.py:3089} INFO - Sync 1 DAGs
[2026-07-15T16:49:46.243+0000] {logging_mixin.py:188} INFO - [2026-07-15T16:49:46.242+0000] {dag.py:3947} INFO - Setting next_dagrun for crypto_daily_pipeline to 2026-07-15 00:00:00+00:00, run_after=2026-07-16 00:00:00+00:00
[2026-07-15T16:49:46.249+0000] {processor.py:183} INFO - Processing /opt/airflow/dags/crypto_pipeline_dag.py took 0.048 seconds
[2026-07-15T16:50:16.397+0000] {processor.py:161} INFO - Started process (PID=256) to work on /opt/airflow/dags/crypto_pipeline_dag.py
[2026-07-15T16:50:16.398+0000] {processor.py:830} INFO - Processing file /opt/airflow/dags/crypto_pipeline_dag.py for tasks to queue
[2026-07-15T16:50:16.400+0000] {logging_mixin.py:188} INFO - [2026-07-15T16:50:16.400+0000] {dagbag.py:545} INFO - Filling up the DagBag from /opt/airflow/dags/crypto_pipeline_dag.py
[2026-07-15T16:50:16.411+0000] {processor.py:840} INFO - DAG(s) 'crypto_daily_pipeline' retrieved from /opt/airflow/dags/crypto_pipeline_dag.py
[2026-07-15T16:50:16.429+0000] {logging_mixin.py:188} INFO - [2026-07-15T16:50:16.429+0000] {dag.py:3089} INFO - Sync 1 DAGs
[2026-07-15T16:50:16.438+0000] {logging_mixin.py:188} INFO - [2026-07-15T16:50:16.438+0000] {dag.py:3947} INFO - Setting next_dagrun for crypto_daily_pipeline to 2026-07-15 00:00:00+00:00, run_after=2026-07-16 00:00:00+00:00
[2026-07-15T16:50:16.444+0000] {processor.py:183} INFO - Processing /opt/airflow/dags/crypto_pipeline_dag.py took 0.053 seconds
[2026-07-15T16:50:46.580+0000] {processor.py:161} INFO - Started process (PID=261) to work on /opt/airflow/dags/crypto_pipeline_dag.py
[2026-07-15T16:50:46.580+0000] {processor.py:830} INFO - Processing file /opt/airflow/dags/crypto_pipeline_dag.py for tasks to queue
[2026-07-15T16:50:46.582+0000] {logging_mixin.py:188} INFO - [2026-07-15T16:50:46.582+0000] {dagbag.py:545} INFO - Filling up the DagBag from /opt/airflow/dags/crypto_pipeline_dag.py
[2026-07-15T16:50:46.593+0000] {processor.py:840} INFO - DAG(s) 'crypto_daily_pipeline' retrieved from /opt/airflow/dags/crypto_pipeline_dag.py
[2026-07-15T16:50:46.612+0000] {logging_mixin.py:188} INFO - [2026-07-15T16:50:46.612+0000] {dag.py:3089} INFO - Sync 1 DAGs
[2026-07-15T16:50:46.622+0000] {logging_mixin.py:188} INFO - [2026-07-15T16:50:46.622+0000] {dag.py:3947} INFO - Setting next_dagrun for crypto_daily_pipeline to 2026-07-15 00:00:00+00:00, run_after=2026-07-16 00:00:00+00:00
[2026-07-15T16:50:46.628+0000] {processor.py:183} INFO - Processing /opt/airflow/dags/crypto_pipeline_dag.py took 0.053 seconds
[2026-07-15T16:51:16.781+0000] {processor.py:161} INFO - Started process (PID=266) to work on /opt/airflow/dags/crypto_pipeline_dag.py
[2026-07-15T16:51:16.782+0000] {processor.py:830} INFO - Processing file /opt/airflow/dags/crypto_pipeline_dag.py for tasks to queue
[2026-07-15T16:51:16.783+0000] {logging_mixin.py:188} INFO - [2026-07-15T16:51:16.783+0000] {dagbag.py:545} INFO - Filling up the DagBag from /opt/airflow/dags/crypto_pipeline_dag.py
[2026-07-15T16:51:16.794+0000] {processor.py:840} INFO - DAG(s) 'crypto_daily_pipeline' retrieved from /opt/airflow/dags/crypto_pipeline_dag.py
[2026-07-15T16:51:16.813+0000] {logging_mixin.py:188} INFO - [2026-07-15T16:51:16.812+0000] {dag.py:3089} INFO - Sync 1 DAGs
[2026-07-15T16:51:16.822+0000] {logging_mixin.py:188} INFO - [2026-07-15T16:51:16.822+0000] {dag.py:3947} INFO - Setting next_dagrun for crypto_daily_pipeline to 2026-07-15 00:00:00+00:00, run_after=2026-07-16 00:00:00+00:00
[2026-07-15T16:51:16.829+0000] {processor.py:183} INFO - Processing /opt/airflow/dags/crypto_pipeline_dag.py took 0.053 seconds
[2026-07-15T16:51:46.949+0000] {processor.py:161} INFO - Started process (PID=271) to work on /opt/airflow/dags/crypto_pipeline_dag.py
[2026-07-15T16:51:46.950+0000] {processor.py:830} INFO - Processing file /opt/airflow/dags/crypto_pipeline_dag.py for tasks to queue
[2026-07-15T16:51:46.952+0000] {logging_mixin.py:188} INFO - [2026-07-15T16:51:46.951+0000] {dagbag.py:545} INFO - Filling up the DagBag from /opt/airflow/dags/crypto_pipeline_dag.py
[2026-07-15T16:51:46.961+0000] {processor.py:840} INFO - DAG(s) 'crypto_daily_pipeline' retrieved from /opt/airflow/dags/crypto_pipeline_dag.py
[2026-07-15T16:51:46.979+0000] {logging_mixin.py:188} INFO - [2026-07-15T16:51:46.979+0000] {dag.py:3089} INFO - Sync 1 DAGs
[2026-07-15T16:51:46.989+0000] {logging_mixin.py:188} INFO - [2026-07-15T16:51:46.988+0000] {dag.py:3947} INFO - Setting next_dagrun for crypto_daily_pipeline to 2026-07-15 00:00:00+00:00, run_after=2026-07-16 00:00:00+00:00
[2026-07-15T16:51:46.995+0000] {processor.py:183} INFO - Processing /opt/airflow/dags/crypto_pipeline_dag.py took 0.050 seconds
[2026-07-15T16:52:17.144+0000] {processor.py:161} INFO - Started process (PID=276) to work on /opt/airflow/dags/crypto_pipeline_dag.py
[2026-07-15T16:52:17.144+0000] {processor.py:830} INFO - Processing file /opt/airflow/dags/crypto_pipeline_dag.py for tasks to queue
[2026-07-15T16:52:17.145+0000] {logging_mixin.py:188} INFO - [2026-07-15T16:52:17.145+0000] {dagbag.py:545} INFO - Filling up the DagBag from /opt/airflow/dags/crypto_pipeline_dag.py
[2026-07-15T16:52:17.155+0000] {processor.py:840} INFO - DAG(s) 'crypto_daily_pipeline' retrieved from /opt/airflow/dags/crypto_pipeline_dag.py
[2026-07-15T16:52:17.174+0000] {logging_mixin.py:188} INFO - [2026-07-15T16:52:17.174+0000] {dag.py:3089} INFO - Sync 1 DAGs
[2026-07-15T16:52:17.184+0000] {logging_mixin.py:188} INFO - [2026-07-15T16:52:17.184+0000] {dag.py:3947} INFO - Setting next_dagrun for crypto_daily_pipeline to 2026-07-15 00:00:00+00:00, run_after=2026-07-16 00:00:00+00:00
[2026-07-15T16:52:17.190+0000] {processor.py:183} INFO - Processing /opt/airflow/dags/crypto_pipeline_dag.py took 0.050 seconds
[2026-07-15T16:52:47.318+0000] {processor.py:161} INFO - Started process (PID=281) to work on /opt/airflow/dags/crypto_pipeline_dag.py
[2026-07-15T16:52:47.319+0000] {processor.py:830} INFO - Processing file /opt/airflow/dags/crypto_pipeline_dag.py for tasks to queue
[2026-07-15T16:52:47.320+0000] {logging_mixin.py:188} INFO - [2026-07-15T16:52:47.320+0000] {dagbag.py:545} INFO - Filling up the DagBag from /opt/airflow/dags/crypto_pipeline_dag.py
[2026-07-15T16:52:47.332+0000] {processor.py:840} INFO - DAG(s) 'crypto_daily_pipeline' retrieved from /opt/airflow/dags/crypto_pipeline_dag.py
[2026-07-15T16:52:47.352+0000] {logging_mixin.py:188} INFO - [2026-07-15T16:52:47.351+0000] {dag.py:3089} INFO - Sync 1 DAGs
[2026-07-15T16:52:47.363+0000] {logging_mixin.py:188} INFO - [2026-07-15T16:52:47.363+0000] {dag.py:3947} INFO - Setting next_dagrun for crypto_daily_pipeline to 2026-07-15 00:00:00+00:00, run_after=2026-07-16 00:00:00+00:00
[2026-07-15T16:52:47.370+0000] {processor.py:183} INFO - Processing /opt/airflow/dags/crypto_pipeline_dag.py took 0.055 seconds
[2026-07-15T16:53:17.492+0000] {processor.py:161} INFO - Started process (PID=286) to work on /opt/airflow/dags/crypto_pipeline_dag.py
[2026-07-15T16:53:17.493+0000] {processor.py:830} INFO - Processing file /opt/airflow/dags/crypto_pipeline_dag.py for tasks to queue
[2026-07-15T16:53:17.495+0000] {logging_mixin.py:188} INFO - [2026-07-15T16:53:17.495+0000] {dagbag.py:545} INFO - Filling up the DagBag from /opt/airflow/dags/crypto_pipeline_dag.py
[2026-07-15T16:53:17.508+0000] {processor.py:840} INFO - DAG(s) 'crypto_daily_pipeline' retrieved from /opt/airflow/dags/crypto_pipeline_dag.py
[2026-07-15T16:53:17.526+0000] {logging_mixin.py:188} INFO - [2026-07-15T16:53:17.526+0000] {dag.py:3089} INFO - Sync 1 DAGs
[2026-07-15T16:53:17.536+0000] {logging_mixin.py:188} INFO - [2026-07-15T16:53:17.536+0000] {dag.py:3947} INFO - Setting next_dagrun for crypto_daily_pipeline to 2026-07-15 00:00:00+00:00, run_after=2026-07-16 00:00:00+00:00
[2026-07-15T16:53:17.542+0000] {processor.py:183} INFO - Processing /opt/airflow/dags/crypto_pipeline_dag.py took 0.054 seconds
[2026-07-15T16:53:47.682+0000] {processor.py:161} INFO - Started process (PID=291) to work on /opt/airflow/dags/crypto_pipeline_dag.py
[2026-07-15T16:53:47.683+0000] {processor.py:830} INFO - Processing file /opt/airflow/dags/crypto_pipeline_dag.py for tasks to queue
[2026-07-15T16:53:47.685+0000] {logging_mixin.py:188} INFO - [2026-07-15T16:53:47.684+0000] {dagbag.py:545} INFO - Filling up the DagBag from /opt/airflow/dags/crypto_pipeline_dag.py
[2026-07-15T16:53:47.694+0000] {processor.py:840} INFO - DAG(s) 'crypto_daily_pipeline' retrieved from /opt/airflow/dags/crypto_pipeline_dag.py
[2026-07-15T16:53:47.712+0000] {logging_mixin.py:188} INFO - [2026-07-15T16:53:47.712+0000] {dag.py:3089} INFO - Sync 1 DAGs
[2026-07-15T16:53:47.722+0000] {logging_mixin.py:188} INFO - [2026-07-15T16:53:47.722+0000] {dag.py:3947} INFO - Setting next_dagrun for crypto_daily_pipeline to 2026-07-15 00:00:00+00:00, run_after=2026-07-16 00:00:00+00:00
[2026-07-15T16:53:47.728+0000] {processor.py:183} INFO - Processing /opt/airflow/dags/crypto_pipeline_dag.py took 0.050 seconds
[2026-07-15T16:54:17.882+0000] {processor.py:161} INFO - Started process (PID=296) to work on /opt/airflow/dags/crypto_pipeline_dag.py
[2026-07-15T16:54:17.882+0000] {processor.py:830} INFO - Processing file /opt/airflow/dags/crypto_pipeline_dag.py for tasks to queue
[2026-07-15T16:54:17.884+0000] {logging_mixin.py:188} INFO - [2026-07-15T16:54:17.884+0000] {dagbag.py:545} INFO - Filling up the DagBag from /opt/airflow/dags/crypto_pipeline_dag.py
[2026-07-15T16:54:17.893+0000] {processor.py:840} INFO - DAG(s) 'crypto_daily_pipeline' retrieved from /opt/airflow/dags/crypto_pipeline_dag.py
[2026-07-15T16:54:17.911+0000] {logging_mixin.py:188} INFO - [2026-07-15T16:54:17.910+0000] {dag.py:3089} INFO - Sync 1 DAGs
[2026-07-15T16:54:17.919+0000] {logging_mixin.py:188} INFO - [2026-07-15T16:54:17.919+0000] {dag.py:3947} INFO - Setting next_dagrun for crypto_daily_pipeline to 2026-07-15 00:00:00+00:00, run_after=2026-07-16 00:00:00+00:00
[2026-07-15T16:54:17.925+0000] {processor.py:183} INFO - Processing /opt/airflow/dags/crypto_pipeline_dag.py took 0.047 seconds
[2026-07-15T16:54:48.066+0000] {processor.py:161} INFO - Started process (PID=301) to work on /opt/airflow/dags/crypto_pipeline_dag.py
[2026-07-15T16:54:48.066+0000] {processor.py:830} INFO - Processing file /opt/airflow/dags/crypto_pipeline_dag.py for tasks to queue
[2026-07-15T16:54:48.068+0000] {logging_mixin.py:188} INFO - [2026-07-15T16:54:48.067+0000] {dagbag.py:545} INFO - Filling up the DagBag from /opt/airflow/dags/crypto_pipeline_dag.py
[2026-07-15T16:54:48.077+0000] {processor.py:840} INFO - DAG(s) 'crypto_daily_pipeline' retrieved from /opt/airflow/dags/crypto_pipeline_dag.py
[2026-07-15T16:54:48.095+0000] {logging_mixin.py:188} INFO - [2026-07-15T16:54:48.095+0000] {dag.py:3089} INFO - Sync 1 DAGs
[2026-07-15T16:54:48.103+0000] {logging_mixin.py:188} INFO - [2026-07-15T16:54:48.103+0000] {dag.py:3947} INFO - Setting next_dagrun for crypto_daily_pipeline to 2026-07-15 00:00:00+00:00, run_after=2026-07-16 00:00:00+00:00
[2026-07-15T16:54:48.109+0000] {processor.py:183} INFO - Processing /opt/airflow/dags/crypto_pipeline_dag.py took 0.047 seconds
[2026-07-15T16:55:18.240+0000] {processor.py:161} INFO - Started process (PID=306) to work on /opt/airflow/dags/crypto_pipeline_dag.py
[2026-07-15T16:55:18.241+0000] {processor.py:830} INFO - Processing file /opt/airflow/dags/crypto_pipeline_dag.py for tasks to queue
[2026-07-15T16:55:18.243+0000] {logging_mixin.py:188} INFO - [2026-07-15T16:55:18.243+0000] {dagbag.py:545} INFO - Filling up the DagBag from /opt/airflow/dags/crypto_pipeline_dag.py
[2026-07-15T16:55:18.253+0000] {processor.py:840} INFO - DAG(s) 'crypto_daily_pipeline' retrieved from /opt/airflow/dags/crypto_pipeline_dag.py
[2026-07-15T16:55:18.272+0000] {logging_mixin.py:188} INFO - [2026-07-15T16:55:18.272+0000] {dag.py:3089} INFO - Sync 1 DAGs
[2026-07-15T16:55:18.281+0000] {logging_mixin.py:188} INFO - [2026-07-15T16:55:18.281+0000] {dag.py:3947} INFO - Setting next_dagrun for crypto_daily_pipeline to 2026-07-15 00:00:00+00:00, run_after=2026-07-16 00:00:00+00:00
[2026-07-15T16:55:18.287+0000] {processor.py:183} INFO - Processing /opt/airflow/dags/crypto_pipeline_dag.py took 0.050 seconds
[2026-07-15T16:55:48.440+0000] {processor.py:161} INFO - Started process (PID=311) to work on /opt/airflow/dags/crypto_pipeline_dag.py
[2026-07-15T16:55:48.441+0000] {processor.py:830} INFO - Processing file /opt/airflow/dags/crypto_pipeline_dag.py for tasks to queue
[2026-07-15T16:55:48.443+0000] {logging_mixin.py:188} INFO - [2026-07-15T16:55:48.442+0000] {dagbag.py:545} INFO - Filling up the DagBag from /opt/airflow/dags/crypto_pipeline_dag.py
[2026-07-15T16:55:48.451+0000] {processor.py:840} INFO - DAG(s) 'crypto_daily_pipeline' retrieved from /opt/airflow/dags/crypto_pipeline_dag.py
[2026-07-15T16:55:48.468+0000] {logging_mixin.py:188} INFO - [2026-07-15T16:55:48.468+0000] {dag.py:3089} INFO - Sync 1 DAGs
[2026-07-15T16:55:48.477+0000] {logging_mixin.py:188} INFO - [2026-07-15T16:55:48.477+0000] {dag.py:3947} INFO - Setting next_dagrun for crypto_daily_pipeline to 2026-07-15 00:00:00+00:00, run_after=2026-07-16 00:00:00+00:00
[2026-07-15T16:55:48.483+0000] {processor.py:183} INFO - Processing /opt/airflow/dags/crypto_pipeline_dag.py took 0.048 seconds
[2026-07-15T16:56:18.635+0000] {processor.py:161} INFO - Started process (PID=316) to work on /opt/airflow/dags/crypto_pipeline_dag.py
[2026-07-15T16:56:18.635+0000] {processor.py:830} INFO - Processing file /opt/airflow/dags/crypto_pipeline_dag.py for tasks to queue
[2026-07-15T16:56:18.637+0000] {logging_mixin.py:188} INFO - [2026-07-15T16:56:18.636+0000] {dagbag.py:545} INFO - Filling up the DagBag from /opt/airflow/dags/crypto_pipeline_dag.py
[2026-07-15T16:56:18.643+0000] {processor.py:840} INFO - DAG(s) 'crypto_daily_pipeline' retrieved from /opt/airflow/dags/crypto_pipeline_dag.py
[2026-07-15T16:56:18.658+0000] {logging_mixin.py:188} INFO - [2026-07-15T16:56:18.658+0000] {dag.py:3089} INFO - Sync 1 DAGs
[2026-07-15T16:56:18.668+0000] {logging_mixin.py:188} INFO - [2026-07-15T16:56:18.668+0000] {dag.py:3947} INFO - Setting next_dagrun for crypto_daily_pipeline to 2026-07-15 00:00:00+00:00, run_after=2026-07-16 00:00:00+00:00
[2026-07-15T16:56:18.674+0000] {processor.py:183} INFO - Processing /opt/airflow/dags/crypto_pipeline_dag.py took 0.044 seconds
[2026-07-15T16:56:48.834+0000] {processor.py:161} INFO - Started process (PID=321) to work on /opt/airflow/dags/crypto_pipeline_dag.py
[2026-07-15T16:56:48.835+0000] {processor.py:830} INFO - Processing file /opt/airflow/dags/crypto_pipeline_dag.py for tasks to queue
[2026-07-15T16:56:48.837+0000] {logging_mixin.py:188} INFO - [2026-07-15T16:56:48.836+0000] {dagbag.py:545} INFO - Filling up the DagBag from /opt/airflow/dags/crypto_pipeline_dag.py
[2026-07-15T16:56:48.845+0000] {processor.py:840} INFO - DAG(s) 'crypto_daily_pipeline' retrieved from /opt/airflow/dags/crypto_pipeline_dag.py
[2026-07-15T16:56:48.862+0000] {logging_mixin.py:188} INFO - [2026-07-15T16:56:48.861+0000] {dag.py:3089} INFO - Sync 1 DAGs
[2026-07-15T16:56:48.871+0000] {logging_mixin.py:188} INFO - [2026-07-15T16:56:48.871+0000] {dag.py:3947} INFO - Setting next_dagrun for crypto_daily_pipeline to 2026-07-15 00:00:00+00:00, run_after=2026-07-16 00:00:00+00:00
[2026-07-15T16:56:48.876+0000] {processor.py:183} INFO - Processing /opt/airflow/dags/crypto_pipeline_dag.py took 0.047 seconds
[2026-07-15T16:57:19.015+0000] {processor.py:161} INFO - Started process (PID=326) to work on /opt/airflow/dags/crypto_pipeline_dag.py
[2026-07-15T16:57:19.016+0000] {processor.py:830} INFO - Processing file /opt/airflow/dags/crypto_pipeline_dag.py for tasks to queue
[2026-07-15T16:57:19.017+0000] {logging_mixin.py:188} INFO - [2026-07-15T16:57:19.017+0000] {dagbag.py:545} INFO - Filling up the DagBag from /opt/airflow/dags/crypto_pipeline_dag.py
[2026-07-15T16:57:19.025+0000] {processor.py:840} INFO - DAG(s) 'crypto_daily_pipeline' retrieved from /opt/airflow/dags/crypto_pipeline_dag.py
[2026-07-15T16:57:19.042+0000] {logging_mixin.py:188} INFO - [2026-07-15T16:57:19.042+0000] {dag.py:3089} INFO - Sync 1 DAGs
[2026-07-15T16:57:19.051+0000] {logging_mixin.py:188} INFO - [2026-07-15T16:57:19.050+0000] {dag.py:3947} INFO - Setting next_dagrun for crypto_daily_pipeline to 2026-07-15 00:00:00+00:00, run_after=2026-07-16 00:00:00+00:00
[2026-07-15T16:57:19.056+0000] {processor.py:183} INFO - Processing /opt/airflow/dags/crypto_pipeline_dag.py took 0.047 seconds
[2026-07-15T16:57:49.186+0000] {processor.py:161} INFO - Started process (PID=331) to work on /opt/airflow/dags/crypto_pipeline_dag.py
[2026-07-15T16:57:49.187+0000] {processor.py:830} INFO - Processing file /opt/airflow/dags/crypto_pipeline_dag.py for tasks to queue
[2026-07-15T16:57:49.188+0000] {logging_mixin.py:188} INFO - [2026-07-15T16:57:49.188+0000] {dagbag.py:545} INFO - Filling up the DagBag from /opt/airflow/dags/crypto_pipeline_dag.py
[2026-07-15T16:57:49.198+0000] {processor.py:840} INFO - DAG(s) 'crypto_daily_pipeline' retrieved from /opt/airflow/dags/crypto_pipeline_dag.py
[2026-07-15T16:57:49.215+0000] {logging_mixin.py:188} INFO - [2026-07-15T16:57:49.215+0000] {dag.py:3089} INFO - Sync 1 DAGs
[2026-07-15T16:57:49.230+0000] {logging_mixin.py:188} INFO - [2026-07-15T16:57:49.230+0000] {dag.py:3947} INFO - Setting next_dagrun for crypto_daily_pipeline to 2026-07-15 00:00:00+00:00, run_after=2026-07-16 00:00:00+00:00
[2026-07-15T16:57:49.236+0000] {processor.py:183} INFO - Processing /opt/airflow/dags/crypto_pipeline_dag.py took 0.052 seconds
[2026-07-15T16:58:19.360+0000] {processor.py:161} INFO - Started process (PID=336) to work on /opt/airflow/dags/crypto_pipeline_dag.py
[2026-07-15T16:58:19.360+0000] {processor.py:830} INFO - Processing file /opt/airflow/dags/crypto_pipeline_dag.py for tasks to queue
[2026-07-15T16:58:19.361+0000] {logging_mixin.py:188} INFO - [2026-07-15T16:58:19.361+0000] {dagbag.py:545} INFO - Filling up the DagBag from /opt/airflow/dags/crypto_pipeline_dag.py
[2026-07-15T16:58:19.368+0000] {processor.py:840} INFO - DAG(s) 'crypto_daily_pipeline' retrieved from /opt/airflow/dags/crypto_pipeline_dag.py
[2026-07-15T16:58:19.381+0000] {logging_mixin.py:188} INFO - [2026-07-15T16:58:19.381+0000] {dag.py:3089} INFO - Sync 1 DAGs
[2026-07-15T16:58:19.389+0000] {logging_mixin.py:188} INFO - [2026-07-15T16:58:19.389+0000] {dag.py:3947} INFO - Setting next_dagrun for crypto_daily_pipeline to 2026-07-15 00:00:00+00:00, run_after=2026-07-16 00:00:00+00:00
[2026-07-15T16:58:19.395+0000] {processor.py:183} INFO - Processing /opt/airflow/dags/crypto_pipeline_dag.py took 0.038 seconds
[2026-07-15T16:58:49.533+0000] {processor.py:161} INFO - Started process (PID=341) to work on /opt/airflow/dags/crypto_pipeline_dag.py
[2026-07-15T16:58:49.533+0000] {processor.py:830} INFO - Processing file /opt/airflow/dags/crypto_pipeline_dag.py for tasks to queue
[2026-07-15T16:58:49.534+0000] {logging_mixin.py:188} INFO - [2026-07-15T16:58:49.534+0000] {dagbag.py:545} INFO - Filling up the DagBag from /opt/airflow/dags/crypto_pipeline_dag.py
[2026-07-15T16:58:49.540+0000] {processor.py:840} INFO - DAG(s) 'crypto_daily_pipeline' retrieved from /opt/airflow/dags/crypto_pipeline_dag.py
[2026-07-15T16:58:49.552+0000] {logging_mixin.py:188} INFO - [2026-07-15T16:58:49.552+0000] {dag.py:3089} INFO - Sync 1 DAGs
[2026-07-15T16:58:49.560+0000] {logging_mixin.py:188} INFO - [2026-07-15T16:58:49.560+0000] {dag.py:3947} INFO - Setting next_dagrun for crypto_daily_pipeline to 2026-07-15 00:00:00+00:00, run_after=2026-07-16 00:00:00+00:00
[2026-07-15T16:58:49.565+0000] {processor.py:183} INFO - Processing /opt/airflow/dags/crypto_pipeline_dag.py took 0.035 seconds
[2026-07-15T16:59:19.718+0000] {processor.py:161} INFO - Started process (PID=346) to work on /opt/airflow/dags/crypto_pipeline_dag.py
[2026-07-15T16:59:19.718+0000] {processor.py:830} INFO - Processing file /opt/airflow/dags/crypto_pipeline_dag.py for tasks to queue
[2026-07-15T16:59:19.720+0000] {logging_mixin.py:188} INFO - [2026-07-15T16:59:19.719+0000] {dagbag.py:545} INFO - Filling up the DagBag from /opt/airflow/dags/crypto_pipeline_dag.py
[2026-07-15T16:59:19.729+0000] {processor.py:840} INFO - DAG(s) 'crypto_daily_pipeline' retrieved from /opt/airflow/dags/crypto_pipeline_dag.py
[2026-07-15T16:59:19.749+0000] {logging_mixin.py:188} INFO - [2026-07-15T16:59:19.749+0000] {dag.py:3089} INFO - Sync 1 DAGs
[2026-07-15T16:59:19.758+0000] {logging_mixin.py:188} INFO - [2026-07-15T16:59:19.758+0000] {dag.py:3947} INFO - Setting next_dagrun for crypto_daily_pipeline to 2026-07-15 00:00:00+00:00, run_after=2026-07-16 00:00:00+00:00
[2026-07-15T16:59:19.764+0000] {processor.py:183} INFO - Processing /opt/airflow/dags/crypto_pipeline_dag.py took 0.052 seconds
[2026-07-15T16:59:49.897+0000] {processor.py:161} INFO - Started process (PID=351) to work on /opt/airflow/dags/crypto_pipeline_dag.py
[2026-07-15T16:59:49.897+0000] {processor.py:830} INFO - Processing file /opt/airflow/dags/crypto_pipeline_dag.py for tasks to queue
[2026-07-15T16:59:49.898+0000] {logging_mixin.py:188} INFO - [2026-07-15T16:59:49.898+0000] {dagbag.py:545} INFO - Filling up the DagBag from /opt/airflow/dags/crypto_pipeline_dag.py
[2026-07-15T16:59:49.907+0000] {processor.py:840} INFO - DAG(s) 'crypto_daily_pipeline' retrieved from /opt/airflow/dags/crypto_pipeline_dag.py
[2026-07-15T16:59:49.926+0000] {logging_mixin.py:188} INFO - [2026-07-15T16:59:49.926+0000] {dag.py:3089} INFO - Sync 1 DAGs
[2026-07-15T16:59:49.936+0000] {logging_mixin.py:188} INFO - [2026-07-15T16:59:49.936+0000] {dag.py:3947} INFO - Setting next_dagrun for crypto_daily_pipeline to 2026-07-15 00:00:00+00:00, run_after=2026-07-16 00:00:00+00:00
[2026-07-15T16:59:49.943+0000] {processor.py:183} INFO - Processing /opt/airflow/dags/crypto_pipeline_dag.py took 0.049 seconds
[2026-07-15T17:00:20.083+0000] {processor.py:161} INFO - Started process (PID=356) to work on /opt/airflow/dags/crypto_pipeline_dag.py
[2026-07-15T17:00:20.084+0000] {processor.py:830} INFO - Processing file /opt/airflow/dags/crypto_pipeline_dag.py for tasks to queue
[2026-07-15T17:00:20.085+0000] {logging_mixin.py:188} INFO - [2026-07-15T17:00:20.085+0000] {dagbag.py:545} INFO - Filling up the DagBag from /opt/airflow/dags/crypto_pipeline_dag.py
[2026-07-15T17:00:20.095+0000] {processor.py:840} INFO - DAG(s) 'crypto_daily_pipeline' retrieved from /opt/airflow/dags/crypto_pipeline_dag.py
[2026-07-15T17:00:20.113+0000] {logging_mixin.py:188} INFO - [2026-07-15T17:00:20.113+0000] {dag.py:3089} INFO - Sync 1 DAGs
[2026-07-15T17:00:20.123+0000] {logging_mixin.py:188} INFO - [2026-07-15T17:00:20.122+0000] {dag.py:3947} INFO - Setting next_dagrun for crypto_daily_pipeline to 2026-07-15 00:00:00+00:00, run_after=2026-07-16 00:00:00+00:00
[2026-07-15T17:00:20.129+0000] {processor.py:183} INFO - Processing /opt/airflow/dags/crypto_pipeline_dag.py took 0.051 seconds
[2026-07-15T17:00:50.269+0000] {processor.py:161} INFO - Started process (PID=361) to work on /opt/airflow/dags/crypto_pipeline_dag.py
[2026-07-15T17:00:50.270+0000] {processor.py:830} INFO - Processing file /opt/airflow/dags/crypto_pipeline_dag.py for tasks to queue
[2026-07-15T17:00:50.272+0000] {logging_mixin.py:188} INFO - [2026-07-15T17:00:50.272+0000] {dagbag.py:545} INFO - Filling up the DagBag from /opt/airflow/dags/crypto_pipeline_dag.py
[2026-07-15T17:00:50.282+0000] {processor.py:840} INFO - DAG(s) 'crypto_daily_pipeline' retrieved from /opt/airflow/dags/crypto_pipeline_dag.py
[2026-07-15T17:00:50.302+0000] {logging_mixin.py:188} INFO - [2026-07-15T17:00:50.302+0000] {dag.py:3089} INFO - Sync 1 DAGs
[2026-07-15T17:00:50.313+0000] {logging_mixin.py:188} INFO - [2026-07-15T17:00:50.313+0000] {dag.py:3947} INFO - Setting next_dagrun for crypto_daily_pipeline to 2026-07-15 00:00:00+00:00, run_after=2026-07-16 00:00:00+00:00
[2026-07-15T17:00:50.320+0000] {processor.py:183} INFO - Processing /opt/airflow/dags/crypto_pipeline_dag.py took 0.056 seconds
[2026-07-15T17:01:20.468+0000] {processor.py:161} INFO - Started process (PID=366) to work on /opt/airflow/dags/crypto_pipeline_dag.py
[2026-07-15T17:01:20.469+0000] {processor.py:830} INFO - Processing file /opt/airflow/dags/crypto_pipeline_dag.py for tasks to queue
[2026-07-15T17:01:20.470+0000] {logging_mixin.py:188} INFO - [2026-07-15T17:01:20.470+0000] {dagbag.py:545} INFO - Filling up the DagBag from /opt/airflow/dags/crypto_pipeline_dag.py
[2026-07-15T17:01:20.479+0000] {processor.py:840} INFO - DAG(s) 'crypto_daily_pipeline' retrieved from /opt/airflow/dags/crypto_pipeline_dag.py
[2026-07-15T17:01:20.495+0000] {logging_mixin.py:188} INFO - [2026-07-15T17:01:20.495+0000] {dag.py:3089} INFO - Sync 1 DAGs
[2026-07-15T17:01:20.504+0000] {logging_mixin.py:188} INFO - [2026-07-15T17:01:20.504+0000] {dag.py:3947} INFO - Setting next_dagrun for crypto_daily_pipeline to 2026-07-15 00:00:00+00:00, run_after=2026-07-16 00:00:00+00:00
[2026-07-15T17:01:20.510+0000] {processor.py:183} INFO - Processing /opt/airflow/dags/crypto_pipeline_dag.py took 0.046 seconds
[2026-07-15T17:01:50.654+0000] {processor.py:161} INFO - Started process (PID=371) to work on /opt/airflow/dags/crypto_pipeline_dag.py
[2026-07-15T17:01:50.655+0000] {processor.py:830} INFO - Processing file /opt/airflow/dags/crypto_pipeline_dag.py for tasks to queue
[2026-07-15T17:01:50.656+0000] {logging_mixin.py:188} INFO - [2026-07-15T17:01:50.656+0000] {dagbag.py:545} INFO - Filling up the DagBag from /opt/airflow/dags/crypto_pipeline_dag.py
[2026-07-15T17:01:50.665+0000] {processor.py:840} INFO - DAG(s) 'crypto_daily_pipeline' retrieved from /opt/airflow/dags/crypto_pipeline_dag.py
[2026-07-15T17:01:50.682+0000] {logging_mixin.py:188} INFO - [2026-07-15T17:01:50.682+0000] {dag.py:3089} INFO - Sync 1 DAGs
[2026-07-15T17:01:50.692+0000] {logging_mixin.py:188} INFO - [2026-07-15T17:01:50.691+0000] {dag.py:3947} INFO - Setting next_dagrun for crypto_daily_pipeline to 2026-07-15 00:00:00+00:00, run_after=2026-07-16 00:00:00+00:00
[2026-07-15T17:01:50.698+0000] {processor.py:183} INFO - Processing /opt/airflow/dags/crypto_pipeline_dag.py took 0.049 seconds
[2026-07-15T17:02:20.821+0000] {processor.py:161} INFO - Started process (PID=376) to work on /opt/airflow/dags/crypto_pipeline_dag.py
[2026-07-15T17:02:20.822+0000] {processor.py:830} INFO - Processing file /opt/airflow/dags/crypto_pipeline_dag.py for tasks to queue
[2026-07-15T17:02:20.823+0000] {logging_mixin.py:188} INFO - [2026-07-15T17:02:20.823+0000] {dagbag.py:545} INFO - Filling up the DagBag from /opt/airflow/dags/crypto_pipeline_dag.py
[2026-07-15T17:02:20.836+0000] {processor.py:840} INFO - DAG(s) 'crypto_daily_pipeline' retrieved from /opt/airflow/dags/crypto_pipeline_dag.py
[2026-07-15T17:02:20.853+0000] {logging_mixin.py:188} INFO - [2026-07-15T17:02:20.853+0000] {dag.py:3089} INFO - Sync 1 DAGs
[2026-07-15T17:02:20.862+0000] {logging_mixin.py:188} INFO - [2026-07-15T17:02:20.862+0000] {dag.py:3947} INFO - Setting next_dagrun for crypto_daily_pipeline to 2026-07-15 00:00:00+00:00, run_after=2026-07-16 00:00:00+00:00
[2026-07-15T17:02:20.868+0000] {processor.py:183} INFO - Processing /opt/airflow/dags/crypto_pipeline_dag.py took 0.052 seconds
[2026-07-15T17:02:51.018+0000] {processor.py:161} INFO - Started process (PID=381) to work on /opt/airflow/dags/crypto_pipeline_dag.py
[2026-07-15T17:02:51.019+0000] {processor.py:830} INFO - Processing file /opt/airflow/dags/crypto_pipeline_dag.py for tasks to queue
[2026-07-15T17:02:51.021+0000] {logging_mixin.py:188} INFO - [2026-07-15T17:02:51.020+0000] {dagbag.py:545} INFO - Filling up the DagBag from /opt/airflow/dags/crypto_pipeline_dag.py
[2026-07-15T17:02:51.031+0000] {processor.py:840} INFO - DAG(s) 'crypto_daily_pipeline' retrieved from /opt/airflow/dags/crypto_pipeline_dag.py
[2026-07-15T17:02:51.049+0000] {logging_mixin.py:188} INFO - [2026-07-15T17:02:51.049+0000] {dag.py:3089} INFO - Sync 1 DAGs
[2026-07-15T17:02:51.059+0000] {logging_mixin.py:188} INFO - [2026-07-15T17:02:51.059+0000] {dag.py:3947} INFO - Setting next_dagrun for crypto_daily_pipeline to 2026-07-15 00:00:00+00:00, run_after=2026-07-16 00:00:00+00:00
[2026-07-15T17:02:51.065+0000] {processor.py:183} INFO - Processing /opt/airflow/dags/crypto_pipeline_dag.py took 0.052 seconds
[2026-07-15T17:03:21.199+0000] {processor.py:161} INFO - Started process (PID=386) to work on /opt/airflow/dags/crypto_pipeline_dag.py
[2026-07-15T17:03:21.200+0000] {processor.py:830} INFO - Processing file /opt/airflow/dags/crypto_pipeline_dag.py for tasks to queue
[2026-07-15T17:03:21.201+0000] {logging_mixin.py:188} INFO - [2026-07-15T17:03:21.201+0000] {dagbag.py:545} INFO - Filling up the DagBag from /opt/airflow/dags/crypto_pipeline_dag.py
[2026-07-15T17:03:21.210+0000] {processor.py:840} INFO - DAG(s) 'crypto_daily_pipeline' retrieved from /opt/airflow/dags/crypto_pipeline_dag.py
[2026-07-15T17:03:21.228+0000] {logging_mixin.py:188} INFO - [2026-07-15T17:03:21.227+0000] {dag.py:3089} INFO - Sync 1 DAGs
[2026-07-15T17:03:21.237+0000] {logging_mixin.py:188} INFO - [2026-07-15T17:03:21.237+0000] {dag.py:3947} INFO - Setting next_dagrun for crypto_daily_pipeline to 2026-07-15 00:00:00+00:00, run_after=2026-07-16 00:00:00+00:00
[2026-07-15T17:03:21.242+0000] {processor.py:183} INFO - Processing /opt/airflow/dags/crypto_pipeline_dag.py took 0.048 seconds
[2026-07-15T17:03:51.397+0000] {processor.py:161} INFO - Started process (PID=391) to work on /opt/airflow/dags/crypto_pipeline_dag.py
[2026-07-15T17:03:51.398+0000] {processor.py:830} INFO - Processing file /opt/airflow/dags/crypto_pipeline_dag.py for tasks to queue
[2026-07-15T17:03:51.400+0000] {logging_mixin.py:188} INFO - [2026-07-15T17:03:51.399+0000] {dagbag.py:545} INFO - Filling up the DagBag from /opt/airflow/dags/crypto_pipeline_dag.py
[2026-07-15T17:03:51.409+0000] {processor.py:840} INFO - DAG(s) 'crypto_daily_pipeline' retrieved from /opt/airflow/dags/crypto_pipeline_dag.py
[2026-07-15T17:03:51.424+0000] {logging_mixin.py:188} INFO - [2026-07-15T17:03:51.424+0000] {dag.py:3089} INFO - Sync 1 DAGs
[2026-07-15T17:03:51.433+0000] {logging_mixin.py:188} INFO - [2026-07-15T17:03:51.433+0000] {dag.py:3947} INFO - Setting next_dagrun for crypto_daily_pipeline to 2026-07-15 00:00:00+00:00, run_after=2026-07-16 00:00:00+00:00
[2026-07-15T17:03:51.439+0000] {processor.py:183} INFO - Processing /opt/airflow/dags/crypto_pipeline_dag.py took 0.045 seconds
[2026-07-15T17:04:21.588+0000] {processor.py:161} INFO - Started process (PID=396) to work on /opt/airflow/dags/crypto_pipeline_dag.py
[2026-07-15T17:04:21.588+0000] {processor.py:830} INFO - Processing file /opt/airflow/dags/crypto_pipeline_dag.py for tasks to queue
[2026-07-15T17:04:21.590+0000] {logging_mixin.py:188} INFO - [2026-07-15T17:04:21.589+0000] {dagbag.py:545} INFO - Filling up the DagBag from /opt/airflow/dags/crypto_pipeline_dag.py
[2026-07-15T17:04:21.599+0000] {processor.py:840} INFO - DAG(s) 'crypto_daily_pipeline' retrieved from /opt/airflow/dags/crypto_pipeline_dag.py
[2026-07-15T17:04:21.617+0000] {logging_mixin.py:188} INFO - [2026-07-15T17:04:21.616+0000] {dag.py:3089} INFO - Sync 1 DAGs
[2026-07-15T17:04:21.626+0000] {logging_mixin.py:188} INFO - [2026-07-15T17:04:21.626+0000] {dag.py:3947} INFO - Setting next_dagrun for crypto_daily_pipeline to 2026-07-15 00:00:00+00:00, run_after=2026-07-16 00:00:00+00:00
[2026-07-15T17:04:21.632+0000] {processor.py:183} INFO - Processing /opt/airflow/dags/crypto_pipeline_dag.py took 0.048 seconds
[2026-07-15T17:04:51.774+0000] {processor.py:161} INFO - Started process (PID=401) to work on /opt/airflow/dags/crypto_pipeline_dag.py
[2026-07-15T17:04:51.774+0000] {processor.py:830} INFO - Processing file /opt/airflow/dags/crypto_pipeline_dag.py for tasks to queue
[2026-07-15T17:04:51.775+0000] {logging_mixin.py:188} INFO - [2026-07-15T17:04:51.775+0000] {dagbag.py:545} INFO - Filling up the DagBag from /opt/airflow/dags/crypto_pipeline_dag.py
[2026-07-15T17:04:51.785+0000] {processor.py:840} INFO - DAG(s) 'crypto_daily_pipeline' retrieved from /opt/airflow/dags/crypto_pipeline_dag.py
[2026-07-15T17:04:51.802+0000] {logging_mixin.py:188} INFO - [2026-07-15T17:04:51.802+0000] {dag.py:3089} INFO - Sync 1 DAGs
[2026-07-15T17:04:51.811+0000] {logging_mixin.py:188} INFO - [2026-07-15T17:04:51.811+0000] {dag.py:3947} INFO - Setting next_dagrun for crypto_daily_pipeline to 2026-07-15 00:00:00+00:00, run_after=2026-07-16 00:00:00+00:00
[2026-07-15T17:04:51.818+0000] {processor.py:183} INFO - Processing /opt/airflow/dags/crypto_pipeline_dag.py took 0.049 seconds
[2026-07-15T17:05:21.957+0000] {processor.py:161} INFO - Started process (PID=406) to work on /opt/airflow/dags/crypto_pipeline_dag.py
[2026-07-15T17:05:21.958+0000] {processor.py:830} INFO - Processing file /opt/airflow/dags/crypto_pipeline_dag.py for tasks to queue
[2026-07-15T17:05:21.959+0000] {logging_mixin.py:188} INFO - [2026-07-15T17:05:21.959+0000] {dagbag.py:545} INFO - Filling up the DagBag from /opt/airflow/dags/crypto_pipeline_dag.py
[2026-07-15T17:05:21.968+0000] {processor.py:840} INFO - DAG(s) 'crypto_daily_pipeline' retrieved from /opt/airflow/dags/crypto_pipeline_dag.py
[2026-07-15T17:05:21.986+0000] {logging_mixin.py:188} INFO - [2026-07-15T17:05:21.985+0000] {dag.py:3089} INFO - Sync 1 DAGs
[2026-07-15T17:05:21.995+0000] {logging_mixin.py:188} INFO - [2026-07-15T17:05:21.995+0000] {dag.py:3947} INFO - Setting next_dagrun for crypto_daily_pipeline to 2026-07-15 00:00:00+00:00, run_after=2026-07-16 00:00:00+00:00
[2026-07-15T17:05:22.000+0000] {processor.py:183} INFO - Processing /opt/airflow/dags/crypto_pipeline_dag.py took 0.047 seconds
[2026-07-15T17:05:52.134+0000] {processor.py:161} INFO - Started process (PID=411) to work on /opt/airflow/dags/crypto_pipeline_dag.py
[2026-07-15T17:05:52.135+0000] {processor.py:830} INFO - Processing file /opt/airflow/dags/crypto_pipeline_dag.py for tasks to queue
[2026-07-15T17:05:52.136+0000] {logging_mixin.py:188} INFO - [2026-07-15T17:05:52.136+0000] {dagbag.py:545} INFO - Filling up the DagBag from /opt/airflow/dags/crypto_pipeline_dag.py
[2026-07-15T17:05:52.146+0000] {processor.py:840} INFO - DAG(s) 'crypto_daily_pipeline' retrieved from /opt/airflow/dags/crypto_pipeline_dag.py
[2026-07-15T17:05:52.164+0000] {logging_mixin.py:188} INFO - [2026-07-15T17:05:52.163+0000] {dag.py:3089} INFO - Sync 1 DAGs
[2026-07-15T17:05:52.173+0000] {logging_mixin.py:188} INFO - [2026-07-15T17:05:52.173+0000] {dag.py:3947} INFO - Setting next_dagrun for crypto_daily_pipeline to 2026-07-15 00:00:00+00:00, run_after=2026-07-16 00:00:00+00:00
[2026-07-15T17:05:52.179+0000] {processor.py:183} INFO - Processing /opt/airflow/dags/crypto_pipeline_dag.py took 0.049 seconds
[2026-07-15T17:06:22.352+0000] {processor.py:161} INFO - Started process (PID=416) to work on /opt/airflow/dags/crypto_pipeline_dag.py
[2026-07-15T17:06:22.352+0000] {processor.py:830} INFO - Processing file /opt/airflow/dags/crypto_pipeline_dag.py for tasks to queue
[2026-07-15T17:06:22.355+0000] {logging_mixin.py:188} INFO - [2026-07-15T17:06:22.355+0000] {dagbag.py:545} INFO - Filling up the DagBag from /opt/airflow/dags/crypto_pipeline_dag.py
[2026-07-15T17:06:22.366+0000] {processor.py:840} INFO - DAG(s) 'crypto_daily_pipeline' retrieved from /opt/airflow/dags/crypto_pipeline_dag.py
[2026-07-15T17:06:22.383+0000] {logging_mixin.py:188} INFO - [2026-07-15T17:06:22.383+0000] {dag.py:3089} INFO - Sync 1 DAGs
[2026-07-15T17:06:22.392+0000] {logging_mixin.py:188} INFO - [2026-07-15T17:06:22.392+0000] {dag.py:3947} INFO - Setting next_dagrun for crypto_daily_pipeline to 2026-07-15 00:00:00+00:00, run_after=2026-07-16 00:00:00+00:00
[2026-07-15T17:06:22.398+0000] {processor.py:183} INFO - Processing /opt/airflow/dags/crypto_pipeline_dag.py took 0.052 seconds
[2026-07-15T17:06:52.550+0000] {processor.py:161} INFO - Started process (PID=421) to work on /opt/airflow/dags/crypto_pipeline_dag.py
[2026-07-15T17:06:52.550+0000] {processor.py:830} INFO - Processing file /opt/airflow/dags/crypto_pipeline_dag.py for tasks to queue
[2026-07-15T17:06:52.553+0000] {logging_mixin.py:188} INFO - [2026-07-15T17:06:52.552+0000] {dagbag.py:545} INFO - Filling up the DagBag from /opt/airflow/dags/crypto_pipeline_dag.py
[2026-07-15T17:06:52.565+0000] {processor.py:840} INFO - DAG(s) 'crypto_daily_pipeline' retrieved from /opt/airflow/dags/crypto_pipeline_dag.py
[2026-07-15T17:06:52.583+0000] {logging_mixin.py:188} INFO - [2026-07-15T17:06:52.583+0000] {dag.py:3089} INFO - Sync 1 DAGs
[2026-07-15T17:06:52.593+0000] {logging_mixin.py:188} INFO - [2026-07-15T17:06:52.593+0000] {dag.py:3947} INFO - Setting next_dagrun for crypto_daily_pipeline to 2026-07-15 00:00:00+00:00, run_after=2026-07-16 00:00:00+00:00
[2026-07-15T17:06:52.599+0000] {processor.py:183} INFO - Processing /opt/airflow/dags/crypto_pipeline_dag.py took 0.057 seconds
[2026-07-15T17:07:22.742+0000] {processor.py:161} INFO - Started process (PID=426) to work on /opt/airflow/dags/crypto_pipeline_dag.py
[2026-07-15T17:07:22.743+0000] {processor.py:830} INFO - Processing file /opt/airflow/dags/crypto_pipeline_dag.py for tasks to queue
[2026-07-15T17:07:22.744+0000] {logging_mixin.py:188} INFO - [2026-07-15T17:07:22.744+0000] {dagbag.py:545} INFO - Filling up the DagBag from /opt/airflow/dags/crypto_pipeline_dag.py
[2026-07-15T17:07:22.753+0000] {processor.py:840} INFO - DAG(s) 'crypto_daily_pipeline' retrieved from /opt/airflow/dags/crypto_pipeline_dag.py
[2026-07-15T17:07:22.768+0000] {logging_mixin.py:188} INFO - [2026-07-15T17:07:22.768+0000] {dag.py:3089} INFO - Sync 1 DAGs
[2026-07-15T17:07:22.777+0000] {logging_mixin.py:188} INFO - [2026-07-15T17:07:22.777+0000] {dag.py:3947} INFO - Setting next_dagrun for crypto_daily_pipeline to 2026-07-15 00:00:00+00:00, run_after=2026-07-16 00:00:00+00:00
[2026-07-15T17:07:22.782+0000] {processor.py:183} INFO - Processing /opt/airflow/dags/crypto_pipeline_dag.py took 0.045 seconds
[2026-07-15T17:07:52.922+0000] {processor.py:161} INFO - Started process (PID=431) to work on /opt/airflow/dags/crypto_pipeline_dag.py
[2026-07-15T17:07:52.923+0000] {processor.py:830} INFO - Processing file /opt/airflow/dags/crypto_pipeline_dag.py for tasks to queue
[2026-07-15T17:07:52.924+0000] {logging_mixin.py:188} INFO - [2026-07-15T17:07:52.924+0000] {dagbag.py:545} INFO - Filling up the DagBag from /opt/airflow/dags/crypto_pipeline_dag.py
[2026-07-15T17:07:52.934+0000] {processor.py:840} INFO - DAG(s) 'crypto_daily_pipeline' retrieved from /opt/airflow/dags/crypto_pipeline_dag.py
[2026-07-15T17:07:52.952+0000] {logging_mixin.py:188} INFO - [2026-07-15T17:07:52.952+0000] {dag.py:3089} INFO - Sync 1 DAGs
[2026-07-15T17:07:52.962+0000] {logging_mixin.py:188} INFO - [2026-07-15T17:07:52.962+0000] {dag.py:3947} INFO - Setting next_dagrun for crypto_daily_pipeline to 2026-07-15 00:00:00+00:00, run_after=2026-07-16 00:00:00+00:00
[2026-07-15T17:07:52.969+0000] {processor.py:183} INFO - Processing /opt/airflow/dags/crypto_pipeline_dag.py took 0.051 seconds
[2026-07-15T17:08:23.094+0000] {processor.py:161} INFO - Started process (PID=436) to work on /opt/airflow/dags/crypto_pipeline_dag.py
[2026-07-15T17:08:23.095+0000] {processor.py:830} INFO - Processing file /opt/airflow/dags/crypto_pipeline_dag.py for tasks to queue
[2026-07-15T17:08:23.098+0000] {logging_mixin.py:188} INFO - [2026-07-15T17:08:23.098+0000] {dagbag.py:545} INFO - Filling up the DagBag from /opt/airflow/dags/crypto_pipeline_dag.py
[2026-07-15T17:08:23.110+0000] {processor.py:840} INFO - DAG(s) 'crypto_daily_pipeline' retrieved from /opt/airflow/dags/crypto_pipeline_dag.py
[2026-07-15T17:08:23.134+0000] {logging_mixin.py:188} INFO - [2026-07-15T17:08:23.134+0000] {dag.py:3089} INFO - Sync 1 DAGs
[2026-07-15T17:08:23.148+0000] {logging_mixin.py:188} INFO - [2026-07-15T17:08:23.147+0000] {dag.py:3947} INFO - Setting next_dagrun for crypto_daily_pipeline to 2026-07-15 00:00:00+00:00, run_after=2026-07-16 00:00:00+00:00
[2026-07-15T17:08:23.156+0000] {processor.py:183} INFO - Processing /opt/airflow/dags/crypto_pipeline_dag.py took 0.068 seconds
[2026-07-15T17:08:53.286+0000] {processor.py:161} INFO - Started process (PID=441) to work on /opt/airflow/dags/crypto_pipeline_dag.py
[2026-07-15T17:08:53.287+0000] {processor.py:830} INFO - Processing file /opt/airflow/dags/crypto_pipeline_dag.py for tasks to queue
[2026-07-15T17:08:53.289+0000] {logging_mixin.py:188} INFO - [2026-07-15T17:08:53.289+0000] {dagbag.py:545} INFO - Filling up the DagBag from /opt/airflow/dags/crypto_pipeline_dag.py
[2026-07-15T17:08:53.299+0000] {processor.py:840} INFO - DAG(s) 'crypto_daily_pipeline' retrieved from /opt/airflow/dags/crypto_pipeline_dag.py
[2026-07-15T17:08:53.315+0000] {logging_mixin.py:188} INFO - [2026-07-15T17:08:53.315+0000] {dag.py:3089} INFO - Sync 1 DAGs
[2026-07-15T17:08:53.325+0000] {logging_mixin.py:188} INFO - [2026-07-15T17:08:53.325+0000] {dag.py:3947} INFO - Setting next_dagrun for crypto_daily_pipeline to 2026-07-15 00:00:00+00:00, run_after=2026-07-16 00:00:00+00:00
[2026-07-15T17:08:53.331+0000] {processor.py:183} INFO - Processing /opt/airflow/dags/crypto_pipeline_dag.py took 0.049 seconds
[2026-07-15T17:09:23.475+0000] {processor.py:161} INFO - Started process (PID=446) to work on /opt/airflow/dags/crypto_pipeline_dag.py
[2026-07-15T17:09:23.475+0000] {processor.py:830} INFO - Processing file /opt/airflow/dags/crypto_pipeline_dag.py for tasks to queue
[2026-07-15T17:09:23.476+0000] {logging_mixin.py:188} INFO - [2026-07-15T17:09:23.476+0000] {dagbag.py:545} INFO - Filling up the DagBag from /opt/airflow/dags/crypto_pipeline_dag.py
[2026-07-15T17:09:23.480+0000] {processor.py:840} INFO - DAG(s) 'crypto_daily_pipeline' retrieved from /opt/airflow/dags/crypto_pipeline_dag.py
[2026-07-15T17:09:23.490+0000] {logging_mixin.py:188} INFO - [2026-07-15T17:09:23.490+0000] {dag.py:3089} INFO - Sync 1 DAGs
[2026-07-15T17:09:23.497+0000] {logging_mixin.py:188} INFO - [2026-07-15T17:09:23.497+0000] {dag.py:3947} INFO - Setting next_dagrun for crypto_daily_pipeline to 2026-07-15 00:00:00+00:00, run_after=2026-07-16 00:00:00+00:00
[2026-07-15T17:09:23.504+0000] {processor.py:183} INFO - Processing /opt/airflow/dags/crypto_pipeline_dag.py took 0.032 seconds
[2026-07-15T17:09:53.662+0000] {processor.py:161} INFO - Started process (PID=451) to work on /opt/airflow/dags/crypto_pipeline_dag.py
[2026-07-15T17:09:53.662+0000] {processor.py:830} INFO - Processing file /opt/airflow/dags/crypto_pipeline_dag.py for tasks to queue
[2026-07-15T17:09:53.664+0000] {logging_mixin.py:188} INFO - [2026-07-15T17:09:53.663+0000] {dagbag.py:545} INFO - Filling up the DagBag from /opt/airflow/dags/crypto_pipeline_dag.py
[2026-07-15T17:09:53.672+0000] {processor.py:840} INFO - DAG(s) 'crypto_daily_pipeline' retrieved from /opt/airflow/dags/crypto_pipeline_dag.py
[2026-07-15T17:09:53.691+0000] {logging_mixin.py:188} INFO - [2026-07-15T17:09:53.691+0000] {dag.py:3089} INFO - Sync 1 DAGs
[2026-07-15T17:09:53.702+0000] {logging_mixin.py:188} INFO - [2026-07-15T17:09:53.702+0000] {dag.py:3947} INFO - Setting next_dagrun for crypto_daily_pipeline to 2026-07-15 00:00:00+00:00, run_after=2026-07-16 00:00:00+00:00
[2026-07-15T17:09:53.708+0000] {processor.py:183} INFO - Processing /opt/airflow/dags/crypto_pipeline_dag.py took 0.052 seconds
[2026-07-15T17:10:23.835+0000] {processor.py:161} INFO - Started process (PID=456) to work on /opt/airflow/dags/crypto_pipeline_dag.py
[2026-07-15T17:10:23.836+0000] {processor.py:830} INFO - Processing file /opt/airflow/dags/crypto_pipeline_dag.py for tasks to queue
[2026-07-15T17:10:23.838+0000] {logging_mixin.py:188} INFO - [2026-07-15T17:10:23.838+0000] {dagbag.py:545} INFO - Filling up the DagBag from /opt/airflow/dags/crypto_pipeline_dag.py
[2026-07-15T17:10:23.848+0000] {processor.py:840} INFO - DAG(s) 'crypto_daily_pipeline' retrieved from /opt/airflow/dags/crypto_pipeline_dag.py
[2026-07-15T17:10:23.866+0000] {logging_mixin.py:188} INFO - [2026-07-15T17:10:23.865+0000] {dag.py:3089} INFO - Sync 1 DAGs
[2026-07-15T17:10:23.877+0000] {logging_mixin.py:188} INFO - [2026-07-15T17:10:23.877+0000] {dag.py:3947} INFO - Setting next_dagrun for crypto_daily_pipeline to 2026-07-15 00:00:00+00:00, run_after=2026-07-16 00:00:00+00:00
[2026-07-15T17:10:23.886+0000] {processor.py:183} INFO - Processing /opt/airflow/dags/crypto_pipeline_dag.py took 0.054 seconds
[2026-07-15T17:10:54.029+0000] {processor.py:161} INFO - Started process (PID=461) to work on /opt/airflow/dags/crypto_pipeline_dag.py
[2026-07-15T17:10:54.030+0000] {processor.py:830} INFO - Processing file /opt/airflow/dags/crypto_pipeline_dag.py for tasks to queue
[2026-07-15T17:10:54.032+0000] {logging_mixin.py:188} INFO - [2026-07-15T17:10:54.031+0000] {dagbag.py:545} INFO - Filling up the DagBag from /opt/airflow/dags/crypto_pipeline_dag.py
[2026-07-15T17:10:54.040+0000] {processor.py:840} INFO - DAG(s) 'crypto_daily_pipeline' retrieved from /opt/airflow/dags/crypto_pipeline_dag.py
[2026-07-15T17:10:54.057+0000] {logging_mixin.py:188} INFO - [2026-07-15T17:10:54.057+0000] {dag.py:3089} INFO - Sync 1 DAGs
[2026-07-15T17:10:54.067+0000] {logging_mixin.py:188} INFO - [2026-07-15T17:10:54.067+0000] {dag.py:3947} INFO - Setting next_dagrun for crypto_daily_pipeline to 2026-07-15 00:00:00+00:00, run_after=2026-07-16 00:00:00+00:00
[2026-07-15T17:10:54.073+0000] {processor.py:183} INFO - Processing /opt/airflow/dags/crypto_pipeline_dag.py took 0.048 seconds
[2026-07-15T17:11:24.249+0000] {processor.py:161} INFO - Started process (PID=466) to work on /opt/airflow/dags/crypto_pipeline_dag.py
[2026-07-15T17:11:24.249+0000] {processor.py:830} INFO - Processing file /opt/airflow/dags/crypto_pipeline_dag.py for tasks to queue
[2026-07-15T17:11:24.251+0000] {logging_mixin.py:188} INFO - [2026-07-15T17:11:24.251+0000] {dagbag.py:545} INFO - Filling up the DagBag from /opt/airflow/dags/crypto_pipeline_dag.py
[2026-07-15T17:11:24.259+0000] {processor.py:840} INFO - DAG(s) 'crypto_daily_pipeline' retrieved from /opt/airflow/dags/crypto_pipeline_dag.py
[2026-07-15T17:11:24.274+0000] {logging_mixin.py:188} INFO - [2026-07-15T17:11:24.274+0000] {dag.py:3089} INFO - Sync 1 DAGs
[2026-07-15T17:11:24.282+0000] {logging_mixin.py:188} INFO - [2026-07-15T17:11:24.282+0000] {dag.py:3947} INFO - Setting next_dagrun for crypto_daily_pipeline to 2026-07-15 00:00:00+00:00, run_after=2026-07-16 00:00:00+00:00
[2026-07-15T17:11:24.289+0000] {processor.py:183} INFO - Processing /opt/airflow/dags/crypto_pipeline_dag.py took 0.045 seconds
[2026-07-15T17:11:54.425+0000] {processor.py:161} INFO - Started process (PID=471) to work on /opt/airflow/dags/crypto_pipeline_dag.py
[2026-07-15T17:11:54.426+0000] {processor.py:830} INFO - Processing file /opt/airflow/dags/crypto_pipeline_dag.py for tasks to queue
[2026-07-15T17:11:54.427+0000] {logging_mixin.py:188} INFO - [2026-07-15T17:11:54.427+0000] {dagbag.py:545} INFO - Filling up the DagBag from /opt/airflow/dags/crypto_pipeline_dag.py
[2026-07-15T17:11:54.435+0000] {processor.py:840} INFO - DAG(s) 'crypto_daily_pipeline' retrieved from /opt/airflow/dags/crypto_pipeline_dag.py
[2026-07-15T17:11:54.452+0000] {logging_mixin.py:188} INFO - [2026-07-15T17:11:54.451+0000] {dag.py:3089} INFO - Sync 1 DAGs
[2026-07-15T17:11:54.461+0000] {logging_mixin.py:188} INFO - [2026-07-15T17:11:54.461+0000] {dag.py:3947} INFO - Setting next_dagrun for crypto_daily_pipeline to 2026-07-15 00:00:00+00:00, run_after=2026-07-16 00:00:00+00:00
[2026-07-15T17:11:54.467+0000] {processor.py:183} INFO - Processing /opt/airflow/dags/crypto_pipeline_dag.py took 0.046 seconds
[2026-07-15T17:12:24.605+0000] {processor.py:161} INFO - Started process (PID=476) to work on /opt/airflow/dags/crypto_pipeline_dag.py
[2026-07-15T17:12:24.606+0000] {processor.py:830} INFO - Processing file /opt/airflow/dags/crypto_pipeline_dag.py for tasks to queue
[2026-07-15T17:12:24.607+0000] {logging_mixin.py:188} INFO - [2026-07-15T17:12:24.607+0000] {dagbag.py:545} INFO - Filling up the DagBag from /opt/airflow/dags/crypto_pipeline_dag.py
[2026-07-15T17:12:24.617+0000] {processor.py:840} INFO - DAG(s) 'crypto_daily_pipeline' retrieved from /opt/airflow/dags/crypto_pipeline_dag.py
[2026-07-15T17:12:24.634+0000] {logging_mixin.py:188} INFO - [2026-07-15T17:12:24.633+0000] {dag.py:3089} INFO - Sync 1 DAGs
[2026-07-15T17:12:24.643+0000] {logging_mixin.py:188} INFO - [2026-07-15T17:12:24.643+0000] {dag.py:3947} INFO - Setting next_dagrun for crypto_daily_pipeline to 2026-07-15 00:00:00+00:00, run_after=2026-07-16 00:00:00+00:00
[2026-07-15T17:12:24.648+0000] {processor.py:183} INFO - Processing /opt/airflow/dags/crypto_pipeline_dag.py took 0.048 seconds
[2026-07-15T17:12:54.792+0000] {processor.py:161} INFO - Started process (PID=481) to work on /opt/airflow/dags/crypto_pipeline_dag.py
[2026-07-15T17:12:54.793+0000] {processor.py:830} INFO - Processing file /opt/airflow/dags/crypto_pipeline_dag.py for tasks to queue
[2026-07-15T17:12:54.795+0000] {logging_mixin.py:188} INFO - [2026-07-15T17:12:54.794+0000] {dagbag.py:545} INFO - Filling up the DagBag from /opt/airflow/dags/crypto_pipeline_dag.py
[2026-07-15T17:12:54.804+0000] {processor.py:840} INFO - DAG(s) 'crypto_daily_pipeline' retrieved from /opt/airflow/dags/crypto_pipeline_dag.py
[2026-07-15T17:12:54.821+0000] {logging_mixin.py:188} INFO - [2026-07-15T17:12:54.821+0000] {dag.py:3089} INFO - Sync 1 DAGs
[2026-07-15T17:12:54.832+0000] {logging_mixin.py:188} INFO - [2026-07-15T17:12:54.831+0000] {dag.py:3947} INFO - Setting next_dagrun for crypto_daily_pipeline to 2026-07-15 00:00:00+00:00, run_after=2026-07-16 00:00:00+00:00
[2026-07-15T17:12:54.838+0000] {processor.py:183} INFO - Processing /opt/airflow/dags/crypto_pipeline_dag.py took 0.050 seconds
[2026-07-15T17:13:24.967+0000] {processor.py:161} INFO - Started process (PID=486) to work on /opt/airflow/dags/crypto_pipeline_dag.py
[2026-07-15T17:13:24.968+0000] {processor.py:830} INFO - Processing file /opt/airflow/dags/crypto_pipeline_dag.py for tasks to queue
[2026-07-15T17:13:24.970+0000] {logging_mixin.py:188} INFO - [2026-07-15T17:13:24.970+0000] {dagbag.py:545} INFO - Filling up the DagBag from /opt/airflow/dags/crypto_pipeline_dag.py
[2026-07-15T17:13:24.979+0000] {processor.py:840} INFO - DAG(s) 'crypto_daily_pipeline' retrieved from /opt/airflow/dags/crypto_pipeline_dag.py
[2026-07-15T17:13:24.995+0000] {logging_mixin.py:188} INFO - [2026-07-15T17:13:24.995+0000] {dag.py:3089} INFO - Sync 1 DAGs
[2026-07-15T17:13:25.005+0000] {logging_mixin.py:188} INFO - [2026-07-15T17:13:25.005+0000] {dag.py:3947} INFO - Setting next_dagrun for crypto_daily_pipeline to 2026-07-15 00:00:00+00:00, run_after=2026-07-16 00:00:00+00:00
[2026-07-15T17:13:25.011+0000] {processor.py:183} INFO - Processing /opt/airflow/dags/crypto_pipeline_dag.py took 0.049 seconds
[2026-07-15T17:13:55.166+0000] {processor.py:161} INFO - Started process (PID=491) to work on /opt/airflow/dags/crypto_pipeline_dag.py
[2026-07-15T17:13:55.167+0000] {processor.py:830} INFO - Processing file /opt/airflow/dags/crypto_pipeline_dag.py for tasks to queue
[2026-07-15T17:13:55.168+0000] {logging_mixin.py:188} INFO - [2026-07-15T17:13:55.168+0000] {dagbag.py:545} INFO - Filling up the DagBag from /opt/airflow/dags/crypto_pipeline_dag.py
[2026-07-15T17:13:55.179+0000] {processor.py:840} INFO - DAG(s) 'crypto_daily_pipeline' retrieved from /opt/airflow/dags/crypto_pipeline_dag.py
[2026-07-15T17:13:55.198+0000] {logging_mixin.py:188} INFO - [2026-07-15T17:13:55.198+0000] {dag.py:3089} INFO - Sync 1 DAGs
[2026-07-15T17:13:55.208+0000] {logging_mixin.py:188} INFO - [2026-07-15T17:13:55.208+0000] {dag.py:3947} INFO - Setting next_dagrun for crypto_daily_pipeline to 2026-07-15 00:00:00+00:00, run_after=2026-07-16 00:00:00+00:00
[2026-07-15T17:13:55.214+0000] {processor.py:183} INFO - Processing /opt/airflow/dags/crypto_pipeline_dag.py took 0.054 seconds
[2026-07-15T17:14:25.362+0000] {processor.py:161} INFO - Started process (PID=496) to work on /opt/airflow/dags/crypto_pipeline_dag.py
[2026-07-15T17:14:25.363+0000] {processor.py:830} INFO - Processing file /opt/airflow/dags/crypto_pipeline_dag.py for tasks to queue
[2026-07-15T17:14:25.365+0000] {logging_mixin.py:188} INFO - [2026-07-15T17:14:25.364+0000] {dagbag.py:545} INFO - Filling up the DagBag from /opt/airflow/dags/crypto_pipeline_dag.py
[2026-07-15T17:14:25.375+0000] {processor.py:840} INFO - DAG(s) 'crypto_daily_pipeline' retrieved from /opt/airflow/dags/crypto_pipeline_dag.py
[2026-07-15T17:14:25.394+0000] {logging_mixin.py:188} INFO - [2026-07-15T17:14:25.393+0000] {dag.py:3089} INFO - Sync 1 DAGs
[2026-07-15T17:14:25.403+0000] {logging_mixin.py:188} INFO - [2026-07-15T17:14:25.403+0000] {dag.py:3947} INFO - Setting next_dagrun for crypto_daily_pipeline to 2026-07-15 00:00:00+00:00, run_after=2026-07-16 00:00:00+00:00
[2026-07-15T17:14:25.409+0000] {processor.py:183} INFO - Processing /opt/airflow/dags/crypto_pipeline_dag.py took 0.051 seconds
